brand_name,processor,storage,back_camera,fron_camera,battery,display,anTuTu_score,price
vivo S2 5G,MediaTek Dimensity 7360 Turbo,8 GB RAM | 128 GB Storage,50 MP + 2 MP Rear Camera,32 MP Front Camera,7050 mAh | 44W Flash Charging,6.83 inches (17.35 cm) | AMOLED,"AnTuTu Score 956,029","₹39,490"
Motorola Edge 70 Fusion,Snapdragon 7s Gen 4,8 GB RAM | 128 GB Storage,50 MP + 13 MP Rear Camera,32 MP Front Camera,7000 mAh | 68W Turbo Power Charging,6.8 inches (17.27 cm) | Extreme AMOLED,"AnTuTu Score 1,149,292","₹28,990"
Xiaomi Redmi Note 17 Pro 5G,Snapdragon 6s Gen 4,8 GB RAM | 128 GB Storage,50 MP + 8 MP Rear Camera,16 MP Front Camera,8340 mAh | 67W Fast Charging,6.83 inches (17.35 cm) | AMOLED,,
iQOO Z11 5G,MediaTek Dimensity 7500 turbo,6 GB RAM | 128 GB Storage,50 MP + 8 MP Rear Camera,32 MP Front Camera,7050 mAh | 44W Flash Charging,6.83 inches (17.35 cm) | AMOLED,"AnTuTu Score 1,099,769","₹34,999"
Xiaomi Redmi Note 17 5G,Snapdragon 4 Gen 4,6 GB RAM | 128 GB Storage,50 MP + 2 MP Rear Camera,8 MP Front Camera,8000 mAh | 45W Fast Charging,6.99 inches (17.75 cm) | OLED,"AnTuTu Score 626,958","₹27,999"
Apple iPhone 18 Pro,Apple A20,12 GB RAM | 256 GB Storage,48 MP + 48 MP + 48 MP Rear Camera,48 MP Front Camera,4288 mAh,6.3 inches (16 cm) | OLED,,
OPPO K15 Pro,MediaTek Dimensity 8500,12 GB RAM | 256 GB Storage,50 MP + 8 MP Rear Camera,16 MP Front Camera,7500 mAh | 80W Super VOOC Charging,6.59 inches (16.74 cm) | OLED,,
vivo T4X,MediaTek Dimensity 7300,6 GB RAM | 128 GB Storage,50 MP + 2 MP Rear Camera,8 MP Front Camera,6500 mAh | 44W Flash Charging,6.72 inches (17.07 cm) | LCD,"AnTuTu Score 685,052","₹16,999"
vivo T5x,MediaTek Dimensity 7400 Turbo,6 GB RAM | 128 GB Storage,50 MP + 2 MP Rear Camera,32 MP Front Camera,7200 mAh | 44W Flash Charging,6.76 inches (17.17 cm) | LCD,,"₹27,299"
Motorola Edge 60 Fusion,MediaTek Dimensity 7400,8 GB RAM | 128 GB Storage,50 MP + 13 MP Rear Camera,32 MP Front Camera,5500 mAh | 68W Turbo Power Charging,6.67 inches (16.94 cm) | P-OLED,"AnTuTu Score 692,185","₹20,900"
vivo V80 5G,Snapdragon 8s Gen 3,8 GB RAM | 256 GB Storage,50 MP + 8 MP + 50 MP Rear Camera,50 MP Front Camera,7200 mAh | 90W,6.59 inches (16.74 cm) | AMOLED,,
Samsung Galaxy F70 Pro 5G,Snapdragon 6 Gen 3,6 GB RAM | 128 GB Storage,50 MP + 5 MP + 2 MP Rear Camera,12 MP Front Camera,6000 mAh | 45W Fast Charging,6.7 inches (17.02 cm) | Super AMOLED,,"₹26,337"
OnePlus N6 5G,MediaTek Dimensity 6360 Apex,4 GB RAM | 128 GB Storage,50 MP Rear Camera,8 MP Front Camera,8000 mAh | 45W Super Charging,6.8 inches (17.27 cm) | LCD,"AnTuTu Score 588,319","₹24,999"
vivo V70 Elite,Snapdragon 8s Gen 3,8 GB RAM | 256 GB Storage,50 MP + 8 MP + 50 MP Rear Camera,50 MP Front Camera,6500 mAh | 90W Flash Charging,6.59 inches (16.74 cm) | AMOLED,"AnTuTu Score 1,815,619","₹66,999"
Motorola Edge 60 Pro,MediaTek Dimensity 8350 Extreme Edition,8 GB RAM | 256 GB Storage,50 MP + 50 MP + 10 MP Rear Camera,50 MP Front Camera,6000 mAh | 90W Turbo Power Charging,6.7 inches (17.02 cm) | P-OLED,"AnTuTu Score 1,440,382","₹30,190"
Motorola Edge 70,Snapdragon 7 Gen 4,8 GB RAM | 256 GB Storage,50 MP + 50 MP Rear Camera,50 MP Front Camera,5000 mAh | 68W Turbo Charging,6.7 inches (17.02 cm) | AMOLED,"AnTuTu Score 1,402,932","₹31,495"
Moto G86 Power,MediaTek Dimensity 7400,8 GB RAM | 128 GB Storage,50 MP + 8 MP Rear Camera,32 MP Front Camera,6720 mAh | 33W Turbo Power Charging,6.7 inches (17.02 cm) | P-OLED,"AnTuTu Score 677,110","₹17,835"
vivo T5 Pro,Snapdragon 7s Gen 4,8 GB RAM | 128 GB Storage,50 MP + 2 MP Rear Camera,32 MP Front Camera,9020 mAh | 90W,6.83 inches (17.35 cm) | AMOLED,"AnTuTu Score 1,167,242","₹37,499"
OnePlus Nord 6,Snapdragon 8s Gen 4,8 GB RAM | 256 GB Storage,50 MP + 8 MP Rear Camera,32 MP Front Camera,9000 mAh | 80W Super Charging,6.78 inches (17.22 cm) | AMOLED,"AnTuTu Score 2,366,913","₹46,999"
POCO X7 Pro,MediaTek Dimensity 8400 Ultra,8 GB RAM | 256 GB Storage,50 MP + 8 MP Rear Camera,20 MP Front Camera,6550 mAh | 90W Turbo Charging,6.67 inches (16.94 cm) | AMOLED,"AnTuTu Score 1,577,069","₹23,999"
vivo V80 Lite 5G,MediaTek Dimensity 7300e,6 GB RAM | 128 GB Storage,50 MP + 2 MP Rear Camera,32 MP Front Camera,10000 mAh | 44W Flash Charging,6.83 inches (17.35 cm) | AMOLED,,
Samsung Galaxy S26 FE,Samsung Exynos 2500 S5E9955,8 GB RAM | 128 GB Storage,50 MP + 12 MP + 8 MP Rear Camera,12 MP Front Camera,4900 mAh | 45W Fast Charging,6.736 inches (171.1 mm) | Dynamic AMOLED 2x,,
OPPO K13 5G,Snapdragon 6 Gen 4,8 GB RAM | 128 GB Storage,50 MP + 2 MP Rear Camera,16 MP Front Camera,7000 mAh | 80W Super VOOC Charging,6.67 inches (16.94 cm) | AMOLED,"AnTuTu Score 699,303","₹21,999"
Samsung Galaxy M47 5G,Snapdragon 6 Gen 3,6 GB RAM | 128 GB Storage,50 MP + 5 MP + 2 MP Rear Camera,12 MP Front Camera,6000 mAh | 45W Fast Charging,6.66 inches (16.92 cm) | Super AMOLED,,"₹30,999"
OPPO Reno16 5G,Snapdragon 7 Gen 4,8 GB RAM | 256 GB Storage,50 MP + 50 MP + 50 MP Rear Camera,50 MP Front Camera,6700 mAh | 80W Super VOOC Charging,6.32 inches (16.05 cm) | AMOLED,"AnTuTu Score 1,457,989","₹66,999"
Motorola Edge 70 Pro 5G,MediaTek Dimensity 8500 Extreme,8 GB RAM | 256 GB Storage,50 MP + 50 MP Rear Camera,50 MP Front Camera,6500 mAh | 90W Turbo Charging,6.8 inches (17.27 cm) | Extreme AMOLED,"AnTuTu Score 2,194,258","₹38,650"
realme P4s 5G,MediaTek Dimensity 7400 Ultra,8 GB RAM | 128 GB Storage,50 MP + 8 MP Rear Camera,16 MP Front Camera,8000 mAh | 80W Super Charging,6.78 inches (17.22 cm) | AMOLED,"AnTuTu Score 973,111","₹34,999"
Samsung Galaxy S25 FE,Samsung Exynos 2400 S5E9945,8 GB RAM | 128 GB Storage,50 MP + 12 MP + 8 MP Rear Camera,12 MP Front Camera,4900 mAh | 45W Fast Charging,6.7 inches (17.02 cm) | Dynamic AMOLED 2x,"AnTuTu Score 2,069,599","₹58,999"
vivo X300 FE,Snapdragon 8 Gen 5,12 GB RAM | 256 GB Storage,50 MP + 50 MP + 8 MP Rear Camera,50 MP Front Camera,6500 mAh | 90W Flash Charging,6.31 inches (16.03 cm) | AMOLED,"AnTuTu Score 3,000,897","₹89,999"
Apple iPhone 17,Apple A19,8 GB RAM | 256 GB Storage,48 MP + 48 MP Rear Camera,18 MP Front Camera,3692 mAh | 40W Fast Charging,6.3 inches (16 cm) | Super Retina XDR OLED,"AnTuTu Score 2,118,014","₹82,900"
Xiaomi Redmi Turbo 5,MediaTek Dimensity 8500 Ultra,8 GB RAM | 256 GB Storage,50 MP + 8 MP Rear Camera,20 MP Front Camera,7540 mAh | 100W Hyper Charging,6.59 inches (16.74 cm) | AMOLED,"AnTuTu Score 2,135,669","₹41,999"
POCO M7 Pro,MediaTek Dimensity 7025 Ultra,6 GB RAM | 128 GB Storage,50 MP + 2 MP Rear Camera,20 MP Front Camera,5110 mAh | 45W Fast Charging,6.67 inches (16.94 cm) | AMOLED,"AnTuTu Score 486,435","₹14,999"
Samsung Galaxy S26 Ultra,Snapdragon 8 Elite Gen 5,12 GB RAM | 256 GB Storage,200 MP + 10 MP + 50 MP + 50 MP Rear Camera,12 MP Front Camera,5000 mAh | 60W Super Fast Charging,6.9 inches (17.53 cm) | Dynamic AMOLED 2x,"AnTuTu Score 3,905,605","₹130,999"
OPPO Reno16 Pro 5G,MediaTek Dimensity 8550,12 GB RAM | 256 GB Storage,200 MP + 50 MP + 50 MP Rear Camera,50 MP Front Camera,6700 mAh | 80W Super Charging,6.32 inches (16.05 cm) | AMOLED,,
realme P4 Pro,Snapdragon 7 Gen 4,8 GB RAM | 128 GB Storage,50 MP + 8 MP Rear Camera,50 MP Front Camera,7000 mAh | 80W Ultra Charging,6.8 inches (17.27 cm) | AMOLED,"AnTuTu Score 1,088,192","₹28,999"
Google Pixel 11,Google Tensor G6,12 GB RAM | 256 GB Storage,48 MP + 13 MP + 10.8 MP Rear Camera,10.5 MP Front Camera,4985 mAh | 30W Quick Charging,6.3 inches (16 cm) | OLED,"AnTuTu Score 1,690,573","₹83,580"
Samsung Galaxy A37 5G,Samsung Exynos 1480,8 GB RAM | 128 GB Storage,50 MP + 8 MP + 5 MP Rear Camera,12 MP Front Camera,5000 mAh | 45W,6.7 inches (17.02 cm) | Super AMOLED,"AnTuTu Score 1,053,896","₹38,999"
vivo X200T,MediaTek Dimensity 9400 Plus,12 GB RAM | 256 GB Storage,50 MP + 50 MP + 50 MP Rear Camera,32 MP Front Camera,6200 mAh | 90W Flash Charging,6.67 inches (16.94 cm) | AMOLED,"AnTuTu Score 2,821,319","₹59,999"
Samsung Galaxy A17 5G,Samsung Exynos 1330,6 GB RAM | 128 GB Storage,50 MP + 5 MP + 2 MP Rear Camera,13 MP Front Camera,5000 mAh | 25W Fast Charging,6.7 inches (17.02 cm) | Super AMOLED,"AnTuTu Score 604,677","₹21,499"
Infinix GT 50 Pro,MediaTek Dimensity 8400,12 GB RAM | 256 GB Storage,50 MP + 8 MP Rear Camera,13 MP Front Camera,6500 mAh | 45W,6.78 inches (17.22 cm) | AMOLED,,
Nothing Phone 4b,Snapdragon 6 Gen 4,8 GB RAM | 128 GB Storage,50 MP + 8 MP Rear Camera,16 MP Front Camera,6000 mAh | 33W Fast Charging,6.77 inches (17.2 cm) | Super AMOLED,,"₹32,249"
Samsung Galaxy A57 5G,Samsung Exynos 1680,8 GB RAM | 256 GB Storage,50 MP + 12 MP + 5 MP Rear Camera,12 MP Front Camera,5000 mAh | 45W Fast Charging,6.7 inches (17.02 cm) | Super AMOLED Plus,"AnTuTu Score 1,394,526","₹56,999"
vivo T4,Snapdragon 7s Gen 3,8 GB RAM | 128 GB Storage,50 MP + 2 MP Rear Camera,32 MP Front Camera,7300 mAh | 90W Flash Charging,6.77 inches (17.2 cm) | AMOLED,"AnTuTu Score 797,572","₹24,999"
vivo Y600 Pro,MediaTek Dimensity 7300,8 GB RAM | 128 GB Storage,50 MP + 2 MP Rear Camera,32 MP Front Camera,10200 mAh | 90W,6.83 inches (17.35 cm) | OLED,,
vivo V70 FE,MediaTek Dimensity 7360 Turbo,8 GB RAM | 128 GB Storage,200 MP + 8 MP Rear Camera,50 MP Front Camera,7000 mAh | 90W Flash Charging,6.83 inches (17.35 cm) | AMOLED,"AnTuTu Score 990,352","₹39,900"
realme P4 Power,MediaTek Dimensity 7400 Ultra,8 GB RAM | 128 GB Storage,50 MP + 8 MP Rear Camera,16 MP Front Camera,10001 mAh | 80W Ultra Charging,6.8 inches (17.27 cm) | AMOLED,"AnTuTu Score 1,047,842","₹30,450"
realme P4R 5G,MediaTek Dimensity 6300,4 GB RAM | 128 GB Storage,50 MP Rear Camera,8 MP Front Camera,8000 mAh | 45W Super VOOC Charging,6.8 inches (17.27 cm) | LCD,"AnTuTu Score 603,216","₹19,999"
Moto G64,MediaTek Dimensity 7025,8 GB RAM | 128 GB Storage,50 MP + 8 MP Rear Camera,16 MP Front Camera,6000 mAh | 33W Turbo Charging,6.5 inches (16.51 cm) | IPS LCD,"AnTuTu Score 497,235","₹13,999"
vivo V70,Snapdragon 7 Gen 4,8 GB RAM | 256 GB Storage,50 MP + 50 MP + 8 MP Rear Camera,50 MP Front Camera,6500 mAh | 90W Super Flash Charging,6.59 inches (16.74 cm) | AMOLED,"AnTuTu Score 1,425,132","₹59,999"
vivo V60e,MediaTek Dimensity 7360 Turbo,8 GB RAM | 128 GB Storage,200 MP + 8 MP Rear Camera,50 MP Front Camera,6500 mAh | 90W Flash Charging,6.77 inches (17.2 cm) | AMOLED,"AnTuTu Score 882,692","₹26,494"
OnePlus Nord CE 6 5G,Snapdragon 7s Gen 4,8 GB RAM | 128 GB Storage,50 MP + 2 MP Rear Camera,32 MP Front Camera,8000 mAh | 80W,6.78 inches (17.22 cm) | Sunburst AMOLED,"AnTuTu Score 1,136,527","₹37,999"
iQOO Neo 11 Ultra 5G,MediaTek Dimensity 9500,8 GB RAM | 256 GB Storage,50 MP + 8 MP Rear Camera,16 MP Front Camera,9200 mAh | 100W,6.83 inches (17.35 cm) | Flat OLED,,
Nothing Phone 3a,Snapdragon 7s Gen 3,8 GB RAM | 128 GB Storage,50 MP + 8 MP + 50 MP Rear Camera,32 MP Front Camera,5000 mAh | 50W Fast Charging,6.77 inches (17.2 cm) | Flexible AMOLED,"AnTuTu Score 798,022","₹24,999"
Samsung Galaxy S25,Snapdragon 8 Elite,12 GB RAM | 256 GB Storage,50 MP + 12 MP + 10 MP Rear Camera,12 MP Front Camera,4000 mAh | 25W Fast Charging,6.2 inches (15.75 cm) | Dynamic AMOLED 2x,"AnTuTu Score 2,185,567","₹66,798"
Samsung Galaxy Z Fold 8 Ultra,Snapdragon 8 Elite Gen 5 for Galaxy,12 GB RAM | 256 GB Storage,200 MP + 10 MP + 50 MP Rear Camera,10 MP Front Camera,5000 mAh | 45W,8 inches (20.32 cm) | Dynamic AMOLED 2x (Main Display),"AnTuTu Score 3,074,056","₹199,999"
Samsung Galaxy S26,Samsung Exynos 2600 S5E9965,12 GB RAM | 256 GB Storage,50 MP + 12 MP + 10 MP Rear Camera,12 MP Front Camera,4300 mAh | 25W Fast Charging,6.3 inches (16 cm) | Dynamic AMOLED 2x,"AnTuTu Score 3,113,347","₹74,969"
OPPO Reno14,MediaTek MT6897,8 GB RAM | 256 GB Storage,50 MP + 8 MP + 50 MP Rear Camera,50 MP Front Camera,6000 mAh | 80W Super VOOC Charging,6.59 inches (16.74 cm) | LTPS OLED,"AnTuTu Score 1,405,935","₹44,999"
Motorola Edge 70 Max,Snapdragon 8 Gen 5,8 GB RAM | 256 GB Storage,50 MP + 8 MP + 2 MP Rear Camera,32 MP Front Camera,7100 mAh | 90W Turbo Charging,6.8 inches (17.27 cm) | Extreme AMOLED,"AnTuTu Score 2,972,932","₹52,540"
Motorola Signature,Snapdragon 8 Gen 5,12 GB RAM | 256 GB Storage,50 MP + 50 MP + 50 MP Rear Camera,50 MP Front Camera,5200 mAh | 90W Turbo Charging,6.8 inches (17.27 cm) | AMOLED,"AnTuTu Score 3,044,435","₹58,899"
Samsung Galaxy A27 5G,Snapdragon 6 Gen 3,"6 GB RAM | 128 GB Storage,  LPDDR5X",50MP OIS + 5 MP + 2 MP Rear Camera,12 MP Front Camera,5000 mAh | 25W Fast Charging,6.7 inches (17.02 cm) | Super AMOLED,"AnTuTu Score 882,363","₹29,990"
Samsung Galaxy A56 5G,Samsung Exynos 1580,8 GB RAM | 128 GB Storage,50 MP + 12 MP + 5 MP Rear Camera,12 MP Front Camera,5000 mAh | 45W Super Fast Charging,6.7 inches (17.02 cm) | Super AMOLED,"AnTuTu Score 919,985","₹34,999"
Moto G57 Power,Snapdragon 6s Gen 4,8 GB RAM | 128 GB Storage,50 MP + 8 MP Rear Camera,8 MP Front Camera,7000 mAh | 30W Turbo Charging,6.72 inches (17.07 cm) | LCD,"AnTuTu Score 817,331","₹20,899"
Apple iPhone 15,Apple A16 Bionic,6 GB RAM | 128 GB Storage,48 MP + 12 MP Rear Camera,12 MP Front Camera,3349 mAh | 20W Fast Charging,6.1 inches (15.49 cm) | Super Retina XDR,,"₹57,900"
realme 16x 5G,MediaTek Dimensity 6300,4 GB RAM | 128 GB Storage,50 MP Rear Camera,8 MP Front Camera,7000 mAh | 45W Super VOOC Charging,6.8 inches (17.27 cm) | LCD,"AnTuTu Score 632,291","₹22,999"
vivo Y31 5G,Snapdragon 4 Gen 2,4 GB RAM | 128 GB Storage,50 MP + 0.08 MP Rear Camera,8 MP Front Camera,6500 mAh | 44W Flash Charging,6.68 inches (16.97 cm) | LCD,,"₹19,999"
Motorola Edge 50 Fusion,Snapdragon 7s Gen 2,8 GB RAM | 128 GB Storage,50 MP + 13 MP Rear Camera,32 MP Front Camera,5000 mAh | 68W Turbo Power Charging,6.67 inches (16.94 cm) | P-OLED,"AnTuTu Score 620,648","₹18,999"
Moto G37 Power 5G,MediaTek Dimensity 6400,4 GB RAM | 128 GB Storage,50 MP Rear Camera,8 MP Front Camera,7000 mAh | 30W Turbo Charging,6.67 inches (16.94 cm) | IPS LCD,"AnTuTu Score 570,353","₹17,254"
OnePlus N6x 5G,MediaTek Dimensity 6360 Apex,4 GB RAM | 64 GB Storage,13 MP Rear Camera,5 MP Front Camera,7000 mAh | 15W,6.8 inches (17.27 cm) | IPS LCD,"AnTuTu Score 577,250","₹20,999"
Nothing Phone 4a Pro,Snapdragon 7 Gen 4,8 GB RAM | 128 GB Storage,50 MP + 50 MP + 8 MP Rear Camera,32 MP Front Camera,5400 mAh | 50W,6.83 inches (17.35 cm) | AMOLED,"AnTuTu Score 1,411,440","₹44,797"
OnePlus Nord CE 6 Lite 5G,MediaTek Dimensity 7400 Apex,6 GB RAM | 128 GB Storage,50 MP + 2 MP Rear Camera,8 MP Front Camera,7000 mAh | 45W Super VOOC Charging,6.72 inches (17.07 cm) | LCD,"AnTuTu Score 1,015,733","₹28,999"
Samsung Galaxy S25 Ultra,Snapdragon 8 Elite,12 GB RAM | 256 GB Storage,200 MP + 50 MP + 10 MP + 50 MP Rear Camera,12 MP Front Camera,5000 mAh | 45W Fast Charging,6.9 inches (17.53 cm) | Dynamic AMOLED 2x,"AnTuTu Score 2,209,231","₹139,999"
iQOO Neo 10,Snapdragon 8s Gen 4,8 GB RAM | 128 GB Storage,50 MP + 8 MP Rear Camera,32 MP Front Camera,7000 mAh | 120W Flash Charging,6.78 inches (17.22 cm) | AMOLED,"AnTuTu Score 2,066,325","₹46,979"
Samsung Galaxy F70e 5G,MediaTek Dimensity 6300,4 GB RAM | 128 GB Storage,50 MP + 2 MP Rear Camera,8 MP Front Camera,6000 mAh | 25W Fast Charging,6.7 inches (17.02 cm) | LCD,"AnTuTu Score 532,024","₹13,999"
Samsung Galaxy A35 5G,Samsung Exynos 1380,8 GB RAM | 128 GB Storage,50 MP + 8 MP + 5 MP Rear Camera,13 MP Front Camera,5000 mAh | 25W Fast Charging,6.6 inches (16.76 cm) | Super AMOLED,"AnTuTu Score 612,769","₹18,999"
realme P4x,MediaTek Dimensity 7400 Ultra,6 GB RAM | 128 GB Storage,50 MP + 2 MP Rear Camera,8 MP Front Camera,7000 mAh | 45W Super Charging,6.72 inches (17.07 cm) | LCD,"AnTuTu Score 974,831","₹21,939"
Moto g max 5G,Snapdragon 6s Gen 4,6 GB RAM | 128 GB Storage,50 MP + 8 MP Rear Camera,32 MP Front Camera,7000 mAh | 30W Turbo Charging,6.72 inches (17.07 cm) | LCD,"AnTuTu Score 807,683","₹27,999"
vivo T5 Lite 5G,MediaTek Dimensity 6300,4 GB RAM | 128 GB Storage,50 MP + 0.08 MP Rear Camera,5 MP Front Camera,6500 mAh | 44W Fast Charging,6.74 inches (17.12 cm) | LCD,"AnTuTu Score 575,705","₹22,630"
Xiaomi Redmi 17 5G,Snapdragon 4 Gen 5,6 GB RAM | 128 GB Storage,50 MP + 2 MP Rear Camera,8 MP Front Camera,7900 mAh | 45W Turbo Charging,6.9 inches (17.53 cm) | LCD,,"₹23,999"
Apple iPhone 16,Apple A18,8 GB RAM | 128 GB Storage,48 MP + 12 MP Rear Camera,12 MP Front Camera,3561 mAh | 20W Fast Charging,6.1 inches (15.49 cm) | Super Retina XDR,"AnTuTu Score 1,764,170","₹67,900"
Xiaomi Redmi K100,Snapdragon 8 Elite Gen 5,12 GB RAM | 256 GB Storage,200 MP + 50 MP Rear Camera,,9000 mAh | 100W,6.59 inches (16.74 cm) | Flat OLED,,
POCO M8 Power 5G,Snapdragon 4 Gen 4,6 GB RAM | 128 GB Storage,50 MP + 2 MP Rear Camera,8 MP Front Camera,8000 mAh | 45W Fast Charging,6.83 inches (17.35 cm) | AMOLED,"AnTuTu Score 619,773","₹24,390"
OnePlus 15,Snapdragon 8 Elite Gen 5,12 GB RAM | 256 GB Storage,50 MP + 50 MP + 50 MP Rear Camera,32 MP Front Camera,7300 mAh | 120W Super VOOC Charging,6.78 inches (17.22 cm) | LTPO AMOLED,"AnTuTu Score 3,932,097","₹85,999"
vivo Y500,MediaTek Dimensity 7300,8 GB RAM | 128 GB Storage,50 MP + 2 MP Rear Camera,8 MP Front Camera,8200 mAh | 90W Flash Charging,6.77 inches (17.2 cm) | AMOLED,,
iQOO 15R,Snapdragon 8 Gen 5,8 GB RAM | 256 GB Storage,50 MP + 8 MP Rear Camera,32 MP Front Camera,7600 mAh | 100W Super Flash Charging,6.59 inches (16.74 cm) | AMOLED,"AnTuTu Score 3,078,708","₹53,999"
realme GT 7,MediaTek Dimensity 9400e,8 GB RAM | 256 GB Storage,50 MP + 8 MP + 50 MP Rear Camera,32 MP Front Camera,7000 mAh | 120W Ultra Charging,6.78 inches (17.22 cm) | LTPO AMOLED,"AnTuTu Score 2,125,733","₹41,999"
Xiaomi Redmi Note 15,Snapdragon 6 Gen 3,8 GB RAM | 128 GB Storage,108 MP + 8 MP Rear Camera,20 MP Front Camera,5520 mAh | 45W Turbo Charging,6.77 inches (17.2 cm) | AMOLED,"AnTuTu Score 868,311","₹28,999"
OPPO K14x 5G,MediaTek Dimensity 6300,4 GB RAM | 64 GB Storage,50 MP + 2 MP Rear Camera,5 MP Front Camera,6500 mAh | 45W Super VOOC Charging,6.75 inches (17.15 cm) | LCD,"AnTuTu Score 565,613","₹17,099"
Motorola Edge 70 Pro + 5G,MediaTek Dimensity 8500 Extreme,12 GB RAM | 256 GB Storage,50 MP + 50 MP + 50 MP Rear Camera,50 MP Front Camera,6500 mAh | 90W Turbo Power Charging,6.8 inches (17.27 cm) | Extreme AMOLED,"AnTuTu Score 2,217,003","₹47,920"
Samsung Galaxy M17 5G,Samsung Exynos 1330,4 GB RAM | 128 GB Storage,50 MP + 5 MP + 2 MP Rear Camera,13 MP Front Camera,5000 mAh | 25W Fast Charging,6.7 inches (17.02 cm) | Super AMOLED,"AnTuTu Score 608,564","₹19,999"
OPPO Reno15 Pro Mini,MediaTek Dimensity 8450,12 GB RAM | 256 GB Storage,200 MP + 50 MP + 50 MP Rear Camera,50 MP Front Camera,6200 mAh | 80W Super Charging,6.32 inches (16.05 cm) | AMOLED,"AnTuTu Score 2,141,052","₹59,999"
POCO F9 Ultra 5G,Snapdragon 8 Elite Gen 5,12 GB RAM | 256 GB Storage,200 MP + 50 MP + 50 MP Rear Camera,32 MP Front Camera,8050 mAh | 100W Hyper Charging,6.90 inches (17.53 cm) | AMOLED,,
vivo V50,Snapdragon 7 Gen 3,8 GB RAM | 128 GB Storage,50 MP + 50 MP Rear Camera,50 MP Front Camera,6000 mAh | 90W Flash Charging,6.77 inches (17.2 cm) | AMOLED,"AnTuTu Score 821,023","₹32,991"
OPPO K15 5G,MediaTek Dimensity 7360,12 GB RAM | 256 GB Storage,50 MP + 50 MP Rear Camera,50 MP Front Camera,8000 mAh | 80W Super Flash Charging,6.59 inches (16.74 cm) | AMOLED,,
iQOO Z11x,MediaTek Dimensity 7400 Turbo,6 GB RAM | 128 GB Storage,50 MP + 2 MP Rear Camera,32 MP Front Camera,7200 mAh | 44W,6.76 inches (17.17 cm) | LCD,"AnTuTu Score 960,651","₹27,999"
Google Pixel 11 Pro,Google Tensor G6,12 GB RAM | 256 GB Storage,50 MP + 48 MP + 48 MP Rear Camera,42 MP Front Camera,4850 mAh | 30W Quick Charging,6.3 inches (16 cm) | LTPO OLED,"AnTuTu Score 1,421,232","₹119,999"
Nothing Phone 3a Pro,Snapdragon 7s Gen 3,8 GB RAM | 128 GB Storage,50 MP + 8 MP + 50 MP Rear Camera,50 MP Front Camera,5000 mAh | 50W Fast Charging,6.77 inches (17.2 cm) | Flexible AMOLED,"AnTuTu Score 809,554","₹27,999"
Infinix Note 50X,MediaTek Dimensity 7300 Ultimate,6 GB RAM | 128 GB Storage,50 MP Rear Camera,8 MP Front Camera,5500 mAh | 45W Fast Charging,6.67 inches (16.94 cm) | IPS LCD,"AnTuTu Score 620,348","₹13,499"
Xiaomi Redmi Note 15 Pro,MediaTek Dimensity 7400 Ultra,8 GB RAM | 128 GB Storage,200 MP + 8 MP Rear Camera,20 MP Front Camera,6580 mAh | 45W Fast Charging,6.83 inches (17.35 cm) | AMOLED,"AnTuTu Score 945,828","₹31,999"
OPPO Find X9 Ultra,Snapdragon 8 Elite Gen 5,12 GB RAM | 512 GB Storage,200 MP + 50 MP + 200 MP + 50 MP Rear Camera,50 MP Front Camera,7050 mAh | 100W Super VOOC Charging,6.82 inches (17.32 cm) | LTPO AMOLED,"AnTuTu Score 4,033,382","₹169,999"
POCO X8 Power 5G,Snapdragon 6 Gen 5,8 GB RAM | 128 GB Storage,50 MP + 8 MP Rear Camera,32 MP Front Camera,10000 mAh | 100W Hyper Charging,6.83 inches (17.35 cm) | AMOLED,,"₹35,999"
vivo X300 Ultra,Snapdragon 8 Elite Gen 5,16 GB RAM | 512 GB Storage,200 MP + 200 MP + 50 MP Rear Camera,50 MP Front Camera,6600 mAh | 100W Flash Charging,6.82 inches (17.32 cm) | AMOLED,"AnTuTu Score 3,977,648","₹159,999"
iQOO 15,Snapdragon 8 Elite Gen 5,12 GB RAM | 256 GB Storage,50 MP + 50 MP + 50 MP Rear Camera,32 MP Front Camera,7000 mAh | 100W Flash Charging,6.85 inches (17.4 cm) | AMOLED,"AnTuTu Score 3,891,344","₹76,999"
Samsung Galaxy A36 5G,Snapdragon 6 Gen 3,8 GB RAM | 128 GB Storage,50 MP + 8 MP + 5 MP Rear Camera,12 MP Front Camera,5000 mAh | 45W Super Fast Charging,6.7 inches (17.02 cm) | Super AMOLED,"AnTuTu Score 655,225","₹31,999"
Google Pixel 10A,Google Tensor G4,8 GB RAM | 256 GB Storage,48 MP + 13 MP Rear Camera,13 MP Front Camera,5100 mAh | 45W Fast Charging,6.3 inches (16 cm) | P-OLED,"AnTuTu Score 1,400,792","₹51,940"
vivo Y11 5G,MediaTek Dimensity 6300,4 GB RAM | 64 GB Storage,13 MP + 0.08 MP Rear Camera,5 MP Front Camera,6500 mAh | 15W,6.74 inches (17.12 cm) | LCD,,"₹17,999"
POCO X7,MediaTek Dimensity 7300 Ultra,8 GB RAM | 128 GB Storage,50 MP + 8 MP + 2 MP Rear Camera,20 MP Front Camera,5500 mAh | 45W Turbo Charging,6.67 inches (16.94 cm) | AMOLED,"AnTuTu Score 646,751","₹17,999"
POCO F7,Snapdragon 8s Gen 4,12 GB RAM | 256 GB Storage,50 MP + 8 MP Rear Camera,20 MP Front Camera,7550 mAh | 90W Turbo Charging,6.83 inches (17.35 cm) | AMOLED,"AnTuTu Score 2,106,422","₹45,800"
Apple iPhone 17 Pro Max,Apple A19 Pro,12 GB RAM | 256 GB Storage,48 MP + 48 MP + 48 MP Rear Camera,18 MP Front Camera,4832 mAh | 40W Fast Charging,6.9 inches (17.53 cm) | Super Retina XDR OLED,"AnTuTu Score 2,521,699","₹147,900"
Motorola Razr 70 Ultra,Snapdragon 8 Elite,16 GB RAM | 512 GB Storage,50 MP + 50 MP Rear Camera,50 MP Front Camera,5000 mAh | 68W Turbo Power Charging,7 inches (17.78 cm) | LTPO AMOLED (Main Display),,
Motorola Edge 60 Stylus,Snapdragon 7s Gen 2,8 GB RAM | 256 GB Storage,50 MP + 13 MP Rear Camera,32 MP Front Camera,5000 mAh | 68W Turbo Power Charging,6.7 inches (17.02 cm) | P-OLED,"AnTuTu Score 668,917","₹20,560"
Samsung Galaxy M17e 5G,MediaTek Dimensity 6300,4 GB RAM | 128 GB Storage,50 MP + 2 MP Rear Camera,8 MP Front Camera,6000 mAh | 25W Fast Charging,6.7 inches (17.02 cm) | IPS LCD,,"₹18,499"
OnePlus 15R,Snapdragon 8 Gen 5,12 GB RAM | 256 GB Storage,50 MP + 8 MP Rear Camera,32 MP Front Camera,7400 mAh | 80W Super Charging,6.83 inches (17.35 cm) | AMOLED,"AnTuTu Score 2,957,229","₹59,999"
Samsung Galaxy M36,Samsung Exynos 1380,6 GB RAM | 128 GB Storage,50 MP + 8 MP + 2 MP Rear Camera,13 MP Front Camera,5000 mAh | 25W Fast Charging,6.7 inches (17.02 cm) | Super AMOLED,"AnTuTu Score 597,495","₹21,999"
OPPO Reno16c 5G,MediaTek Dimensity 7300,8 GB RAM | 128 GB Storage,50 MP + 50 MP + 8 MP Rear Camera,50 MP Front Camera,6500 mAh | 45W Super VOOC Charging,6.57 inches (16.69 cm) | AMOLED,"AnTuTu Score 985,594","₹49,999"
POCO X8 Pro,MediaTek Dimensity 8500 Ultra,8 GB RAM | 256 GB Storage,50 MP + 8 MP Rear Camera,20 MP Front Camera,6500 mAh | 100W Fast Charging,6.59 inches (16.74 cm) | OLED,,"₹38,890"
Itel Zeno F30 5G,Unisoc T8200,4 GB RAM | 64 GB Storage,13 MP Rear Camera,8 MP Front Camera,7000 mAh | 10W,6.67 inches (16.94 cm) | IPS LCD,,"₹12,499"
Samsung Galaxy S24 FE,Samsung Exynos 2400e,8 GB RAM | 128 GB Storage,50 MP + 12 MP + 8 MP Rear Camera,10 MP Front Camera,4700 mAh | 25W Fast Charging,6.7 inches (17.02 cm) | Dynamic AMOLED 2x,"AnTuTu Score 1,625,873","₹39,999"
OPPO Reno15,Snapdragon 7 Gen 4,8 GB RAM | 256 GB Storage,50 MP + 8 MP + 50 MP Rear Camera,50 MP Front Camera,6500 mAh | 80W Super VOOC Charging,6.59 inches (16.74 cm) | LTPS AMOLED,"AnTuTu Score 1,394,716","₹47,999"
POCO M7,Snapdragon 4 Gen 2,6 GB RAM | 128 GB Storage,50 MP Rear Camera,8 MP Front Camera,5160 mAh | 18W Fast Charging,6.88 inches (17.48 cm) | IPS LCD,"AnTuTu Score 436,798","₹12,499"
Google Pixel 10,Google Tensor G5,12 GB RAM | 256 GB Storage,48 MP + 13 MP + 10.8 MP Rear Camera,10.5 MP Front Camera,4970 mAh | 30W Fast Charging,6.3 inches (16 cm) | OLED,"AnTuTu Score 1,450,416","₹67,790"
realme 16,MediaTek Dimensity 6400 Turbo,8 GB RAM | 128 GB Storage,50 MP + 2 MP Rear Camera,50 MP Front Camera,7000 mAh | 60W Fast Charging,6.57 inches (16.69 cm) | Flexible AMOLED,"AnTuTu Score 617,726","₹36,999"
Tecno Pova 8 Pro 5G,MediaTek Dimensity 7400 Ultimate,8 GB RAM | 256 GB Storage,50 MP + 8 MP Rear Camera,13 MP Front Camera,6500 mAh | 45W Super Charging,6.78 inches (17.22 cm) | AMOLED,"AnTuTu Score 792,798","₹49,999"
vivo Y31T 5G,Snapdragon 4 Gen 2,4 GB RAM | 128 GB Storage,50 MP + 2 MP Rear Camera,8 MP Front Camera,7200 mAh | 44W Fast Charging,6.75 inches (17.15 cm) | LCD,,"₹25,999"
vivo Y21 5G,MediaTek Dimensity 6300,4 GB RAM | 128 GB Storage,50 MP + 0.08 MP Rear Camera,5 MP Front Camera,6500 mAh | 44W,6.74 inches (17.12 cm) | LCD,,"₹22,499"
iQOO Z11 Lite 5G,MediaTek Dimensity 6300,4 GB RAM | 128 GB Storage,50 MP + 2 MP Rear Camera,5 MP Front Camera,6500 mAh | 44W,6.74 inches (17.12 cm) | IPS LCD,"AnTuTu Score 574,553","₹19,999"
OnePlus 13s,Snapdragon 8 Elite,12 GB RAM | 256 GB Storage,50 MP + 50 MP Rear Camera,32 MP Front Camera,5850 mAh | 80W Super VOOC Charging,6.32 inches (16.05 cm) | ProXDR LTPO,"AnTuTu Score 2,581,355","₹54,999"
realme 16T 5G,MediaTek Dimensity 6300,6 GB RAM | 128 GB Storage,50 MP + 2 MP Rear Camera,16 MP Front Camera,8000 mAh | 45W Super VOOC Charging,6.81 inches (17.3 cm) | LCD,"AnTuTu Score 633,631","₹27,999"
Samsung Galaxy F16 5G,MediaTek Dimensity 6300,4 GB RAM | 128 GB Storage,50 MP + 5 MP + 2 MP Rear Camera,13 MP Front Camera,5000 mAh | 25W Fast Charging,6.7 inches (17.02 cm) | Super AMOLED,,"₹12,499"
OPPO A6x,MediaTek Dimensity 6300,4 GB RAM | 64 GB Storage,13 MP Rear Camera,5 MP Front Camera,6500 mAh | 45W Super VOOC Charging,6.75 inches (17.15 cm) | LCD,,"₹18,999"
Apple iPhone 17 Pro,Apple A19 Pro,12 GB RAM | 256 GB Storage,48 MP + 48 MP + 48 MP Rear Camera,18 MP Front Camera,3988 mAh | 40W,6.3 inches (16 cm) | Super Retina XDR OLED,,"₹132,900"
Apple iPhone 13,Apple A15 Bionic,4 GB RAM | 128 GB Storage,12 MP + 12 MP Rear Camera,12 MP Front Camera,3227 mAh | 20W Fast Charging,6.1 inches (15.49 cm) | Super Retina XDR,,"₹39,994"
Tecno Camon 50 Ultra,MediaTek Dimensity 7400 Ultimate,8 GB RAM | 256 GB Storage,50 MP + 50 MP + 8 MP Rear Camera,50 MP Front Camera,6500 mAh | 45W Super Charging,6.78 inches (17.22 cm) | AMOLED,"AnTuTu Score 998,070","₹39,998"
Xiaomi 17T,MediaTek Dimensity 8500 Ultra,12 GB RAM | 256 GB Storage,50 MP + 12 MP + 50 MP Rear Camera,32 MP Front Camera,6500 mAh | 67W Hyper Charging,6.59 inches (16.74 cm) | AMOLED,"AnTuTu Score 2,136,906","₹64,999"
realme 14 Pro Lite,Snapdragon 7s Gen 2,8 GB RAM | 128 GB Storage,50 MP + 8 MP Rear Camera,32 MP Front Camera,5200 mAh | 45W Super VOOC Charging,6.7 inches (17.02 cm) | OLED,,"₹18,294"
OPPO A7 Pro Max 5G,Snapdragon 4 Gen 5,12 GB RAM | 512 GB Storage,50 MP + 2 MP Rear Camera,50 MP Front Camera,10000 mAh | 80W,6.78 inches (17.22 cm) | Flat OLED,,
OnePlus Nord 5,Snapdragon 8s Gen 3,8 GB RAM | 256 GB Storage,50 MP + 8 MP Rear Camera,50 MP Front Camera,6800 mAh | 80W Super VOOC Charging,6.83 inches (17.35 cm) | Swift AMOLED,"AnTuTu Score 1,481,616","₹45,000"
Apple iPhone 18 Pro Max,Apple A20 Pro,12 GB RAM | 256 GB Storage,48 MP + 48 MP + 48 MP Rear Camera,48 MP Front Camera,5567 mAh | 80W Fast Charging,6.9 inches (17.53 cm) | OLED,,
vivo Y400,Snapdragon 4 Gen 2,8 GB RAM | 128 GB Storage,50 MP + 2 MP Rear Camera,32 MP Front Camera,6000 mAh | 90W Flash Charging,6.67 inches (16.94 cm) | AMOLED,"AnTuTu Score 478,134","₹31,999"
OPPO Find X9,MediaTek Dimensity 9500,12 GB RAM | 256 GB Storage,50 MP + 50 MP + 50 MP + 2 MP Rear Camera,32 MP Front Camera,7025 mAh | 80W Super VOOC Charging,6.59 inches (16.74 cm) | Flexible AMOLED,"AnTuTu Score 3,512,048","₹73,999"
OPPO A6,MediaTek Dimensity 6300,4 GB RAM | 128 GB Storage,50 MP + 2 MP Rear Camera,16 MP Front Camera,7000 mAh | 45W Super VOOC Charging,6.57 inches (16.69 cm) | AMOLED,,"₹23,999"
POCO X8 5G,Snapdragon 6s Gen 4,6 GB RAM | 128 GB Storage,50 MP + 2 MP Rear Camera,16 MP Front Camera,9000 mAh | 67W Hyper Charging,6.83 inches (17.35 cm) | AMOLED,,"₹29,999"
Moto G37 5G,MediaTek Dimensity 6400,4 GB RAM | 64 GB Storage,50 MP Rear Camera,8 MP Front Camera,5200 mAh | 20W Turbo Power Charging,6.67 inches (16.94 cm) | LCD,,"₹15,138"
Samsung Galaxy A07 5G,MediaTek Dimensity 6300,4 GB RAM | 128 GB Storage,50 MP + 2 MP Rear Camera,8 MP Front Camera,6000 mAh | 25W Fast Charging,6.7 inches (17.02 cm) | PLS LCD,,"₹16,669"
realme 16 Pro,MediaTek Dimensity 7300 Max,8 GB RAM | 128 GB Storage,200 MP + 8 MP Rear Camera,50 MP Front Camera,7000 mAh | 80W Super Flash Charging,6.78 inches (17.22 cm) | AMOLED,"AnTuTu Score 983,589","₹44,999"
Xiaomi Redmi 15,Snapdragon 6s Gen 3,6 GB RAM | 128 GB Storage,50 MP Rear Camera,8 MP Front Camera,7000 mAh | 33W Fast Charging,6.9 inches (17.53 cm) | IPS LCD,"AnTuTu Score 463,289","₹21,499"
realme P3 Ultra,MediaTek Dimensity 8350 Ultra,8 GB RAM | 128 GB Storage,50 MP + 8 MP Rear Camera,16 MP Front Camera,6000 mAh | 80W Super VOOC Charging,6.83 inches (17.35 cm) | AMOLED,"AnTuTu Score 1,403,197","₹31,999"
realme GT 8 Pro,Snapdragon 8 Elite Gen 5,12 GB RAM | 256 GB Storage,50 MP + 50 MP + 200 MP Rear Camera,32 MP Front Camera,7000 mAh | 120W Super VOOC Charging,6.79 inches (17.25 cm) | AMOLED,"AnTuTu Score 3,932,397","₹72,999"
Samsung Galaxy F17 5G,Samsung Exynos 1330,4 GB RAM | 128 GB Storage,50 MP + 5 MP + 2 MP Rear Camera,13 MP Front Camera,5000 mAh | 25W Fast Charging,6.7 inches (17.02 cm) | Super AMOLED,,"₹19,610"
vivo T4 Pro 256GB,Snapdragon 7 Gen 4,8 GB RAM | 256 GB Storage,50 MP + 50 MP + 2 MP Rear Camera,32 MP Front Camera,6500 mAh | 90W Flash Charging,6.77 inches (17.2 cm) | AMOLED,"AnTuTu Score 1,010,472","₹29,999"
vivo Y51 Pro,MediaTek Dimensity 7360 Turbo,8 GB RAM | 128 GB Storage,50 MP + 2 MP Rear Camera,8 MP Front Camera,7200 mAh | 44W,6.75 inches (17.15 cm) | LCD,,"₹32,995"
Nothing Phone 3,Snapdragon 8s Gen 4,12 GB RAM | 256 GB Storage,50 MP + 50 MP + 50 MP Rear Camera,50 MP Front Camera,5150 mAh | 65W Fast Charging,6.67 inches (16.94 cm) | Flexible AMOLED,"AnTuTu Score 1,930,244","₹51,999"
OnePlus 13,Snapdragon 8 Elite,12 GB RAM | 256 GB Storage,50 MP + 50 MP + 50 MP Rear Camera,32 MP Front Camera,6000 mAh | 100W Super VOOC Charging,6.82 inches (17.32 cm) | LTPO AMOLED,"AnTuTu Score 2,689,625","₹63,157"
Samsung Galaxy S24 Ultra,Snapdragon 8 Gen 3,12 GB RAM | 256 GB Storage,200 MP + 12 MP + 10 MP + 50 MP Rear Camera,12 MP Front Camera,5000 mAh | 45W Fast Charging,6.8 inches (17.27 cm) | Dynamic AMOLED 2x,"AnTuTu Score 1,770,105","₹99,990"
vivo T3 Lite,MediaTek Dimensity 6300,4 GB RAM | 128 GB Storage,50 MP + 2 MP Rear Camera,8 MP Front Camera,5000 mAh | 15W Fast Charging,6.56 inches (16.66 cm) | LCD,,"₹10,499"
POCO F9 Pro 5G,Snapdragon 8 Elite Gen 5 V,12 GB RAM | 256 GB Storage,200 MP + 50 MP + 8 MP Rear Camera,32 MP Front Camera,6330 mAh | 100W Hyper Charging,6.59 inches (16.74 cm) | AMOLED,,
Xiaomi Redmi Note 15 Pro Plus,Snapdragon 7s Gen 4,8 GB RAM | 256 GB Storage,200 MP + 8 MP Rear Camera,32 MP Front Camera,6500 mAh | 100W Fast Charging,6.83 inches (17.35 cm) | AMOLED,"AnTuTu Score 1,055,895","₹39,999"
OPPO A6 Pro,MediaTek Dimensity 6300,8 GB RAM | 128 GB Storage,50 MP + 2 MP Rear Camera,16 MP Front Camera,7000 mAh | 80W Super VOOC Charging,6.57 inches (16.69 cm) | Flexible AMOLED,,"₹32,999"
realme C100X,Unisoc T7250,4 GB RAM | 64 GB Storage,50 MP Rear Camera,5 MP Front Camera,8000 mAh | 45W Fast Charging,6.8 inches (17.27 cm) | LCD,"AnTuTu Score 380,571","₹15,999"
Xiaomi Redmi Note 15 SE 5G,Snapdragon 6 Gen 3,6 GB RAM | 128 GB Storage,50 MP + 2 MP Rear Camera,20 MP Front Camera,5800 mAh | 45W Turbo Charging,6.77 inches (17.2 cm) | AMOLED,,"₹24,799"
vivo Y500 Pro,MediaTek Dimensity 7400,12 GB RAM | 128 GB Storage,200 MP + 2 MP Rear Camera,32 MP Front Camera,7000 mAh | 90W Fast Charging,6.67 inches (16.94 cm) | AMOLED,,
OPPO F33 5G,MediaTek Dimensity 6360 Max,6 GB RAM | 128 GB Storage,50 MP + 2 MP Rear Camera,16 MP Front Camera,7000 mAh | 80W,6.57 inches (16.69 cm) | AMOLED,,"₹29,999"
OPPO F33 Pro 5G,MediaTek Dimensity 6360 Max,8 GB RAM | 128 GB Storage,50 MP + 2 MP Rear Camera,50 MP Front Camera,7000 mAh | 80W Super VOOC Charging,6.57 inches (16.69 cm) | AMOLED,"AnTuTu Score 651,333","₹32,783"
OnePlus 13R,Snapdragon 8 Gen 3,12 GB RAM | 256 GB Storage,50 MP + 8 MP + 50 MP Rear Camera,16 MP Front Camera,6000 mAh | 80W Super VOOC Charging,6.78 inches (17.22 cm) | LTPO AMOLED,"AnTuTu Score 1,709,077","₹51,990"
Xiaomi Redmi 12 6GB RAM,MediaTek Helio G88,6 GB RAM | 128 GB Storage,50 MP + 8 MP + 2 MP Rear Camera,8 MP Front Camera,5000 mAh | 18W Fast Charging,6.79 inches (17.25 cm) | IPS LCD,,"₹9,999"
Samsung Galaxy M56 5G,Samsung Exynos 1480,8 GB RAM | 128 GB Storage,50 MP + 8 MP + 2 MP Rear Camera,12 MP Front Camera,5000 mAh | 45W Fast Charging,6.7 inches (17.02 cm) | Super AMOLED Plus,,"₹30,999"
realme 14 Pro Plus,Snapdragon 7s Gen 3,8 GB RAM | 128 GB Storage,50 MP + 8 MP + 50 MP Rear Camera,32 MP Front Camera,6000 mAh | 80W Super VOOC Charging,6.83 inches (17.35 cm) | OLED,"AnTuTu Score 796,785","₹32,999"
Xiaomi Redmi A7 Pro 5G,Unisoc T8300,4 GB RAM | 64 GB Storage,32 MP Rear Camera,8 MP Front Camera,6300 mAh | 15W,6.9 inches (17.53 cm) | LCD,,"₹14,999"
realme Narzo 100x 5G,MediaTek Dimensity 6300,4 GB RAM | 128 GB Storage,50 MP Rear Camera,8 MP Front Camera,8000 mAh | 45W,6.81 inches (17.3 cm) | IPS LCD,,"₹21,999"
Moto G87 5G,MediaTek Dimensity 6400,8 GB RAM | 256 GB Storage,200 MP + 8 MP Rear Camera,32 MP Front Camera,5200 mAh | 30W,6.78 inches (17.22 cm) | AMOLED,,
Ai+ Nova 2 Ultra 5G,MediaTek Dimensity 7400,6 GB RAM | 128 GB Storage,50 MP + 8 MP Rear Camera,13 MP Front Camera,6000 mAh | 33W,6.78 inches (17.22 cm) | AMOLED,,"₹20,999"
POCO M8x 5G,Snapdragon 4 Gen 5,4 GB RAM | 128 GB Storage,50 MP Rear Camera,8 MP Front Camera,7900 mAh | 33W Fast Charging,6.9 inches (17.53 cm) | LCD,"AnTuTu Score 653,645","₹20,999"
POCO M8,Snapdragon 6 Gen 3,6 GB RAM | 128 GB Storage,50 MP + 2 MP Rear Camera,20 MP Front Camera,5520 mAh | 45W Fast Charging,6.77 inches (17.2 cm) | Flow AMOLED,"AnTuTu Score 862,268","₹23,679"
Lava Virat V1 5G,Unisoc T8200,4 GB RAM | 64 GB Storage,13 MP Rear Camera,5 MP Front Camera,6000 mAh | 10W,6.75 inches (17.15 cm) | LCD,"AnTuTu Score 515,146","₹13,239"
Motorola Edge 2026 5G,MediaTek Dimensity 7450,8 GB RAM | 128 GB Storage,50 MP + 50 MP + 10 MP Rear Camera,50 MP Front Camera,5000 mAh | 68W Turbo Charging,6.3 inches (16 cm) | AMOLED,,
Samsung Galaxy F36 5G,Samsung Exynos 1380,6 GB RAM | 128 GB Storage,50 MP + 8 MP + 2 MP Rear Camera,13 MP Front Camera,5000 mAh | 25W Fast Charging,6.7 inches (17.02 cm) | Super AMOLED,,"₹21,899"
Infinix Note 60 Pro 5G,Snapdragon 7s Gen 4,8 GB RAM | 128 GB Storage,50 MP + 8 MP Rear Camera,13 MP Front Camera,6500 mAh | 90W,6.78 inches (17.22 cm) | AMOLED,"AnTuTu Score 940,152","₹34,139"
OPPO K15 Pro Plus,MediaTek Dimensity 9500s,12 GB RAM | 256 GB Storage,50 MP + 8 MP Rear Camera,16 MP Front Camera,8000 mAh | 100W Super VOOC Charging,6.78 inches (17.22 cm) | OLED,,
Xiaomi Redmi Note 14 Pro 5G,MediaTek Dimensity 7300 Ultra,8 GB RAM | 128 GB Storage,50 MP + 8 MP + 2 MP Rear Camera,20 MP Front Camera,5500 mAh | 45W Hyper Charging,6.67 inches (16.94 cm) | AMOLED,,"₹27,000"
Google Pixel 7A,Google Tensor G2,8 GB RAM | 128 GB Storage,64 MP + 13 MP Rear Camera,13 MP Front Camera,4385 mAh | 18W Fast Charging,6.1 inches (15.49 cm) | OLED,"AnTuTu Score 687,738","₹29,999"
OPPO Find X9s,MediaTek Dimensity 9500s,12 GB RAM | 256 GB Storage,50 MP + 50 MP + 50 MP Rear Camera,32 MP Front Camera,7025 mAh | 80W Super VOOC Charging,6.59 inches (16.74 cm) | LTPS AMOLED,"AnTuTu Score 2,952,827","₹84,999"
Moto G77 Power 5G,MediaTek Dimensity 6400,8 GB RAM | 128 GB Storage,50 MP + 8 MP Rear Camera,32 MP Front Camera,7000 mAh | 30W Turbo Charging,6.72 inches (17.07 cm) | LCD,"AnTuTu Score 595,362","₹25,125"
realme P4 Lite 5G,MediaTek Dimensity 6300,4 GB RAM | 64 GB Storage,13 MP Rear Camera,5 MP Front Camera,7000 mAh | 15W Super VOOC Charging,6.8 inches (17.27 cm) | LCD,,"₹16,660"
Samsung Galaxy S24 5G,Samsung Exynos 2400,8 GB RAM | 256 GB Storage,50 MP + 12 MP + 10 MP Rear Camera,12 MP Front Camera,4000 mAh | 25W Fast Charging,6.2 inches (15.75 cm) | Dynamic AMOLED 2x,"AnTuTu Score 1,727,225","₹59,390"
Xiaomi Redmi 15C,MediaTek Dimensity 6300,4 GB RAM | 128 GB Storage,50 MP Rear Camera,8 MP Front Camera,6000 mAh | 33W Turbo Charging,6.9 inches (17.53 cm) | IPS LCD,"AnTuTu Score 556,765","₹17,999"
Samsung Galaxy S26 Plus,Samsung Exynos 2600,12 GB RAM | 256 GB Storage,50 MP + 12 MP + 10 MP Rear Camera,12 MP Front Camera,4900 mAh | 45W,6.7 inches (17.02 cm) | Dynamic AMOLED 2x,"AnTuTu Score 3,106,879","₹89,499"
Google Pixel 9A,Google Tensor G4,8 GB RAM | 256 GB Storage,48 MP + 13 MP Rear Camera,13 MP Front Camera,5100 mAh | 23W Fast Charging,6.3 inches (16 cm) | OLED,"AnTuTu Score 1,104,665","₹49,798"
Xiaomi Redmi 15A 5G,Unisoc T8300,4 GB RAM | 64 GB Storage,32 MP Rear Camera,8 MP Front Camera,6300 mAh | 15W,6.9 inches (17.53 cm) | IPS LCD,,"₹16,400"
Infinix GT 30 Pro,MediaTek Dimensity 8350 Ultimate,8 GB RAM | 256 GB Storage,108 MP + 8 MP Rear Camera,13 MP Front Camera,5500 mAh | 45W Fast Charging,6.78 inches (17.22 cm) | LTPS AMOLED,"AnTuTu Score 1,349,476","₹31,999"
Infinix Hot 70 Pro 5G,MediaTek Dimensity 7100,6 GB RAM | 128 GB Storage,50 MP Rear Camera,8 MP Front Camera,6000 mAh | 45W Fast Charging,6.76 inches (17.17 cm) | LTPS LCD,"AnTuTu Score 756,960","₹24,999"
Nothing Phone 3a Lite,MediaTek Dimensity 7300 Pro,8 GB RAM | 128 GB Storage,50 MP + 8 MP + 2 MP Rear Camera,16 MP Front Camera,5000 mAh | 33W Fast Charging,6.77 inches (17.2 cm) | AMOLED,"AnTuTu Score 907,685","₹28,246"
iQOO Z10x,MediaTek Dimensity 7300,6 GB RAM | 128 GB Storage,50 MP + 2 MP Rear Camera,8 MP Front Camera,6500 mAh | 44W Flash Charging,6.72 inches (17.07 cm) | LCD,"AnTuTu Score 696,045","₹27,996"
Xiaomi 17,Snapdragon 8 Elite Gen 5,12 GB RAM | 512 GB Storage,50 MP + 50 MP + 50 MP Rear Camera,50 MP Front Camera,6330 mAh | 100W Hyper Charging,6.3 inches (16 cm) | OLED,"AnTuTu Score 3,453,123","₹89,999"
Samsung Galaxy F05,MediaTek Helio G85,4 GB RAM | 64 GB Storage,50 MP + 2 MP Rear Camera,8 MP Front Camera,5000 mAh | 25W Fast Charging,6.7 inches (17.02 cm) | PLS LCD,,"₹6,499"
realme 15T,MediaTek Dimensity 6400 Max,8 GB RAM | 128 GB Storage,50 MP + 2 MP Rear Camera,50 MP Front Camera,7000 mAh | 60W Fast Charging,6.57 inches (16.69 cm) | AMOLED,"AnTuTu Score 448,625","₹24,999"
realme C83 5G,MediaTek Dimensity 6300,4 GB RAM | 64 GB Storage,13 MP Rear Camera,5 MP Front Camera,7000 mAh | 15W,6.7 inches (17.02 cm) | LCD,"AnTuTu Score 561,364","₹16,999"
POCO C85x,Unisoc T8300,4.0 GB RAM | 64 GB Storage,32 MP Rear Camera,8 MP Front Camera,6300 mAh | 15W Fast Charging,6.9 inches (17.53 cm) | LCD,,"₹14,059"
Samsung Galaxy Z Fold 8,Snapdragon 8 Elite Gen 5,12 GB RAM | 256 GB Storage,50 MP + 50 MP Rear Camera,10 MP Front Camera,4800 mAh | 45W,7.6 inches (19.3 cm) | Dynamic AMOLED 2x (Main Display),"AnTuTu Score 3,252,918","₹179,999"
vivo X300 Pro,MediaTek Dimensity 9500,16 GB RAM | 512 GB Storage,50 MP + 200 MP + 50 MP Rear Camera,50 MP Front Camera,6510 mAh | 90W Flash Charging,6.78 inches (17.22 cm) | AMOLED,"AnTuTu Score 3,536,552","₹119,999"
Xiaomi Redmi Note 14 Pro+ 5G,Snapdragon 7s Gen 3,8 GB RAM | 128 GB Storage,50 MP + 8 MP + 50 MP Rear Camera,20 MP Front Camera,6200 mAh | 90W Hyper Charging,6.67 inches (16.94 cm) | AMOLED,"AnTuTu Score 725,812","₹27,999"
realme P1,MediaTek Dimensity 7050,6 GB RAM | 128 GB Storage,50 MP + 2 MP Rear Camera,16 MP Front Camera,5000 mAh | 45W Super VOOC Charging,6.67 inches (16.94 cm) | AMOLED,"AnTuTu Score 418,175","₹13,999"
vivo X Fold 6,MediaTek Dimensity 9500,12 GB RAM | 256 GB Storage,200 MP + 50 MP + 50 MP Rear Camera,20 MP Front Camera,7000 mAh,8.01 inches (20.35 cm) | AMOLED (Main Display),,
Apple iPhone 16 Pro Max,Apple A18 Pro,8 GB RAM | 256 GB Storage,48 MP + 48 MP + 12 MP Rear Camera,12 MP Front Camera,4685 mAh | 20W Fast Charging,6.9 inches (17.53 cm) | Super Retina XDR,"AnTuTu Score 1,774,620","₹134,900"
Samsung Galaxy S25 Edge,Snapdragon 8 Elite,12 GB RAM | 256 GB Storage,200 MP + 12 MP Rear Camera,12 MP Front Camera,3900 mAh | 25W Fast Charging,6.7 inches (17.02 cm) | Dynamic AMOLED 2x,"AnTuTu Score 2,664,209","₹60,899"
realme 16 Pro Plus,Snapdragon 7 Gen 4,8 GB RAM | 128 GB Storage,200 MP + 50 MP + 8 MP Rear Camera,50 MP Front Camera,7000 mAh | 80W Ultra Charging,6.8 inches (17.27 cm) | AMOLED,"AnTuTu Score 1,434,981","₹50,499"
vivo T3,MediaTek Dimensity 7200,8 GB RAM | 128 GB Storage,50 MP + 2 MP Rear Camera,16 MP Front Camera,5000 mAh | 44W Flash Charging,6.67 inches (16.94 cm) | AMOLED,"AnTuTu Score 715,922","₹18,499"
Motorola Edge 50 Neo,MediaTek Dimensity 7300,8 GB RAM | 256 GB Storage,50 MP + 13 MP + 10 MP Rear Camera,32 MP Front Camera,4310 mAh | 68W Turbo Power Charging,6.4 inches (16.26 cm) | P-OLED,"AnTuTu Score 669,760","₹20,999"
vivo V40,Snapdragon 7 Gen 3,8 GB RAM | 128 GB Storage,50 MP + 50 MP Rear Camera,50 MP Front Camera,5500 mAh | 80W Flash Charging,6.78 inches (17.22 cm) | AMOLED,"AnTuTu Score 810,653","₹49,999"
iQOO Z11S 5G,MediaTek Dimensity 7500,12 GB RAM | 256 GB Storage,50 MP + 2 MP Rear Camera,8 MP Front Camera,10000 mAh | 44W,6.83 inches (17.35 cm) | Flat OLED,,
OPPO F31,MediaTek Dimensity 6300,8 GB RAM | 128 GB Storage,50 MP + 2 MP Rear Camera,16 MP Front Camera,7000 mAh | 80W Super VOOC Charging,6.57 inches (16.69 cm) | AMOLED,,"₹32,999"
Tecno Pova 8 5G,MediaTek Dimensity 7100,6 GB RAM | 128 GB Storage,50 MP Rear Camera,13 MP Front Camera,8000 mAh | 45W Fast Charging,6.76 inches (17.17 cm) | IPS LCD,"AnTuTu Score 757,391","₹29,999"
realme P2 Pro,Snapdragon 7s Gen 2,8 GB RAM | 128 GB Storage,50 MP + 8 MP Rear Camera,32 MP Front Camera,5200 mAh | 80W Super VOOC Charging,6.7 inches (17.02 cm) | OLED,"AnTuTu Score 670,441","₹17,999"
realme P3 256GB,Snapdragon 6 Gen 4,8 GB RAM | 256 GB Storage,50 MP + 2 MP Rear Camera,16 MP Front Camera,6000 mAh | 45W Fast Charging,6.67 inches (16.94 cm) | AMOLED,,"₹18,499"
Google Pixel 11 Pro XL,Google Tensor G6,12 GB RAM | 256 GB Storage,50 MP + 48 MP + 48 MP Rear Camera,42 MP Front Camera,5115 mAh | 45W Quick Charging,6.8 inches (17.27 cm) | LTPO OLED,"AnTuTu Score 1,856,183","₹134,999"
Moto G35,Unisoc T760,4 GB RAM | 128 GB Storage,50 MP + 8 MP Rear Camera,16 MP Front Camera,5000 mAh | 18W Fast Charging,6.72 inches (17.07 cm) | LTPS LCD,,"₹12,499"
realme 15x,MediaTek Dimensity 6300,6 GB RAM | 128 GB Storage,50 MP Rear Camera,50 MP Front Camera,7000 mAh | 60W Super VOOC Charging,6.8 inches (17.27 cm) | IPS LCD,,"₹23,489"
POCO C85 5G,MediaTek Dimensity 6300,4 GB RAM | 128 GB Storage,50 MP Rear Camera,8 MP Front Camera,6000 mAh | 33W Fast Charging,6.9 inches (17.53 cm) | IPS LCD,"AnTuTu Score 553,034","₹15,572"
Ai+ Nova 2 Pro 5G,MediaTek Dimensity 7100,6 GB RAM | 128 GB Storage,48 MP + 8 MP Rear Camera,13 MP Front Camera,6000 mAh | 33W Fast Charging,6.9 inches (17.53 cm) | IPS LCD,,"₹17,999"
Moto G45 5G 8GB RAM,Snapdragon 6s Gen 3,8 GB RAM | 128 GB Storage,50 MP + 2 MP Rear Camera,16 MP Front Camera,5000 mAh | 20W Turbo Power Charging,6.5 inches (16.51 cm) | IPS LCD,"AnTuTu Score 449,055","₹12,414"
Samsung Galaxy A06 5G,MediaTek Dimensity 6300,4 GB RAM | 64 GB Storage,50 MP + 2 MP Rear Camera,8 MP Front Camera,5000 mAh | 25W Fast Charging,6.7 inches (17.02 cm) | PLS LCD,,"₹14,970"
realme GT 6 512GB,Snapdragon 8s Gen 3,16 GB RAM | 512 GB Storage,50 MP + 8 MP + 50 MP Rear Camera,32 MP Front Camera,5500 mAh | 120W Super VOOC Charging,6.78 inches (17.22 cm) | LTPO AMOLED,"AnTuTu Score 1,501,830","₹32,999"
Samsung Galaxy M35 5G,Samsung Exynos 1380,6 GB RAM | 128 GB Storage,50 MP + 8 MP + 2 MP Rear Camera,13 MP Front Camera,6000 mAh | 25W Fast Charging,6.6 inches (16.76 cm) | Super AMOLED,"AnTuTu Score 611,292","₹28,990"
POCO X7 Pro 12GB RAM,MediaTek Dimensity 8400 Ultra,12 GB RAM | 256 GB Storage,50 MP + 8 MP Rear Camera,20 MP Front Camera,6550 mAh | 90W Turbo Charging,6.67 inches (16.94 cm) | AMOLED,"AnTuTu Score 1,577,069","₹25,999"
OPPO Reno14 Pro,MediaTek Dimensity 8450,12 GB RAM | 256 GB Storage,50 MP + 50 MP + 50 MP Rear Camera,50 MP Front Camera,6200 mAh | 80W Super VOOC Charging,6.83 inches (17.35 cm) | OLED,"AnTuTu Score 1,617,077","₹49,989"
OPPO Reno15 Pro,MediaTek Dimensity 8450,12 GB RAM | 256 GB Storage,200 MP + 50 MP + 50 MP Rear Camera,50 MP Front Camera,6500 mAh | 80W Super Charging,6.78 inches (17.22 cm) | LTPO AMOLED,"AnTuTu Score 2,131,620","₹60,999"
Xiaomi 17 Ultra,Snapdragon 8 Elite Gen 5,16 GB RAM | 512 GB Storage,50 MP + 200 MP + 50 MP Rear Camera,50 MP Front Camera,6000 mAh | 90W Hyper Charging,6.9 inches (17.53 cm) | OLED,"AnTuTu Score 3,654,776","₹139,999"
Tecno Pova Curve 2,MediaTek Dimensity 7100,8 GB RAM | 128 GB Storage,50 MP + 2 MP Rear Camera,13 MP Front Camera,8000 mAh | 45W Fast Charging,6.78 inches (17.22 cm) | AMOLED,"AnTuTu Score 740,056","₹27,399"
Samsung Galaxy A55 5G,Samsung Exynos 1480,8 GB RAM | 128 GB Storage,50 MP + 12 MP + 5 MP Rear Camera,32 MP Front Camera,5000 mAh | 25W Fast Charging,6.6 inches (16.76 cm) | Super AMOLED,"AnTuTu Score 733,093","₹40,999"
Samsung Galaxy S23 Ultra 5G,Snapdragon 8 Gen 2,12 GB RAM | 256 GB Storage,200 MP + 12 MP + 10 MP + 10 MP Rear Camera,12 MP Front Camera,5000 mAh | 45W Fast Charging,6.8 inches (17.27 cm) | Dynamic AMOLED 2x,"AnTuTu Score 1,226,598","₹124,999"
realme Narzo 90X,MediaTek Dimensity 6300,4 GB RAM | 128 GB Storage,50 MP Rear Camera,8 MP Front Camera,7000 mAh | 60W VOOC Charging,6.8 inches (17.27 cm) | LCD,,"₹19,499"
Samsung Galaxy A26 5G,Samsung Exynos 1380,8 GB RAM | 128 GB Storage,50 MP + 8 MP + 2 MP Rear Camera,13 MP Front Camera,5000 mAh | 25W Fast Charging,6.7 inches (17.02 cm) | Super AMOLED,"AnTuTu Score 610,383","₹24,999"
realme 14 Pro Lite 256GB,Snapdragon 7s Gen 2,8 GB RAM | 256 GB Storage,50 MP + 8 MP Rear Camera,32 MP Front Camera,5200 mAh | 45W Super VOOC Charging,6.7 inches (17.02 cm) | OLED,,"₹17,894"
iQOO 15 Apex,Snapdragon 8 Elite Gen 5,12 GB RAM | 256 GB Storage,50 MP + 50 MP + 50 MP Rear Camera,32 MP Front Camera,7000 mAh | 100W Flash Charging,6.85 inches (17.4 cm) | AMOLED,,"₹85,999"
Tecno Spark 50 5G,MediaTek Dimensity 6400 Ultimate,4 GB RAM | 128 GB Storage,50 MP Rear Camera,8 MP Front Camera,6500 mAh | 45W Fast Charging,6.78 inches (17.22 cm) | IPS LCD,"AnTuTu Score 579,646","₹19,999"
realme 15,MediaTek Dimensity 7300 Plus,8 GB RAM | 128 GB Storage,50 MP + 8 MP Rear Camera,50 MP Front Camera,7000 mAh | 80W Ultra Charging,6.8 inches (17.27 cm) | AMOLED,"AnTuTu Score 728,221","₹29,999"
vivo T5e,Unisoc T7225,4 GB RAM | 64 GB Storage,8 MP Rear Camera,5 MP Front Camera,5500 mAh | 15W,6.74 inches (17.12 cm) | LCD,,"₹13,999"
OPPO F31 Pro,MediaTek Dimensity 7300 Energy,8 GB RAM | 128 GB Storage,50 MP + 2 MP Rear Camera,32 MP Front Camera,7000 mAh | 80W Super VOOC Charging,6.57 inches (16.69 cm) | AMOLED,,"₹31,999"
Apple iPhone 16 Plus,Apple A18,8 GB RAM | 128 GB Storage,48 MP + 12 MP Rear Camera,12 MP Front Camera,4674 mAh | 20W Fast Charging,6.7 inches (17.02 cm) | Super Retina XDR,,"₹79,900"
POCO X6 Pro,MediaTek Dimensity 8300 Ultra,8 GB RAM | 256 GB Storage,64 MP + 8 MP + 2 MP Rear Camera,16 MP Front Camera,5000 mAh | 67W Turbo Charging,6.67 inches (16.94 cm) | AMOLED,"AnTuTu Score 1,299,678","₹31,900"
Nokia 2660 Flip,Unisoc T107,48 MB RAM | 128 MB Storage,0.3 MP Rear Camera,,1450 mAh,2.8 inches (7.11 cm) | TFT (Main Display),,"₹4,999"
Apple iPhone Air,Apple A19 Pro,8 GB RAM | 256 GB Storage,48 MP Rear Camera,18 MP Front Camera,3149 mAh | 20W Fast Charging,6.5 inches (16.51 cm) | Super Retina XDR OLED,"AnTuTu Score 2,067,200","₹97,900"
OPPO A6s,MediaTek Dimensity 6300,4 GB RAM | 128 GB Storage,50 MP + 2 MP Rear Camera,5 MP Front Camera,6500 mAh | 45W Flash Charging,6.75 inches (17.15 cm) | IPS LCD,,"₹21,498"
OPPO A6c 4G,Unisoc T7250,4 GB RAM | 64 GB Storage,13 MP Rear Camera,5 MP Front Camera,7000 mAh | 15W,6.75 inches (17.15 cm) | LCD,,"₹13,999"
Apple iPhone 17e,Apple A19,8 GB RAM | 256 GB Storage,48 MP Rear Camera,12 MP Front Camera,4005 mAh | 20W Fast Charging,6.1 inches (15.49 cm) | Super Retina XDR OLED,"AnTuTu Score 1,901,019","₹64,900"
Samsung Galaxy A07,MediaTek Helio G99,4 GB RAM | 64 GB Storage,50 MP + 2 MP Rear Camera,8 MP Front Camera,5000 mAh | 25W Fast Charging,6.7 inches (17.02 cm) | PLS LCD,,"₹12,640"
vivo X200 Pro,MediaTek Dimensity 9400,16 GB RAM | 512 GB Storage,50 MP + 50 MP + 200 MP Rear Camera,32 MP Front Camera,6000 mAh | 90W Flash Charging,6.78 inches (17.22 cm) | LTPO AMOLED,"AnTuTu Score 2,518,928","₹89,999"
Samsung Galaxy S23 5G,Snapdragon 8 Gen 2,8 GB RAM | 128 GB Storage,50 MP + 12 MP + 10 MP Rear Camera,12 MP Front Camera,3900 mAh | 25W Fast Charging,6.1 inches (15.49 cm) | Dynamic AMOLED 2x,"AnTuTu Score 1,207,652","₹54,990"
Xiaomi Redmi Note 13,MediaTek Dimensity 6080,6 GB RAM | 128 GB Storage,108 MP + 8 MP + 2 MP Rear Camera,16 MP Front Camera,5000 mAh | 33W Fast Charging,6.67 inches (16.94 cm) | AMOLED,"AnTuTu Score 453,830","₹22,999"
Moto G06 Power,MediaTek Helio G81 Extreme,4 GB RAM | 64 GB Storage,50 MP Rear Camera,8 MP Front Camera,7000 mAh | 18W Fast Charging,6.88 inches (17.48 cm) | LCD,,"₹13,089"
Ai+ Nova 2 5G,Unisoc T8200,4 GB RAM | 64 GB Storage,50 MP + 2 MP Rear Camera,8 MP Front Camera,6000 mAh | 18W,6.75 inches (17.15 cm) | IPS LCD,"AnTuTu Score 513,416","₹13,840"
OnePlus Nord CE 4 Lite 5G,Snapdragon 695,8 GB RAM | 128 GB Storage,50 MP + 2 MP Rear Camera,16 MP Front Camera,5500 mAh | 80W Super VOOC Charging,6.67 inches (16.94 cm) | AMOLED,"AnTuTu Score 468,021","₹28,499"
iQOO Z10 Lite,MediaTek Dimensity 6300,4 GB RAM | 64 GB Storage,50 MP + 2 MP Rear Camera,5 MP Front Camera,6000 mAh | 15W Fast Charging,6.74 inches (17.12 cm) | LCD,"AnTuTu Score 425,577","₹16,999"
Lava Agni 4,MediaTek Dimensity 8350,8 GB RAM | 256 GB Storage,50 MP + 8 MP Rear Camera,50 MP Front Camera,5000 mAh | 66W Super Fast Charging,6.67 inches (16.94 cm) | AMOLED,"AnTuTu Score 1,406,042","₹30,999"
Google Pixel 8A,Google Tensor G3,8 GB RAM | 128 GB Storage,64 MP + 13 MP Rear Camera,13 MP Front Camera,4492 mAh | 18W Fast Charging,6.1 inches (15.49 cm) | OLED,"AnTuTu Score 1,072,406","₹36,999"
Tecno Pop X 5G,MediaTek Dimensity 6400 Ultimate,4 GB RAM | 128 GB Storage,50 MP Rear Camera,8 MP Front Camera,6500 mAh | 45W Fast Charging,6.78 inches (17.22 cm) | IPS LCD,,"₹15,999"
OPPO A5 Pro,MediaTek Dimensity 6300,8 GB RAM | 128 GB Storage,50 MP + 2 MP Rear Camera,8 MP Front Camera,5800 mAh | 45W Super VOOC Charging,6.67 inches (16.94 cm) | LCD,,"₹18,999"
Samsung Galaxy F56 5G,Samsung Exynos 1480,8 GB RAM | 128 GB Storage,50 MP + 8 MP + 2 MP Rear Camera,12 MP Front Camera,5000 mAh | 45W Fast Charging,6.7 inches (17.02 cm) | Super AMOLED Plus,,"₹32,499"
Google Pixel 8,Google Tensor G3,8 GB RAM | 128 GB Storage,50 MP + 12 MP Rear Camera,10.5 MP Front Camera,4575 mAh | 27W Fast Charging,6.2 inches (15.75 cm) | OLED,"AnTuTu Score 1,017,180","₹38,799"
Samsung Galaxy S25 Plus,Snapdragon 8 Elite,12 GB RAM | 256 GB Storage,50 MP + 12 MP + 10 MP Rear Camera,12 MP Front Camera,4900 mAh | 45W Fast Charging,6.7 inches (17.02 cm) | Dynamic AMOLED 2x,"AnTuTu Score 2,298,707","₹79,999"
Motorola Edge 50,Snapdragon 7 Gen 1 Accelerated Edition,8 GB RAM | 256 GB Storage,50 MP + 13 MP + 10 MP Rear Camera,32 MP Front Camera,5000 mAh | 68W Turbo Power Charging,6.7 inches (17.02 cm) | P-OLED,"AnTuTu Score 714,295","₹22,990"
OPPO F29,Snapdragon 6 Gen 1,8 GB RAM | 128 GB Storage,50 MP + 2 MP Rear Camera,16 MP Front Camera,6500 mAh | 45W Super VOOC Charging,6.7 inches (17.02 cm) | AMOLED,"AnTuTu Score 611,535","₹22,999"
vivo V40 Pro,MediaTek Dimensity 9200 Plus,8 GB RAM | 256 GB Storage,50 MP + 50 MP + 50 MP Rear Camera,50 MP Front Camera,5500 mAh | 80W Flash Charging,6.78 inches (17.22 cm) | AMOLED,"AnTuTu Score 1,524,110","₹59,999"
realme 14 Pro,MediaTek Dimensity 7300 Energy,8 GB RAM | 128 GB Storage,50 MP + 2 MP Rear Camera,16 MP Front Camera,6000 mAh | 45W Super VOOC Charging,6.77 inches (17.2 cm) | OLED,"AnTuTu Score 736,220","₹24,999"
Moto G64 256GB,MediaTek Dimensity 7025,12 GB RAM | 256 GB Storage,50 MP + 8 MP Rear Camera,16 MP Front Camera,6000 mAh | 33W Turbo Charging,6.5 inches (16.51 cm) | IPS LCD,,"₹16,889"
Tecno Pop 9 128GB,MediaTek Dimensity 6300,4 GB RAM | 128 GB Storage,48 MP Rear Camera,8 MP Front Camera,5000 mAh | 18W Fast Charging,6.67 inches (16.94 cm) | IPS LCD,,"₹9,799"
Xiaomi Redmi 14C 6GB RAM,Snapdragon 4 Gen 2,6 GB RAM | 128 GB Storage,50 MP Rear Camera,8 MP Front Camera,5160 mAh | 18W Fast Charging,6.88 inches (17.48 cm) | IPS LCD,"AnTuTu Score 438,871","₹10,894"
Apple iPhone 16E (iPhone SE 4),Apple A18,8 GB RAM | 128 GB Storage,48 MP Rear Camera,12 MP Front Camera,4005 mAh | 20W Fast Charging,6.1 inches (15.49 cm) | Super Retina XDR,"AnTuTu Score 1,405,699","₹59,900"
Samsung Galaxy A15 5G,MediaTek Dimensity 6100 Plus,8 GB RAM | 128 GB Storage,50 MP + 5 MP + 2 MP Rear Camera,13 MP Front Camera,5000 mAh | 25W Fast Charging,6.5 inches (16.51 cm) | Super AMOLED,,"₹19,499"
Lava Bold N2 5G,Unisoc T8200,4 GB RAM | 64 GB Storage,13 MP Rear Camera,5 MP Front Camera,6000 mAh,6.75 inches (17.15 cm) | LCD,"AnTuTu Score 515,768","₹13,499"
vivo Y19s 5G,MediaTek Dimensity 6300,4 GB RAM | 64 GB Storage,13 MP + 0.08 MP Rear Camera,5 MP Front Camera,6000 mAh | 15W Fast Charging,6.74 inches (17.12 cm) | LCD,,"₹14,980"
POCO F6,Snapdragon 8s Gen 3,8 GB RAM | 256 GB Storage,50 MP + 8 MP Rear Camera,20 MP Front Camera,5000 mAh | 90W Turbo Charging,6.67 inches (16.94 cm) | AMOLED,"AnTuTu Score 1,509,605","₹33,490"
OPPO K12x,MediaTek Dimensity 6300,6 GB RAM | 128 GB Storage,32 MP + 2 MP Rear Camera,8 MP Front Camera,5100 mAh | 45W Super VOOC Charging,6.67 inches (16.94 cm) | LCD,,"₹16,999"
Infinix Note Edge,MediaTek Dimensity 7100,6 GB RAM | 128 GB Storage,50 MP Rear Camera,13 MP Front Camera,6500 mAh | 45W,6.78 inches (17.22 cm) | LTPS AMOLED,"AnTuTu Score 782,313","₹26,999"
realme C85,MediaTek Dimensity 6300,4 GB RAM | 128 GB Storage,50 MP Rear Camera,8 MP Front Camera,7000 mAh | 45W Super VOOC Charging,6.8 inches (17.27 cm) | LCD,,"₹20,999"
Samsung Galaxy M14 4G,Snapdragon 680,4 GB RAM | 64 GB Storage,50 MP + 2 MP + 2 MP Rear Camera,13 MP Front Camera,5000 mAh | 25W Fast Charging,6.7 inches (17.02 cm) | PLS LCD,,"₹8,999"
OPPO Reno13,MediaTek Dimensity 8350,8 GB RAM | 128 GB Storage,50 MP + 8 MP + 2 MP Rear Camera,50 MP Front Camera,5600 mAh | 80W Super VOOC Charging,6.59 inches (16.74 cm) | AMOLED,,"₹41,998"
Xiaomi Redmi Note 13 Pro Plus 5G,MediaTek Dimensity 7200 Ultra,8 GB RAM | 256 GB Storage,200 MP + 8 MP + 2 MP Rear Camera,16 MP Front Camera,5000 mAh | 120W Hyper Charging,6.67 inches (16.94 cm) | AMOLED,"AnTuTu Score 715,627","₹32,900"
vivo Y31d,Snapdragon 6s Gen 2,6 GB RAM | 128 GB Storage,50 MP + 2 MP Rear Camera,8 MP Front Camera,7200 mAh | 44W Fast Charging,6.75 inches (17.15 cm) | IPS LCD,,
Ai+ Pulse 2,Unisoc T7250,4 GB RAM | 64 GB Storage,50 MP + 0.08 MP Rear Camera,8 MP Front Camera,6000 mAh | 18W,6.74 inches (17.12 cm) | LCD,,"₹10,648"
OPPO F31 Pro Plus,Snapdragon 7 Gen 3,8 GB RAM | 256 GB Storage,50 MP + 2 MP Rear Camera,32 MP Front Camera,7000 mAh | 80W Super VOOC Charging,6.79 inches (17.25 cm) | AMOLED,"AnTuTu Score 1,077,869","₹32,999"
Samsung Galaxy F07,MediaTek Helio G99,4 GB RAM | 64 GB Storage,50 MP + 2 MP Rear Camera,8 MP Front Camera,5000 mAh | 25W Fast Charging,6.7 inches (17.02 cm) | PLS LCD,,"₹11,884"
Moto G37 Power 5G 64GB,MediaTek Dimensity 6400,4 GB RAM | 64 GB Storage,50 MP Rear Camera,8 MP Front Camera,7000 mAh | 30W Turbo Charging,6.67 inches (16.94 cm) | IPS LCD,"AnTuTu Score 570,353","₹15,182"
Moto G96 5G 256GB,Snapdragon 7s Gen 2,8 GB RAM | 256 GB Storage,50 MP + 8 MP Rear Camera,32 MP Front Camera,5500 mAh | 33W Turbo Power Charging,6.67 inches (16.94 cm) | P-OLED,"AnTuTu Score 625,098","₹21,099"
Tecno Camon 50,MediaTek Helio G200 Ultimate,8 GB RAM | 256 GB Storage,50 MP + 8 MP Rear Camera,32 MP Front Camera,6150 mAh | 45W,6.78 inches (17.22 cm) | AMOLED,,
realme P4x 8GB RAM,MediaTek Dimensity 7400 Ultra,8 GB RAM | 128 GB Storage,50 MP + 2 MP Rear Camera,8 MP Front Camera,7000 mAh | 45W Super Charging,6.72 inches (17.07 cm) | LCD,"AnTuTu Score 974,831","₹18,999"
Tecno Pova Slim,MediaTek Dimensity 6400,8 GB RAM | 128 GB Storage,50 MP + 2 MP Rear Camera,13 MP Front Camera,5160 mAh | 45W Fast Charging,6.78 inches (17.22 cm) | AMOLED,"AnTuTu Score 455,458","₹20,999"
Google Pixel 10 Pro XL,Google Tensor G5,16 GB RAM | 256 GB Storage,50 MP + 48 MP + 48 MP Rear Camera,42 MP Front Camera,5200 mAh | 45W Fast Charging,6.8 inches (17.27 cm) | LTPO OLED,"AnTuTu Score 1,452,773","₹115,070"
realme C71,Unisoc T7250,4 GB RAM | 64 GB Storage,13 MP Rear Camera,5 MP Front Camera,6300 mAh | 15W VOOC Charging,6.74 inches (17.12 cm) | IPS LCD,,"₹12,599"
OnePlus 9,Snapdragon 888,8 GB RAM | 128 GB Storage,48 MP + 50 MP + 2 MP Rear Camera,16 MP Front Camera,4500 mAh | 65W Warp Charging,6.55 inches (16.64 cm) | Fluid AMOLED,"AnTuTu Score 721,282","₹24,490"
Samsung Galaxy S23 FE,Samsung Exynos 2200,8 GB RAM | 128 GB Storage,50 MP + 12 MP + 8 MP Rear Camera,10 MP Front Camera,4500 mAh | 25W Fast Charging,6.4 inches (16.26 cm) | Dynamic AMOLED 2x,"AnTuTu Score 1,073,002","₹54,999"
Motorola Edge 50 Ultra,Snapdragon 8s Gen 3,12 GB RAM | 512 GB Storage,50 MP + 50 MP + 64 MP Rear Camera,50 MP Front Camera,4500 mAh | 125W Turbo Power Charging,6.7 inches (17.02 cm) | P-OLED,"AnTuTu Score 1,444,591","₹44,990"
realme C63 5G 6GB RAM,MediaTek Dimensity 6300,6 GB RAM | 128 GB Storage,32 MP Rear Camera,8 MP Front Camera,5000 mAh | 10W,6.67 inches (16.94 cm) | IPS LCD,,"₹10,999"
POCO C71,Unisoc T7250,4 GB RAM | 64 GB Storage,32 MP Rear Camera,8 MP Front Camera,5200 mAh | 15W Fast Charging,6.88 inches (17.48 cm) | IPS LCD,"AnTuTu Score 265,154","₹8,999"
realme C61 6GB RAM,Unisoc T612,6 GB RAM | 128 GB Storage,32 MP Rear Camera,5 MP Front Camera,5000 mAh | 10W,6.78 inches (17.22 cm) | IPS LCD,,"₹8,199"
OPPO F27 Pro Plus,MediaTek Dimensity 7050,8 GB RAM | 128 GB Storage,64 MP + 2 MP Rear Camera,8 MP Front Camera,5000 mAh | 67W Super VOOC Charging,6.7 inches (17.02 cm) | AMOLED,"AnTuTu Score 544,538","₹29,890"
realme C100i 4G,Unisoc T7250,4 GB RAM | 64 GB Storage,8 MP + 2 MP Rear Camera,5 MP Front Camera,7000 mAh | 15W Quick Charging,6.8 inches (17.27 cm) | LCD,,"₹14,999"
realme Narzo 100 Lite 5G,MediaTek Dimensity 6300,4 GB RAM | 64 GB Storage,13 MP Rear Camera,5 MP Front Camera,7000 mAh | 15W Fast Charging,6.81 inches (17.3 cm) | LCD,,"₹17,999"
OnePlus 15R 16GB 512GB,Snapdragon 8 Gen 5,16 GB RAM | 512 GB Storage,50 MP + 8 MP Rear Camera,32 MP Front Camera,7400 mAh | 80W Super Charging,6.83 inches (17.35 cm) | AMOLED,,"₹66,999"
OPPO K13 256GB,Snapdragon 6 Gen 4,8 GB RAM | 256 GB Storage,50 MP + 2 MP Rear Camera,16 MP Front Camera,7000 mAh | 80W Super VOOC Charging,6.67 inches (16.94 cm) | AMOLED,,"₹23,999"
Samsung Galaxy F55 5G,Snapdragon 7 Gen 1,8 GB RAM | 128 GB Storage,50 MP + 8 MP + 2 MP Rear Camera,50 MP Front Camera,5000 mAh | 45W Fast Charging,6.7 inches (17.02 cm) | Super AMOLED Plus,"AnTuTu Score 522,931","₹25,999"
Samsung Galaxy F06 5G,MediaTek Dimensity 6300,4 GB RAM | 128 GB Storage,50 MP + 2 MP Rear Camera,8 MP Front Camera,5000 mAh | 25W Fast Charging,6.7 inches (17.02 cm) | PLS LCD,,"₹13,999"
OPPO Reno10 5G,MediaTek Dimensity 7050,8GB RAM + 256GB ROM,64 MP + 8 MP + 32 MP Rear Camera,32MP Front Camera,5000 mAh | 67W SuperVOOC™ Charging,6.7 inches (17.02 cm) | AMOLED,"AnTuTu Score 500,689","₹36,900"
Ai+ Nova 2 Neo 5G,MediaTek Dimensity 6300,4 GB RAM | 128 GB Storage,48 MP Rear Camera,8 MP Front Camera,6000 mAh | 18W Fast Charging,6.75 inches (17.15 cm) | IPS LCD,,"₹14,399"
POCO M8 Pro,Snapdragon 7s Gen 2,8 GB RAM | 256 GB Storage,50 MP + 8 MP Rear Camera,32 MP Front Camera,6500 mAh | 100W Hyper Charging,6.83 inches (17.35 cm) | AMOLED,,
vivo Y05 4G,Unisoc T7225,4 GB RAM | 64 GB Storage,8 MP Rear Camera,5 MP Front Camera,6500 mAh | 15W,6.74 inches (17.12 cm) | LCD,,"₹14,999"
vivo T3 Pro 256GB,Snapdragon 7 Gen 3,8 GB RAM | 256 GB Storage,50 MP + 8 MP Rear Camera,16 MP Front Camera,5500 mAh | 80W Flash Charging,6.77 inches (17.2 cm) | AMOLED,"AnTuTu Score 812,119","₹24,999"
Samsung Galaxy S21 FE,Samsung Exynos 2100,8 GB RAM | 128 GB Storage,12 MP + 12 MP + 8 MP Rear Camera,32 MP Front Camera,4500 mAh | 25W Fast Charging,6.4 inches (16.26 cm) | Dynamic AMOLED 2x,"AnTuTu Score 753,639","₹34,999"
Infinix Smart 20 4G,MediaTek Helio G81 Ultimate,4.0 GB RAM | 64 GB Storage,8 MP Rear Camera,8 MP Front Camera,5200 mAh | 15W,6.78 inches (17.22 cm) | IPS LCD,"AnTuTu Score 349,690","₹11,945"
realme 14x,MediaTek Dimensity 6300,6 GB RAM | 128 GB Storage,50 MP Rear Camera,8 MP Front Camera,6000 mAh | 45W Super VOOC Charging,6.67 inches (16.94 cm) | IPS LCD,"AnTuTu Score 422,130","₹14,999"
Google Pixel 8 Pro,Google Tensor G3,12 GB RAM | 128 GB Storage,50 MP + 48 MP + 48 MP Rear Camera,10.5 MP Front Camera,5050 mAh | 30W Fast Charging,6.7 inches (17.02 cm) | OLED,"AnTuTu Score 963,013","₹52,990"
Infinix Hot 60,MediaTek Dimensity 7020,6 GB RAM | 128 GB Storage,50 MP Rear Camera,8 MP Front Camera,5200 mAh | 18W Fast Charging,6.7 inches (17.02 cm) | IPS LCD,,"₹17,999"
realme GT 2 Pro 5G,Snapdragon 8 Gen 1,8 GB RAM | 128 GB Storage,50 MP + 50 MP + 2 MP Rear Camera,32 MP Front Camera,5000 mAh | 65W Super Dart Charging,6.7 inches (17.02 cm) | AMOLED,AnTuTu Score 0,"₹29,999"
Xiaomi Redmi 12 5G 8GB RAM,Snapdragon 4 Gen 2,8 GB RAM | 256 GB Storage,50 MP + 2 MP Rear Camera,8 MP Front Camera,5000 mAh | 18W Fast Charging,6.79 inches (17.25 cm) | IPS LCD,"AnTuTu Score 431,098","₹14,499"
POCO C75,Snapdragon 4s Gen 2,4 GB RAM | 64 GB Storage,50 MP Rear Camera,5 MP Front Camera,5160 mAh | 18W Fast Charging,6.88 inches (17.48 cm) | IPS LCD,,"₹10,999"
Samsung Galaxy S22,Snapdragon 8 Gen 1,8 GB RAM | 128 GB Storage,50 MP + 12 MP + 10 MP Rear Camera,10 MP Front Camera,3700 mAh | 25W Fast Charging,6.1 inches (15.49 cm) | Dynamic AMOLED 2x,"AnTuTu Score 842,080","₹85,999"
Motorola Edge 70 Fusion 512GB 12GB RAM,Snapdragon 7s Gen 4,12 GB RAM | 512 GB Storage,50 MP + 13 MP Rear Camera,32 MP Front Camera,7000 mAh | 68W Turbo Power Charging,6.8 inches (17.27 cm) | Extreme AMOLED,"AnTuTu Score 1,149,292","₹37,999"
realme Narzo Power,MediaTek Dimensity 7400 Ultra,8 GB RAM | 128 GB Storage,50 MP + 8 MP Rear Camera,16 MP Front Camera,10001 mAh | 80W Ultra Charging,6.8 inches (17.27 cm) | AMOLED,,"₹32,999"
Lava Yuva 5G 128GB,Unisoc T750,4 GB RAM | 128 GB Storage,50 MP + 2 MP Rear Camera,8 MP Front Camera,5000 mAh | 18W Fast Charging,6.52 inches (16.56 cm) | IPS LCD,,"₹8,999"
POCO C65,MediaTek Helio G85,4 GB RAM | 128 GB Storage,50 MP + 2 MP Rear Camera,8 MP Front Camera,5000 mAh | 18W Fast Charging,6.74 inches (17.12 cm) | IPS LCD,"AnTuTu Score 238,770","₹8,499"
Google Pixel 9,Google Tensor G4,12 GB RAM | 256 GB Storage,50 MP + 48 MP Rear Camera,10.5 MP Front Camera,4700 mAh | 27W Fast Charging,6.3 inches (16 cm) | OLED,"AnTuTu Score 1,284,962","₹79,890"
Moto G67 Power 12GB RAM 256GB,Snapdragon 7s Gen 2,12 GB RAM | 256 GB Storage,50 MP + 8 MP Rear Camera,32 MP Front Camera,7000 mAh | 30W Turbo Power Charging,6.7 inches (17.02 cm) | LCD,,"₹28,480"
OPPO Reno11,MediaTek Dimensity 7050,8 GB RAM | 128 GB Storage,50 MP + 8 MP + 32 MP Rear Camera,32 MP Front Camera,5000 mAh | 67W Super VOOC Charging,6.7 inches (17.02 cm) | Flexible AMOLED,"AnTuTu Score 539,158","₹29,999"
Ai+ Pulse,Unisoc T615,4 GB RAM | 64 GB Storage,50 MP Rear Camera,5 MP Front Camera,5000 mAh,6.7 inches (17.02 cm) | TFT IPS,,"₹7,999"
"Motorola Signature 1TB, 16GB RAM",Snapdragon 8 Gen 5,16 GB RAM | 1 TB Storage,50 MP + 50 MP + 50 MP Rear Camera,50 MP Front Camera,5200 mAh | 90W Turbo Charging,6.8 inches (17.27 cm) | AMOLED,"AnTuTu Score 3,098,258","₹69,999"
Infinix Smart 8 HD,Unisoc T606,3 GB RAM | 64 GB Storage,13 MP + 0.08 MP Rear Camera,8 MP Front Camera,5000 mAh | 10W,6.6 inches (16.76 cm) | IPS LCD,"AnTuTu Score 229,361","₹6,699"
Nothing Phone 3 512GB,Snapdragon 8s Gen 4,16 GB RAM | 512 GB Storage,50 MP + 50 MP + 50 MP Rear Camera,50 MP Front Camera,5150 mAh | 65W Fast Charging,6.67 inches (16.94 cm) | Flexible AMOLED,,"₹51,999"
Motorola Razr Fold,Snapdragon 8 Gen 5,12 GB RAM | 256 GB Storage,50 MP + 50 MP + 50 MP Rear Camera,32 MP + 20 MP Front Camera,6000 mAh | 80W Turbo Power Charging,8.1 inches (20.57 cm) | LTPO AMOLED (Main Display),"AnTuTu Score 2,786,560","₹149,999"
iQOO Neo 10 12GB RAM,Snapdragon 8s Gen 4,12 GB RAM | 256 GB Storage,50 MP + 8 MP Rear Camera,32 MP Front Camera,7000 mAh | 120W Flash Charging,6.78 inches (17.22 cm) | AMOLED,"AnTuTu Score 2,066,325","₹48,999"
Honor 90,Snapdragon 7 Gen 1 Accelerated Edition,8 GB RAM | 256 GB Storage,200 MP + 12 MP + 2 MP Rear Camera,50 MP Front Camera,5000 mAh | 66W Super Charging,6.7 inches (17.02 cm) | AMOLED,"AnTuTu Score 634,799","₹94,990"
vivo T4X 256GB,MediaTek Dimensity 7300,8 GB RAM | 256 GB Storage,50 MP + 2 MP Rear Camera,8 MP Front Camera,6500 mAh | 44W Flash Charging,6.72 inches (17.07 cm) | LCD,,"₹20,999"
OnePlus 10 Pro,Snapdragon 8 Gen 1,8 GB RAM | 128 GB Storage,48 MP + 50 MP + 8 MP Rear Camera,32 MP Front Camera,5000 mAh | 80W Super VOOC Charging,6.7 inches (17.02 cm) | Fluid AMOLED,AnTuTu Score 0,"₹47,999"
Lava Blaze Amoled 2,MediaTek Dimensity 7060,6 GB RAM | 128 GB Storage,50 MP Rear Camera,8 MP Front Camera,5000 mAh | 33W Fast Charging,6.67 inches (16.94 cm) | AMOLED,"AnTuTu Score 504,235","₹18,765"
Xiaomi 18 Fold,Xring O3,12 GB RAM | 256 GB Storage,200 MP + 50 MP + 50 MP Rear Camera,16 MP Front Camera,6000 mAh | 67W,7.58 inches (19.25 cm) | AMOLED (Main Display),,
Samsung Galaxy M34,Samsung Exynos 1280,6GB RAM,50MP + 8MP + 2MP Rear Camera,13MP Front Camera,6000mAh | 25W Fast Charging,6.5 inches (16.42 cm) | Super AMOLED,"AnTuTu Score 477,221","₹31,990"
vivo S2 5G 256GB,MediaTek Dimensity 7360 Turbo,8 GB RAM | 256 GB Storage,50 MP + 2 MP Rear Camera,32 MP Front Camera,7050 mAh | 44W Flash Charging,6.83 inches (17.35 cm) | AMOLED,"AnTuTu Score 956,029","₹44,499"
Tecno Camon 30 Premier 5G,MediaTek Dimensity 8200,12 GB RAM | 512 GB Storage,50 MP + 50 MP + 50 MP Rear Camera,50 MP Front Camera,5000 mAh | 70W Flash Charging,6.77 inches (17.2 cm) | LTPO AMOLED,,"₹34,999"
Moto G Stylus 5G 2026,Snapdragon 6 Gen 3,8 GB RAM | 128 GB Storage,50 MP + 13 MP Rear Camera,32 MP Front Camera,5200 mAh | 68W,6.7 inches (17.02 cm) | AMOLED,,
OnePlus N6 5G 6GB RAM,MediaTek Dimensity 6360 Apex,6 GB RAM | 128 GB Storage,50 MP Rear Camera,8 MP Front Camera,8000 mAh | 45W Super Charging,6.8 inches (17.27 cm) | LCD,"AnTuTu Score 588,319","₹26,999"
POCO X7 256GB,MediaTek Dimensity 7300 Ultra,8 GB RAM | 256 GB Storage,50 MP + 8 MP + 2 MP Rear Camera,20 MP Front Camera,5500 mAh | 45W Turbo Charging,6.67 inches (16.94 cm) | AMOLED,"AnTuTu Score 646,751","₹19,999"
OnePlus 11,Snapdragon 8 Gen 2,8 GB RAM | 128 GB Storage,50 MP + 48 MP + 32 MP Rear Camera,16 MP Front Camera,5000 mAh | 100W Super VOOC Charging,6.7 inches (17.02 cm) | Super Fluid AMOLED,AnTuTu Score 0,"₹38,999"
vivo Y300 Plus,Snapdragon 695,8 GB RAM | 128 GB Storage,50 MP + 2 MP Rear Camera,32 MP Front Camera,5000 mAh | 44W Flash Charging,6.78 inches (17.22 cm) | AMOLED,,"₹23,999"
Xiaomi Redmi Turbo 5 12GB 256GB RAM,MediaTek Dimensity 8500 Ultra,12 GB RAM | 256 GB Storage,50 MP + 8 MP Rear Camera,20 MP Front Camera,7540 mAh | 100W Hyper Charging,6.59 inches (16.74 cm) | AMOLED,,"₹46,999"
Xiaomi Redmi Note 8,Snapdragon 665,4 GB RAM | 64 GB Storage,48 MP + 8 MP + 2 MP + 2 MP Rear Camera,13 MP Front Camera,4000 mAh | 18W Fast Charging,6.3 inches (16 cm) | IPS LCD,"AnTuTu Score 171,024","₹9,699"
OnePlus Nord CE 6 Lite 5G 8GB RAM,MediaTek Dimensity 7400 Apex,8 GB RAM | 128 GB Storage,50 MP + 2 MP Rear Camera,8 MP Front Camera,7000 mAh | 45W Super VOOC Charging,6.72 inches (17.07 cm) | LCD,"AnTuTu Score 1,015,733","₹30,999"
iQOO 15R 512GB,Snapdragon 8 Gen 5,12 GB RAM | 512 GB Storage,50 MP + 8 MP Rear Camera,32 MP Front Camera,7600 mAh | 100W Super Flash Charging,6.59 inches (16.74 cm) | AMOLED,,"₹61,999"
Wobble One,MediaTek Dimensity 7400,8 GB RAM | 128 GB Storage,50 MP + 8 MP + 2 MP Rear Camera,50 MP Front Camera,5000 mAh | 33W,6.67 inches (16.94 cm) | AMOLED,"AnTuTu Score 979,430","₹23,899"
Samsung Galaxy M07 4G,MediaTek Helio G99,4 GB RAM | 64 GB Storage,50 MP + 2 MP Rear Camera,8 MP Front Camera,5000 mAh | 25W Fast Charging,6.7 inches (17.02 cm) | PLS LCD,,"₹11,999"
iQOO Z6 Lite 5G,Snapdragon 4 Gen 1,4 GB RAM | 64 GB Storage,50 MP + 2 MP Rear Camera,8 MP Front Camera,5000 mAh | 18W Fast Charging,6.58 inches (16.71 cm) | IPS LCD,"AnTuTu Score 385,719","₹12,999"
Samsung Guru Music 2,,,,,800 mAh | 4W,2.0 inches (5.08 cm) | TFT,,₹898
OPPO A5 5G,MediaTek Dimensity 6300,6 GB RAM | 128 GB Storage,50 MP + 2 MP Rear Camera,8 MP Front Camera,6000 mAh | 45W Super VOOC Charging,6.67 inches (16.94 cm) | LCD,,"₹19,490"
OPPO Reno8 T 5G,Snapdragon 695,8 GB RAM | 128 GB Storage,108 MP + 2 MP + 2 MP Rear Camera,32 MP Front Camera,4800 mAh | 67W Super VOOC Charging,6.7 inches (17.02 cm) | AMOLED,"AnTuTu Score 408,678","₹29,999"
POCO M6 Plus,Snapdragon 4 Gen 2 Accelerated Edition,6 GB RAM | 128 GB Storage,108 MP + 2 MP Rear Camera,13 MP Front Camera,5030 mAh | 33W Fast Charging,6.79 inches (17.25 cm) | LCD,"AnTuTu Score 433,376","₹13,499"
realme C100 5G,MediaTek Dimensity 6300,4 GB RAM | 256 GB Storage,50 MP Rear Camera,5 MP Front Camera,7000 mAh,6.8 inches (17.27 cm) | LCD,,
Moto G37 Power 5G 8GB 128GB RAM,MediaTek Dimensity 6400,8 GB RAM | 128 GB Storage,50 MP Rear Camera,8 MP Front Camera,7000 mAh | 30W Turbo Charging,6.67 inches (16.94 cm) | IPS LCD,"AnTuTu Score 570,353","₹20,049"
Google Pixel 7 5G,Google Tensor G2,8 GB RAM | 128 GB Storage,50 MP + 12 MP Rear Camera,10.8 MP Front Camera,4355 mAh | 30W Fast Charging,6.3 inches (16 cm) | OLED,"AnTuTu Score 740,256","₹33,999"
OnePlus Nord 6 12GB RAM,Snapdragon 8s Gen 4,12 GB RAM | 256 GB Storage,50 MP + 8 MP Rear Camera,32 MP Front Camera,9000 mAh | 80W Super Charging,6.78 inches (17.22 cm) | AMOLED,,"₹52,999"
Moto G67,MediaTek Dimensity 6300,4 GB RAM | 128 GB Storage,50 MP + 8 MP Rear Camera,32 MP Front Camera,5200 mAh | 30W Fast Charging,6.78 inches (17.22 cm) | AMOLED,,
vivo V60 256GB,Snapdragon 7 Gen 4,8 GB RAM | 256 GB Storage,50 MP + 8 MP + 50 MP Rear Camera,50 MP Front Camera,6500 mAh | 90W Flash Charging,6.77 inches (17.2 cm) | AMOLED,"AnTuTu Score 1,006,885","₹38,999"
Tecno Spark 50 4G,MediaTek Helio G81,4 GB RAM | 128 GB Storage,50 MP Rear Camera,8 MP Front Camera,7000 mAh | 18W Fast Charging,6.78 inches (17.22 cm),,
OnePlus 10R 5G,MediaTek Dimensity 8100 Max,8 GB RAM | 128 GB Storage,50 MP + 8 MP + 2 MP Rear Camera,16 MP Front Camera,5000 mAh | 80W Super VOOC Charging,6.7 inches (17.02 cm) | Fluid AMOLED,AnTuTu Score 0,"₹31,999"
Xiaomi Redmi Note 12,Snapdragon 4 Gen 1,4 GB RAM | 128 GB Storage,48 MP + 8 MP + 2 MP Rear Camera,13 MP Front Camera,5000 mAh | 33W Fast Charging,6.67 inches (16.94 cm) | Super AMOLED,AnTuTu Score 0,"₹14,999"
Samsung Galaxy M15,MediaTek Dimensity 6100 Plus,4 GB RAM | 128 GB Storage,50 MP + 5 MP + 2 MP Rear Camera,13 MP Front Camera,6000 mAh | 25W Fast Charging,6.5 inches (16.51 cm) | Super AMOLED,,"₹15,999"
OPPO Find X8,MediaTek Dimensity 9400,12 GB RAM | 256 GB Storage,50 MP + 50 MP + 50 MP Rear Camera,32 MP Front Camera,5630 mAh | 80W Super VOOC Charging,6.59 inches (16.74 cm) | ProXDR LTPO,"AnTuTu Score 2,339,136","₹79,999"
OnePlus Nord CE 6 Lite 5G 8GB RAM 256GB,MediaTek Dimensity 7400 Apex,8 GB RAM | 256 GB Storage,50 MP + 2 MP Rear Camera,8 MP Front Camera,7000 mAh | 45W Super VOOC Charging,6.72 inches (17.07 cm) | LCD,"AnTuTu Score 1,015,733","₹34,999"
OPPO F31 Pro 12GB,MediaTek Dimensity 7300 Energy,12 GB RAM | 128 GB Storage,50 MP + 2 MP Rear Camera,32 MP Front Camera,7000 mAh | 80W Super VOOC Charging,6.57 inches (16.69 cm) | AMOLED,,"₹27,994"
Xiaomi Mi 11i,MediaTek Dimensity 920,6 GB RAM | 128 GB Storage,108 MP + 8 MP + 2 MP Rear Camera,16 MP Front Camera,5160 mAh | 67W Turbo Charging,6.67 inches (16.94 cm) | AMOLED,"AnTuTu Score 781,006","₹20,880"
Samsung Galaxy F23 5G,Snapdragon 750G,4 GB RAM | 128 GB Storage,50 MP + 8 MP + 2 MP Rear Camera,8 MP Front Camera,5000 mAh | 25W Fast Charging,6.6 inches (16.76 cm) | TFT,"AnTuTu Score 297,179","₹12,999"
POCO M6 Pro 5G,Snapdragon 4 Gen 2,4 GB RAM | 64 GB Storage,50 MP + 2 MP Rear Camera,8 MP Front Camera,5000 mAh | 18W Fast Charging,6.79 inches (17.25 cm) | IPS LCD,"AnTuTu Score 430,900","₹17,990"
Tecno Spark Go 3,Unisoc T7250,4 GB RAM | 64 GB Storage,13 MP Rear Camera,8 MP Front Camera,5000 mAh | 10W Fast Charging,6.745 inches (17.13 cm) | LCD,"AnTuTu Score 374,119","₹11,699"
Samsung Galaxy M04,MediaTek Helio P35,4 GB RAM | 64 GB Storage,13 MP + 2 MP Rear Camera,5 MP Front Camera,5000 mAh | 15W,6.5 inches (16.51 cm) | PLS LCD,,"₹7,499"
Samsung Galaxy S24 Plus 5G,Samsung Exynos 2400,12 GB RAM | 256 GB Storage,50 MP + 12 MP + 10 MP Rear Camera,12 MP Front Camera,4900 mAh | 45W Fast Charging,6.7 inches (17.02 cm) | Dynamic AMOLED 2x,"AnTuTu Score 1,699,489","₹99,999"
"vivo T5x 256GB, 8GB RAM",MediaTek Dimensity 7400 Turbo,8 GB RAM | 256 GB Storage,50 MP + 2 MP Rear Camera,32 MP Front Camera,7200 mAh | 44W Flash Charging,6.76 inches (17.17 cm) | LCD,,"₹32,899"
vivo V29 Pro,MediaTek Dimensity 8200,8 GB RAM | 256 GB Storage,50 MP + 8 MP + 12 MP Rear Camera,50 MP Front Camera,4600 mAh | 80W Flash Charging,6.78 inches (17.22 cm) | AMOLED,"AnTuTu Score 903,196","₹39,999"
Infinix Note 50X 8GB RAM,MediaTek Dimensity 7300 Ultimate,8 GB RAM | 128 GB Storage,50 MP Rear Camera,8 MP Front Camera,5500 mAh | 45W Fast Charging,6.67 inches (16.94 cm) | IPS LCD,,"₹14,999"
Nothing Phone 4a 12GB RAM,Snapdragon 7s Gen 4,12 GB RAM | 128 GB Storage,50 MP + 50 MP + 8 MP Rear Camera,32 MP Front Camera,5400 mAh | 50W Quick Charging,6.78 inches (17.22 cm) | Flexible AMOLED,"AnTuTu Score 1,176,492","₹40,999"
Samsung Galaxy Z Fold7,Snapdragon 8 Elite,12 GB RAM | 256 GB Storage,200 MP + 12 MP + 10 MP Rear Camera,10 MP Front Camera,4400 mAh | 25W Fast Charging,8.0 inches (20.32 cm) | Dynamic AMOLED 2x (Main Display),"AnTuTu Score 2,008,157","₹154,999"
realme P4 Pro 256GB,Snapdragon 7 Gen 4,8 GB RAM | 256 GB Storage,50 MP + 8 MP Rear Camera,50 MP Front Camera,7000 mAh | 80W Ultra Charging,6.8 inches (17.27 cm) | AMOLED,,"₹30,999"
OPPO K13 Turbo Pro 12GB,Snapdragon 8s Gen 4,12 GB RAM | 256 GB Storage,50 MP + 2 MP Rear Camera,16 MP Front Camera,7000 mAh | 80W Super VOOC Charging,6.8 inches (17.27 cm) | LTPS AMOLED,"AnTuTu Score 2,029,395","₹42,999"
Infinix Hot 30i,MediaTek Helio G37,8 GB RAM | 128 GB Storage,50 MP + 0.08 MP Rear Camera,5 MP Front Camera,5000 mAh | 10W,6.6 inches (16.76 cm) | IPS LCD,"AnTuTu Score 138,566","₹9,499"
Google Pixel 11 Pro Fold,Google Tensor G6,16 GB RAM | 512 GB Storage,48 MP + 10.5 MP + 10.8 MP Rear Camera,10 MP + 10 MP Front Camera,4806 mAh | 30W Quick Charging,8 inches (20.32 cm) | OLED (Main Display),"AnTuTu Score 1,801,542","₹186,999"
Xiaomi Redmi Note 12 Pro 5G,MediaTek Dimensity 1080,6 GB RAM | 128 GB Storage,50 MP + 8 MP + 2 MP Rear Camera,16 MP Front Camera,5000 mAh | 67W Turbo Charging,6.67 inches (16.94 cm) | AMOLED,"AnTuTu Score 513,980","₹25,999"
vivo T4X 8GB RAM,MediaTek Dimensity 7300,8 GB RAM | 128 GB Storage,50 MP + 2 MP Rear Camera,8 MP Front Camera,6500 mAh | 44W Flash Charging,6.72 inches (17.07 cm) | LCD,,"₹18,999"
iQOO Z11x 256GB,MediaTek Dimensity 7400 Turbo,6 GB RAM | 256 GB Storage,50 MP + 2 MP Rear Camera,32 MP Front Camera,7200 mAh | 44W,6.76 inches (17.17 cm) | LCD,"AnTuTu Score 960,651","₹33,999"
Lava Blaze Duo 3,MediaTek Dimensity 7060,6 GB RAM | 128 GB Storage,50 MP + 0.3 MP Rear Camera,8 MP Front Camera,5000 mAh | 33W,6.67 inches (16.94 cm) | AMOLED (Main Display),AnTuTu Score 0,"₹24,999"
realme P4 Lite 4G,Unisoc T7250,4 GB RAM | 64 GB Storage,13 MP Rear Camera,5 MP Front Camera,6300 mAh | 15W,6.74 inches (17.12 cm) | LCD,"AnTuTu Score 363,960","₹13,152"
Samsung Galaxy M17e 5G 6GB RAM,MediaTek Dimensity 6300,6 GB RAM | 128 GB Storage,50 MP + 2 MP Rear Camera,8 MP Front Camera,6000 mAh | 25W Fast Charging,6.7 inches (17.02 cm) | IPS LCD,,"₹21,499"
Samsung Galaxy F54 5G,Samsung Exynos 1380,8 GB RAM | 256 GB Storage,108 MP + 8 MP + 2 MP Rear Camera,32 MP Front Camera,6000 mAh | 25W Fast Charging,6.7 inches (17.02 cm) | Super AMOLED Plus,"AnTuTu Score 493,224","₹35,999"
Ai+ Nova Flip 5G,MediaTek Dimensity 7300X,8.0 GB RAM | 256 GB Storage,50 MP + 2 MP Rear Camera,32 MP Front Camera,4325 mAh | 33W Fast Charging,6.9 inches (17.53 cm) | AMOLED (Main Display),,"₹39,999"
OPPO F27,MediaTek Dimensity 6300,8 GB RAM | 128 GB Storage,50 MP + 2 MP Rear Camera,32 MP Front Camera,5000 mAh | 45W Super VOOC Charging,6.67 inches (16.94 cm) | Flat OLED,,"₹26,499"
realme Narzo 80 Lite,MediaTek Dimensity 6300,4 GB RAM | 128 GB Storage,32 MP Rear Camera,8 MP Front Camera,6000 mAh | 15W Fast Charging,6.67 inches (16.94 cm) | IPS LCD,,"₹18,999"
vivo X200 FE 512GB,MediaTek Dimensity 9300 Plus,16 GB RAM | 512 GB Storage,50 MP + 8 MP + 50 MP Rear Camera,50 MP Front Camera,6500 mAh | 90W Flash Charging,6.31 inches (16.03 cm) | LTPO AMOLED,,"₹59,999"
Motorola Edge 40 Neo,MediaTek Dimensity 7030,8 GB RAM | 128 GB Storage,50 MP + 13 MP Rear Camera,32 MP Front Camera,5000 mAh | 68W Turbo Power Charging,6.55 inches (16.64 cm) | P-OLED,"AnTuTu Score 439,243","₹26,990"
Samsung Galaxy F70 Pro 5G 8GB RAM,Snapdragon 6 Gen 3,8 GB RAM | 128 GB Storage,50 MP + 5 MP + 2 MP Rear Camera,12 MP Front Camera,6000 mAh | 45W Fast Charging,6.7 inches (17.02 cm) | Super AMOLED,,"₹29,999"
Samsung Galaxy M55 5G,Snapdragon 7 Gen 1,8 GB RAM | 128 GB Storage,50 MP + 8 MP + 2 MP Rear Camera,50 MP Front Camera,5000 mAh | 45W Fast Charging,6.7 inches (17.02 cm) | Super AMOLED Plus,"AnTuTu Score 584,312","₹28,999"
Infinix Note 60 pro Pininfarina Limited Edition,Snapdragon 7s Gen 4,8 GB RAM | 256 GB Storage,50 MP + 8 MP Rear Camera,13 MP Front Camera,6500 mAh | 90W,6.78 inches (17.22 cm) | AMOLED,,"₹40,999"
Samsung Galaxy A17 5G 256GB 8GB RAM,Samsung Exynos 1330,8 GB RAM | 256 GB Storage,50 MP + 5 MP + 2 MP Rear Camera,13 MP Front Camera,5000 mAh | 25W Fast Charging,6.7 inches (17.02 cm) | Super AMOLED,"AnTuTu Score 604,677","₹26,499"
Itel Zeno 100 Pro 4G,Unisoc T7100,3 GB RAM | 64 GB Storage,8 MP Rear Camera,5 MP Front Camera,5000 mAh | 10W,6.56 inches (16.66 cm) | IPS LCD,,"₹8,543"
vivo Y6 5G,Snapdragon 4 Gen 2,12 GB RAM | 256 GB Storage,50 MP Rear Camera,8 MP Front Camera,7200 mAh | 44W Flash Charging,6.75 inches (17.15 cm) | LCD,,
Nothing Phone 2a 256GB,MediaTek Dimensity 7200 Pro,8 GB RAM | 256 GB Storage,50 MP + 50 MP Rear Camera,32 MP Front Camera,5000 mAh | 45W Fast Charging,6.7 inches (17.02 cm) | Flexible AMOLED,"AnTuTu Score 707,480","₹24,999"
Samsung Galaxy Z Flip 8,Samsung Exynos 2600 S5E9965,12 GB RAM | 256 GB Storage,50 MP + 12 MP Rear Camera,10 MP Front Camera,4300 mAh | 25W,6.9 inches (17.53 cm) | Dynamic AMOLED 2x (Main Display),"AnTuTu Score 2,317,249","₹124,999"
OPPO Reno12,MediaTek Dimensity 7300 Energy,8 GB RAM | 256 GB Storage,50 MP + 8 MP + 2 MP Rear Camera,32 MP Front Camera,5000 mAh | 80W Super VOOC Charging,6.7 inches (17.02 cm) | Flexible AMOLED,"AnTuTu Score 612,185","₹43,999"
Itel Zeno 200 4G,Unisoc T7250,4 GB RAM | 128 GB Storage,13 MP Rear Camera,5 MP Front Camera,5000 mAh | 15W,6.75 inches (17.15 cm) | IPS LCD,"AnTuTu Score 381,574","₹9,999"
Nothing Phone 4b 256GB,Snapdragon 6 Gen 4,8 GB RAM | 256 GB Storage,50 MP + 8 MP Rear Camera,16 MP Front Camera,6000 mAh | 33W Fast Charging,6.77 inches (17.2 cm) | Super AMOLED,,"₹35,405"
Apple iPhone 15 256GB,Apple A16 Bionic,6 GB RAM | 256 GB Storage,48 MP + 12 MP Rear Camera,12 MP Front Camera,3349 mAh | 20W Fast Charging,6.1 inches (15.49 cm) | Super Retina XDR,,"₹67,900"
realme C2,MediaTek Helio P22,2 GB RAM | 16 GB Storage,13 MP + 2 MP Rear Camera,5 MP Front Camera,4000 mAh,6.1 inches (15.49 cm) | IPS LCD,"AnTuTu Score 77,126","₹6,999"
Alcatel V3 Ultra,MediaTek Dimensity 6300,6 GB RAM | 128 GB Storage,108 MP + 8 MP + 2 MP Rear Camera,32 MP Front Camera,5010 mAh | 33W Fast Charging,6.78 inches (17.22 cm) | IPS LCD,"AnTuTu Score 376,729","₹17,689"
realme C75 5G,MediaTek Dimensity 6300,4 GB RAM | 128 GB Storage,32 MP Rear Camera,8 MP Front Camera,6000 mAh | 45W Super VOOC Charging,6.67 inches (16.94 cm) | IPS LCD,,"₹17,990"
Samsung Galaxy F16 5G 8GB RAM,MediaTek Dimensity 6300,8 GB RAM | 128 GB Storage,50 MP + 5 MP + 2 MP Rear Camera,13 MP Front Camera,5000 mAh | 25W Fast Charging,6.7 inches (17.02 cm) | Super AMOLED,,"₹15,499"
Samsung Galaxy A53 5G,Samsung Exynos 1280,6 GB RAM | 128 GB Storage,64 MP + 12 MP + 5 MP + 5 MP Rear Camera,32 MP Front Camera,5000 mAh | 25W Fast Charging,6.5 inches (16.51 cm) | Super AMOLED,"AnTuTu Score 379,516","₹24,499"
OnePlus Nord CE 6 5G 256GB,Snapdragon 7s Gen 4,8 GB RAM | 256 GB Storage,50 MP + 2 MP Rear Camera,32 MP Front Camera,8000 mAh | 80W,6.78 inches (17.22 cm) | Sunburst AMOLED,,"₹41,999"
vivo V60e 256GB 12GB RAM,MediaTek Dimensity 7360 Turbo,12 GB RAM | 256 GB Storage,200 MP + 8 MP Rear Camera,50 MP Front Camera,6500 mAh | 90W Flash Charging,6.77 inches (17.2 cm) | AMOLED,,"₹35,999"
Motorola Edge 60 Pro 12GB RAM,MediaTek Dimensity 8350 Extreme Edition,12 GB RAM | 256 GB Storage,50 MP + 50 MP + 10 MP Rear Camera,50 MP Front Camera,6000 mAh | 90W Turbo Power Charging,6.7 inches (17.02 cm) | P-OLED,"AnTuTu Score 1,440,382","₹33,596"
OPPO K14 5G 256GB,MediaTek Dimensity 6300,6 GB RAM | 256 GB Storage,50 MP + 2 MP Rear Camera,8 MP Front Camera,7000 mAh | 45W Super Charging,6.75 inches (17.15 cm) | LCD,"AnTuTu Score 615,625","₹25,199"
Samsung Galaxy F70e 5G 6GB RAM,MediaTek Dimensity 6300,6 GB RAM | 128 GB Storage,50 MP + 2 MP Rear Camera,8 MP Front Camera,6000 mAh | 25W Fast Charging,6.7 inches (17.02 cm) | LCD,"AnTuTu Score 532,024","₹18,134"
Samsung Galaxy M14,Samsung Exynos 1330,4 GB RAM | 128 GB Storage,50 MP + 2 MP + 2 MP Rear Camera,13 MP Front Camera,6000 mAh | 25W Fast Charging,6.6 inches (16.76 cm) | PLS LCD,,"₹13,490"
OnePlus 13 512GB,Snapdragon 8 Elite,16 GB RAM | 512 GB Storage,50 MP + 50 MP + 50 MP Rear Camera,32 MP Front Camera,6000 mAh | 100W Super VOOC Charging,6.82 inches (17.32 cm) | LTPO AMOLED,"AnTuTu Score 2,689,625","₹63,994"
Xiaomi 14,Snapdragon 8 Gen 3,12 GB RAM | 512 GB Storage,50 MP + 50 MP + 50 MP Rear Camera,32 MP Front Camera,4610 mAh | 90W Hyper Charging,6.36 inches (16.15 cm) | LTPO AMOLED,"AnTuTu Score 1,982,613","₹77,700"
POCO X8 Pro Max 512GB,MediaTek Dimensity 9500s,12 GB RAM | 512 GB Storage,50 MP + 8 MP Rear Camera,20 MP Front Camera,9000 mAh | 100W Hyper Charging,6.83 inches (17.35 cm) | AMOLED,"AnTuTu Score 3,022,675","₹50,999"
POCO C71 128GB,Unisoc T7250,6 GB RAM | 128 GB Storage,32 MP Rear Camera,8 MP Front Camera,5200 mAh | 15W Fast Charging,6.88 inches (17.48 cm) | IPS LCD,"AnTuTu Score 265,154","₹9,999"
OPPO Reno12 Pro,MediaTek Dimensity 7300 Energy,12 GB RAM | 256 GB Storage,50 MP + 8 MP + 50 MP Rear Camera,50 MP Front Camera,5000 mAh | 80W Super VOOC Charging,6.7 inches (17.02 cm) | Flexible AMOLED,"AnTuTu Score 638,962","₹39,999"
POCO M7 Pro 256GB,MediaTek Dimensity 7025 Ultra,8 GB RAM | 256 GB Storage,50 MP + 2 MP Rear Camera,20 MP Front Camera,5110 mAh | 45W Fast Charging,6.67 inches (16.94 cm) | AMOLED,"AnTuTu Score 486,435","₹16,999"
vivo Y200 Pro,Snapdragon 695,8 GB RAM | 128 GB Storage,64 MP + 2 MP Rear Camera,16 MP Front Camera,5000 mAh | 44W Flash Charging,6.78 inches (17.22 cm) | AMOLED,,"₹31,999"
OnePlus 15 512GB 16GB RAM,Snapdragon 8 Elite Gen 5,16 GB RAM | 512 GB Storage,50 MP + 50 MP + 50 MP Rear Camera,32 MP Front Camera,7300 mAh | 120W Super VOOC Charging,6.78 inches (17.22 cm) | LTPO AMOLED,"AnTuTu Score 3,932,097","₹93,999"
vivo V70 FE 256GB,MediaTek Dimensity 7360 Turbo,8 GB RAM | 256 GB Storage,200 MP + 8 MP Rear Camera,50 MP Front Camera,7000 mAh | 90W Flash Charging,6.83 inches (17.35 cm) | AMOLED,"AnTuTu Score 990,352","₹42,999"
Motorola Edge 40,MediaTek Dimensity 8020,8 GB RAM | 256 GB Storage,50 MP + 13 MP Rear Camera,32 MP Front Camera,4400 mAh | 68W Turbo Power Charging,6.55 inches (16.64 cm) | P-OLED,"AnTuTu Score 675,325","₹28,900"
Infinix Hot 60i 5G,MediaTek Dimensity 6400,4 GB RAM | 128 GB Storage,50 MP Rear Camera,5 MP Front Camera,6000 mAh | 18W Fast Charging,6.75 inches (17.15 cm) | IPS LCD,,"₹19,999"
Lava Smart 4 Plus 4G,Unisoc SC9863A,4 GB RAM | 64 GB Storage,13 MP Rear Camera,5 MP Front Camera,5000 mAh,6.75 inches (17.15 cm) | LCD,,"₹9,999"
realme 7,MediaTek Helio G95,6 GB RAM | 64 GB Storage,64 MP + 8 MP + 2 MP + 2 MP Rear Camera,16 MP Front Camera,5000 mAh | 30W Super Dart Charging,6.5 inches (16.51 cm) | IPS LCD,"AnTuTu Score 299,908","₹11,999"
Blackberry KEY2,Snapdragon 660,6 GB RAM | 64 GB Storage,12 MP + 12 MP Rear Camera,8 MP Front Camera,3500 mAh Quick Charging,4.5 inches (11.43 cm) | IPS LCD,,"₹38,999"
vivo T5 Lite 5G 256GB 6GB RAM,MediaTek Dimensity 6300,6 GB RAM | 256 GB Storage,50 MP + 0.08 MP Rear Camera,5 MP Front Camera,6500 mAh | 44W Fast Charging,6.74 inches (17.12 cm) | LCD,"AnTuTu Score 575,705","₹27,900"
Samsung Galaxy Z Fold 4 5G,Snapdragon 8 Plus Gen 1,12 GB RAM | 256 GB Storage,50 MP + 12 MP + 10 MP Rear Camera,10 MP + 4 MP Front Camera,4400 mAh | 25W Fast Charging,7.6 inches (19.3 cm) | Dynamic AMOLED 2x (Main Display),"AnTuTu Score 1,024,312","₹86,998"
vivo Y100A,Snapdragon 695,8 GB RAM | 128 GB Storage,64 MP + 2 MP + 2 MP Rear Camera,16 MP Front Camera,4500 mAh | 44W Fast Charging,6.38 inches (16.21 cm) | AMOLED,,"₹21,999"
realme P3 8GB RAM,Snapdragon 6 Gen 4,8 GB RAM | 128 GB Storage,50 MP + 2 MP Rear Camera,16 MP Front Camera,6000 mAh | 45W Fast Charging,6.67 inches (16.94 cm) | AMOLED,,"₹16,999"
Google Pixel 9 Pro XL,Google Tensor G4,16 GB RAM | 256 GB Storage,50 MP + 48 MP + 48 MP Rear Camera,42 MP Front Camera,5060 mAh | 37W Fast Charging,6.8 inches (17.27 cm) | LTPO OLED,"AnTuTu Score 1,323,184","₹124,999"
vivo X80 5G,MediaTek Dimensity 9000,8 GB RAM | 128 GB Storage,50 MP + 12 MP + 12 MP Rear Camera,32 MP Front Camera,4500 mAh | 80W Fast Charging,6.78 inches (17.22 cm) | AMOLED,"AnTuTu Score 994,933","₹44,999"
Samsung Galaxy M53 5G,MediaTek Dimensity 900,6 GB RAM | 128 GB Storage,108 MP + 8 MP + 2 MP + 2 MP Rear Camera,32 MP Front Camera,5000 mAh | 25W Fast Charging,6.7 inches (17.02 cm) | Super AMOLED Plus,"AnTuTu Score 441,219","₹20,999"
realme P3x 8GB RAM,MediaTek Dimensity 6400,8 GB RAM | 128 GB Storage,50 MP + 2 MP Rear Camera,8 MP Front Camera,6000 mAh | 45W Super VOOC Charging,6.72 inches (17.07 cm) | LCD,"AnTuTu Score 414,477","₹13,999"
realme 16T 8GB RAM,MediaTek Dimensity 6300,8 GB RAM | 128 GB Storage,50 MP + 2 MP Rear Camera,16 MP Front Camera,8000 mAh | 45W Super VOOC Charging,6.81 inches (17.3 cm) | LCD,,"₹28,999"
Motorola Edge 70 Fusion 256 GB,Snapdragon 7s Gen 4,8 GB RAM | 256 GB Storage,50 MP + 13 MP Rear Camera,32 MP Front Camera,7000 mAh | 68W Turbo Power Charging,6.8 inches (17.27 cm) | Extreme AMOLED,,"₹32,799"
vivo X300 FE 512GB,Snapdragon 8 Gen 5,12 GB RAM | 512 GB Storage,50 MP + 50 MP + 8 MP Rear Camera,50 MP Front Camera,6500 mAh | 90W Flash Charging,6.31 inches (16.03 cm) | AMOLED,,"₹99,999"
realme 16 Pro Plus 256GB,Snapdragon 7 Gen 4,8 GB RAM | 256 GB Storage,200 MP + 50 MP + 8 MP Rear Camera,50 MP Front Camera,7000 mAh | 80W Ultra Charging,6.8 inches (17.27 cm) | AMOLED,"AnTuTu Score 1,434,981","₹52,919"
Infinix Note 40X 12GB RAM,MediaTek Dimensity 6300,12 GB RAM | 256 GB Storage,108 MP + 2 MP Rear Camera,8 MP Front Camera,5000 mAh | 18W Fast Charging,6.78 inches (17.22 cm) | IPS LCD,"AnTuTu Score 409,552","₹15,999"
realme Narzo 70x 5G,MediaTek Dimensity 6100 Plus,4 GB RAM | 128 GB Storage,50 MP + 2 MP Rear Camera,8 MP Front Camera,5000 mAh | 45W Super VOOC Charging,6.72 inches (17.07 cm) | IPS LCD,"AnTuTu Score 404,437","₹21,990"
realme C55,MediaTek Helio G88,4 GB RAM | 64 GB Storage,64 MP + 2 MP Rear Camera,8 MP Front Camera,5000 mAh | 33W Super VOOC Charging,6.72 inches (17.07 cm) | IPS LCD,AnTuTu Score 0,"₹10,999"
vivo Y400 256GB,Snapdragon 4 Gen 2,8 GB RAM | 256 GB Storage,50 MP + 2 MP Rear Camera,32 MP Front Camera,6000 mAh | 90W Flash Charging,6.67 inches (16.94 cm) | AMOLED,"AnTuTu Score 478,134","₹27,999"
Samsung Galaxy A52s 5G,Snapdragon 778G,6 GB RAM | 128 GB Storage,64 MP + 12 MP + 5 MP + 5 MP Rear Camera,32 MP Front Camera,4500 mAh | 25W Fast Charging,6.5 inches (16.51 cm) | Super AMOLED,"AnTuTu Score 495,352","₹30,999"
vivo V25 5G,MediaTek Dimensity 900,8 GB RAM | 128 GB Storage,64 MP + 8 MP + 2 MP Rear Camera,50 MP Front Camera,4500 mAh | 44W Flash Charging,6.44 inches (16.36 cm) | AMOLED,"AnTuTu Score 472,795","₹29,999"
vivo Y51 Pro 256GB,MediaTek Dimensity 7360 Turbo,8 GB RAM | 256 GB Storage,50 MP + 2 MP Rear Camera,8 MP Front Camera,7200 mAh | 44W,6.75 inches (17.15 cm) | LCD,,"₹30,999"
realme GT 8 Pro 512GB 16GB RAM,Snapdragon 8 Elite Gen 5,16 GB RAM | 512 GB Storage,50 MP + 50 MP + 200 MP Rear Camera,32 MP Front Camera,7000 mAh | 120W Super VOOC Charging,6.79 inches (17.25 cm) | Flexible AMOLED,"AnTuTu Score 3,932,397","₹78,999"
Samsung Galaxy F16 5G 6GB RAM,MediaTek Dimensity 6300,6 GB RAM | 128 GB Storage,50 MP + 5 MP + 2 MP Rear Camera,13 MP Front Camera,5000 mAh | 25W Fast Charging,6.7 inches (17.02 cm) | Super AMOLED,,"₹13,999"
vivo V50e 256GB,MediaTek Dimensity 7300,8 GB RAM | 256 GB Storage,50 MP + 8 MP Rear Camera,50 MP Front Camera,5600 mAh | 90W Fast Charging,6.77 inches (17.2 cm) | AMOLED,,"₹28,999"
Motorola Edge 70 Max 12GB RAM,Snapdragon 8 Gen 5,12 GB RAM | 256 GB Storage,50 MP + 8 MP + 2 MP Rear Camera,32 MP Front Camera,7100 mAh | 90W Turbo Charging,6.8 inches (17.27 cm) | Extreme AMOLED,"AnTuTu Score 2,972,932","₹57,904"
realme P3 Pro 12GB RAM,Snapdragon 7s Gen 3,12 GB RAM | 256 GB Storage,50 MP + 2 MP Rear Camera,16 MP Front Camera,6000 mAh | 80W Super VOOC Charging,6.83 inches (17.35 cm) | AMOLED,,"₹23,999"
Samsung Galaxy A56 256GB,Samsung Exynos 1580,8 GB RAM | 256 GB Storage,50 MP + 12 MP + 5 MP Rear Camera,12 MP Front Camera,5000 mAh | 45W Super Fast Charging,6.7 inches (17.02 cm) | Super AMOLED,"AnTuTu Score 919,985","₹38,990"
"Xiaomi Redmi Note 15 SE 5G 256GB, 8GB RAM",Snapdragon 6 Gen 3,8 GB RAM | 256 GB Storage,50 MP + 2 MP Rear Camera,20 MP Front Camera,5800 mAh | 45W Turbo Charging,6.77 inches (17.2 cm) | AMOLED,,"₹29,399"
Apple iPhone 17e 512GB,Apple A19,8 GB RAM | 512 GB Storage,48 MP Rear Camera,12 MP Front Camera,4005 mAh | 20W Fast Charging,6.1 inches (15.49 cm) | Super Retina XDR OLED,"AnTuTu Score 2,112,540","₹84,900"
OPPO Reno8 5G,MediaTek Dimensity 1300,8 GB RAM | 128 GB Storage,50 MP + 8 MP + 2 MP Rear Camera,32 MP Front Camera,4500 mAh | 80W Super VOOC Charging,6.4 inches (16.26 cm) | AMOLED,"AnTuTu Score 607,013","₹38,999"
Samsung Galaxy A36 256GB,Snapdragon 6 Gen 3,8 GB RAM | 256 GB Storage,50 MP + 8 MP + 5 MP Rear Camera,12 MP Front Camera,5000 mAh | 45W Super Fast Charging,6.7 inches (17.02 cm) | Super AMOLED,"AnTuTu Score 655,225","₹33,999"
vivo T5 Pro 256GB,Snapdragon 7s Gen 4,8 GB RAM | 256 GB Storage,50 MP + 2 MP Rear Camera,32 MP Front Camera,9020 mAh | 90W,6.83 inches (17.35 cm) | AMOLED,"AnTuTu Score 1,167,242","₹45,549"
Motorola Edge 60 Fusion 12GB RAM,MediaTek Dimensity 7400,12 GB RAM | 256 GB Storage,50 MP + 13 MP Rear Camera,32 MP Front Camera,5500 mAh | 68W Turbo Power Charging,6.67 inches (16.94 cm) | P-OLED,"AnTuTu Score 692,185","₹25,468"
Lava Bold N2,Unisoc 9863A,4 GB RAM | 64 GB Storage,13 MP + 2 MP Rear Camera,5 MP Front Camera,5000 mAh | 10W,6.75 inches (17.15 cm) | IPS LCD,,"₹9,999"
realme 12 Plus,MediaTek Dimensity 7050,8 GB RAM | 128 GB Storage,50 MP + 8 MP + 2 MP Rear Camera,16 MP Front Camera,5000 mAh | 67W Super VOOC Charging,6.67 inches (16.94 cm) | AMOLED,"AnTuTu Score 595,408","₹20,999"
Samsung Galaxy M12,Samsung Exynos 8 Octa 850,4 GB RAM | 64 GB Storage,48 MP + 5 MP + 2 MP + 2 MP Rear Camera,8 MP Front Camera,6000 mAh | 15W Fast Charging,6.5 inches (16.51 cm) | PLS TFT LCD,"AnTuTu Score 127,746","₹9,449"
Samsung Galaxy M21,Samsung Exynos 9 Octa 9611,4 GB RAM | 64 GB Storage,48 MP + 8 MP + 5 MP Rear Camera,20 MP Front Camera,6000 mAh | 15W Fast Charging,6.4 inches (16.26 cm) | Super AMOLED,"AnTuTu Score 168,633","₹14,980"
"Motorola Signature 512GB, 16GB RAM",Snapdragon 8 Gen 5,16 GB RAM | 512 GB Storage,50 MP + 50 MP + 50 MP Rear Camera,50 MP Front Camera,5200 mAh | 90W Turbo Charging,6.8 inches (17.27 cm) | AMOLED,"AnTuTu Score 3,098,258","₹66,990"
Xiaomi Redmi A7 4G,Unisoc T7250,3 GB RAM | 64 GB Storage,13 MP Rear Camera,8 MP Front Camera,5200 mAh | 15W,6.88 inches (17.48 cm) | LCD,,"₹12,299"
OPPO Reno13 Pro,MediaTek Dimensity 8350,12 GB RAM | 256 GB Storage,50 MP + 8 MP + 50 MP Rear Camera,50 MP Front Camera,5800 mAh | 80W Super VOOC Charging,6.83 inches (17.35 cm) | AMOLED,"AnTuTu Score 1,146,605","₹54,999"
Nothing Phone 4a 256GB,Snapdragon 7s Gen 4,8 GB RAM | 128 GB Storage,50 MP + 50 MP + 8 MP Rear Camera,32 MP Front Camera,5400 mAh | 50W Quick Charging,6.78 inches (17.22 cm) | Flexible AMOLED,"AnTuTu Score 1,176,492","₹40,158"
OPPO F21 Pro,Snapdragon 680,8 GB RAM | 128 GB Storage,64 MP + 2 MP + 2 MP Rear Camera,32 MP Front Camera,4500 mAh | 33W Super VOOC Charging,6.43 inches (16.33 cm) | AMOLED,"AnTuTu Score 283,333","₹27,999"
realme P3 Pro 256GB,Snapdragon 7s Gen 3,8 GB RAM | 256 GB Storage,50 MP + 2 MP Rear Camera,16 MP Front Camera,6000 mAh | 80W Super VOOC Charging,6.83 inches (17.35 cm) | AMOLED,,"₹21,999"
Apple iPhone 11 Pro Max,Apple A13 Bionic,4 GB RAM | 64 GB Storage,12 MP + 12 MP + 12 MP Rear Camera,12 MP Front Camera,3969 mAh | 18W Fast Charging,6.5 inches (16.51 cm) | Super Retina XDR,"AnTuTu Score 608,363","₹109,900"
OPPO K13 Turbo 256GB,MediaTek Dimensity 8450,8 GB RAM | 256 GB Storage,50 MP + 2 MP Rear Camera,16 MP Front Camera,7000 mAh | 80W Super VOOC Charging,6.8 inches (17.27 cm) | LTPS AMOLED,"AnTuTu Score 1,649,304","₹42,990"
Ai+ Nova 2 Pro 5G 8GB RAM,MediaTek Dimensity 7100,8 GB RAM | 128 GB Storage,48 MP + 8 MP Rear Camera,13 MP Front Camera,6000 mAh | 33W Fast Charging,6.9 inches (17.53 cm) | IPS LCD,,"₹19,999"
Samsung Galaxy S25 128GB,Snapdragon 8 Elite,12 GB RAM | 128 GB Storage,50 MP + 12 MP + 10 MP Rear Camera,12 MP Front Camera,4000 mAh | 25W Fast Charging,6.2 inches (15.75 cm) | Dynamic AMOLED 2x,,"₹61,339"
Xiaomi Redmi K50i,MediaTek Dimensity 8100,6 GB RAM | 128 GB Storage,64 MP + 8 MP + 2 MP Rear Camera,16 MP Front Camera,5080 mAh | 67W Turbo Charging,6.6 inches (16.76 cm) | IPS LCD,AnTuTu Score 0,"₹28,999"
Lava Smart 4 4G,Unisoc SC9863A,3 GB RAM | 32 GB Storage,8 MP Rear Camera,5 MP Front Camera,5000 mAh | 10W,6.56 inches (16.66 cm) | IPS LCD,,"₹9,999"
OPPO K14x 5G 6GB RAM,MediaTek Dimensity 6300,6 GB RAM | 128 GB Storage,50 MP + 2 MP Rear Camera,5 MP Front Camera,6500 mAh | 45W Super VOOC Charging,6.75 inches (17.15 cm) | LCD,"AnTuTu Score 565,613","₹21,699"
POCO F5,Snapdragon 7 Plus Gen 2,8 GB RAM | 256 GB Storage,64 MP + 8 MP + 2 MP Rear Camera,16 MP Front Camera,5000 mAh | 67W Turbo Charging,6.67 inches (16.94 cm) | AMOLED,AnTuTu Score 0,"₹29,999"
Infinix Smart 8 128GB,MediaTek Helio G36,8 GB RAM | 128 GB Storage,50 MP Rear Camera,8 MP Front Camera,5000 mAh | 10W,6.6 inches (16.76 cm) | IPS LCD,,"₹8,999"
Xiaomi Redmi Note 17 5G 8GB RAM,Snapdragon 4 Gen 4,8 GB RAM | 128 GB Storage,50 MP + 2 MP Rear Camera,8 MP Front Camera,8000 mAh | 45W Fast Charging,6.99 inches (17.75 cm) | OLED,"AnTuTu Score 622,466","₹30,999"
realme 14T,MediaTek Dimensity 6300,8 GB RAM | 128 GB Storage,50 MP + 2 MP Rear Camera,16 MP Front Camera,6000 mAh | 45W Super VOOC Charging,6.67 inches (16.94 cm) | AMOLED,"AnTuTu Score 456,251","₹28,990"
vivo V60e 256GB,MediaTek Dimensity 7360 Turbo,8 GB RAM | 256 GB Storage,200 MP + 8 MP Rear Camera,50 MP Front Camera,6500 mAh | 90W Flash Charging,6.77 inches (17.2 cm) | AMOLED,,"₹33,799"
OPPO Find X8 Pro,MediaTek Dimensity 9400,16 GB RAM | 512 GB Storage,50 MP + 50 MP + 50 MP + 50 MP Rear Camera,32 MP Front Camera,5910 mAh | 80W Super VOOC Charging,6.78 inches (17.22 cm) | ProXDR LTPO,"AnTuTu Score 2,336,485","₹97,900"
Samsung Galaxy A07 5G 6GB RAM,MediaTek Dimensity 6300,6 GB RAM | 128 GB Storage,50 MP + 2 MP Rear Camera,8 MP Front Camera,6000 mAh | 25W Fast Charging,6.7 inches (17.02 cm) | PLS LCD,,"₹19,999"
POCO X5 Pro,Snapdragon 778G,6 GB RAM | 128 GB Storage,108 MP + 8 MP + 2 MP Rear Camera,16 MP Front Camera,5000 mAh | 67W Sonic Charging,6.67 inches (16.94 cm) | AMOLED,AnTuTu Score 0,"₹25,489"
Tecno Spark Go 3 Pro 4G,MediaTek Helio G81,4 GB RAM | 64 GB Storage,13 MP Rear Camera,8 MP Front Camera,5200 mAh | 10W,6.78 inches (17.22 cm) | IPS LCD,"AnTuTu Score 371,151","₹15,999"
Samsung Galaxy Z Fold6,Snapdragon 8 Gen 3,12 GB RAM | 256 GB Storage,50 MP + 12 MP + 10 MP Rear Camera,10 MP + 4 MP Front Camera,4400 mAh | 25W Fast Charging,7.6 inches (19.3 cm) | Dynamic AMOLED 2x,"AnTuTu Score 1,772,746","₹139,999"
realme Narzo N65 5G,MediaTek Dimensity 6300,4 GB RAM | 128 GB Storage,50 MP Rear Camera,8 MP Front Camera,5000 mAh | 15W Quick Charging,6.67 inches (16.94 cm) | IPS LCD,"AnTuTu Score 420,659","₹13,999"
Samsung Galaxy M47 5G 8GB RAM,Snapdragon 6 Gen 3,8 GB RAM | 128 GB Storage,50 MP + 5 MP + 2 MP Rear Camera,12 MP Front Camera,6000 mAh | 45W Fast Charging,6.66 inches (16.92 cm) | Super AMOLED,,"₹34,999"
vivo V25 Pro 5G,MediaTek Dimensity 1300,8 GB RAM | 128 GB Storage,64 MP + 8 MP + 2 MP Rear Camera,32 MP Front Camera,4830 mAh | 66W Flash Charging,6.56 inches (16.66 cm) | AMOLED,AnTuTu Score 0,"₹31,499"
Samsung Galaxy A06,MediaTek Helio G85,4 GB RAM | 64 GB Storage,50 MP + 2 MP Rear Camera,8 MP Front Camera,5000 mAh | 25W Fast Charging,6.7 inches (17.02 cm) | PLS LCD,,"₹14,999"
Xiaomi Redmi Note 14 Pro Plus 256GB,Snapdragon 7s Gen 3,8 GB RAM | 256 GB Storage,50 MP + 8 MP + 50 MP Rear Camera,20 MP Front Camera,6200 mAh | 90W Hyper Charging,6.67 inches (16.94 cm) | AMOLED,"AnTuTu Score 725,812","₹30,489"
Xiaomi Redmi A7 Pro 5G 128GB,Unisoc T8300,4 GB RAM | 128 GB Storage,32 MP Rear Camera,8 MP Front Camera,6300 mAh | 15W,6.9 inches (17.53 cm) | LCD,,"₹15,999"
POCO X6 Neo,MediaTek Dimensity 6080,8 GB RAM | 128 GB Storage,108 MP + 2 MP Rear Camera,16 MP Front Camera,5000 mAh | 33W Fast Charging,6.67 inches (16.94 cm) | AMOLED,"AnTuTu Score 445,887","₹21,955"
Motorola Razr 70,MediaTek Dimensity 7450X,8 GB RAM | 256 GB Storage,50 MP + 50 MP Rear Camera,32 MP Front Camera,4800 mAh | 30W,6.96 inches (17.68 cm) | LTPO P-OLED (Main Display),,
vivo Y60 5G,Snapdragon 4 Gen 2,6 GB RAM | 128 GB Storage,13 MP Rear Camera,5 MP Front Camera,6500 mAh | 15W,6.74 inches (17.12 cm) | LCD,,
realme P3 Ultra 256GB,MediaTek Dimensity 8350 Ultra,8 GB RAM | 256 GB Storage,50 MP + 8 MP Rear Camera,16 MP Front Camera,6000 mAh | 80W Super VOOC Charging,6.83 inches (17.35 cm) | AMOLED,,"₹28,999"
Samsung Galaxy Z Fold 8 Ultra 1TB 16GB RAM,Snapdragon 8 Elite Gen 5,16 GB RAM | 1 TB Storage,200 MP + 10 MP + 50 MP Rear Camera,10 MP Front Camera,5000 mAh | 45W,8 inches (20.32 cm) | Dynamic AMOLED 2x (Main Display),"AnTuTu Score 3,074,056","₹259,999"
Tecno Pop X 5G 6GB RAM,MediaTek Dimensity 6400 Ultimate,6 GB RAM | 128 GB Storage,50 MP Rear Camera,8 MP Front Camera,6500 mAh | 45W Fast Charging,6.78 inches (17.22 cm) | IPS LCD,,"₹17,999"
realme P4 Power 256GB,MediaTek Dimensity 7400 Ultra,8 GB RAM | 256 GB Storage,50 MP + 8 MP Rear Camera,16 MP Front Camera,10001 mAh | 80W Ultra Charging,6.8 inches (17.27 cm) | AMOLED,,"₹34,500"
Google Pixel 9 Pro,Google Tensor G4,16 GB RAM | 256 GB Storage,50 MP + 48 MP + 48 MP Rear Camera,42 MP Front Camera,4700 mAh | 27W Fast Charging,6.3 inches (16 cm) | LTPO OLED,"AnTuTu Score 1,179,756","₹109,999"
Samsung Galaxy F70 Pro 5G 8GB RAM 256GB,Snapdragon 6 Gen 3,8 GB RAM | 256 GB Storage,50 MP + 5 MP + 2 MP Rear Camera,12 MP Front Camera,6000 mAh | 45W Fast Charging,6.7 inches (17.02 cm) | Super AMOLED,,"₹35,579"
Samsung Galaxy Z Flip7,Samsung Exynos 2500,12 GB RAM | 256 GB Storage,50 MP + 12 MP Rear Camera,10 MP Front Camera,4300 mAh | 25W Fast Charging,6.9 inches (17.53 cm) | Dynamic AMOLED 2x (Main Display),"AnTuTu Score 1,515,751","₹95,999"
Motorola Edge 50 Fusion 256GB,Snapdragon 7s Gen 2,12 GB RAM | 256 GB Storage,50 MP + 13 MP Rear Camera,32 MP Front Camera,5000 mAh | 68W Turbo Power Charging,6.67 inches (16.94 cm) | P-OLED,"AnTuTu Score 620,648","₹22,790"
Samsung Galaxy S25 FE 256GB,Samsung Exynos 2400 S5E9945,8 GB RAM | 256 GB Storage,50 MP + 12 MP + 8 MP Rear Camera,12 MP Front Camera,4900 mAh | 45W Fast Charging,6.7 inches (17.02 cm) | Dynamic AMOLED 2x,"AnTuTu Score 2,069,599","₹65,999"
OPPO K12x 256GB,MediaTek Dimensity 6300,8 GB RAM | 256 GB Storage,32 MP + 2 MP Rear Camera,8 MP Front Camera,5100 mAh | 45W Super VOOC Charging,6.67 inches (16.94 cm) | LCD,,"₹18,999"
iQOO Z10 Lite 256GB,MediaTek Dimensity 6300,8 GB RAM | 256 GB Storage,50 MP + 2 MP Rear Camera,5 MP Front Camera,6000 mAh | 15W Fast Charging,6.74 inches (17.12 cm) | LCD,,"₹23,999"
OnePlus 13R 512GB,Snapdragon 8 Gen 3,16 GB RAM | 512 GB Storage,50 MP + 8 MP + 50 MP Rear Camera,16 MP Front Camera,6000 mAh | 80W Super VOOC Charging,6.78 inches (17.22 cm) | LTPO AMOLED,"AnTuTu Score 1,709,077","₹59,990"
Samsung Galaxy S24 FE 256GB,Samsung Exynos 2400e,8 GB RAM | 256 GB Storage,50 MP + 12 MP + 8 MP Rear Camera,10 MP Front Camera,4700 mAh | 25W Fast Charging,6.7 inches (17.02 cm) | Dynamic AMOLED 2x,"AnTuTu Score 1,625,873","₹45,999"
iQOO Z11 Lite 5G 6GB RAM 256GB,MediaTek Dimensity 6300,6 GB RAM | 256 GB Storage,50 MP + 2 MP Rear Camera,5 MP Front Camera,6500 mAh | 44W,6.74 inches (17.12 cm) | IPS LCD,"AnTuTu Score 574,553","₹26,499"
Xiaomi Redmi Note 7 Pro,Snapdragon 675,4 GB RAM | 64 GB Storage,48 MP + 5 MP Rear Camera,13 MP Front Camera,4000 mAh Quick Charging,6.3 inches (16 cm) | IPS LCD,"AnTuTu Score 181,423","₹13,999"
vivo T5x 8GB RAM,MediaTek Dimensity 7400 Turbo,8 GB RAM | 128 GB Storage,50 MP + 2 MP Rear Camera,32 MP Front Camera,7200 mAh | 44W Flash Charging,6.76 inches (17.17 cm) | LCD,,"₹29,444"
Itel Zeno 100 Lite 4G,Unisoc T7100,3 GB RAM | 64 GB Storage,8 MP Rear Camera,5 MP Front Camera,5000 mAh | 10W,6.56 inches (16.66 cm) | IPS LCD,,"₹9,132"
Samsung Galaxy F14 5G,Samsung Exynos 1330,4 GB RAM | 128 GB Storage,50 MP + 2 MP Rear Camera,13 MP Front Camera,6000 mAh | 25W Fast Charging,6.6 inches (16.76 cm) | PLS LCD,,"₹14,490"
OPPO Reno11 Pro,MediaTek Dimensity 8200,12 GB RAM | 256 GB Storage,50 MP + 8 MP + 32 MP Rear Camera,32 MP Front Camera,4600 mAh | 80W Super VOOC Charging,6.7 inches (17.02 cm) | AMOLED,"AnTuTu Score 922,299","₹39,999"
vivo Y21 5G 6GB RAM,MediaTek Dimensity 6300,6 GB RAM | 128 GB Storage,50 MP + 0.08 MP Rear Camera,5 MP Front Camera,6500 mAh | 44W,6.74 inches (17.12 cm) | LCD,,"₹26,499"
POCO X8 Pro Iron Man Edition,MediaTek Dimensity 8500 Ultra,12 GB RAM | 256 GB Storage,50 MP + 8 MP Rear Camera,20 MP Front Camera,6500 mAh | 100W Fast Charging,6.59 inches (16.74 cm) | OLED,,"₹41,999"
Samsung Galaxy S22 Plus,Snapdragon 8 Gen 1,8 GB RAM | 128 GB Storage,50 MP + 12 MP + 10 MP Rear Camera,10 MP Front Camera,4500 mAh | 45W Fast Charging,6.6 inches (16.76 cm) | Dynamic AMOLED 2x,"AnTuTu Score 927,796","₹52,999"
iQOO Z11 8GB RAM 256GB,MediaTek Dimensity 7500 turbo,8 GB RAM | 256 GB Storage,50 MP + 8 MP Rear Camera,32 MP Front Camera,7050 mAh | 44W Flash Charging,6.83 inches (17.35 cm) | AMOLED,"AnTuTu Score 1,099,769","₹44,999"
vivo X80 Pro 5G,Snapdragon 8 Gen 1,12 GB RAM | 256 GB Storage,50 MP + 48 MP + 12 MP + 8 MP Rear Camera,32 MP Front Camera,4700 mAh | 80W Flash Charging,6.78 inches (17.22 cm) | AMOLED,"AnTuTu Score 981,202","₹54,999"
vivo Y11 5G 128GB,MediaTek Dimensity 6300,4 GB RAM | 128 GB Storage,13 MP + 0.08 MP Rear Camera,5 MP Front Camera,6500 mAh | 15W,6.74 inches (17.12 cm) | LCD,,"₹20,549"
vivo Y18,MediaTek Helio G85,4 GB RAM | 64 GB Storage,50 MP + 0.08 MP Rear Camera,8 MP Front Camera,5000 mAh | 15W Fast Charging,6.56 inches (16.66 cm) | LCD,,"₹15,999"
vivo V50 512GB,Snapdragon 7 Gen 3,12 GB RAM | 512 GB Storage,50 MP + 50 MP Rear Camera,50 MP Front Camera,6000 mAh | 90W Flash Charging,6.77 inches (17.2 cm) | AMOLED,"AnTuTu Score 821,023","₹37,999"
Google Pixel 10 Pro Fold,Google Tensor G5,16 GB RAM | 256 GB Storage,48 MP + 10.5 MP + 10.8 MP Rear Camera,10 MP + 10 MP Front Camera,5015 mAh | 30W Fast Charging,8.0 inches (20.32 cm) | LTPO OLED (Main Display),"AnTuTu Score 1,553,009","₹172,999"
Nokia 130 Music 2023,Unisoc SC6531F,8 MB RAM | 4 MB Storage,,,1450 mAh,2.4 inches (6.1 cm) | TFT,,"₹1,949"
Motorola Razr 60 Ultra,Snapdragon 8 Elite,16 GB RAM | 512 GB Storage,50 MP + 50 MP Rear Camera,50 MP Front Camera,4700 mAh | 68W Turbo Power Charging,6.96 inches (17.68 cm) | LTPO AMOLED (Main Display),"AnTuTu Score 2,245,471","₹109,000"
Samsung Galaxy A37 5G 256GB,Samsung Exynos 1480,8 GB RAM | 256 GB Storage,50 MP + 8 MP + 5 MP Rear Camera,12 MP Front Camera,5000 mAh | 45W,6.7 inches (17.02 cm) | Super AMOLED,"AnTuTu Score 1,053,896","₹42,799"
vivo X Fold 5,Snapdragon 8 Gen 3,16 GB RAM | 512 GB Storage,50 MP + 50 MP + 50 MP Rear Camera,20 MP Front Camera,6000 mAh | 80W Flash Charging,8.03 inches (20.4 cm) | LTPO AMOLED (Main Display),"AnTuTu Score 1,985,189","₹139,999"
Samsung Galaxy S26 Ultra 512GB,Snapdragon 8 Elite Gen 5,12 GB RAM | 512 GB Storage,200 MP + 10 MP + 50 MP + 50 MP Rear Camera,12 MP Front Camera,5000 mAh | 60W Super Fast Charging,6.9 inches (17.53 cm) | Dynamic AMOLED 2x,"AnTuTu Score 3,905,605","₹150,999"
Honor 90 512GB,Snapdragon 7 Gen 1 Accelerated Edition,12 GB RAM | 512 GB Storage,200 MP + 12 MP + 2 MP Rear Camera,50 MP Front Camera,5000 mAh | 66W Super Charging,6.7 inches (17.02 cm) | AMOLED,"AnTuTu Score 634,799","₹99,990"
Samsung Galaxy A27 5G 8GB RAM 256GB,Snapdragon 6 Gen 3,8 GB RAM | 256 GB Storage,50 MP + 5 MP + 2 MP Rear Camera,12 MP Front Camera,5000 mAh | 25W Fast Charging,6.7 inches (17.02 cm) | Super AMOLED,"AnTuTu Score 845,601","₹45,499"
realme P4R 6GB 128GB,MediaTek Dimensity 6300,6 GB RAM | 128 GB Storage,50 MP Rear Camera,8 MP Front Camera,8000 mAh | 45W Super VOOC Charging,6.8 inches (17.27 cm) | LCD,,"₹22,499"
Nokia 220 4G 2024,Unisoc T107,64 MB RAM | 128 MB Storage,,,1450 mAh,2.8 inches (7.11 cm) | LCD,,"₹3,369"
vivo X300 FE 8GB RAM,Snapdragon 8 Gen 5,8 GB RAM | 256 GB Storage,50 MP + 50 MP + 8 MP Rear Camera,50 MP Front Camera,6500 mAh | 90W Flash Charging,6.31 inches (16.03 cm) | AMOLED,"AnTuTu Score 3,000,897","₹83,999"
realme 15T 256GB 12GB RAM,MediaTek Dimensity 6400 Max,12 GB RAM | 256 GB Storage,50 MP + 2 MP Rear Camera,50 MP Front Camera,7000 mAh | 60W Fast Charging,6.57 inches (16.69 cm) | AMOLED,"AnTuTu Score 448,625","₹26,999"
POCO X4 Pro,Snapdragon 695,6 GB RAM | 64 GB Storage,64 MP + 8 MP + 2 MP Rear Camera,16 MP Front Camera,5000 mAh | 67W Sonic Charging,6.67 inches (16.94 cm) | AMOLED,"AnTuTu Score 393,322","₹18,499"
OPPO F33 Pro 5G 256GB,MediaTek Dimensity 6360 Max,8 GB RAM | 256 GB Storage,50 MP + 2 MP Rear Camera,50 MP Front Camera,7000 mAh | 80W Super VOOC Charging,6.57 inches (16.69 cm) | AMOLED,"AnTuTu Score 651,333","₹37,995"
OPPO Reno16c 5G 256GB,MediaTek Dimensity 7300,8 GB RAM | 256 GB Storage,50 MP + 50 MP + 8 MP Rear Camera,50 MP Front Camera,6500 mAh | 45W Super VOOC Charging,6.57 inches (16.69 cm) | AMOLED,"AnTuTu Score 985,594","₹53,999"
realme GT 7 12GB RAM,MediaTek Dimensity 9400e,12 GB RAM | 256 GB Storage,50 MP + 8 MP + 50 MP Rear Camera,32 MP Front Camera,7000 mAh | 120W Ultra Charging,6.78 inches (17.22 cm) | LTPO AMOLED,"AnTuTu Score 2,125,733","₹44,999"
Tecno Spark 40,MediaTek Dimensity 6400,4 GB RAM | 128 GB Storage,50 MP Rear Camera,5 MP Front Camera,6000 mAh | 18W Fast Charging,6.75 inches (17.15 cm) | IPS LCD,,
realme 13 Plus 5G,MediaTek Dimensity 7300 Energy,8 GB RAM | 128 GB Storage,50 MP + 2 MP Rear Camera,16 MP Front Camera,5000 mAh | 80W Fast Charging,6.67 inches (16.94 cm) | OLED,"AnTuTu Score 739,074","₹24,990"
POCO M7 Plus 8GB,Snapdragon 6s Gen 3,8 GB RAM | 128 GB Storage,50 MP Rear Camera,8 MP Front Camera,7000 mAh | 33W Fast Charging,6.9 inches (17.53 cm) | IPS LCD,"AnTuTu Score 456,138","₹17,999"
Samsung Galaxy M52 5G,Snapdragon 778G,6 GB RAM | 128 GB Storage,64 MP + 12 MP + 5 MP Rear Camera,32 MP Front Camera,5000 mAh | 25W Fast Charging,6.7 inches (17.02 cm) | Super AMOLED Plus,"AnTuTu Score 509,278","₹23,749"
Moto G34 8GB RAM,Snapdragon 695,8 GB RAM | 128 GB Storage,50 MP + 2 MP Rear Camera,16 MP Front Camera,5000 mAh | 20W Turbo Power Charging,6.5 inches (16.51 cm) | IPS LCD,,"₹14,999"
Xiaomi Redmi 7A,Snapdragon 439,2 GB RAM | 16 GB Storage,12 MP Rear Camera,5 MP Front Camera,4000 mAh,5.45 inches (13.84 cm) | IPS LCD,"AnTuTu Score 75,196","₹7,899"
vivo T5 Lite 5G 6GB RAM,MediaTek Dimensity 6300,6 GB RAM | 128 GB Storage,50 MP + 0.08 MP Rear Camera,5 MP Front Camera,6500 mAh | 44W Fast Charging,6.74 inches (17.12 cm) | LCD,"AnTuTu Score 575,705","₹25,498"
Nothing Phone 4a Pro 12GB RAM,Snapdragon 7 Gen 4,12 GB RAM | 256 GB Storage,50 MP + 50 MP + 8 MP Rear Camera,32 MP Front Camera,5400 mAh | 50W,6.83 inches (17.35 cm) | AMOLED,"AnTuTu Score 1,411,440","₹59,930"
Samsung Galaxy A05,MediaTek Helio G85,4 GB RAM | 64 GB Storage,50 MP + 2 MP Rear Camera,8 MP Front Camera,5000 mAh | 25W Fast Charging,6.7 inches (17.02 cm) | PLS LCD,,"₹9,999"
"Xiaomi Redmi 15A 5G 128GB, 6GB RAM",Unisoc T8300,6 GB RAM | 128 GB Storage,32 MP Rear Camera,8 MP Front Camera,6300 mAh | 15W,6.9 inches (17.53 cm) | IPS LCD,,"₹19,490"
POCO C81 4G,Unisoc T7250,4 GB RAM | 64 GB Storage,13 MP Rear Camera,8 MP Front Camera,6300 mAh | 15W,6.9 inches (17.53 cm) | LCD,,"₹11,989"
Lava Bold N1 5G 6GB RAM 128GB,Unisoc T765,6 GB RAM | 128 GB Storage,13 MP Rear Camera,5 MP Front Camera,5000 mAh | 18W Fast Charging,6.75 inches (17.15 cm) | IPS LCD,,"₹16,999"
Apple iPhone 17 Pro Max 1TB,Apple A19 Pro,12 GB RAM | 1 TB Storage,48 MP + 48 MP + 48 MP Rear Camera,18 MP Front Camera,4832 mAh | 40W Fast Charging,6.9 inches (17.53 cm) | Super Retina XDR OLED,"AnTuTu Score 2,521,699","₹187,900"
OnePlus Nord 4 256GB,Snapdragon 7 Plus Gen 3,8 GB RAM | 256 GB Storage,50 MP + 8 MP Rear Camera,16 MP Front Camera,5500 mAh | 100W Super VOOC Charging,6.74 inches (17.12 cm) | AMOLED,"AnTuTu Score 1,169,622","₹41,999"
iQOO Z11x 8GB RAM,MediaTek Dimensity 7400 Turbo,6 GB RAM | 128 GB Storage,50 MP + 2 MP Rear Camera,32 MP Front Camera,7200 mAh | 44W,6.76 inches (17.17 cm) | LCD,"AnTuTu Score 960,651","₹30,999"
Apple iPhone 16 Plus 256GB,Apple A18,8 GB RAM | 256 GB Storage,48 MP + 12 MP Rear Camera,12 MP Front Camera,4674 mAh | 20W Fast Charging,6.7 inches (17.02 cm) | Super Retina XDR,,"₹89,900"
OnePlus 8T,Snapdragon 865,8 GB RAM | 128 GB Storage,48 MP + 16 MP + 5 MP + 2 MP Rear Camera,16 MP Front Camera,4500 mAh | 65W Warp Charging,6.55 inches (16.64 cm) | Fluid AMOLED,"AnTuTu Score 579,790","₹32,999"
Lava Virat V1 4G,Unisoc SC9863A,4 GB RAM | 64 GB Storage,13 MP Rear Camera,5 MP Front Camera,5000 mAh | 10W,6.75 inches (17.15 cm) | IPS LCD,,"₹9,947"
OnePlus 13s 512GB,Snapdragon 8 Elite,12 GB RAM | 512 GB Storage,50 MP + 50 MP Rear Camera,32 MP Front Camera,5850 mAh | 80W Super VOOC Charging,6.32 inches (16.05 cm) | ProXDR LTPO,"AnTuTu Score 2,581,355","₹59,999"
Samsung Galaxy Z Flip5,Snapdragon 8 Gen 2,8 GB RAM | 256 GB Storage,12 MP + 12 MP Rear Camera,10 MP Front Camera,3700 mAh | 25W Fast Charging,6.7 inches (17.02 cm) | Dynamic AMOLED 2x (Main Display),"AnTuTu Score 1,196,102","₹63,980"
"vivo V70 Elite 512GB, 12GB RAM",Snapdragon 8s Gen 3,12 GB RAM | 512 GB Storage,50 MP + 8 MP + 50 MP Rear Camera,50 MP Front Camera,6500 mAh | 90W Flash Charging,6.59 inches (16.74 cm) | AMOLED,"AnTuTu Score 1,815,619","₹61,999"
Xiaomi Redmi A7 Pro 4G,Unisoc T7250,4 GB RAM | 64 GB Storage,13 MP Rear Camera,8 MP Front Camera,6300 mAh | 15W Fast Charging,6.9 inches (17.53 cm) | LCD,,"₹12,740"
Samsung Galaxy M17 6GB RAM,Samsung Exynos 1330,6 GB RAM | 128 GB Storage,50 MP + 5 MP + 2 MP Rear Camera,13 MP Front Camera,5000 mAh | 25W Fast Charging,6.7 inches (17.02 cm) | Super AMOLED,"AnTuTu Score 608,564","₹22,999"
Samsung Galaxy M32,MediaTek Helio G80,4 GB RAM | 64 GB Storage,64 MP + 8 MP + 2 MP + 2 MP Rear Camera,20 MP Front Camera,6000 mAh | 15W Fast Charging,6.4 inches (16.26 cm) | Super AMOLED,"AnTuTu Score 151,937","₹13,399"
realme 13 5G,MediaTek Dimensity 6300,8 GB RAM | 128 GB Storage,50 MP + 2 MP Rear Camera,16 MP Front Camera,5000 mAh | 45W Super VOOC Charging,6.72 inches (17.07 cm) | IPS LCD,"AnTuTu Score 452,218","₹21,998"
Samsung Galaxy A22 5G,MediaTek Dimensity 700,6 GB RAM | 128 GB Storage,48 MP + 5 MP + 2 MP Rear Camera,8 MP Front Camera,5000 mAh | 15W Fast Charging,6.6 inches (16.76 cm) | TFT,"AnTuTu Score 201,317","₹18,999"
OnePlus 8 Pro,Snapdragon 865,8 GB RAM | 128 GB Storage,48 MP + 48 MP + 8 MP + 5 MP Rear Camera,16 MP Front Camera,4510 mAh | 30W Warp Charging,6.78 inches (17.22 cm) | Fluid AMOLED,"AnTuTu Score 583,524","₹29,999"
vivo Y31 5G 6GB RAM,Snapdragon 4 Gen 2,6 GB RAM | 128 GB Storage,50 MP + 0.08 MP Rear Camera,8 MP Front Camera,6500 mAh | 44W Flash Charging,6.68 inches (16.97 cm) | LCD,,"₹27,999"
Lava Bold N4 Lite 4G,Unisoc SC9863A,3 GB RAM | 32 GB Storage,8 MP Rear Camera,5 MP Front Camera,5000 mAh | 10W,6.56 inches (16.66 cm) | LCD,,"₹8,099"
Samsung Galaxy Z Flip6,Snapdragon 8 Gen 3,12 GB RAM | 256 GB Storage,50 MP + 12 MP Rear Camera,10 MP Front Camera,4000 mAh | 25W Fast Charging,6.7 inches (17.02 cm) | Dynamic AMOLED 2x,"AnTuTu Score 1,497,995","₹72,000"
Samsung Galaxy M36 8GB RAM,Samsung Exynos 1380,8 GB RAM | 128 GB Storage,50 MP + 8 MP + 2 MP Rear Camera,13 MP Front Camera,5000 mAh | 25W Fast Charging,6.7 inches (17.02 cm) | Super AMOLED,,"₹23,999"
Samsung Galaxy Xcover 7,MediaTek Dimensity 6100 Plus,6 GB RAM | 128 GB Storage,50 MP Rear Camera,5 MP Front Camera,4050 mAh | 15W Fast Charging,6.6 inches (16.76 cm) | PLS LCD,"AnTuTu Score 384,690","₹27,208"
Samsung Galaxy S23 Plus 5G,Snapdragon 8 Gen 2,8 GB RAM | 256 GB Storage,50 MP + 12 MP + 10 MP Rear Camera,12 MP Front Camera,4700 mAh | 45W Fast Charging,6.6 inches (16.76 cm) | Dynamic AMOLED 2x,,"₹94,999"
OnePlus N6x 5G 128GB,MediaTek Dimensity 6360 Apex,4 GB RAM | 128 GB Storage,13 MP Rear Camera,5 MP Front Camera,7000 mAh | 15W,6.8 inches (17.27 cm) | IPS LCD,"AnTuTu Score 577,250","₹22,999"
vivo T4R 256GB,MediaTek Dimensity 7400,8 GB RAM | 256 GB Storage,50 MP + 2 MP Rear Camera,32 MP Front Camera,5700 mAh | 44W Flash Charging,6.77 inches (17.2 cm) | AMOLED,"AnTuTu Score 699,062","₹33,999"
realme 15 Pro 256GB 12GB RAM,Snapdragon 7 Gen 4,12 GB RAM | 256 GB Storage,50 MP + 50 MP Rear Camera,50 MP Front Camera,7000 mAh | 80W Ultra Charging,6.8 inches (17.27 cm) | AMOLED,"AnTuTu Score 1,086,379","₹33,499"
Easyfone Royale 4G,Unisoc T107,32 MB RAM | 32 MB Storage,0.3 MP Rear Camera,,1150 mAh,2.8 inches (7.11 cm) | TFT,,"₹5,100"
realme C63 5G,MediaTek Dimensity 6300,4 GB RAM | 128 GB Storage,32 MP Rear Camera,8 MP Front Camera,5000 mAh | 10W,6.67 inches (16.94 cm) | IPS LCD,,"₹10,999"
Samsung Galaxy M34 256GB,Samsung Exynos 1280,8 GB RAM | 256 GB Storage,50 MP + 8 MP + 2 MP Rear Camera,13 MP Front Camera,6000 mAh | 25W Fast Charging,6.5 inches (16.51 cm) | Super AMOLED,,"₹20,999"
Lava Blaze 2,Unisoc T616,6 GB RAM | 128 GB Storage,13 MP + 2 MP Rear Camera,8 MP Front Camera,5000 mAh | 18W Fast Charging,6.5 inches (16.51 cm) | IPS LCD,,"₹7,989"
vivo Y200e 5G 8GB RAM,Snapdragon 4 Gen 2,8 GB RAM | 128 GB Storage,50 MP + 2 MP Rear Camera,16 MP Front Camera,5000 mAh | 44W Flash Charging,6.67 inches (16.94 cm) | AMOLED,,"₹19,999"
Lava Bold N2 Lite 4G,Unisoc SC9863A,3 GB RAM | 64 GB Storage,13 MP Rear Camera,5 MP Front Camera,5000 mAh | 10W,6.75 inches (17.15 cm) | IPS LCD,,"₹9,299"
Ai+ Nova 2 Neo 5G 6GB RAM,MediaTek Dimensity 6300,6 GB RAM | 128 GB Storage,48 MP Rear Camera,8 MP Front Camera,6000 mAh | 18W Fast Charging,6.75 inches (17.15 cm) | IPS LCD,,"₹15,999"
Xiaomi 17T 512GB,MediaTek Dimensity 8500 Ultra,12 GB RAM | 512 GB Storage,50 MP + 12 MP + 50 MP Rear Camera,32 MP Front Camera,6500 mAh | 67W Hyper Charging,6.59 inches (16.74 cm) | AMOLED,"AnTuTu Score 2,136,906","₹69,999"
POCO M7 Plus 4GB RAM,Snapdragon 6s Gen 3,4 GB RAM | 128 GB Storage,50 MP Rear Camera,8 MP Front Camera,7000 mAh | 33W Fast Charging,6.9 inches (17.53 cm) | IPS LCD,,"₹15,499"
iQOO Z11i,Snapdragon 4 Gen 2,8 GB RAM,13 MP Rear Camera,5 MP Front Camera,6500 mAh | 15W,6.72 inches (17.07 cm) | LCD,,
Philips S7221 5G,Unisoc T765,4 GB RAM | 128 GB Storage,64 MP Rear Camera,16 MP Front Camera,5700 mAh,6.67 inches (16.94 cm) | IPS LCD,,"₹20,499"
Samsung Galaxy S21 FE 2023,Snapdragon 888,8 GB RAM | 256 GB Storage,12 MP + 12 MP + 8 MP Rear Camera,32 MP Front Camera,4500 mAh | 25W Fast Charging,6.4 inches (16.26 cm) | Dynamic AMOLED 2x,,"₹33,999"
Samsung Galaxy F17 5G 6GB RAM,Samsung Exynos 1330,6 GB RAM | 128 GB Storage,50 MP + 5 MP + 2 MP Rear Camera,13 MP Front Camera,5000 mAh | 25W Fast Charging,6.7 inches (17.02 cm) | Super AMOLED,,"₹22,745"
Lava Blaze Pro 5G,MediaTek Dimensity 6020,8 GB RAM | 128 GB Storage,50 MP Rear Camera,8 MP Front Camera,5000 mAh | 33W Fast Charging,6.78 inches (17.22 cm) | IPS LCD,"AnTuTu Score 403,481","₹12,998"
Xiaomi Redmi Note 9,MediaTek Helio G85,4 GB RAM | 64 GB Storage,48 MP + 8 MP + 2 MP + 2 MP Rear Camera,13 MP Front Camera,5020 mAh | 22.5W Fast Charging,6.53 inches (16.59 cm) | IPS LCD,"AnTuTu Score 200,953","₹13,999"
Samsung Metro B313,,,0.3 MP Rear Camera,,1000 mAh | 8.2W,2 inches (5.08 cm) | TFT,,"₹1,248"
iQOO 15 16GB RAM,Snapdragon 8 Elite Gen 5,16 GB RAM | 512 GB Storage,50 MP + 50 MP + 50 MP Rear Camera,32 MP Front Camera,7000 mAh | 100W Flash Charging,6.85 inches (17.4 cm) | AMOLED,"AnTuTu Score 3,842,735","₹93,999"
realme 12x 6GB RAM,MediaTek Dimensity 6100 Plus,6 GB RAM | 128 GB Storage,50 MP + 2 MP Rear Camera,8 MP Front Camera,5000 mAh | 45W Super VOOC Charging,6.72 inches (17.07 cm) | IPS LCD,"AnTuTu Score 418,175","₹12,499"
realme GT 2 Pro 5G 256GB,Snapdragon 8 Gen 1,12 GB RAM | 256 GB Storage,50 MP + 50 MP + 2 MP Rear Camera,32 MP Front Camera,5000 mAh | 65W Super Dart Charging,6.7 inches (17.02 cm) | AMOLED,"AnTuTu Score 933,319","₹30,900"
Samsung Galaxy M33 5G,Samsung Exynos 1280,6 GB RAM | 128 GB Storage,50 MP + 5 MP + 2 MP + 2 MP Rear Camera,8 MP Front Camera,6000 mAh | 25W Fast Charging,6.6 inches (16.76 cm) | TFT,,"₹17,999"
Samsung Galaxy M47 5G 256GB 8GB RAM,Snapdragon 6 Gen 3,6 GB RAM | 256 GB Storage,50 MP + 5 MP + 2 MP Rear Camera,12 MP Front Camera,6000 mAh | 45W Fast Charging,6.66 inches (16.92 cm) | Super AMOLED,,"₹39,999"
Moto G60,Snapdragon 732G,6 GB RAM | 128 GB Storage,108 MP + 8 MP + 2 MP Rear Camera,32 MP Front Camera,6000 mAh | 20W Turbo Power Charging,6.8 inches (17.27 cm) | IPS LCD,"AnTuTu Score 241,808","₹21,999"
Xiaomi Redmi 15C 6GB RAM,MediaTek Dimensity 6300,6 GB RAM | 128 GB Storage,50 MP Rear Camera,8 MP Front Camera,6000 mAh | 33W Turbo Charging,6.9 inches (17.53 cm) | IPS LCD,"AnTuTu Score 556,765","₹19,999"
POCO M8s 5G,Snapdragon 6s Gen 3,6 GB RAM | 128 GB Storage,50 MP Rear Camera,8 MP Front Camera,7000 mAh | 33W Fast Charging,6.9 inches (17.53 cm) | IPS LCD,,
Motorola Edge 70 Pro 5G 12GB RAM,MediaTek Dimensity 8500 Extreme,12 GB RAM | 256 GB Storage,50 MP + 50 MP Rear Camera,50 MP Front Camera,6500 mAh | 90W Turbo Charging,6.8 inches (17.27 cm) | Extreme AMOLED,"AnTuTu Score 2,194,258","₹42,191"
Samsung Galaxy F36 8GB RAM,Samsung Exynos 1380,8 GB RAM | 128 GB Storage,50 MP + 8 MP + 2 MP Rear Camera,13 MP Front Camera,5000 mAh | 25W Fast Charging,6.7 inches (17.02 cm) | Super AMOLED,,"₹23,249"
Reliance JioPhone Prima 2 4G,Snapdragon,512 MB RAM | 4 GB Storage,0.3 MP Rear Camera,0.3 MP Front Camera,2000 mAh,2.4 inches (6.1 cm) | TFT,,"₹2,799"
realme GT Neo 3T 5G,Snapdragon 870,6 GB RAM | 128 GB Storage,64 MP + 8 MP + 2 MP Rear Camera,16 MP Front Camera,5000 mAh | 80W Super Dart Charging,6.62 inches (16.81 cm) | AMOLED,AnTuTu Score 0,"₹29,999"
Motorola Edge 60 Pro 512GB,MediaTek Dimensity 8350 Extreme Edition,16 GB RAM | 512 GB Storage,50 MP + 50 MP + 10 MP Rear Camera,50 MP Front Camera,6000 mAh | 90W Turbo Power Charging,6.7 inches (17.02 cm) | P-OLED,,"₹37,999"
vivo X500 Pro Max,MediaTek Dimensity 9600,12 GB RAM | 256 GB Storage,50 MP + 200 MP + 50 MP Rear Camera,50 MP Front Camera,8000 mAh | 90W,6.85 inches (17.4 cm) | OLED,,
realme C53 6GB RAM,Unisoc T612,6 GB RAM | 128 GB Storage,108 MP Rear Camera,8 MP Front Camera,5000 mAh | 18W Quick Charging,6.74 inches (17.12 cm) | IPS LCD,,"₹11,999"
realme 15T 256GB,MediaTek Dimensity 6400 Max,8 GB RAM | 256 GB Storage,50 MP + 2 MP Rear Camera,50 MP Front Camera,7000 mAh | 60W Fast Charging,6.57 inches (16.69 cm) | AMOLED,"AnTuTu Score 448,625","₹29,999"
Alcatel V3 Pro,MediaTek Dimensity 6300,8 GB RAM | 256 GB Storage,50 MP + 5 MP Rear Camera,8 MP Front Camera,5200 mAh | 18W Fast Charging,6.67 inches (16.94 cm) | IPS LCD,,"₹17,399"
vivo T4 Lite 64GB,MediaTek Dimensity 6300,4 GB RAM | 64 GB Storage,50 MP + 2 MP Rear Camera,5 MP Front Camera,6000 mAh | 15W Fast Charging,6.74 inches (17.12 cm) | LCD,,"₹16,899"
vivo T3 256GB,MediaTek Dimensity 7200,8 GB RAM | 256 GB Storage,50 MP + 2 MP Rear Camera,16 MP Front Camera,5000 mAh | 44W Flash Charging,6.67 inches (16.94 cm) | AMOLED,"AnTuTu Score 715,922","₹20,499"
realme 11,MediaTek Dimensity 6100 Plus,8 GB RAM | 128 GB Storage,108 MP + 2 MP Rear Camera,16 MP Front Camera,5000 mAh | 67W Super VOOC Charging,6.72 inches (17.07 cm) | IPS LCD,,"₹26,990"
"OPPO A6x 128GB, 6GB RAM",MediaTek Dimensity 6300,6 GB RAM | 128 GB Storage,13 MP Rear Camera,5 MP Front Camera,6500 mAh | 45W Super VOOC Charging,6.75 inches (17.15 cm) | LCD,,"₹24,999"
realme 9 Pro Plus,MediaTek Dimensity 920,6 GB RAM | 128 GB Storage,50 MP + 8 MP + 2 MP Rear Camera,16 MP Front Camera,4500 mAh | 60W Super Dart Charging,6.4 inches (16.26 cm) | Super AMOLED,"AnTuTu Score 505,838","₹24,750"
OPPO Reno15 Pro Mini 512GB,MediaTek Dimensity 8450,12 GB RAM | 512 GB Storage,200 MP + 50 MP + 50 MP Rear Camera,50 MP Front Camera,6200 mAh | 80W Super Charging,6.32 inches (16.05 cm) | AMOLED,,"₹64,999"
Philips S7221 5G 8GB RAM,Unisoc T765,8 GB RAM | 128 GB Storage,64 MP Rear Camera,16 MP Front Camera,5700 mAh,6.67 inches (16.94 cm) | IPS LCD,,"₹22,499"
Xiaomi Mi 11T Pro 5G,Snapdragon 888,8 GB RAM | 128 GB Storage,108 MP + 8 MP + 5 MP Rear Camera,16 MP Front Camera,5000 mAh | 120W Fast Charging,6.67 inches (16.94 cm) | AMOLED,"AnTuTu Score 806,992","₹33,376"
vivo Y21 5G 64GB,MediaTek Dimensity 6300,4 GB RAM | 64 GB Storage,50 MP + 0.08 MP Rear Camera,5 MP Front Camera,6500 mAh | 44W,6.74 inches (17.12 cm) | LCD,,"₹19,499"
realme Narzo 100x 5G 6GB RAM,MediaTek Dimensity 6300,6 GB RAM | 128 GB Storage,50 MP Rear Camera,8 MP Front Camera,8000 mAh | 45W,6.81 inches (17.3 cm) | IPS LCD,,"₹23,999"
realme Narzo Power 256GB,MediaTek Dimensity 7400 Ultra,8 GB RAM | 256 GB Storage,50 MP + 8 MP Rear Camera,16 MP Front Camera,10001 mAh | 80W Ultra Charging,6.8 inches (17.27 cm) | AMOLED,,"₹34,999"
Nothing Phone 3a Lite 256GB,MediaTek Dimensity 7300 Pro,8 GB RAM | 256 GB Storage,50 MP + 8 MP + 2 MP Rear Camera,16 MP Front Camera,5000 mAh | 33W Fast Charging,6.77 inches (17.2 cm) | AMOLED,"AnTuTu Score 907,685","₹30,400"
Motorola Edge 70 Fusion 256 GB 12GB RAM,Snapdragon 7s Gen 4,12 GB RAM | 256 GB Storage,50 MP + 13 MP Rear Camera,32 MP Front Camera,7000 mAh | 68W Turbo Power Charging,6.8 inches (17.27 cm) | Extreme AMOLED,"AnTuTu Score 1,149,292","₹34,699"
Samsung Galaxy A57 5G 12GB RAM,Samsung Exynos 1680,12 GB RAM | 256 GB Storage,50 MP + 12 MP + 5 MP Rear Camera,12 MP Front Camera,5000 mAh | 45W Fast Charging,6.7 inches (17.02 cm) | Super AMOLED Plus,"AnTuTu Score 1,392,494","₹62,999"
iQOO Z11 8GB RAM,MediaTek Dimensity 7500 turbo,8 GB RAM | 128 GB Storage,50 MP + 8 MP Rear Camera,32 MP Front Camera,7050 mAh | 44W Flash Charging,6.83 inches (17.35 cm) | AMOLED,"AnTuTu Score 1,099,769","₹39,999"
realme 16x 5G 6GB RAM 256GB,MediaTek Dimensity 6300,6 GB RAM | 256 GB Storage,50 MP Rear Camera,8 MP Front Camera,7000 mAh | 45W Super VOOC Charging,6.8 inches (17.27 cm) | LCD,"AnTuTu Score 632,291","₹30,999"
OPPO A6 Pro 256GB,MediaTek Dimensity 6300,8 GB RAM | 256 GB Storage,50 MP + 2 MP Rear Camera,16 MP Front Camera,7000 mAh | 80W Super VOOC Charging,6.57 inches (16.69 cm) | Flexible AMOLED,,"₹34,999"
Xiaomi Mi 11X,Snapdragon 870,6 GB RAM | 128 GB Storage,48 MP + 8 MP + 5 MP Rear Camera,20 MP Front Camera,4520 mAh | 33W Fast Charging,6.67 inches (16.94 cm) | AMOLED,"AnTuTu Score 590,138","₹26,999"
Samsung Galaxy A25 5G,Samsung Exynos 1280,8 GB RAM | 128 GB Storage,50 MP + 8 MP + 2 MP Rear Camera,13 MP Front Camera,5000 mAh | 25W Fast Charging,6.5 inches (16.51 cm) | Super AMOLED,,"₹26,999"
POCO C85x 128GB,Unisoc T8300,4.0 GB RAM | 128 GB Storage,32 MP Rear Camera,8 MP Front Camera,6300 mAh | 15W Fast Charging,6.9 inches (17.53 cm) | LCD,,"₹15,542"
"Wobble One 12GB RAM , 256GB",MediaTek Dimensity 7400,12 GB RAM | 256 GB Storage,50 MP + 8 MP + 2 MP Rear Camera,50 MP Front Camera,5000 mAh | 33W,6.67 inches (16.94 cm) | AMOLED,"AnTuTu Score 979,430","₹22,899"
Xiaomi Redmi 15 256GB 8GB RAM,Snapdragon 6s Gen 3,8 GB RAM | 256 GB Storage,50 MP Rear Camera,8 MP Front Camera,7000 mAh | 33W Fast Charging,6.9 inches (17.53 cm) | IPS LCD,,"₹25,499"
POCO F6 512GB,Snapdragon 8s Gen 3,12 GB RAM | 512 GB Storage,50 MP + 8 MP Rear Camera,20 MP Front Camera,5000 mAh | 90W Turbo Charging,6.67 inches (16.94 cm) | AMOLED,,"₹33,999"
"realme P4 Power 256GB, 12GB RAM",MediaTek Dimensity 7400 Ultra,12 GB RAM | 256 GB Storage,50 MP + 8 MP Rear Camera,16 MP Front Camera,10001 mAh | 80W Ultra Charging,6.8 inches (17.27 cm) | AMOLED,,"₹37,999"
realme 16T 8GB RAM 256GB,MediaTek Dimensity 6300,8 GB RAM | 256 GB Storage,50 MP + 2 MP Rear Camera,16 MP Front Camera,8000 mAh | 45W Super VOOC Charging,6.81 inches (17.3 cm) | LCD,,"₹37,999"
POCO X3 Pro,Snapdragon 860,6 GB RAM | 128 GB Storage,48 MP + 8 MP + 2 MP + 2 MP Rear Camera,20 MP Front Camera,5160 mAh | 33W Fast Charging,6.67 inches (16.94 cm) | IPS LCD,"AnTuTu Score 478,897","₹18,999"
Samsung Galaxy A06 5G 128GB,MediaTek Dimensity 6300,4 GB RAM | 128 GB Storage,50 MP + 2 MP Rear Camera,8 MP Front Camera,5000 mAh | 25W Fast Charging,6.7 inches (17.02 cm) | PLS LCD,,"₹11,994"
Samsung Galaxy Z Fold5,Snapdragon 8 Gen 2,12 GB RAM | 256 GB Storage,50 MP + 12 MP + 10 MP Rear Camera,10 MP + 4 MP Front Camera,4400 mAh | 25W Fast Charging,7.6 inches (19.3 cm) | Dynamic AMOLED 2x (Main Display),"AnTuTu Score 1,492,136","₹154,999"
Xiaomi Redmi 17 5G 8GB RAM,Snapdragon 4 Gen 5,8 GB RAM | 128 GB Storage,50 MP + 2 MP Rear Camera,8 MP Front Camera,7900 mAh | 45W Turbo Charging,6.9 inches (17.53 cm) | LCD,,"₹26,999"
vivo X200T 512GB,MediaTek Dimensity 9400 Plus,12 GB RAM | 512 GB Storage,50 MP + 50 MP + 50 MP Rear Camera,32 MP Front Camera,6200 mAh | 90W Flash Charging,6.67 inches (16.94 cm) | AMOLED,"AnTuTu Score 2,821,319","₹69,999"
realme C67 5G,MediaTek Dimensity 6100 Plus,4 GB RAM | 128 GB Storage,50 MP + 2 MP Rear Camera,8 MP Front Camera,5000 mAh | 33W Super VOOC Charging,6.72 inches (17.07 cm) | IPS LCD,"AnTuTu Score 398,977","₹17,999"
POCO M8 Power 5G 8GB RAM,Snapdragon 4 Gen 4,8 GB RAM | 128 GB Storage,50 MP + 2 MP Rear Camera,8 MP Front Camera,8000 mAh | 45W Fast Charging,6.83 inches (17.35 cm) | AMOLED,"AnTuTu Score 619,773","₹26,880"
Samsung Galaxy A55 256GB,Samsung Exynos 1480,8 GB RAM | 256 GB Storage,50 MP + 12 MP + 5 MP Rear Camera,32 MP Front Camera,5000 mAh | 25W Fast Charging,6.6 inches (16.76 cm) | Super AMOLED,"AnTuTu Score 733,093","₹44,999"
Xiaomi Redmi Note 12 Pro Plus 5G,MediaTek Dimensity 1080,8 GB RAM | 256 GB Storage,200 MP + 8 MP + 2 MP Rear Camera,16 MP Front Camera,4980 mAh | 120W Hyper Charging,6.67 inches (16.94 cm) | AMOLED,"AnTuTu Score 487,593","₹33,999"
Samsung Galaxy A17 5G 8GB RAM,Samsung Exynos 1330,8 GB RAM | 128 GB Storage,50 MP + 5 MP + 2 MP Rear Camera,13 MP Front Camera,5000 mAh | 25W Fast Charging,6.7 inches (17.02 cm) | Super AMOLED,"AnTuTu Score 604,677","₹22,499"
Samsung Galaxy S26 512GB,Samsung Exynos 2600 S5E9965,12 GB RAM | 512 GB Storage,50 MP + 12 MP + 10 MP Rear Camera,12 MP Front Camera,4300 mAh | 25W Fast Charging,6.3 inches (16 cm) | Dynamic AMOLED 2x,"AnTuTu Score 3,113,347","₹99,999"
realme C35,Unisoc T616,4 GB RAM | 64 GB Storage,50 MP + 2 MP + 0.3 MP Rear Camera,8 MP Front Camera,5000 mAh | 18W Quick Charging,6.6 inches (16.76 cm) | IPS LCD,"AnTuTu Score 187,040","₹9,999"
realme 12 Pro 12GB RAM,Snapdragon 6 Gen 1,12 GB RAM | 256 GB Storage,50 MP + 8 MP + 32 MP Rear Camera,16 MP Front Camera,5000 mAh | 67W Super VOOC Charging,6.7 inches (17.02 cm) | AMOLED,,"₹22,999"
POCO X8 Power 5G 256GB,Snapdragon 6 Gen 5,8 GB RAM | 256 GB Storage,50 MP + 8 MP Rear Camera,32 MP Front Camera,10000 mAh | 100W Hyper Charging,6.83 inches (17.35 cm) | AMOLED,,"₹38,999"
Nokia G20,MediaTek Helio G35,4 GB RAM | 64 GB Storage,48 MP + 5 MP + 2 MP + 2 MP Rear Camera,8 MP Front Camera,5050 mAh | 10W,6.5 inches (16.51 cm) | IPS LCD,"AnTuTu Score 113,513","₹12,999"
OPPO Reno10 Pro+ 5G,Snapdragon 8 Plus Gen 1,12GB RAM + 256GB ROM,50 MP + 8 MP + 64 MP Rear Camera,32MP Front Camera,4700 mAh | 100W SuperVOOC™ Charging,6.74 inches (17.12 cm) | AMOLED,"AnTuTu Score 1,076,839","₹59,999"
realme P4 8GB RAM,MediaTek Dimensity 7400 Ultra,8 GB RAM | 128 GB Storage,50 MP + 8 MP Rear Camera,16 MP Front Camera,7000 mAh | 80W Ultra Charging,6.77 inches (17.2 cm) | Hyper Glow AMOLED,,"₹29,699"
OPPO A6c 4G 128GB,Unisoc T7250,4 GB RAM | 128 GB Storage,13 MP Rear Camera,5 MP Front Camera,7000 mAh | 15W,6.75 inches (17.15 cm) | LCD,,"₹16,999"
vivo Y16 3GB RAM,MediaTek Helio P35,3 GB RAM | 64 GB Storage,13 MP + 2 MP Rear Camera,5 MP Front Camera,5000 mAh | 10W,6.51 inches (16.54 cm) | IPS LCD,,"₹10,999"
Tecno Camon Slim 4G,MediaTek Helio G200 Ultimate,8 GB RAM | 256 GB Storage,50 MP + 2 MP Rear Camera,32 MP Front Camera,5600 mAh | 60W Ultra Charging,6.78 inches (17.22 cm) | AMOLED,,
VOX Mobile V10,,105 KB Storage,0.3 MP Rear Camera,,800 mAh,3.6 inches (9.14 cm) | LCD,,₹809
vivo X Fold 3 Pro,Snapdragon 8 Gen 3,16 GB RAM | 512 GB Storage,50 MP + 50 MP + 64 MP Rear Camera,32 MP + 32 MP Front Camera,5700 mAh | 100W Flash Charging,8.03 inches (20.4 cm) | AMOLED (Main Display),"AnTuTu Score 2,072,167","₹124,999"
POCO M7 8GB RAM,Snapdragon 4 Gen 2,8 GB RAM | 128 GB Storage,50 MP Rear Camera,8 MP Front Camera,5160 mAh | 18W Fast Charging,6.88 inches (17.48 cm) | IPS LCD,"AnTuTu Score 436,798","₹13,499"
Infinix Smart 10,Unisoc T7250,4 GB RAM | 64 GB Storage,8 MP Rear Camera,8 MP Front Camera,5000 mAh | 15W Fast Charging,6.67 inches (16.94 cm) | IPS LCD,"AnTuTu Score 272,128","₹11,885"
Nothing Phone 4a Pro 256GB,Snapdragon 7 Gen 4,8 GB RAM | 256 GB Storage,50 MP + 50 MP + 8 MP Rear Camera,32 MP Front Camera,5400 mAh | 50W,6.83 inches (17.35 cm) | AMOLED,"AnTuTu Score 1,411,440","₹48,830"
POCO M2 Pro,Snapdragon 720G,4 GB RAM | 64 GB Storage,48 MP + 8 MP + 5 MP + 2 MP Rear Camera,16 MP Front Camera,5000 mAh | 33W Fast Charging,6.67 inches (16.94 cm) | IPS LCD,"AnTuTu Score 276,927","₹16,990"
iQOO 15R 12GB RAM,Snapdragon 8 Gen 5,12 GB RAM | 256 GB Storage,50 MP + 8 MP Rear Camera,32 MP Front Camera,7600 mAh | 100W Super Flash Charging,6.59 inches (16.74 cm) | AMOLED,,"₹56,990"
Tecno Pova Curve 2 256GB,MediaTek Dimensity 7100,8 GB RAM | 256 GB Storage,50 MP + 2 MP Rear Camera,13 MP Front Camera,8000 mAh | 45W Fast Charging,6.78 inches (17.22 cm) | AMOLED,,"₹33,999"
HMD 130 Music,,8 MB RAM | 8 MB Storage,,,2500 mAh,2.4 inches (6.1 cm) | TFT,,"₹1,699"
Ai+ Nova 2 Ultra 5G 8GB RAM,MediaTek Dimensity 7400,8 GB RAM | 128 GB Storage,50 MP + 8 MP Rear Camera,13 MP Front Camera,6000 mAh | 33W,6.78 inches (17.22 cm) | AMOLED,,"₹22,999"
POCO C81x 4G,Unisoc T7250,3 GB RAM | 64 GB Storage,13 MP Rear Camera,8 MP Front Camera,5200 mAh | 15W,6.88 inches (17.48 cm) | IPS LCD,,"₹10,990"
Samsung Galaxy M32 128GB,MediaTek Helio G80,6 GB RAM | 128 GB Storage,64 MP + 8 MP + 2 MP + 2 MP Rear Camera,20 MP Front Camera,6000 mAh | 15W Fast Charging,6.4 inches (16.26 cm) | Super AMOLED,AnTuTu Score 0,"₹15,399"
Samsung Galaxy A12,MediaTek Helio P35,4 GB RAM | 64 GB Storage,48 MP + 5 MP + 2 MP + 2 MP Rear Camera,8 MP Front Camera,5000 mAh | 15W Fast Charging,6.5 inches (16.51 cm) | PLS TFT LCD,"AnTuTu Score 109,789","₹12,649"
Xiaomi Redmi 9 Power,Snapdragon 662,4 GB RAM | 64 GB Storage,48 MP + 8 MP + 2 MP + 2 MP Rear Camera,8 MP Front Camera,6000 mAh | 18W Fast Charging,6.53 inches (16.59 cm) | IPS LCD,"AnTuTu Score 177,786","₹13,999"
realme P4s 5G 256GB,MediaTek Dimensity 7400 Ultra,8 GB RAM | 256 GB Storage,50 MP + 8 MP Rear Camera,16 MP Front Camera,8000 mAh | 80W Super Charging,6.78 inches (17.22 cm) | AMOLED,"AnTuTu Score 973,111","₹37,999"
realme C31,Unisoc T612,3 GB RAM | 32 GB Storage,13 MP + 2 MP + 0.3 MP Rear Camera,5 MP Front Camera,5000 mAh | 10W,6.5 inches (16.51 cm) | IPS LCD,"AnTuTu Score 205,322","₹10,990"
Samsung Galaxy A36 256GB 12GB RAM,Snapdragon 6 Gen 3,12 GB RAM | 256 GB Storage,50 MP + 8 MP + 5 MP Rear Camera,12 MP Front Camera,5000 mAh | 45W Super Fast Charging,6.7 inches (17.02 cm) | Super AMOLED,"AnTuTu Score 655,225","₹41,999"
iQOO 9 Pro 5G 12GB RAM,Snapdragon 8 Gen 1,12 GB RAM | 256 GB Storage,50 MP + 50 MP + 16 MP Rear Camera,16 MP Front Camera,4700 mAh | 120W Flash Charging,6.78 inches (17.22 cm) | AMOLED,AnTuTu Score 0,"₹49,999"
Apple iPhone 17 512GB,Apple A19,8 GB RAM | 512 GB Storage,48 MP + 48 MP Rear Camera,18 MP Front Camera,3692 mAh | 40W Fast Charging,6.3 inches (16 cm) | Super Retina XDR OLED,"AnTuTu Score 2,250,422","₹102,900"
iQOO Z11 Lite 5G 6GB RAM,MediaTek Dimensity 6300,6 GB RAM | 128 GB Storage,50 MP + 2 MP Rear Camera,5 MP Front Camera,6500 mAh | 44W,6.74 inches (17.12 cm) | IPS LCD,"AnTuTu Score 574,553","₹22,499"
Moto G67 Power 256GB,Snapdragon 7s Gen 2,8 GB RAM | 256 GB Storage,50 MP + 8 MP Rear Camera,32 MP Front Camera,7000 mAh | 30W Turbo Power Charging,6.7 inches (17.02 cm) | LCD,,"₹27,972"
Motorola Edge 50 Pro 5G 12GB RAM,Snapdragon 7 Gen 3,12 GB RAM | 256 GB Storage,50 MP + 13 MP + 10 MP Rear Camera,50 MP Front Camera,4500 mAh | 125W Turbo Power Charging,6.7 inches (17.02 cm) | P-OLED,"AnTuTu Score 827,231","₹31,890"
Infinix Note Edge 256GB,MediaTek Dimensity 7100,8 GB RAM | 256 GB Storage,50 MP Rear Camera,13 MP Front Camera,6500 mAh | 45W,6.78 inches (17.22 cm) | LTPS AMOLED,,"₹28,980"
realme GT 7 512GB,MediaTek Dimensity 9400e,12 GB RAM | 512 GB Storage,50 MP + 8 MP + 50 MP Rear Camera,32 MP Front Camera,7000 mAh | 120W Ultra Charging,6.78 inches (17.22 cm) | LTPO AMOLED,"AnTuTu Score 2,125,733","₹48,999"
realme Narzo 100x 5G 256GB 6GB RAM,MediaTek Dimensity 6300,6 GB RAM | 256 GB Storage,50 MP Rear Camera,8 MP Front Camera,8000 mAh | 45W,6.81 inches (17.3 cm) | IPS LCD,,"₹26,999"
Xiaomi Redmi Note 14 Pro 256GB,MediaTek Dimensity 7300 Ultra,8 GB RAM | 256 GB Storage,50 MP + 8 MP + 2 MP Rear Camera,20 MP Front Camera,5500 mAh | 45W Hyper Charging,6.67 inches (16.94 cm) | AMOLED,,"₹27,985"
Moto G06,MediaTek Helio G81 Extreme,4 GB RAM | 64 GB Storage,50 MP Rear Camera,8 MP Front Camera,5100 mAh,6.88 inches (17.48 cm) | LCD,,"₹13,133"
Infinix Smart 20 4G 4GB 128GB RAM,MediaTek Helio G81 Ultimate,4 GB RAM | 128 GB Storage,8 MP Rear Camera,8 MP Front Camera,5200 mAh | 15W,6.78 inches (17.22 cm) | IPS LCD,"AnTuTu Score 366,645","₹13,890"
POCO M8x 5G 6GB RAM,Snapdragon 4 Gen 5,6 GB RAM | 128 GB Storage,50 MP Rear Camera,8 MP Front Camera,7900 mAh | 33W Fast Charging,6.9 inches (17.53 cm) | LCD,"AnTuTu Score 653,645","₹24,999"
Moto g52,Snapdragon 680,4 GB RAM | 64 GB Storage,50 MP + 8 MP + 2 MP Rear Camera,16 MP Front Camera,5000 mAh | 33W Turbo Power Charging,6.6 inches (16.76 cm) | P-OLED,AnTuTu Score 0,"₹13,990"
POCO M4 Pro,MediaTek Helio G96,6 GB RAM | 64 GB Storage,64 MP + 8 MP + 2 MP Rear Camera,16 MP Front Camera,5000 mAh | 33W Fast Charging,6.43 inches (16.33 cm) | AMOLED,"AnTuTu Score 309,983","₹13,999"
Samsung Galaxy A54 5G 256GB,Samsung Exynos 1380,8 GB RAM | 256 GB Storage,50 MP + 12 MP + 5 MP Rear Camera,32 MP Front Camera,5000 mAh | 25W Fast Charging,6.4 inches (16.26 cm) | Super AMOLED,"AnTuTu Score 509,330","₹34,999"
Apple iPhone 17 Pro Max 2TB,Apple A19 Pro,12 GB RAM | 2 TB Storage,48 MP + 48 MP + 48 MP Rear Camera,18 MP Front Camera,4832 mAh | 40W Fast Charging,6.9 inches (17.53 cm) | Super Retina XDR OLED,"AnTuTu Score 2,521,699","₹227,900"
OPPO Find X9s 512GB,MediaTek Dimensity 9500s,12 GB RAM | 512 GB Storage,50 MP + 50 MP + 50 MP Rear Camera,32 MP Front Camera,7025 mAh | 80W Super VOOC Charging,6.59 inches (16.74 cm) | LTPS AMOLED,,"₹94,999"
realme Narzo 80 Lite 4G,Unisoc T7250,4 GB RAM | 64 GB Storage,13 MP Rear Camera,5 MP Front Camera,6300 mAh | 15W VOOC Charging,6.74 inches (17.12 cm) | IPS LCD,,"₹13,999"
OnePlus 15R 512GB,Snapdragon 8 Gen 5,12 GB RAM | 512 GB Storage,50 MP + 8 MP Rear Camera,32 MP Front Camera,7400 mAh | 80W Super Charging,6.83 inches (17.35 cm) | AMOLED,"AnTuTu Score 2,957,229","₹70,999"
OPPO Reno8 Pro 5G,MediaTek Dimensity 8100 Max,12 GB RAM | 256 GB Storage,50 MP + 8 MP + 2 MP Rear Camera,32 MP Front Camera,4500 mAh | 80W Super VOOC Charging,6.7 inches (17.02 cm) | AMOLED,"AnTuTu Score 720,632","₹35,900"
OPPO F27 Pro Plus 256GB,MediaTek Dimensity 7050,8 GB RAM | 256 GB Storage,64 MP + 2 MP Rear Camera,8 MP Front Camera,5000 mAh | 67W Super VOOC Charging,6.7 inches (17.02 cm) | AMOLED,"AnTuTu Score 544,538","₹34,999"
POCO X5,Snapdragon 695,6 GB RAM | 128 GB Storage,48 MP + 8 MP + 2 MP Rear Camera,13 MP Front Camera,5000 mAh | 33W Fast Charging,6.67 inches (16.94 cm) | Super AMOLED,AnTuTu Score 0,"₹20,999"
Moto G47 5G,MediaTek Dimensity 6300,8 GB RAM | 128 GB Storage,108 MP + 2 MP Rear Camera,8 MP Front Camera,5200 mAh | 20W,6.67 inches (16.94 cm) | IPS LCD,,
realme GT 7T 12GB RAM,MediaTek Dimensity 8400 Max,12 GB RAM | 256 GB Storage,50 MP + 8 MP Rear Camera,32 MP Front Camera,7000 mAh | 120W Super VOOC Charging,6.8 inches (17.27 cm) | AMOLED,"AnTuTu Score 1,761,804","₹41,499"
Samsung Galaxy M06 64GB,MediaTek Dimensity 6300,4 GB RAM | 64 GB Storage,50 MP + 2 MP Rear Camera,8 MP Front Camera,5000 mAh | 25W Fast Charging,6.7 inches (17.02 cm) | PLS LCD,,"₹14,589"
Tecno Spark 50 Pro 4G,MediaTek Helio G100 Ultimate,8 GB RAM | 256 GB Storage,50 MP Rear Camera,8 MP Front Camera,5600 mAh | 60W Super Charging,6.78 inches (17.22 cm) | IPS LCD,,
realme P4 Pro 256GB 12GB RAM,Snapdragon 7 Gen 4,12 GB RAM | 256 GB Storage,50 MP + 8 MP Rear Camera,50 MP Front Camera,7000 mAh | 80W Ultra Charging,6.8 inches (17.27 cm) | AMOLED,,"₹32,999"
OPPO A38,MediaTek Helio G85,4 GB RAM | 128 GB Storage,50 MP + 2 MP Rear Camera,5 MP Front Camera,5000 mAh | 33W Super VOOC Charging,6.56 inches (16.66 cm) | IPS LCD,,"₹16,490"
Samsung Galaxy S25 Ultra 1TB,Snapdragon 8 Elite,12 GB RAM | 1 TB Storage,200 MP + 50 MP + 10 MP + 50 MP Rear Camera,12 MP Front Camera,5000 mAh | 45W Fast Charging,6.9 inches (17.53 cm) | Dynamic AMOLED 2x,"AnTuTu Score 2,209,231","₹165,999"
Xiaomi 12 Pro 12GB RAM,Snapdragon 8 Gen 1,12 GB RAM | 256 GB Storage,50 MP + 50 MP + 50 MP Rear Camera,32 MP Front Camera,4600 mAh | 120W Hyper Charging,6.73 inches (17.09 cm) | AMOLED,AnTuTu Score 0,"₹44,999"
Samsung Galaxy A27 5G 8GB RAM,Snapdragon 6 Gen 3,8 GB RAM | 128 GB Storage,50 MP + 5 MP + 2 MP Rear Camera,12 MP Front Camera,5000 mAh | 25W Fast Charging,6.7 inches (17.02 cm) | Super AMOLED,"AnTuTu Score 845,601","₹34,990"
Samsung Galaxy F17 8GB RAM,Samsung Exynos 1330,8 GB RAM | 128 GB Storage,50 MP + 5 MP + 2 MP Rear Camera,13 MP Front Camera,5000 mAh | 25W Fast Charging,6.7 inches (17.02 cm) | Super AMOLED,,"₹24,999"
Motorola Edge 70 Plus 5G,Snapdragon 7s Gen 3,8 GB RAM | 128 GB Storage,200 MP + 2 MP Rear Camera,32 MP Front Camera,6500 mAh | 45W Turbo Charging,6.78 inches (17.22 cm) | AMOLED,,
"vivo V70 FE 256GB, 12GB RAM",MediaTek Dimensity 7360 Turbo,12 GB RAM | 256 GB Storage,200 MP + 8 MP Rear Camera,50 MP Front Camera,7000 mAh | 90W Flash Charging,6.83 inches (17.35 cm) | AMOLED,"AnTuTu Score 990,352","₹46,999"
realme P4R 6GB 256GB,MediaTek Dimensity 6300,6 GB RAM | 256 GB Storage,50 MP Rear Camera,8 MP Front Camera,8000 mAh | 45W Super VOOC Charging,6.8 inches (17.27 cm) | LCD,,"₹26,999"
realme 16 256GB,MediaTek Dimensity 6400 Turbo,8 GB RAM | 256 GB Storage,50 MP + 2 MP Rear Camera,50 MP Front Camera,7000 mAh | 60W Fast Charging,6.57 inches (16.69 cm) | Flexible AMOLED,,"₹39,999"
Lava Shark 5G,Unisoc T765,4 GB RAM | 64 GB Storage,13 MP Rear Camera,5 MP Front Camera,5000 mAh | 10W,6.75 inches (17.15 cm) | IPS LCD,"AnTuTu Score 387,657","₹14,999"
Samsung Galaxy Z Fold7 512GB,Snapdragon 8 Elite,12 GB RAM | 512 GB Storage,200 MP + 12 MP + 10 MP Rear Camera,10 MP Front Camera,4400 mAh | 25W Fast Charging,8.0 inches (20.32 cm) | Dynamic AMOLED 2x (Main Display),,"₹186,999"
MTR GT,,,0.3 MP Rear Camera,,3000 mAh,2.8 inches (7.11 cm) | TFT,,"₹2,000"
Xiaomi Redmi Note 15 SE 5G 8GB RAM,Snapdragon 6 Gen 3,8 GB RAM | 128 GB Storage,50 MP + 2 MP Rear Camera,20 MP Front Camera,5800 mAh | 45W Turbo Charging,6.77 inches (17.2 cm) | AMOLED,,"₹25,610"
Moto G72,MediaTek Helio G99,6 GB RAM | 128 GB Storage,108 MP + 8 MP + 2 MP Rear Camera,16 MP Front Camera,5000 mAh | 33W Turbo Charging,6.55 inches (16.64 cm) | P-OLED,"AnTuTu Score 356,181","₹18,999"
Xiaomi Mi 11 Lite,Snapdragon 732G,6 GB RAM | 128 GB Storage,64 MP + 8 MP + 5 MP Rear Camera,16 MP Front Camera,4250 mAh | 33W Fast Charging,6.55 inches (16.64 cm) | AMOLED,"AnTuTu Score 288,316","₹21,999"
iQOO Z11 12GB RAM 256GB,MediaTek Dimensity 7500 turbo,12 GB RAM | 256 GB Storage,50 MP + 8 MP Rear Camera,32 MP Front Camera,7050 mAh | 44W Flash Charging,6.83 inches (17.35 cm) | AMOLED,"AnTuTu Score 1,099,769","₹49,999"
Nokia 3210 2024,Unisoc T107,64 MB RAM | 128 MB Storage,2 MP Rear Camera,,1450 mAh,2.4 inches (6.1 cm) | TFT,,"₹4,149"
Motorola Edge 20,Snapdragon 778G,8 GB RAM | 128 GB Storage,108 MP + 16 MP + 8 MP Rear Camera,32 MP Front Camera,4000 mAh | 30W Turbo Power Charging,6.7 inches (17.02 cm) | OLED,"AnTuTu Score 523,825","₹25,700"
Xiaomi Mi 11T Pro 5G 256GB,Snapdragon 888,8 GB RAM | 256 GB Storage,108 MP + 8 MP + 5 MP Rear Camera,16 MP Front Camera,5000 mAh | 120W Fast Charging,6.67 inches (16.94 cm) | AMOLED,"AnTuTu Score 806,992","₹36,246"
"OPPO K14x 5G 128GB, 4GB RAM",MediaTek Dimensity 6300,4 GB RAM | 128 GB Storage,50 MP + 2 MP Rear Camera,5 MP Front Camera,6500 mAh | 45W Super VOOC Charging,6.75 inches (17.15 cm) | LCD,,"₹19,100"
Alcatel V3 Classic,MediaTek Dimensity 6300,4 GB RAM | 128 GB Storage,50 MP + 0.08 MP Rear Camera,8 MP Front Camera,5200 mAh | 18W Fast Charging,6.67 inches (16.94 cm) | IPS LCD,,"₹13,790"
Samsung Galaxy M13,Samsung Exynos 850,4 GB RAM | 64 GB Storage,50 MP + 5 MP + 2 MP Rear Camera,8 MP Front Camera,6000 mAh | 15W Fast Charging,6.6 inches (16.76 cm) | PLS LCD,,"₹9,649"
realme 8s 5G,MediaTek Dimensity 810,6 GB RAM | 128 GB Storage,64 MP + 2 MP + 2 MP Rear Camera,16 MP Front Camera,5000 mAh | 33W Dart Charging,6.5 inches (16.51 cm) | IPS LCD,"AnTuTu Score 385,942","₹17,999"
OnePlus 7,Snapdragon 855,6 GB RAM | 128 GB Storage,48 MP + 5 MP Rear Camera,16 MP Front Camera,3700 mAh | 20W Dash Charging,6.41 inches (16.28 cm) | Optic AMOLED,"AnTuTu Score 369,292","₹32,999"
Google Pixel 11 Pro XL 16GB RAM 512GB,Google Tensor G6,16 GB RAM | 512 GB Storage,50 MP + 48 MP + 48 MP Rear Camera,42 MP Front Camera,5115 mAh | 45W Quick Charging,6.8 inches (17.27 cm) | LTPO OLED,"AnTuTu Score 1,856,183","₹149,999"
Micromax X1i Flip,MediaTek,32 MB RAM | 32 MB Storage,0.08 MP Rear Camera,,1200 mAh,2.4 inches (6.1 cm) | TFT,,"₹1,508"
OPPO A6i,MediaTek Dimensity 6300,4 GB RAM | 128 GB Storage,50 MP + 2 MP Rear Camera,8 MP Front Camera,6000 mAh | 45W Super Charging,6.67 inches (16.94 cm) | IPS LCD,,
vivo Y22 2022,MediaTek Helio G70,4 GB RAM | 64 GB Storage,50 MP + 2 MP Rear Camera,8 MP Front Camera,5000 mAh | 18W Fast Charging,6.55 inches (16.64 cm) | IPS LCD,,"₹14,499"
realme X,Snapdragon 710,4 GB RAM | 128 GB Storage,48 MP + 5 MP Rear Camera,16 MP Front Camera,3765 mAh | 20W VOOC Charging,6.53 inches (16.59 cm) | AMOLED,"AnTuTu Score 156,669","₹17,999"
Lava Agni 3 5G 256GB,MediaTek Dimensity 7300X,8 GB RAM | 256 GB Storage,50 MP + 8 MP + 8 MP Rear Camera,16 MP Front Camera,5000 mAh | 66W Fast Charging,6.78 inches (17.22 cm) | AMOLED (Main Display),"AnTuTu Score 676,483","₹23,598"
vivo V40 Pro 512GB,MediaTek Dimensity 9200 Plus,12 GB RAM | 512 GB Storage,50 MP + 50 MP + 50 MP Rear Camera,50 MP Front Camera,5500 mAh | 80W Flash Charging,6.78 inches (17.22 cm) | AMOLED,"AnTuTu Score 1,524,110","₹55,999"
realme 16x 5G 6GB RAM,MediaTek Dimensity 6300,6 GB RAM | 128 GB Storage,50 MP Rear Camera,8 MP Front Camera,7000 mAh | 45W Super VOOC Charging,6.8 inches (17.27 cm) | LCD,"AnTuTu Score 632,291","₹27,999"
Xiaomi 11i HyperCharge,MediaTek Dimensity 920,6 GB RAM | 128 GB Storage,108 MP + 8 MP + 2 MP Rear Camera,16 MP Front Camera,4500 mAh | 120W Fast Charging,6.67 inches (16.94 cm) | AMOLED,"AnTuTu Score 429,251","₹25,990"
realme 12x 8GB RAM,MediaTek Dimensity 6100 Plus,8 GB RAM | 128 GB Storage,50 MP + 2 MP Rear Camera,8 MP Front Camera,5000 mAh | 45W Super VOOC Charging,6.72 inches (17.07 cm) | IPS LCD,"AnTuTu Score 418,175","₹13,499"
vivo Y05e 4G,Unisoc T7225,4 GB RAM | 64 GB Storage,8 MP Rear Camera,5 MP Front Camera,5150 mAh | 15W,6.74 inches (17.12 cm) | LCD,,
realme 14 Pro Plus 512GB,Snapdragon 7s Gen 3,12 GB RAM | 512 GB Storage,50 MP + 8 MP + 50 MP Rear Camera,32 MP Front Camera,6000 mAh | 80W Super VOOC Charging,6.83 inches (17.35 cm) | OLED,,"₹37,999"
realme 8 6GB RAM,MediaTek Helio G95,6 GB RAM | 128 GB Storage,64 MP + 8 MP + 2 MP + 2 MP Rear Camera,16 MP Front Camera,5000 mAh | 30W Dart Charging,6.4 inches (16.26 cm) | Super AMOLED,AnTuTu Score 0,"₹14,499"
Samsung Galaxy M12 128GB,Samsung Exynos 8 Octa 850,6 GB RAM | 128 GB Storage,48 MP + 5 MP + 2 MP + 2 MP Rear Camera,8 MP Front Camera,6000 mAh | 15W Fast Charging,6.5 inches (16.51 cm) | PLS TFT LCD,"AnTuTu Score 127,746","₹10,899"
OPPO Reno15 12GB RAM,Snapdragon 7 Gen 4,12 GB RAM | 256 GB Storage,50 MP + 8 MP + 50 MP Rear Camera,50 MP Front Camera,6500 mAh | 80W Super VOOC Charging,6.59 inches (16.74 cm) | LTPS AMOLED,"AnTuTu Score 1,394,716","₹50,999"
Xiaomi Redmi Note 15 Pro Plus 12GB RAM,Snapdragon 7s Gen 4,12 GB RAM | 256 GB Storage,200 MP + 8 MP Rear Camera,32 MP Front Camera,6500 mAh | 100W Fast Charging,6.83 inches (17.35 cm) | AMOLED,,"₹41,999"
Tecno Phantom V Flip,MediaTek Dimensity 8050,8 GB RAM | 256 GB Storage,64 MP + 13 MP Rear Camera,32 MP Front Camera,4000 mAh | 45W Fast Charging,6.9 inches (17.53 cm) | AMOLED (Main Display),"AnTuTu Score 666,056","₹39,999"
Motorola Razr 50 Ultra,Snapdragon 8s Gen 3,12 GB RAM | 512 GB Storage,50 MP + 50 MP Rear Camera,32 MP Front Camera,4000 mAh | 45W Turbo Power Charging,"Main Display: 6.9 inches pOLED, 3000 nits, 165 Hz refresh rate | External Display: 4 inches LTPO, 2400nits pOLED, 165Hz refresh rate","AnTuTu Score 1,408,183","₹64,811"
Samsung Galaxy Z Flip 3,Snapdragon 888,8 GB RAM | 128 GB Storage,12 MP + 12 MP Rear Camera,10 MP Front Camera,3300 mAh | 15W Fast Charging,6.7 inches (17.02 cm) | Dynamic AMOLED (Main Display),"AnTuTu Score 675,661","₹49,999"
Tecno Pova 8 Pro 12GB RAM 512GB,MediaTek Dimensity 7400 Ultimate,12 GB RAM | 512 GB Storage,50 MP + 8 MP Rear Camera,13 MP Front Camera,6500 mAh | 45W Super Charging,6.78 inches (17.22 cm) | AMOLED,"AnTuTu Score 792,798","₹54,999"
vivo V60 512GB 16GB RAM,Snapdragon 7 Gen 4,16 GB RAM | 512 GB Storage,50 MP + 8 MP + 50 MP Rear Camera,50 MP Front Camera,6500 mAh | 90W Flash Charging,6.77 inches (17.2 cm) | AMOLED,"AnTuTu Score 1,006,885","₹48,990"
Moto G31,MediaTek Helio G85,4 GB RAM | 64 GB Storage,50 MP + 8 MP + 2 MP Rear Camera,13 MP Front Camera,5000 mAh | 20W,6.4 inches (16.26 cm) | AMOLED,"AnTuTu Score 194,210","₹14,590"
realme P3 Ultra 12GB RAM,MediaTek Dimensity 8350 Ultra,12 GB RAM | 256 GB Storage,50 MP + 8 MP Rear Camera,16 MP Front Camera,6000 mAh | 80W Super VOOC Charging,6.83 inches (17.35 cm) | AMOLED,,"₹32,499"
Samsung Galaxy F13,Samsung Exynos 8 Octa 850,4 GB RAM | 64 GB Storage,50 MP + 5 MP + 2 MP Rear Camera,8 MP Front Camera,6000 mAh | 15W Fast Charging,6.6 inches (16.76 cm) | PLS LCD,"AnTuTu Score 135,739","₹10,999"
Lava Yuva Star 3,Unisoc SC9863A,4 GB RAM | 64 GB Storage,13 MP Rear Camera,5 MP Front Camera,5000 mAh,6.75 inches (17.15 cm) | IPS LCD,,"₹12,499"
realme C30 3GB RAM,Unisoc T612,3 GB RAM | 32 GB Storage,8 MP Rear Camera,5 MP Front Camera,5000 mAh | 10W,6.5 inches (16.51 cm) | IPS LCD,"AnTuTu Score 177,251","₹10,990"
vivo Y6a,Snapdragon 4 Gen 2,8.0 GB RAM | 256 GB Storage,50 MP Rear Camera,8 MP Front Camera,7200 mAh | 44W Fast Charging,6.75 inches (17.15 cm) | LCD,,
POCO M8 8GB RAM,Snapdragon 6 Gen 3,8 GB RAM | 128 GB Storage,50 MP + 2 MP Rear Camera,20 MP Front Camera,5520 mAh | 45W Fast Charging,6.77 inches (17.2 cm) | Flow AMOLED,"AnTuTu Score 862,268","₹26,999"
POCO C65 256GB,MediaTek Helio G85,8 GB RAM | 256 GB Storage,50 MP + 2 MP Rear Camera,8 MP Front Camera,5000 mAh | 18W Fast Charging,6.74 inches (17.12 cm) | IPS LCD,"AnTuTu Score 238,770","₹10,999"
Infinix Hot 60i,MediaTek Helio G81 Ultimate,4 GB RAM | 128 GB Storage,50 MP Rear Camera,8 MP Front Camera,5160 mAh | 45W Fast Charging,6.7 inches (17.02 cm) | IPS LCD,,
"realme 16 Pro Plus 256GB, 12GB RAM",Snapdragon 7 Gen 4,12 GB RAM | 256 GB Storage,200 MP + 50 MP + 8 MP Rear Camera,50 MP Front Camera,7000 mAh | 80W Ultra Charging,6.8 inches (17.27 cm) | AMOLED,"AnTuTu Score 1,434,981","₹56,599"
Nothing Phone 3a Pro 12GB RAM,Snapdragon 7s Gen 3,12 GB RAM | 256 GB Storage,50 MP + 8 MP + 50 MP Rear Camera,50 MP Front Camera,5000 mAh | 50W Fast Charging,6.77 inches (17.2 cm) | Flexible AMOLED,"AnTuTu Score 809,554","₹34,999"
Xiaomi Redmi Note 11 SE,MediaTek Helio G95,6 GB RAM | 64 GB Storage,64 MP + 8 MP + 2 MP + 2 MP Rear Camera,13 MP Front Camera,5000 mAh | 33W Fast Charging,6.43 inches (16.33 cm) | Super AMOLED,,"₹16,490"
Samsung Galaxy F22,MediaTek Helio G80,4 GB RAM | 64 GB Storage,48 MP + 8 MP + 2 MP + 2 MP Rear Camera,13 MP Front Camera,6000 mAh | 15W Fast Charging,6.4 inches (16.26 cm) | Super AMOLED,"AnTuTu Score 183,262","₹9,149"
Samsung Galaxy M21 2021,Samsung Exynos 9 Octa 9611,4 GB RAM | 64 GB Storage,48 MP + 8 MP + 5 MP Rear Camera,20 MP Front Camera,6000 mAh | 15W Fast Charging,6.4 inches (16.26 cm) | Super AMOLED,,"₹11,399"
"POCO M8 256GB, 8GB RAM",Snapdragon 6 Gen 3,8 GB RAM | 256 GB Storage,50 MP + 2 MP Rear Camera,20 MP Front Camera,5520 mAh | 45W Fast Charging,6.77 inches (17.2 cm) | Flow AMOLED,"AnTuTu Score 862,268","₹27,934"
OPPO F31 Pro 256GB,MediaTek Dimensity 7300 Energy,8 GB RAM | 128 GB Storage,50 MP + 2 MP Rear Camera,32 MP Front Camera,7000 mAh | 80W Super VOOC Charging,6.57 inches (16.69 cm) | AMOLED,,"₹27,999"
Xiaomi Redmi 15 8GB RAM,Snapdragon 6s Gen 3,8 GB RAM | 128 GB Storage,50 MP Rear Camera,8 MP Front Camera,7000 mAh | 33W Fast Charging,6.9 inches (17.53 cm) | IPS LCD,,"₹23,499"
POCO X3,Snapdragon 732G,6 GB RAM | 64 GB Storage,64 MP + 13 MP + 2 MP + 2 MP Rear Camera,20 MP Front Camera,6000 mAh | 33W Quick Charging,6.67 inches (16.94 cm) | IPS LCD,"AnTuTu Score 282,092","₹15,990"
OnePlus Nord 5 12GB RAM,Snapdragon 8s Gen 3,12 GB RAM | 256 GB Storage,50 MP + 8 MP Rear Camera,50 MP Front Camera,6800 mAh | 80W Super VOOC Charging,6.83 inches (17.35 cm) | Swift AMOLED,"AnTuTu Score 1,481,616","₹48,999"
Acer Sospiro A15 4G,Unisoc T615,6 GB RAM | 128 GB Storage,64 MP Rear Camera,16 MP Front Camera,5000 mAh | 18W Fast Charging,6.67 inches (16.94 cm) | IPS LCD (Main Display),,
Samsung Galaxy F55 5G 12GB RAM,Snapdragon 7 Gen 1,12 GB RAM | 256 GB Storage,50 MP + 8 MP + 2 MP Rear Camera,50 MP Front Camera,5000 mAh | 45W Fast Charging,6.7 inches (17.02 cm) | Super AMOLED Plus,,"₹21,350"
vivo V50 256GB,Snapdragon 7 Gen 3,8 GB RAM | 256 GB Storage,50 MP + 50 MP Rear Camera,50 MP Front Camera,6000 mAh | 90W Flash Charging,6.77 inches (17.2 cm) | AMOLED,"AnTuTu Score 821,023","₹34,999"
Samsung Galaxy M13 5G,MediaTek Dimensity 700,4 GB RAM | 64 GB Storage,50 MP + 2 MP Rear Camera,5 MP Front Camera,5000 mAh | 15W Fast Charging,6.5 inches (16.51 cm) | PLS LCD,AnTuTu Score 0,"₹11,649"
POCO C75 128GB,Snapdragon 4s Gen 2,4 GB RAM | 128 GB Storage,50 MP Rear Camera,5 MP Front Camera,5160 mAh | 18W Fast Charging,6.88 inches (17.48 cm) | IPS LCD,,"₹11,499"
Motorola Razr 70 Plus,Snapdragon 8s Gen 3,,50 MP + 50 MP Rear Camera,32 MP Front Camera,4500 mAh | 45W Turbo Power Charging,6.9 inches (17.53 cm) | Extreme AMOLED (Main Display),,
POCO X8 Pro 12GB RAM,MediaTek Dimensity 8500 Ultra,12 GB RAM | 256 GB Storage,50 MP + 8 MP Rear Camera,20 MP Front Camera,6500 mAh | 100W Fast Charging,6.59 inches (16.74 cm) | OLED,,"₹39,999"
vivo V9 Youth,Snapdragon 450,4 GB RAM | 32 GB Storage,16 MP + 2 MP Rear Camera,16 MP Front Camera,3260 mAh,6.3 inches (16 cm) | IPS LCD,,"₹12,990"
Apple iPhone 16E 256GB,Apple A18,8 GB RAM | 256 GB Storage,48 MP Rear Camera,12 MP Front Camera,4005 mAh | 20W Fast Charging,6.1 inches (15.49 cm) | Super Retina XDR,"AnTuTu Score 1,405,699","₹69,900"
realme 14x 8GB RAM,MediaTek Dimensity 6300,8 GB RAM | 128 GB Storage,50 MP Rear Camera,8 MP Front Camera,6000 mAh | 45W Super VOOC Charging,6.67 inches (16.94 cm) | IPS LCD,"AnTuTu Score 422,130","₹15,999"
Samsung Galaxy S24 Ultra 512GB,Snapdragon 8 Gen 3,12 GB RAM | 512 GB Storage,200 MP + 12 MP + 10 MP + 50 MP Rear Camera,12 MP Front Camera,5000 mAh | 45W Fast Charging,6.8 inches (17.27 cm) | Dynamic AMOLED 2x,"AnTuTu Score 1,770,105","₹114,999"
Samsung Galaxy A13 4G,Samsung Exynos 8 Octa 850,4 GB RAM | 64 GB Storage,50 MP + 5 MP + 2 MP + 2 MP Rear Camera,8 MP Front Camera,5000 mAh | 25W Fast Charging,6.6 inches (16.76 cm) | PLS TFT LCD,,"₹15,650"
Samsung Guru Plus B110E,,,,,800 mAh | 4.9W,1.5 inches (3.81 cm) | TFT,,"₹2,086"
POCO M6 Plus 8GB RAM,Snapdragon 4 Gen 2 Accelerated Edition,8 GB RAM | 128 GB Storage,108 MP + 2 MP Rear Camera,13 MP Front Camera,5030 mAh | 33W Fast Charging,6.79 inches (17.25 cm) | LCD,"AnTuTu Score 433,376","₹14,499"
HMD 101 4G,Unisoc 8910 FF-S,,,,1000 mAh,2 inches (5.08 cm) | TFT,,"₹1,849"
OPPO F29 Pro 256GB,MediaTek Dimensity 7300 Energy,8 GB RAM | 256 GB Storage,50 MP + 2 MP Rear Camera,16 MP Front Camera,6000 mAh | 80W Super VOOC Charging,6.7 inches (17.02 cm) | AMOLED,,"₹33,699"
Lava Bold N2 5G 128GB,Unisoc T8200,4 GB RAM | 128 GB Storage,13 MP Rear Camera,5 MP Front Camera,6000 mAh,6.75 inches (17.15 cm) | LCD,"AnTuTu Score 515,768","₹14,499"
realme GT 6 12GB RAM,Snapdragon 8s Gen 3,12 GB RAM | 256 GB Storage,50 MP + 8 MP + 50 MP Rear Camera,32 MP Front Camera,5500 mAh | 120W Super VOOC Charging,6.78 inches (17.22 cm) | LTPO AMOLED,"AnTuTu Score 1,501,830","₹46,890"
Itel A200,Unisoc T7250,4 GB RAM | 64 GB Storage,50 MP Rear Camera,5 MP Front Camera,5000 mAh | 15W,6.78 inches (17.22 cm) | IPS LCD,,
HMD Vibe 2 5G 128GB,Unisoc T8200,4 GB RAM | 128 GB Storage,50 MP + 8 MP Rear Camera,8 MP Front Camera,6000 mAh | 18W,6.75 inches (17.15 cm) | IPS LCD,"AnTuTu Score 511,972","₹17,999"
vivo Y21 5G 8GB RAM,MediaTek Dimensity 6300,8 GB RAM | 128 GB Storage,50 MP + 0.08 MP Rear Camera,5 MP Front Camera,6500 mAh | 44W,6.74 inches (17.12 cm) | LCD,,"₹22,999"
Apple iPhone 17 Pro 512GB,Apple A19 Pro,12 GB RAM | 512 GB Storage,48 MP + 48 MP + 48 MP Rear Camera,18 MP Front Camera,3988 mAh | 40W,6.3 inches (16 cm) | Super Retina XDR OLED,,"₹148,990"
Samsung Galaxy S25 Edge 512GB,Snapdragon 8 Elite,12 GB RAM | 512 GB Storage,200 MP + 12 MP Rear Camera,12 MP Front Camera,3900 mAh | 25W Fast Charging,6.7 inches (17.02 cm) | Dynamic AMOLED 2x,"AnTuTu Score 2,664,209","₹79,499"
realme P4s 5G 256GB 12GB RAM,MediaTek Dimensity 7400 Ultra,12 GB RAM | 256 GB Storage,50 MP + 8 MP Rear Camera,16 MP Front Camera,8000 mAh | 80W Super Charging,6.78 inches (17.22 cm) | AMOLED,"AnTuTu Score 973,111","₹41,999"
realme 14T 256GB,MediaTek Dimensity 6300,8 GB RAM | 256 GB Storage,50 MP + 2 MP Rear Camera,16 MP Front Camera,6000 mAh | 45W Super VOOC Charging,6.67 inches (16.94 cm) | AMOLED,"AnTuTu Score 456,251","₹22,999"
realme X3 SuperZoom Edition 256GB,Snapdragon 855 Plus,12 GB RAM | 256 GB Storage,64 MP + 8 MP + 8 MP + 2 MP Rear Camera,32 MP + 8 MP Front Camera,4200 mAh | 30W Super Dart Charging,6.6 inches (16.76 cm) | IPS LCD,"AnTuTu Score 476,587","₹24,790"
Xiaomi Redmi 6,MediaTek Helio P22,3 GB RAM | 32 GB Storage,12 MP + 5 MP Rear Camera,5 MP Front Camera,3000 mAh,5.45 inches (13.84 cm) | IPS LCD,,"₹7,499"
OPPO A6 4G,Snapdragon 685,6 GB RAM | 128 GB Storage,50 MP + 2 MP Rear Camera,8 MP Front Camera,7000 mAh | 45W Super VOOC Charging,6.75 inches (17.15 cm) | IPS LCD,,
realme 15x 8GB RAM,MediaTek Dimensity 6300,8 GB RAM | 128 GB Storage,50 MP Rear Camera,50 MP Front Camera,7000 mAh | 60W Super VOOC Charging,6.8 inches (17.27 cm) | IPS LCD,,"₹27,299"
POCO C65 6GB RAM,MediaTek Helio G85,6 GB RAM | 128 GB Storage,50 MP + 2 MP Rear Camera,8 MP Front Camera,5000 mAh | 18W Fast Charging,6.74 inches (17.12 cm) | IPS LCD,"AnTuTu Score 238,770","₹9,499"
POCO M5,MediaTek Helio G99,4 GB RAM | 64 GB Storage,50 MP + 2 MP + 2 MP Rear Camera,8 MP Front Camera,5000 mAh | 18W Fast Charging,6.58 inches (16.71 cm) | IPS LCD,AnTuTu Score 0,"₹12,499"
Samsung Galaxy A26 6GB RAM,Samsung Exynos 1380,6 GB RAM | 128 GB Storage,50 MP + 8 MP + 2 MP Rear Camera,13 MP Front Camera,5000 mAh | 25W Fast Charging,6.7 inches (17.02 cm) | Super AMOLED,,"₹21,499"
Samsung Galaxy M14 4G 128GB,Snapdragon 680,6 GB RAM | 128 GB Storage,50 MP + 2 MP + 2 MP Rear Camera,13 MP Front Camera,5000 mAh | 25W Fast Charging,6.7 inches (17.02 cm) | PLS LCD,,"₹11,999"
Infinix Hot 70 Pro 5G 8GB RAM,MediaTek Dimensity 7100,8 GB RAM | 128 GB Storage,50 MP Rear Camera,8 MP Front Camera,6000 mAh | 45W Fast Charging,6.76 inches (17.17 cm) | LTPS LCD,"AnTuTu Score 756,960","₹27,999"
"Samsung Galaxy A37 5G 256GB, 12GB RAM",Samsung Exynos 1480,12 GB RAM | 256 GB Storage,50 MP + 8 MP + 5 MP Rear Camera,12 MP Front Camera,5000 mAh | 45W,6.7 inches (17.02 cm) | Super AMOLED,"AnTuTu Score 1,053,896","₹51,499"
Nokia 6310 2024,Unisoc 6531F,8 MB RAM | 16 MB Storage,0.3 MP Rear Camera,,1450 mAh,2.8 inches (7.11 cm) | TFT LCD,,"₹3,499"
Moto G62 5G,Snapdragon 695,6 GB RAM | 128 GB Storage,50 MP + 8 MP + 2 MP Rear Camera,16 MP Front Camera,5000 mAh | 20W Turbo Charging,6.5 inches (16.51 cm) | IPS LCD,"AnTuTu Score 404,601","₹21,999"
realme 3 Pro,Snapdragon 710,4 GB RAM | 64 GB Storage,16 MP + 5 MP Rear Camera,25 MP Front Camera,4045 mAh VOOC Charging,6.3 inches (16 cm) | IPS LCD,"AnTuTu Score 120,973","₹15,999"
Lava Shark 2,Unisoc T7250,4 GB RAM | 64 GB Storage,50 MP Rear Camera,8 MP Front Camera,5000 mAh | 18W Fast Charging,6.75 inches (17.15 cm) | LCD,,"₹11,399"
Moto G73,MediaTek Dimensity 930,8 GB RAM | 128 GB Storage,50 MP + 8 MP Rear Camera,16 MP Front Camera,5000 mAh | 30W Turbo Power Charging,6.5 inches (16.51 cm) | IPS LCD,"AnTuTu Score 418,744","₹21,999"
POCO X8 5G 8GB RAM,Snapdragon 6s Gen 4,8 GB RAM | 128 GB Storage,50 MP + 2 MP Rear Camera,16 MP Front Camera,9000 mAh | 67W Hyper Charging,6.83 inches (17.35 cm) | AMOLED,,"₹32,999"
OPPO F33 5G 256GB 8GB RAM,MediaTek Dimensity 6360 Max,8 GB RAM | 256 GB Storage,50 MP + 2 MP Rear Camera,16 MP Front Camera,7000 mAh | 80W,6.57 inches (16.69 cm) | AMOLED,,"₹38,999"
Itel King Signal,,4 MB RAM | 4 MB Storage,0.3 MP Rear Camera,,1500 mAh,2 inches (5.08 cm) | TFT,,"₹1,499"
iQOO Z11xa 5G,MediaTek Dimensity 7400 Turbo,8 GB RAM | 128 GB Storage,50 MP + 2 MP Rear Camera,32 MP Front Camera,7200 mAh | 44W,6.76 inches (17.17 cm) | LCD,,"₹28,999"
Gfive Rose 999,,32 MB RAM | 16 MB Storage,0.3 MP Rear Camera,,3000 mAh,2.4 inches (6.1 cm) | TFT,,₹961
realme C83 5G 128GB,MediaTek Dimensity 6300,4 GB RAM | 128 GB Storage,13 MP Rear Camera,5 MP Front Camera,7000 mAh | 15W,6.7 inches (17.02 cm) | LCD,"AnTuTu Score 561,364","₹19,499"
Samsung Galaxy S25 FE 512GB,Samsung Exynos 2400 S5E9945,8 GB RAM | 512 GB Storage,50 MP + 12 MP + 8 MP Rear Camera,12 MP Front Camera,4900 mAh | 45W Fast Charging,6.7 inches (17.02 cm) | Dynamic AMOLED 2x,"AnTuTu Score 2,069,599","₹77,999"
Samsung Galaxy A23,Snapdragon 680,6 GB RAM | 128 GB Storage,50 MP + 5 MP + 2 MP + 2 MP Rear Camera,8 MP Front Camera,5000 mAh | 25W Fast Charging,6.6 inches (16.76 cm) | PLS TFT LCD,,"₹22,900"
Motorola Edge 20 Fusion,MediaTek Dimensity 800U,6 GB RAM | 128 GB Storage,108 MP + 8 MP + 2 MP Rear Camera,32 MP Front Camera,5000 mAh | 30W Turbo Power Charging,6.7 inches (17.02 cm) | OLED,"AnTuTu Score 361,183","₹24,999"
OPPO Reno16c 5G 256GB 12GB RAM,MediaTek Dimensity 7300,12 GB RAM | 256 GB Storage,50 MP + 50 MP + 8 MP Rear Camera,50 MP Front Camera,6500 mAh | 45W Super VOOC Charging,6.57 inches (16.69 cm) | AMOLED,"AnTuTu Score 985,594","₹59,999"
iQOO Z10R 256GB 12GB RAM,MediaTek Dimensity 7400,12 GB RAM | 256 GB Storage,50 MP + 2 MP Rear Camera,32 MP Front Camera,5700 mAh | 44W Flash Charging,6.77 inches (17.2 cm) | AMOLED,,"₹34,990"
Samsung Galaxy F12 128GB,Samsung Exynos 8 Octa 850,4 GB RAM | 128 GB Storage,48 MP + 5 MP + 2 MP + 2 MP Rear Camera,8 MP Front Camera,6000 mAh | 15W Fast Charging,6.5 inches (16.51 cm) | PLS TFT LCD,"AnTuTu Score 101,743","₹10,499"
iQOO Z10 Lite 6GB RAM,MediaTek Dimensity 6300,6 GB RAM | 128 GB Storage,50 MP + 2 MP Rear Camera,5 MP Front Camera,6000 mAh | 15W Fast Charging,6.74 inches (17.12 cm) | LCD,,"₹23,990"
Samsung Galaxy F06 6GB RAM,MediaTek Dimensity 6300,6 GB RAM | 128 GB Storage,50 MP + 2 MP Rear Camera,8 MP Front Camera,5000 mAh | 25W Fast Charging,6.7 inches (17.02 cm) | PLS LCD,,"₹15,499"
Moto G40 Fusion,Snapdragon 732G,4 GB RAM | 64 GB Storage,64 MP + 8 MP + 2 MP Rear Camera,16 MP Front Camera,6000 mAh | 20W Turbo Power Charging,6.8 inches (17.27 cm) | IPS LCD,"AnTuTu Score 241,808","₹16,999"
realme GT 6T 12GB RAM,Snapdragon 7 Plus Gen 3,12 GB RAM | 256 GB Storage,50 MP + 8 MP Rear Camera,32 MP Front Camera,5500 mAh | 120W Super VOOC Charging,6.78 inches (17.22 cm) | LTPO AMOLED,,"₹36,999"
Samsung Galaxy A34 8GB RAM,MediaTek Dimensity 1080,8 GB RAM | 128 GB Storage,48 MP + 8 MP + 5 MP Rear Camera,13 MP Front Camera,5000 mAh | 25W Fast Charging,6.6 inches (16.76 cm) | Super AMOLED,,"₹24,999"
Samsung Galaxy S23 Ultra 5G 512GB,Snapdragon 8 Gen 2,12 GB RAM | 512 GB Storage,200 MP + 12 MP + 10 MP + 10 MP Rear Camera,12 MP Front Camera,5000 mAh | 45W Fast Charging,6.8 inches (17.27 cm) | Dynamic AMOLED 2x,"AnTuTu Score 1,226,598","₹90,999"
Samsung Galaxy Z Flip 4 5G,Snapdragon 8 Plus Gen 1,8 GB RAM | 128 GB Storage,12 MP + 12 MP Rear Camera,10 MP Front Camera,3700 mAh | 25W Fast Charging,6.7 inches (17.02 cm) | Dynamic AMOLED 2x (Main Display),"AnTuTu Score 937,952","₹89,999"
Samsung Galaxy S26 Plus 512GB,Samsung Exynos 2600,12 GB RAM | 512 GB Storage,50 MP + 12 MP + 10 MP Rear Camera,12 MP Front Camera,4900 mAh | 45W,6.7 inches (17.02 cm) | Dynamic AMOLED 2x,"AnTuTu Score 3,106,879","₹108,499"
Samsung Galaxy Z Fold 3,Snapdragon 888,12 GB RAM | 256 GB Storage,12 MP + 12 MP + 12 MP Rear Camera,10 MP + 4 MP Front Camera,4400 mAh | 25W Fast Charging,7.6 inches (19.3 cm) | Dynamic AMOLED (Main Display),"AnTuTu Score 752,498","₹149,999"
realme C83 5G 128GB 6GB RAM,MediaTek Dimensity 6300,6 GB RAM | 128 GB Storage,13 MP Rear Camera,5 MP Front Camera,7000 mAh | 15W,6.7 inches (17.02 cm) | LCD,"AnTuTu Score 561,364","₹22,499"
Infinix GT 30 Pro 12GB RAM,MediaTek Dimensity 8350 Ultimate,12 GB RAM | 256 GB Storage,108 MP + 8 MP Rear Camera,13 MP Front Camera,5500 mAh | 45W Fast Charging,6.78 inches (17.22 cm) | LTPS AMOLED,"AnTuTu Score 1,349,476","₹34,999"
Philips E2221,Unisoc,4 MB RAM | 4 MB Storage,0.08 MP Rear Camera,,2500 mAh,2.4 inches (6.1 cm) | TFT,,"₹1,598"
POCO X6 5G 12GB RAM,Snapdragon 7s Gen 2,12 GB RAM | 256 GB Storage,64 MP + 8 MP + 2 MP Rear Camera,16 MP Front Camera,5100 mAh | 67W Turbo Charging,6.67 inches (16.94 cm) | AMOLED,,"₹26,999"
Google Pixel 8 256GB,Google Tensor G3,8 GB RAM | 256 GB Storage,50 MP + 12 MP Rear Camera,10.5 MP Front Camera,4575 mAh | 27W Fast Charging,6.2 inches (15.75 cm) | OLED,"AnTuTu Score 1,017,180","₹54,999"
Motorola Edge 30 Fusion,Snapdragon 888 Plus,8 GB RAM | 128 GB Storage,50 MP + 13 MP + 2 MP Rear Camera,32 MP Front Camera,4400 mAh | 68W Turbo Power Charging,6.55 inches (16.64 cm) | P-OLED,"AnTuTu Score 850,308","₹30,990"
Ai+ Pulse 128GB,Unisoc T615,6 GB RAM | 128 GB Storage,50 MP Rear Camera,5 MP Front Camera,5000 mAh,6.7 inches (17.02 cm) | TFT IPS,,"₹9,999"
Samsung Galaxy A14 5G 4GB RAM,Samsung Exynos 1330,4 GB RAM | 128 GB Storage,50 MP + 2 MP + 2 MP Rear Camera,13 MP Front Camera,5000 mAh | 15W Fast Charging,6.6 inches (16.76 cm) | PLS LCD,,"₹15,499"
Moto G71 5G,Snapdragon 695,6 GB RAM | 128 GB Storage,50 MP + 8 MP + 2 MP Rear Camera,16 MP Front Camera,5000 mAh | 33W Turbo Power Charging,6.4 inches (16.26 cm) | AMOLED,"AnTuTu Score 373,256","₹19,399"
Nokia 105 Classic,,4 MB RAM | 4 MB Storage,,,800 mAh,1.77 inches (4.5 cm) | TFT,,₹999
POCO X8 5G 8GB RAM 256GB,Snapdragon 6s Gen 4,8 GB RAM | 256 GB Storage,50 MP + 2 MP Rear Camera,16 MP Front Camera,9000 mAh | 67W Hyper Charging,6.83 inches (17.35 cm) | AMOLED,,"₹35,999"
vivo V70 12GB RAM,Snapdragon 7 Gen 4,12 GB RAM | 256 GB Storage,50 MP + 50 MP + 8 MP Rear Camera,50 MP Front Camera,6500 mAh | 90W Super Flash Charging,6.59 inches (16.74 cm) | AMOLED,,"₹64,999"
realme Narzo 90X 6GB RAM,MediaTek Dimensity 6300,6 GB RAM | 128 GB Storage,50 MP Rear Camera,8 MP Front Camera,7000 mAh | 60W VOOC Charging,6.8 inches (17.27 cm) | LCD,,"₹21,499"
Google Pixel 11 Pro  16GB RAM 512GB,Google Tensor G6,16 GB RAM | 512 GB Storage,50 MP + 48 MP + 48 MP Rear Camera,42 MP Front Camera,4850 mAh | 30W Quick Charging,6.3 inches (16 cm) | LTPO OLED,"AnTuTu Score 1,421,232","₹134,999"
Lava A2 Smart,,,0.3 MP Rear Camera,,1200 mAh,2.4 inches (6.1 cm) | TFT,,"₹1,132"
POCO F6 12GB RAM,Snapdragon 8s Gen 3,12 GB RAM | 256 GB Storage,50 MP + 8 MP Rear Camera,20 MP Front Camera,5000 mAh | 90W Turbo Charging,6.67 inches (16.94 cm) | AMOLED,,"₹33,990"
Samsung Galaxy F34,Samsung Exynos 1280,6 GB RAM | 128 GB Storage,50MP (No shake Camera) + 8MP + 2MP Rear Camera,13 MP Front Camera,6000 mAh | 25W Fast Charging,6.5 inches (16.42 cm) | Super AMOLED,,"₹24,499"
Samsung Galaxy M52 5G 8GB RAM,Snapdragon 778G,8 GB RAM | 128 GB Storage,64 MP + 12 MP + 5 MP Rear Camera,32 MP Front Camera,5000 mAh | 25W Fast Charging,6.7 inches (17.02 cm) | Super AMOLED Plus,AnTuTu Score 0,"₹25,749"
POCO C85 5G 8GB RAM,MediaTek Dimensity 6300,8 GB RAM | 128 GB Storage,50 MP Rear Camera,8 MP Front Camera,6000 mAh | 33W Fast Charging,6.9 inches (17.53 cm) | IPS LCD,"AnTuTu Score 553,034","₹15,999"
realme 16 Pro 256GB,MediaTek Dimensity 7300 Max,8 GB RAM | 256 GB Storage,200 MP + 8 MP Rear Camera,50 MP Front Camera,7000 mAh | 80W Super Flash Charging,6.78 inches (17.22 cm) | AMOLED,"AnTuTu Score 983,589","₹42,999"
Samsung Galaxy Z Flip 4 5G 256GB,Snapdragon 8 Plus Gen 1,8 GB RAM | 256 GB Storage,12 MP + 12 MP Rear Camera,10 MP Front Camera,3700 mAh | 25W Fast Charging,6.7 inches (17.02 cm) | Dynamic AMOLED 2x (Main Display),"AnTuTu Score 937,952","₹51,000"
Xiaomi 11 Lite NE 5G,Snapdragon 778G,6 GB RAM | 128 GB Storage,64 MP + 8 MP + 5 MP Rear Camera,20 MP Front Camera,4250 mAh | 33W Fast Charging,6.55 inches (16.64 cm) | AMOLED,"AnTuTu Score 507,021","₹26,999"
Xiaomi Redmi 3S Prime,Snapdragon 430,3 GB RAM | 32 GB Storage,13 MP Rear Camera,5 MP Front Camera,4100 mAh Fast Charging,5.0 inches (12.7 cm) | IPS LCD,,"₹10,990"
realme C15,MediaTek Helio G35,3 GB RAM | 32 GB Storage,13 MP + 8 MP + 2 MP + 2 MP Rear Camera,8 MP Front Camera,6000 mAh | 18W Quick Charging,6.52 inches (16.56 cm) | IPS LCD,"AnTuTu Score 112,822","₹11,999"
Ai+ Nova 2 5G 6GB RAM 128GB,Unisoc T8200,6 GB RAM | 128 GB Storage,50 MP + 2 MP Rear Camera,8 MP Front Camera,6000 mAh | 18W,6.75 inches (17.15 cm) | IPS LCD,"AnTuTu Score 513,416","₹14,999"
realme P4 256GB 8GB RAM,MediaTek Dimensity 7400 Ultra,8 GB RAM | 256 GB Storage,50 MP + 8 MP Rear Camera,16 MP Front Camera,7000 mAh | 80W Ultra Charging,6.77 inches (17.2 cm) | Hyper Glow AMOLED,,"₹31,899"
realme GT 6T 256GB,Snapdragon 7 Plus Gen 3,8 GB RAM | 256 GB Storage,50 MP + 8 MP Rear Camera,32 MP Front Camera,5500 mAh | 120W Super VOOC Charging,6.78 inches (17.22 cm) | LTPO AMOLED,,"₹28,999"
Nokia 150 2023,,4 MB Storage,0.3 MP Rear Camera,,1450 mAh,2.4 inches (6.1 cm) | TFT,,"₹2,649"
Nokia C30,Unisoc SC9863A,3 GB RAM | 32 GB Storage,13 MP + 2 MP Rear Camera,5 MP Front Camera,6000 mAh | 10W,6.82 inches (17.32 cm) | IPS LCD,AnTuTu Score 0,"₹9,999"
Xiaomi Redmi Note 5,Snapdragon 625,3 GB RAM | 32 GB Storage,12 MP Rear Camera,5 MP Front Camera,4000 mAh,5.99 inches (15.21 cm) | IPS LCD,,"₹8,499"
Xiaomi Redmi Note 13 256GB,MediaTek Dimensity 6080,8 GB RAM | 256 GB Storage,108 MP + 8 MP + 2 MP Rear Camera,16 MP Front Camera,5000 mAh | 33W Fast Charging,6.67 inches (16.94 cm) | AMOLED,"AnTuTu Score 453,830","₹26,999"
realme C55 128GB,MediaTek Helio G88,8 GB RAM | 128 GB Storage,64 MP + 2 MP Rear Camera,8 MP Front Camera,5000 mAh | 33W Super VOOC Charging,6.72 inches (17.07 cm) | IPS LCD,"AnTuTu Score 253,333","₹13,999"
Infinix Note 11,MediaTek Helio G88,4 GB RAM | 64 GB Storage,50 MP + 2 MP Rear Camera,16 MP Front Camera,5000 mAh | 33W Fast Charging,6.7 inches (17.02 cm) | AMOLED,"AnTuTu Score 214,671","₹12,499"
realme C21Y 64GB,Unisoc T610,4 GB RAM | 64 GB Storage,13 MP + 2 MP + 2 MP Rear Camera,5 MP Front Camera,5000 mAh | 10W,6.5 inches (16.51 cm) | IPS LCD,"AnTuTu Score 162,658","₹8,499"
Samsung Galaxy S20 FE,Samsung Exynos 9 Octa 990,8 GB RAM | 128 GB Storage,12 MP + 8 MP + 12 MP Rear Camera,32 MP Front Camera,4500 mAh | 25W Fast Charging,6.5 inches (16.51 cm) | Super AMOLED,"AnTuTu Score 415,785","₹46,999"
OPPO Reno16 5G 12GB RAM,Snapdragon 7 Gen 4,12 GB RAM | 256 GB Storage,50 MP + 50 MP + 50 MP Rear Camera,50 MP Front Camera,6700 mAh | 80W Super VOOC Charging,6.32 inches (16.05 cm) | AMOLED,"AnTuTu Score 1,457,989","₹72,999"
Apple iPhone 17 Pro Max 512GB,Apple A19 Pro,12 GB RAM | 512 GB Storage,48 MP + 48 MP + 48 MP Rear Camera,18 MP Front Camera,4832 mAh | 40W Fast Charging,6.9 inches (17.53 cm) | Super Retina XDR OLED,"AnTuTu Score 2,521,699","₹161,990"
Apple iPhone 16 256GB,Apple A18,8 GB RAM | 256 GB Storage,48 MP + 12 MP Rear Camera,12 MP Front Camera,3561 mAh | 20W Fast Charging,6.1 inches (15.49 cm) | Super Retina XDR,"AnTuTu Score 1,764,170","₹77,900"
POCO X6 Pro 512GB,MediaTek Dimensity 8300 Ultra,12 GB RAM | 512 GB Storage,64 MP + 8 MP + 2 MP Rear Camera,16 MP Front Camera,5000 mAh | 67W Turbo Charging,6.67 inches (16.94 cm) | AMOLED,"AnTuTu Score 1,299,678","₹39,800"
realme C33 2023,Unisoc T612,4 GB RAM | 64 GB Storage,50 MP + 0.3 MP Rear Camera,5 MP Front Camera,5000 mAh | 10W,6.5 inches (16.51 cm) | IPS LCD,,"₹9,999"
Lava Gem Power,,,0.3 MP Rear Camera,,2575 mAh,2.8 inches (7.11 cm) | TFT,,"₹1,484"
Xiaomi Redmi Y2 (Redmi S2),Snapdragon 625,3 GB RAM | 32 GB Storage,12 MP + 5 MP Rear Camera,16 MP Front Camera,3080 mAh | 10W,5.99 inches (15.21 cm) | IPS LCD,,"₹10,499"
Samsung Galaxy A06 5G 6GB RAM,MediaTek Dimensity 6300,6 GB RAM | 128 GB Storage,50 MP + 2 MP Rear Camera,8 MP Front Camera,5000 mAh | 25W Fast Charging,6.7 inches (17.02 cm) | PLS LCD,,"₹18,494"
Samsung Galaxy M10,Samsung Exynos 7 Octa 7870,2 GB RAM,13 MP + 5 MP Rear Camera,5 MP Front Camera,3400 mAh,6.22 inches (15.8 cm) | TFT,,"₹7,899"
Samsung Galaxy Z Fold 8 16GB RAM 1TB,Snapdragon 8 Elite Gen 5,16 GB RAM | 1 TB Storage,50 MP + 50 MP Rear Camera,10 MP Front Camera,4800 mAh | 45W,7.6 inches (19.3 cm) | Dynamic AMOLED 2x (Main Display),"AnTuTu Score 3,252,918","₹239,999"
Xiaomi Redmi Note 15 256GB,Snapdragon 6 Gen 3,8 GB RAM | 256 GB Storage,108 MP + 8 MP Rear Camera,20 MP Front Camera,5520 mAh | 45W Turbo Charging,6.77 inches (17.2 cm) | AMOLED,"AnTuTu Score 868,311","₹31,999"
realme 15x 256GB 8GB RAM,MediaTek Dimensity 6300,8 GB RAM | 256 GB Storage,50 MP Rear Camera,50 MP Front Camera,7000 mAh | 60W Super VOOC Charging,6.8 inches (17.27 cm) | IPS LCD,,"₹29,499"
Nothing Phone 2a 12GB RAM,MediaTek Dimensity 7200 Pro,12 GB RAM | 256 GB Storage,50 MP + 50 MP Rear Camera,32 MP Front Camera,5000 mAh | 45W Fast Charging,6.7 inches (17.02 cm) | Flexible AMOLED,"AnTuTu Score 707,480","₹175,537"
vivo T1 Pro 5G 8GB RAM,Snapdragon 778G,8 GB RAM | 128 GB Storage,64 MP + 8 MP + 2 MP Rear Camera,16 MP Front Camera,4700 mAh | 66W Flash Charging,6.44 inches (16.36 cm) | AMOLED,,"₹23,935"
realme C21Y,Unisoc T610,3 GB RAM | 32 GB Storage,13 MP + 2 MP + 2 MP Rear Camera,5 MP Front Camera,5000 mAh | 10W,6.5 inches (16.51 cm) | IPS LCD,"AnTuTu Score 162,658","₹7,499"
HMD 102 4G,Unisoc 8910 FF-S,24 MB RAM | 16 MB Storage,0.3 MP Rear Camera,,1000 mAh,2 inches (5.08 cm) | TFT,,"₹2,149"
Motorola A10e,,,,,1750 mAh,1.8 inches (4.57 cm) | TFT,,"₹1,275"
POCO M4 Pro 5G,MediaTek Dimensity 810,4 GB RAM | 64 GB Storage,50 MP + 8 MP Rear Camera,16 MP Front Camera,5000 mAh | 33W Fast Charging,6.6 inches (16.76 cm) | IPS LCD,"AnTuTu Score 352,377","₹16,999"
Samsung Galaxy A22,MediaTek Helio G80,6 GB RAM | 128 GB Storage,48 MP + 8 MP + 2 MP + 2 MP Rear Camera,13 MP Front Camera,5000 mAh | 15W Fast Charging,6.4 inches (16.26 cm) | Super AMOLED,"AnTuTu Score 230,190","₹18,149"
Moto G40 Fusion 128GB,Snapdragon 732G,6 GB RAM | 128 GB Storage,64 MP + 8 MP + 2 MP Rear Camera,16 MP Front Camera,6000 mAh | 20W Turbo Power Charging,6.8 inches (17.27 cm) | IPS LCD,"AnTuTu Score 241,808","₹18,499"
realme 2,Snapdragon 450,3 GB RAM | 32 GB Storage,13 MP + 2 MP Rear Camera,8 MP Front Camera,4230 mAh,6.2 inches (15.75 cm) | IPS LCD,,"₹9,990"
Easyfone Star,,,,,800 mAh,1.8 inches (4.57 cm) | TFT,,"₹3,590"
Huawei Pura X View 5G,HiSilicon kirin 9030s,12 GB RAM | 256 GB Storage,200 MP + 50 MP + 8 MP Rear Camera,50 MP Front Camera,7000 mAh | 66W Super Charging,6.39 inches (16.23 cm) | OLED,,
realme P4 Lite 5G 128GB,MediaTek Dimensity 6300,4 GB RAM | 128 GB Storage,13 MP Rear Camera,5 MP Front Camera,7000 mAh | 15W Super VOOC Charging,6.8 inches (17.27 cm) | LCD,,"₹18,999"
Samsung Galaxy A56 12GB RAM 256GB,Samsung Exynos 1580,12 GB RAM | 256 GB Storage,50 MP + 12 MP + 5 MP Rear Camera,12 MP Front Camera,5000 mAh | 45W Super Fast Charging,6.7 inches (17.02 cm) | Super AMOLED,"AnTuTu Score 919,985","₹43,990"
Samsung Galaxy S24 5G 128GB,Samsung Exynos 2400,8 GB RAM | 128 GB Storage,50 MP + 12 MP + 10 MP Rear Camera,12 MP Front Camera,4000 mAh | 25W Fast Charging,6.2 inches (15.75 cm) | Dynamic AMOLED 2x,,"₹54,499"
Samsung Galaxy M55 5G 256GB,Snapdragon 7 Gen 1,8 GB RAM | 256 GB Storage,50 MP + 8 MP + 2 MP Rear Camera,50 MP Front Camera,5000 mAh | 45W Fast Charging,6.7 inches (17.02 cm) | Super AMOLED Plus,"AnTuTu Score 584,312","₹31,999"
Samsung Galaxy S22 Ultra 1TB,Snapdragon 8 Gen 1,12 GB RAM | 1 TB Storage,108 MP + 12 MP + 10 MP + 10 MP Rear Camera,40 MP Front Camera,5000 mAh | 45W Fast Charging,6.8 inches (17.27 cm) | Dynamic AMOLED 2x,,"₹134,999"
Xiaomi Redmi Note 10 Pro Max 128GB,Snapdragon 732G,6 GB RAM | 128 GB Storage,108 MP + 8 MP + 5 MP + 2 MP Rear Camera,16 MP Front Camera,5020 mAh | 33W Fast Charging,6.67 inches (16.94 cm) | Super AMOLED,"AnTuTu Score 269,467","₹22,999"
"OPPO Reno15 512GB, 12GB RAM",Snapdragon 7 Gen 4,12 GB RAM | 512 GB Storage,50 MP + 8 MP + 50 MP Rear Camera,50 MP Front Camera,6500 mAh | 80W Super VOOC Charging,6.59 inches (16.74 cm) | LTPS AMOLED,,"₹55,999"
OPPO A6x 128GB,MediaTek Dimensity 6300,4 GB RAM | 128 GB Storage,13 MP Rear Camera,5 MP Front Camera,6500 mAh | 45W Super VOOC Charging,6.75 inches (17.15 cm) | LCD,,"₹20,999"
Alcatel V3 Ultra 8GB RAM,MediaTek Dimensity 6300,8 GB RAM | 128 GB Storage,108 MP + 8 MP + 2 MP Rear Camera,32 MP Front Camera,5010 mAh | 33W Fast Charging,6.78 inches (17.22 cm) | IPS LCD,"AnTuTu Score 376,729","₹20,840"
Samsung Galaxy A15 5G 6GB RAM,MediaTek Dimensity 6100 Plus,6 GB RAM | 128 GB Storage,50 MP + 5 MP + 2 MP Rear Camera,13 MP Front Camera,5000 mAh | 25W Fast Charging,6.5 inches (16.51 cm) | Super AMOLED,,"₹17,999"
Xiaomi Redmi Note 13 Pro Plus 5G 12GB RAM,MediaTek Dimensity 7200 Ultra,12 GB RAM | 256 GB Storage,200 MP + 8 MP + 2 MP Rear Camera,16 MP Front Camera,5000 mAh | 120W Hyper Charging,6.67 inches (16.94 cm) | AMOLED,"AnTuTu Score 715,627","₹33,900"
Samsung Galaxy A15 5G 256GB,MediaTek Dimensity 6100 Plus,8 GB RAM | 256 GB Storage,50 MP + 5 MP + 2 MP Rear Camera,13 MP Front Camera,5000 mAh | 25W Fast Charging,6.5 inches (16.51 cm) | Super AMOLED,,"₹22,499"
Motorola Edge 40 Neo 256GB,MediaTek Dimensity 7030,12 GB RAM | 256 GB Storage,50 MP + 13 MP Rear Camera,32 MP Front Camera,5000 mAh | 68W Turbo Power Charging,6.55 inches (16.64 cm) | P-OLED,"AnTuTu Score 429,243","₹28,999"
realme C30s 64GB,Unisoc SC9863A,4 GB RAM | 64 GB Storage,8 MP Rear Camera,5 MP Front Camera,5000 mAh | 10W,6.5 inches (16.51 cm) | IPS LCD,,"₹10,990"
POCO X4 Pro 128GB,Snapdragon 695,6 GB RAM | 128 GB Storage,64 MP + 8 MP + 2 MP Rear Camera,16 MP Front Camera,5000 mAh | 67W Sonic Charging,6.67 inches (16.94 cm) | AMOLED,"AnTuTu Score 393,322","₹19,499"
Xiaomi Redmi 10,Snapdragon 680,4 GB RAM | 64 GB Storage,50 MP + 2 MP Rear Camera,5 MP Front Camera,6000 mAh | 18W Fast Charging,6.7 inches (17.02 cm) | IPS LCD,"AnTuTu Score 188,943","₹13,999"
Apple iPhone 13 512GB,Apple A15 Bionic,4 GB RAM | 512 GB Storage,12 MP + 12 MP Rear Camera,12 MP Front Camera,3227 mAh | 20W Fast Charging,6.1 inches (15.49 cm) | Super Retina XDR,,"₹79,900"
BlackZone S5,,,0.3 MP Rear Camera,,3000 mAh,2.4 inches (6.1 cm) | TFT,,"₹1,199"
Samsung Galaxy A70s,Snapdragon 675,6 GB RAM | 128 GB Storage,64 MP + 8 MP + 5 MP Rear Camera,32 MP Front Camera,4500 mAh | 25W Fast Charging,6.7 inches (17.02 cm) | Super AMOLED,"AnTuTu Score 204,400","₹31,000"
Xiaomi Redmi Note 5 64GB,Snapdragon 625,4 GB RAM | 64 GB Storage,12 MP Rear Camera,5 MP Front Camera,4000 mAh,5.99 inches (15.21 cm) | IPS LCD,,"₹9,118"
Xiaomi Redmi Note 4,Snapdragon 625,4 GB RAM | 64 GB Storage,13 MP Rear Camera,5 MP Front Camera,4100 mAh,5.5 inches (13.97 cm) | IPS LCD,,"₹9,999"
Samsung Galaxy Z Fold 8 512GB,Snapdragon 8 Elite Gen 5,12 GB RAM | 512 GB Storage,50 MP + 50 MP Rear Camera,10 MP Front Camera,4800 mAh | 45W,7.6 inches (19.3 cm) | Dynamic AMOLED 2x (Main Display),"AnTuTu Score 3,252,918","₹199,999"
Samsung Galaxy Z Fold 8 Ultra 512GB,Snapdragon 8 Elite Gen 5,12 GB RAM | 512 GB Storage,200 MP + 10 MP + 50 MP Rear Camera,10 MP Front Camera,5000 mAh | 45W,8 inches (20.32 cm) | Dynamic AMOLED 2x (Main Display),"AnTuTu Score 3,074,056","₹219,999"
realme Narzo 100 Lite 5G 128GB,MediaTek Dimensity 6300,4 GB RAM | 128 GB Storage,13 MP Rear Camera,5 MP Front Camera,7000 mAh | 15W Fast Charging,6.81 inches (17.3 cm) | LCD,,"₹19,999"
realme C85 6GB RAM,MediaTek Dimensity 6300,6 GB RAM | 128 GB Storage,50 MP Rear Camera,8 MP Front Camera,7000 mAh | 45W Super VOOC Charging,6.8 inches (17.27 cm) | LCD,,"₹21,990"
POCO C85 5G 6GB RAM,MediaTek Dimensity 6300,6 GB RAM | 128 GB Storage,50 MP Rear Camera,8 MP Front Camera,6000 mAh | 33W Fast Charging,6.9 inches (17.53 cm) | IPS LCD,"AnTuTu Score 553,034","₹18,593"
Apple iPhone Air 512GB,A19 Pro,8 GB RAM | 512 GB Storage,48 MP Rear Camera,18 MP Front Camera,3149 mAh | 20W Fast Charging,6.5 inches (16.51 cm) | Super Retina XDR OLED,"AnTuTu Score 2,067,200","₹121,900"
HMD 150 Music,,8 MB RAM | 8 MB Storage,0.3 MP Rear Camera,,2500 mAh,2.4 inches (6.1 cm) | TFT,,"₹2,249"
Samsung Galaxy S25 Ultra 512GB,Snapdragon 8 Elite,12 GB RAM | 512 GB Storage,200 MP + 50 MP + 10 MP + 50 MP Rear Camera,12 MP Front Camera,5000 mAh | 45W Fast Charging,6.9 inches (17.53 cm) | Dynamic AMOLED 2x,"AnTuTu Score 2,209,231","₹139,999"
Lava A3 Vibe,,32 MB RAM | 32 MB Storage,0.3 MP Rear Camera,,1750 mAh,1.77 inches (4.5 cm) | TFT,,"₹1,299"
Samsung Galaxy M14 6GB RAM,Samsung Exynos 1330,6 GB RAM | 128 GB Storage,50 MP + 2 MP + 2 MP Rear Camera,13 MP Front Camera,6000 mAh | 25W Fast Charging,6.6 inches (16.76 cm) | PLS LCD,,"₹14,990"
Samsung Galaxy M33 5G 8GB RAM,Samsung Exynos 1280,8 GB RAM | 128 GB Storage,50 MP + 5 MP + 2 MP + 2 MP Rear Camera,8 MP Front Camera,6000 mAh | 25W Fast Charging,6.6 inches (16.76 cm) | TFT,"AnTuTu Score 400,373","₹18,499"
POCO X4 Pro 8GB RAM,Snapdragon 695,8 GB RAM | 128 GB Storage,64 MP + 8 MP + 2 MP Rear Camera,16 MP Front Camera,5000 mAh | 67W Sonic Charging,6.67 inches (16.94 cm) | AMOLED,AnTuTu Score 0,"₹21,600"
realme Narzo 50A 128GB,MediaTek Helio G85,4 GB RAM | 128 GB Storage,50 MP + 2 MP + 2 MP Rear Camera,8 MP Front Camera,6000 mAh | 18W Quick Charging,6.5 inches (16.51 cm) | IPS LCD,"AnTuTu Score 218,890","₹12,499"
Samsung Galaxy F42 8GB RAM,MediaTek Dimensity 700,8 GB RAM | 128 GB Storage,64 MP + 5 MP + 2 MP Rear Camera,8 MP Front Camera,5000 mAh | 15W Fast Charging,6.6 inches (16.76 cm) | TFT,"AnTuTu Score 332,186","₹22,990"
OnePlus 9 Pro 256GB,Snapdragon 888,12 GB RAM | 256 GB Storage,48 MP + 50 MP + 8 MP + 2 MP Rear Camera,16 MP Front Camera,4500 mAh | 65W Warp Charging,6.7 inches (17.02 cm) | Fluid AMOLED,"AnTuTu Score 697,091","₹54,999"
Itel Zeno 100 Pro 4G 4GB RAM,Unisoc T7100,4 GB RAM | 64 GB Storage,8 MP Rear Camera,5 MP Front Camera,5000 mAh | 10W,6.56 inches (16.66 cm) | IPS LCD,,"₹9,599"
Samsung Galaxy S26 FE 512GB,Samsung Exynos 2500 S5E9955,8 GB RAM | 512 GB Storage,50 MP + 12 MP + 8 MP Rear Camera,12 MP Front Camera,4900 mAh | 45W Fast Charging,6.736 inches (17.11 cm) | Dynamic AMOLED 2x,,
realme 15 256GB,MediaTek Dimensity 7300 Plus,8 GB RAM | 256 GB Storage,50 MP + 8 MP Rear Camera,50 MP Front Camera,7000 mAh | 80W Ultra Charging,6.8 inches (17.27 cm) | AMOLED,"AnTuTu Score 728,221","₹31,999"
OPPO Reno13 Pro 512GB,MediaTek Dimensity 8350,12 GB RAM | 512 GB Storage,50 MP + 8 MP + 50 MP Rear Camera,50 MP Front Camera,5800 mAh | 80W Super VOOC Charging,6.83 inches (17.35 cm) | AMOLED,"AnTuTu Score 1,146,605","₹54,999"
Amaq Q1 4G,,,0.3 MP Rear Camera,,3500 mAh,2.8 inches (7.11 cm) | TFT,,"₹3,500"
Nokia C22,Unisoc SC9863A,2 GB RAM | 64 GB Storage,13 MP + 2 MP Rear Camera,8 MP Front Camera,5000 mAh | 10W,6.5 inches (16.51 cm) | IPS LCD,,"₹12,990"
Lava Blaze Nxt,MediaTek Helio G37,4 GB RAM | 64 GB Storage,13 MP + 2 MP Rear Camera,8 MP Front Camera,5000 mAh | 10W,6.5 inches (16.51 cm) | IPS LCD,,"₹10,499"
Moto G82,Snapdragon 695,6 GB RAM | 128 GB Storage,50 MP + 8 MP + 2 MP Rear Camera,16 MP Front Camera,5000 mAh | 30W Turbo Power Charging,6.6 inches (16.76 cm) | P-OLED,"AnTuTu Score 408,898","₹21,303"
Moto G51 5G,Snapdragon 480 Plus,4 GB RAM | 64 GB Storage,50 MP + 8 MP + 2 MP Rear Camera,13 MP Front Camera,5000 mAh | 20W Rapid Charging,6.8 inches (17.27 cm) | IPS LCD,"AnTuTu Score 242,567","₹16,290"
Xiaomi Redmi Note 7 Pro 6GB RAM,Snapdragon 675,6 GB RAM | 64 GB Storage,48 MP + 5 MP Rear Camera,13 MP Front Camera,4000 mAh Quick Charging,6.3 inches (16 cm) | IPS LCD,"AnTuTu Score 181,423","₹10,995"
Nokia 105 2017,,4 MB Storage,,,800 mAh | 2.96W,1.8 inches (4.57 cm) | TFT,,"₹1,599"
Tecno Spark Go 3 Pro 4G 128GB,MediaTek Helio G81,4 GB RAM | 128 GB Storage,13 MP Rear Camera,8 MP Front Camera,5200 mAh | 10W,6.78 inches (17.22 cm) | IPS LCD,"AnTuTu Score 371,151","₹16,999"
Xiaomi Redmi 15A 5G 128GB,Unisoc T8300,4 GB RAM | 128 GB Storage,32 MP Rear Camera,8 MP Front Camera,6300 mAh | 15W,6.9 inches (17.53 cm) | IPS LCD,,"₹17,289"
OPPO A6 6GB RAM,MediaTek Dimensity 6300,6 GB RAM | 128 GB Storage,50 MP + 2 MP Rear Camera,16 MP Front Camera,7000 mAh | 45W Super VOOC Charging,6.57 inches (16.69 cm) | AMOLED,,"₹28,999"
Reliance Jio Bharat J1,,,0.3 MP Rear Camera,,2500 mAh,2.8 inches (7.11 cm) | TFT,,"₹1,799"
Itel it5027,Spreadtrum SC6531E,4 MB RAM | 4 MB Storage,0.3 MP Rear Camera,,1200 mAh,2.4 inches (6.1 cm) | TFT,,"₹1,259"
realme 11x 5G 8GB RAM,MediaTek Dimensity 6100 Plus,8 GB RAM | 128 GB Storage,64 MP + 2 MP Rear Camera,8 MP Front Camera,5000 mAh | 33W Super VOOC Charging,6.72 inches (17.07 cm) | IPS LCD,"AnTuTu Score 428,371","₹18,497"
Xiaomi Redmi 11 Prime 5G 128GB,MediaTek Dimensity 700,6 GB RAM | 128 GB Storage,50 MP + 2 MP Rear Camera,8 MP Front Camera,5000 mAh | 18W Fast Charging,6.58 inches (16.71 cm) | IPS LCD,"AnTuTu Score 385,734","₹16,999"
realme 9i 4GB RAM,Snapdragon 680,4 GB RAM | 128 GB Storage,50 MP + 2 MP + 2 MP Rear Camera,16 MP Front Camera,5000 mAh | 33W Dart Charging,6.6 inches (16.76 cm) | IPS LCD,,"₹16,990"
iQOO 9 SE 256GB,Snapdragon 888,12 GB RAM | 256 GB Storage,48 MP + 13 MP + 2 MP Rear Camera,16 MP Front Camera,4500 mAh | 66W Flash Charging,6.62 inches (16.81 cm) | AMOLED,"AnTuTu Score 850,550","₹34,899"
Good One Flip,,,0.3 MP Rear Camera,,1050 mAh,1.8 inches (4.57 cm) | TFT,,"₹1,699"
Infinix Hot 11,MediaTek Helio G70,4 GB RAM | 64 GB Storage,13 MP + 0.08 MP Rear Camera,8 MP Front Camera,5200 mAh | 10W,6.6 inches (16.76 cm) | IPS LCD,,"₹9,999"
Lava A7,,,0.3 MP Rear Camera,,1750 mAh,2.4 inches (6.1 cm) | TFT,,"₹1,580"
Lenovo K8 Plus,MediaTek MT6757CD,3 GB RAM | 32 GB Storage,13 MP + 5 MP Rear Camera,8 MP Front Camera,4000 mAh,5.2 inches (13.21 cm) | IPS LCD,,"₹10,990"
Moto G17,MediaTek Helio G81 Extreme,4.0 GB RAM | 128 GB Storage,50 MP + 5 MP Rear Camera,32 MP Front Camera,5200 mAh | 18W Turbo Power Charging,6.72 inches (17.07 cm) | LCD,,
Moto G17 Power,MediaTek Helio G81 Extreme,4 GB RAM | 128 GB Storage,50 MP + 5 MP Rear Camera,32 MP Front Camera,5200 mAh | 30W Turbo Power Charging,6.72 inches (17.07 cm) | LCD,,
vivo Y60m 5G,Snapdragon 4 Gen 2,6 GB RAM | 128 GB Storage,13 MP Rear Camera,5 MP Front Camera,6500 mAh | 15W,6.74 inches (17.12 cm) | LCD,,
vivo Y6t 5G,Snapdragon 4 Gen 2,8 GB RAM | 128 GB Storage,13 MP Rear Camera,5 MP Front Camera,6500 mAh | 15W Fast Charging,6.74 inches (17.12 cm) | LCD,,
OPPO F33 5G 8GB RAM,MediaTek Dimensity 6360 Max,8 GB RAM | 128 GB Storage,50 MP + 2 MP Rear Camera,16 MP Front Camera,7000 mAh | 80W,6.57 inches (16.69 cm) | AMOLED,,"₹32,999"
Apple iPhone Air 1TB,Apple A19 Pro,8 GB RAM | 1 TB Storage,48 MP Rear Camera,18 MP Front Camera,3149 mAh | 20W Fast Charging,6.5 inches (16.51 cm) | Super Retina XDR,"AnTuTu Score 2,067,200","₹141,900"
OPPO F31 Pro Plus 12GB,Snapdragon 7 Gen 3,12 GB RAM | 256 GB Storage,50 MP + 2 MP Rear Camera,32 MP Front Camera,7000 mAh | 80W Super VOOC Charging,6.79 inches (17.25 cm) | AMOLED,"AnTuTu Score 1,077,869","₹34,999"
Lava A1 Music,,32 GB Storage,,,1000 mAh,2 inches (5.08 cm),,"₹1,033"
Philips E2103,Unisoc,4 MB RAM | 4 MB Storage,,,1000 mAh,1.77 inches (4.5 cm) | TFT,,"₹1,099"
JMAX Pops 7,,,0.3 MP Rear Camera,,2500 mAh,1.77 inches (4.5 cm) | TFT,,₹499
realme 14 Pro Plus 12GB RAM,Snapdragon 7s Gen 3,12 GB RAM | 256 GB Storage,50 MP + 8 MP + 50 MP Rear Camera,32 MP Front Camera,6000 mAh | 80W Super VOOC Charging,6.83 inches (17.35 cm) | OLED,,"₹34,999"
Motorola Razr 50,MediaTek Dimensity 7300X,8 GB RAM | 256 GB Storage,50 MP + 13 MP Rear Camera,32 MP Front Camera,4200 mAh | 33W Turbo Power Charging,6.9 inches (17.53 cm) | P-OLED,"AnTuTu Score 619,345","₹64,990"
Itel it5262,,4 MB RAM | 4 MB Storage,0.3 MP Rear Camera,,2000 mAh,2.4 inches (6.1 cm) | TFT,,"₹1,579"
Samsung Galaxy A05s 4GB RAM,Snapdragon 680,4 GB RAM | 128 GB Storage,50 MP + 2 MP + 2 MP Rear Camera,13 MP Front Camera,5000 mAh | 25W Fast Charging,6.7 inches (17.02 cm) | PLS LCD,,"₹13,499"
Nokia 105 Classic Dual SIM,,4 MB RAM | 4 MB Storage,,,800 mAh,1.77 inches (4.5 cm) | TFT,,"₹1,309"
Google Pixel 8 Pro 256GB,Google Tensor G3,12 GB RAM | 256 GB Storage,50 MP + 48 MP + 48 MP Rear Camera,10.5 MP Front Camera,5050 mAh | 30W Fast Charging,6.7 inches (17.02 cm) | OLED,,"₹113,999"
Samsung Galaxy A05s,Snapdragon 680,6 GB RAM | 128 GB Storage,50 MP + 2 MP + 2 MP Rear Camera,13 MP Front Camera,5000 mAh | 25W Fast Charging,6.7 inches (17.02 cm) | PLS LCD,,"₹14,999"
Nokia 105 2023,,,,,1000 mAh,1.8 inches (4.57 cm) | TFT,,"₹1,249"
POCO X5 Pro 256GB,Snapdragon 778G,8 GB RAM | 256 GB Storage,108 MP + 8 MP + 2 MP Rear Camera,16 MP Front Camera,5000 mAh | 67W Sonic Charging,6.67 inches (16.94 cm) | AMOLED,"AnTuTu Score 534,537","₹26,999"
realme GT Neo 3 5G 256GB,MediaTek Dimensity 8100,8 GB RAM | 256 GB Storage,50 MP + 8 MP + 2 MP Rear Camera,16 MP Front Camera,5000 mAh | 80W Super Dart Charging,6.7 inches (17.02 cm) | AMOLED,"AnTuTu Score 820,539","₹38,999"
Samsung Galaxy M53 5G 8GB RAM,MediaTek Dimensity 900,8 GB RAM | 128 GB Storage,108 MP + 8 MP + 2 MP + 2 MP Rear Camera,32 MP Front Camera,5000 mAh | 25W Fast Charging,6.7 inches (17.02 cm) | Super AMOLED Plus,AnTuTu Score 0,"₹28,499"
iQOO 9 256GB,Snapdragon 888 Plus,12 GB RAM | 256 GB Storage,48 MP + 13 MP + 13 MP Rear Camera,16 MP Front Camera,4350 mAh | 120W Flash Charging,6.56 inches (16.66 cm) | AMOLED,"AnTuTu Score 857,984","₹50,650"
Nokia C30 64GB,Unisoc SC9863A,4 GB RAM | 64 GB Storage,13 MP + 2 MP Rear Camera,5 MP Front Camera,6000 mAh | 10W,6.82 inches (17.32 cm) | IPS LCD,"AnTuTu Score 91,300","₹10,999"
Nokia 6310,,16 MB RAM | 8 MB Storage,0.3 MP Rear Camera,,1150 mAh,2.8 inches (7.11 cm) | TFT,,"₹3,780"
Nokia G10,MediaTek Helio G25,4 GB RAM | 64 GB Storage,13 MP + 2 MP + 2 MP Rear Camera,8 MP Front Camera,5050 mAh | 10W,6.5 inches (16.51 cm) | IPS LCD,"AnTuTu Score 115,616","₹12,999"
OnePlus 9 256GB,Snapdragon 888,12 GB RAM | 256 GB Storage,48 MP + 50 MP + 2 MP Rear Camera,16 MP Front Camera,4500 mAh | 65W Warp Charging,6.55 inches (16.64 cm) | Fluid AMOLED,"AnTuTu Score 721,281","₹39,999"
OnePlus 8T 256GB,Snapdragon 865,12 GB RAM | 256 GB Storage,48 MP + 16 MP + 5 MP + 2 MP Rear Camera,16 MP Front Camera,4500 mAh | 65W Warp Charging,6.55 inches (16.64 cm) | Fluid AMOLED,"AnTuTu Score 579,790","₹34,999"
POCO M2,MediaTek Helio G80,6 GB RAM | 64 GB Storage,13 MP + 8 MP + 5 MP + 2 MP Rear Camera,8 MP Front Camera,5000 mAh | 18W Fast Charging,6.53 inches (16.59 cm) | IPS LCD,"AnTuTu Score 251,390","₹15,990"
Google Pixel 11 512GB,Google Tensor G6,12 GB RAM | 512 GB Storage,48 MP + 13 MP + 10.8 MP Rear Camera,10.5 MP Front Camera,4985 mAh | 30W Quick Charging,6.3 inches (16 cm) | OLED,"AnTuTu Score 1,690,573","₹104,999"
"realme P4 Lite 5G 128GB, 6GB RAM",MediaTek Dimensity 6300,6 GB RAM | 128 GB Storage,13 MP Rear Camera,5 MP Front Camera,7000 mAh | 15W Super VOOC Charging,6.8 inches (17.27 cm) | LCD,,"₹21,699"
OPPO A6s 6GB RAM,MediaTek Dimensity 6300,6 GB RAM | 128 GB Storage,50 MP + 2 MP Rear Camera,5 MP Front Camera,6500 mAh | 45W Flash Charging,6.75 inches (17.15 cm) | IPS LCD,,"₹23,998"
Infinix Note Edge 8GB RAM,MediaTek Dimensity 7100,8 GB RAM | 128 GB Storage,50 MP Rear Camera,13 MP Front Camera,6500 mAh | 45W,6.78 inches (17.22 cm) | LTPS AMOLED,,"₹28,999"
realme 15 256GB 12GB RAM,MediaTek Dimensity 7300 Plus,12 GB RAM | 256 GB Storage,50 MP + 8 MP Rear Camera,50 MP Front Camera,7000 mAh | 80W Ultra Charging,6.8 inches (17.27 cm) | AMOLED,"AnTuTu Score 728,221","₹32,998"
OPPO A5 Pro 256GB,MediaTek Dimensity 6300,8 GB RAM | 256 GB Storage,50 MP + 2 MP Rear Camera,8 MP Front Camera,5800 mAh | 45W Super VOOC Charging,6.67 inches (16.94 cm) | LCD,,"₹27,990"
OPPO Reno12 Pro 512GB,MediaTek Dimensity 7300 Energy,12 GB RAM | 512 GB Storage,50 MP + 8 MP + 50 MP Rear Camera,50 MP Front Camera,5000 mAh | 80W Super VOOC Charging,6.7 inches (17.02 cm) | Flexible AMOLED,"AnTuTu Score 638,962","₹52,499"
realme Narzo 70x 5G 6GB RAM,MediaTek Dimensity 6100 Plus,6 GB RAM | 128 GB Storage,50 MP + 2 MP Rear Camera,8 MP Front Camera,5000 mAh | 45W Super VOOC Charging,6.72 inches (17.07 cm) | IPS LCD,"AnTuTu Score 404,437","₹17,999"
Samsung Galaxy A55 12GB RAM,Samsung Exynos 1480,12 GB RAM | 256 GB Storage,50 MP + 12 MP + 5 MP Rear Camera,32 MP Front Camera,5000 mAh | 25W Fast Charging,6.6 inches (16.76 cm) | Super AMOLED,"AnTuTu Score 733,093","₹47,990"
Samsung Galaxy A25 5G 256GB,Samsung Exynos 1280,8 GB RAM | 256 GB Storage,50 MP + 8 MP + 2 MP Rear Camera,13 MP Front Camera,5000 mAh | 25W Fast Charging,6.5 inches (16.51 cm) | Super AMOLED,,"₹29,999"
Samsung Galaxy S23 FE 256GB,Samsung Exynos 2200,8 GB RAM | 256 GB Storage,50 MP + 12 MP + 8 MP Rear Camera,10 MP Front Camera,4500 mAh | 25W Fast Charging,6.4 inches (16.26 cm) | Dynamic AMOLED 2x,"AnTuTu Score 1,073,002","₹54,999"
BlackZone Legend,,,0.3 MP Rear Camera,,3000 mAh,2.4 inches (6.1 cm) | TFT,,"₹1,959"
Moto G32 128GB,Snapdragon 680,8 GB RAM | 128 GB Storage,50 MP + 8 MP + 2 MP Rear Camera,16 MP Front Camera,5000 mAh | 33W Turbo Power Charging,6.5 inches (16.51 cm) | IPS LCD,"AnTuTu Score 245,680","₹18,999"
Xiaomi Redmi 11 Prime 128GB,MediaTek Helio G99,6 GB RAM | 128 GB Storage,50 MP + 2 MP + 2 MP Rear Camera,8 MP Front Camera,5000 mAh | 18W Fast Charging,6.58 inches (16.71 cm) | IPS LCD,,"₹17,999"
vivo V25 Pro 5G 256GB,MediaTek Dimensity 1300,12 GB RAM | 256 GB Storage,64 MP + 8 MP + 2 MP Rear Camera,32 MP Front Camera,4830 mAh | 66W Flash Charging,6.56 inches (16.66 cm) | AMOLED,"AnTuTu Score 705,961","₹37,490"
Itel Magic X Play,Unisoc T107,48 MB RAM | 128 MB Storage,0.3 MP Rear Camera,,1900 mAh,1.77 inches (4.5 cm) | TFT,,"₹2,497"
Xiaomi Mi 11T Pro 5G 12GB RAM,Snapdragon 888,12 GB RAM | 256 GB Storage,108 MP + 8 MP + 5 MP Rear Camera,16 MP Front Camera,5000 mAh | 120W Fast Charging,6.67 inches (16.94 cm) | AMOLED,"AnTuTu Score 806,992","₹37,758"
Xiaomi Mi 11i 8GB RAM,MediaTek Dimensity 920,8 GB RAM | 128 GB Storage,108 MP + 8 MP + 2 MP Rear Camera,16 MP Front Camera,5160 mAh | 67W Turbo Charging,6.67 inches (16.94 cm) | AMOLED,"AnTuTu Score 781,006","₹24,990"
Xiaomi 11i HyperCharge 8GB RAM,MediaTek Dimensity 920,8 GB RAM | 128 GB Storage,108 MP + 8 MP + 2 MP Rear Camera,16 MP Front Camera,4500 mAh | 120W Fast Charging,6.67 inches (16.94 cm) | AMOLED,AnTuTu Score 0,"₹32,990"
Xiaomi Redmi Note 11T 5G 8GB RAM,MediaTek Dimensity 810,8 GB RAM | 128 GB Storage,50 MP + 8 MP Rear Camera,16 MP Front Camera,5000 mAh | 33W Fast Charging,6.6 inches (16.76 cm) | IPS LCD,"AnTuTu Score 394,082","₹18,998"
Moto E40,Unisoc T700,4 GB RAM | 64 GB Storage,48 MP + 2 MP + 2 MP Rear Camera,8 MP Front Camera,5000 mAh | 10W,6.5 inches (16.51 cm) | IPS LCD,,"₹10,999"
POCO C31 64GB,MediaTek Helio G35,4 GB RAM | 64 GB Storage,13 MP + 2 MP + 2 MP Rear Camera,5 MP Front Camera,5000 mAh | 10W,6.53 inches (16.59 cm) | IPS LCD,"AnTuTu Score 124,264","₹9,490"
Snexian Guru 2171,,,0.3 MP Rear Camera,,850 mAh,1.8 inches (4.57 cm) | TFT,,₹441
Samsung Galaxy A52s 5G 8GB RAM,Snapdragon 778G,8 GB RAM | 128 GB Storage,64 MP + 12 MP + 5 MP + 5 MP Rear Camera,32 MP Front Camera,4500 mAh | 25W Fast Charging,6.5 inches (16.51 cm) | Super AMOLED,"AnTuTu Score 495,352","₹32,499"
Samsung Galaxy M21 2021 128GB,Samsung Exynos 9 Octa 9611,6 GB RAM | 128 GB Storage,48 MP + 8 MP + 5 MP Rear Camera,20 MP Front Camera,6000 mAh | 15W Fast Charging,6.4 inches (16.26 cm) | Super AMOLED,,"₹13,999"
realme C25s,MediaTek Helio G85,4 GB RAM | 64 GB Storage,13 MP + 2 MP + 2 MP Rear Camera,8 MP Front Camera,6000 mAh | 18W Quick Charging,6.5 inches (16.51 cm) | IPS LCD,"AnTuTu Score 220,165","₹12,990"
Xiaomi Mi 10T Pro,Snapdragon 865,8 GB RAM | 128 GB Storage,108 MP + 13 MP + 5 MP Rear Camera,20 MP Front Camera,5000 mAh | 33W Fast Charging,6.67 inches (16.94 cm) | IPS LCD,"AnTuTu Score 567,321","₹32,999"
Xiaomi Mi 10T,Snapdragon 865,6 GB RAM | 128 GB Storage,64 MP + 13 MP + 5 MP Rear Camera,20 MP Front Camera,5000 mAh | 33W Fast Charging,6.67 inches (16.94 cm) | IPS LCD,"AnTuTu Score 592,540","₹24,799"
Xiaomi Redmi Note 9 128GB,MediaTek Helio G85,4 GB RAM | 128 GB Storage,48 MP + 8 MP + 2 MP + 2 MP Rear Camera,13 MP Front Camera,5020 mAh | 22.5W Fast Charging,6.53 inches (16.59 cm) | IPS LCD,"AnTuTu Score 200,953","₹12,499"
Micromax X809,,,1 MP Rear Camera,,1000 mAh | 4.9W,2.4 inches (6.1 cm) | TFT,,₹800
OnePlus 7 256GB,Snapdragon 855,6 GB RAM | 256 GB Storage,48 MP + 5 MP Rear Camera,16 MP Front Camera,3700 mAh | 20W Dash Charging,6.41 inches (16.28 cm) | Optic AMOLED,"AnTuTu Score 369,292","₹33,999"
Samsung Galaxy M30 128GB,Samsung Exynos 7 Octa 7904,6 GB RAM | 128 GB Storage,13 MP + 5 MP + 5 MP Rear Camera,16 MP Front Camera,5000 mAh | 15W Fast Charging,6.4 inches (16.26 cm) | Super AMOLED,,"₹16,999"
Tecno Pova 8 5G 8GB 128GB,MediaTek Dimensity 7100,8 GB RAM | 128 GB Storage,50 MP Rear Camera,13 MP Front Camera,8000 mAh | 45W Fast Charging,6.76 inches (17.17 cm) | IPS LCD,,"₹31,999"
Lava Bold N2 Pro,Unisoc T7250,4 GB RAM | 128 GB Storage,50 MP Rear Camera,8 MP Front Camera,5000 mAh | 18W,6.75 inches (17.15 cm) | LCD,,"₹123,131"
"realme 16 256GB, 12GB RAM",MediaTek Dimensity 6400 Turbo,12 GB RAM | 256 GB Storage,50 MP + 2 MP Rear Camera,50 MP Front Camera,7000 mAh | 60W Fast Charging,6.57 inches (16.69 cm) | Flexible AMOLED,,"₹42,999"
vivo V70 Elite 12GB RAM,Snapdragon 8s Gen 3,12 GB RAM | 256 GB Storage,50 MP + 8 MP + 50 MP Rear Camera,50 MP Front Camera,6500 mAh | 90W Flash Charging,6.59 inches (16.74 cm) | AMOLED,"AnTuTu Score 1,815,619","₹71,999"
OPPO A6 6GB RAM 256GB,MediaTek Dimensity 6300,6 GB RAM | 256 GB Storage,50 MP + 2 MP Rear Camera,16 MP Front Camera,7000 mAh | 45W Super VOOC Charging,6.57 inches (16.69 cm) | AMOLED,,"₹31,999"
Itel it2181,,4 MB RAM | 4 MB Storage,0.3 MP Rear Camera,,1200 mAh,2.0 inches (5.08 cm) | TFT,,"₹1,199"
"iQOO Z10 Lite 128GB, 4GB RAM",MediaTek Dimensity 6300,4 GB RAM | 128 GB Storage,50 MP + 2 MP Rear Camera,5 MP Front Camera,6000 mAh | 15W Fast Charging,6.74 inches (17.12 cm) | LCD,,"₹18,999"
Samsung Galaxy S25 Plus 512GB,Snapdragon 8 Elite,12 GB RAM | 512 GB Storage,50 MP + 12 MP + 10 MP Rear Camera,12 MP Front Camera,4900 mAh | 45W Fast Charging,6.7 inches (17.02 cm) | Dynamic AMOLED 2x,"AnTuTu Score 2,298,707","₹87,999"
Moto G13,MediaTek Helio G85,4 GB RAM | 64 GB Storage,50 MP + 2 MP + 2 MP Rear Camera,8 MP Front Camera,5000 mAh | 10W,6.5 inches (16.51 cm) | IPS LCD,"AnTuTu Score 209,807","₹14,999"
Moto G13 128GB,MediaTek Helio G85,4 GB RAM | 128 GB Storage,50 MP + 2 MP + 2 MP Rear Camera,8 MP Front Camera,5000 mAh | 10W,6.5 inches (16.51 cm) | IPS LCD,"AnTuTu Score 209,807","₹13,999"
Samsung Galaxy A04,MediaTek Helio P35,4 GB RAM | 64 GB Storage,50 MP + 2 MP Rear Camera,5 MP Front Camera,5000 mAh,6.5 inches (16.51 cm) | PLS LCD,,"₹11,999"
Samsung Galaxy A04e 64GB,MediaTek Helio P35,3 GB RAM | 64 GB Storage,13 MP + 2 MP Rear Camera,5 MP Front Camera,5000 mAh,6.5 inches (16.51 cm) | PLS LCD,,"₹9,999"
Samsung Galaxy M04 128GB,MediaTek Helio P35,4 GB RAM | 128 GB Storage,13 MP + 2 MP Rear Camera,5 MP Front Camera,5000 mAh | 15W,6.5 inches (16.51 cm) | PLS LCD,,"₹8,499"
Samsung Galaxy A53 5G 256GB,Samsung Exynos 1280,8 GB RAM | 256 GB Storage,64 MP + 12 MP + 5 MP + 5 MP Rear Camera,32 MP Front Camera,5000 mAh | 25W Fast Charging,6.5 inches (16.51 cm) | Super AMOLED,,"₹42,999"
POCO M5 128GB,MediaTek Helio G99,6 GB RAM | 128 GB Storage,50 MP + 2 MP + 2 MP Rear Camera,8 MP Front Camera,5000 mAh | 18W Fast Charging,6.58 inches (16.71 cm) | IPS LCD,"AnTuTu Score 366,351","₹14,499"
Samsung Galaxy M13 128GB,Samsung Exynos 850,6 GB RAM | 128 GB Storage,50 MP + 5 MP + 2 MP Rear Camera,8 MP Front Camera,6000 mAh | 15W Fast Charging,6.6 inches (16.76 cm) | PLS LCD,,"₹13,999"
Moto G52 128GB,Snapdragon 680,6 GB RAM | 128 GB Storage,50 MP + 8 MP + 2 MP Rear Camera,16 MP Front Camera,5000 mAh | 33W Turbo Power Charging,6.6 inches (16.76 cm) | P-OLED,"AnTuTu Score 266,309","₹19,999"
Xiaomi 11 Lite NE 5G 8GB RAM,Snapdragon 778G,8 GB RAM | 128 GB Storage,64 MP + 8 MP + 5 MP Rear Camera,20 MP Front Camera,4250 mAh | 33W Fast Charging,6.55 inches (16.64 cm) | AMOLED,AnTuTu Score 0,"₹27,999"
Xiaomi Redmi 10 Prime 128GB,MediaTek Helio G88,6 GB RAM | 128 GB Storage,50 MP + 8 MP + 2 MP + 2 MP Rear Camera,8 MP Front Camera,6000 mAh | 18W Fast Charging,6.5 inches (16.51 cm) | IPS LCD,"AnTuTu Score 249,038","₹15,700"
Motorola Edge 20 Fusion 8GB RAM,MediaTek Dimensity 800U,8 GB RAM | 128 GB Storage,108 MP + 8 MP + 2 MP Rear Camera,32 MP Front Camera,5000 mAh | 30W Turbo Power Charging,6.7 inches (17.02 cm) | OLED,"AnTuTu Score 361,183","₹24,980"
OnePlus 9R 256GB,Snapdragon 870,12 GB RAM | 256 GB Storage,48 MP + 16 MP + 5 MP + 2 MP Rear Camera,16 MP Front Camera,4500 mAh | 65W Warp Charging,6.55 inches (16.64 cm) | Fluid AMOLED,"AnTuTu Score 477,462","₹37,999"
Moto G10 Power,Snapdragon 460,4 GB RAM | 64 GB Storage,48 MP + 8 MP + 2 MP + 2 MP Rear Camera,8 MP Front Camera,6000 mAh | 20W,6.5 inches (16.51 cm) | IPS LCD,"AnTuTu Score 144,364","₹12,999"
realme 7i 128GB,Snapdragon 662,4 GB RAM | 128 GB Storage,64 MP + 8 MP + 2 MP + 2 MP Rear Camera,16 MP Front Camera,5000 mAh | 18W Quick Charging,6.5 inches (16.51 cm) | IPS LCD,"AnTuTu Score 179,231","₹14,249"
realme 5 Pro 6GB RAM,Snapdragon 712,6 GB RAM | 64 GB Storage,48 MP + 8 MP + 2 MP + 2 MP Rear Camera,16 MP Front Camera,4035 mAh | 20W VOOC Charging,6.3 inches (16 cm) | IPS LCD,"AnTuTu Score 180,355","₹13,792"
POCO C81 PRO 4G,Unisoc T7250,4 GB RAM | 64 GB Storage,13 MP + 0.08 MP Rear Camera,8 MP Front Camera,6000 mAh | 15W Fast Charging,6.9 inches (17.53 cm) | LCD,,
Samsung Galaxy Z Flip 8 512GB,Samsung Exynos 2600 S5E9965,12 GB RAM | 512 GB Storage,50 MP + 12 MP Rear Camera,10 MP Front Camera,4300 mAh | 25W,6.9 inches (17.53 cm) | Dynamic AMOLED 2x (Main Display),"AnTuTu Score 2,317,249","₹144,999"
Infinix Note 60 Pro 5G 256GB,Snapdragon 7s Gen 4,8 GB RAM | 256 GB Storage,50 MP + 8 MP Rear Camera,13 MP Front Camera,6500 mAh | 90W,6.78 inches (17.22 cm) | AMOLED,"AnTuTu Score 1,064,913","₹37,899"
Tecno Spark 50 5G 6GB RAM,MediaTek Dimensity 6400 Ultimate,6 GB RAM | 128 GB Storage,50 MP Rear Camera,8 MP Front Camera,6500 mAh | 45W Fast Charging,6.78 inches (17.22 cm) | IPS LCD,"AnTuTu Score 579,646","₹22,999"
OPPO Reno15 Pro 512GB,MediaTek Dimensity 8450,12 GB RAM | 512 GB Storage,200 MP + 50 MP + 50 MP Rear Camera,50 MP Front Camera,6500 mAh | 80W Super Charging,6.78 inches (17.22 cm) | LTPO AMOLED,"AnTuTu Score 2,131,620","₹72,999"
realme Narzo 90X 8GB RAM,MediaTek Dimensity 6300,8 GB RAM | 128 GB Storage,50 MP Rear Camera,8 MP Front Camera,7000 mAh | 60W VOOC Charging,6.8 inches (17.27 cm) | LCD,,"₹23,499"
Samsung Galaxy F06 64GB,MediaTek Dimensity 6300,4 GB RAM | 64 GB Storage,50 MP + 2 MP Rear Camera,8 MP Front Camera,5000 mAh | 25W Fast Charging,6.7 inches (17.02 cm) | PLS LCD,,"₹14,928"
Philips E2112,Unisoc,4 MB RAM | 4 MB Storage,0.08 MP Rear Camera,,2500 mAh,1.77 inches (4.5 cm) | TFT,,"₹1,375"
Lava Yuva Star 2,Unisoc SC9863A,4 GB RAM | 64 GB Storage,13 MP Rear Camera,5 MP Front Camera,5000 mAh | 10W,6.75 inches (17.15 cm) | IPS LCD,,"₹11,399"
realme C75 5G 6GB RAM,MediaTek Dimensity 6300,6 GB RAM | 128 GB Storage,32 MP Rear Camera,8 MP Front Camera,6000 mAh | 45W Super VOOC Charging,6.67 inches (16.94 cm) | IPS LCD,,"₹22,990"
Gfive Z15 Mini,,32 MB RAM | 32 MB Storage,,,600 mAh,1.68 inches (4.27 cm) | TFT,,₹990
OPPO Reno13 256GB,MediaTek Dimensity 8350,8 GB RAM | 256 GB Storage,50 MP + 8 MP + 2 MP Rear Camera,50 MP Front Camera,5600 mAh | 80W Super VOOC Charging,6.59 inches (16.74 cm) | AMOLED,,"₹40,999"
OPPO Reno12 Pro Manish Malhotra Limited Edition,MediaTek Dimensity 7300 Energy,12 GB RAM | 256 GB Storage,50 MP + 8 MP + 50 MP Rear Camera,50 MP Front Camera,5000 mAh | 80W Super VOOC Charging,6.7 inches (17.02 cm) | Flexible AMOLED,,"₹53,999"
Gfive Rose 312,,32 MB RAM | 16 MB Storage,0.3 MP Rear Camera,,1050 mAh,1.8 inches (4.57 cm) | TFT,,₹750
Google Pixel 9 Pro Fold,Google Tensor G4,16 GB RAM | 256 GB Storage,48 MP + 10.5 MP + 10.8 MP Rear Camera,10 MP + 10 MP Front Camera,4650 mAh | 21W Fast Charging,8.0 inches (20.32 cm) | LTPO OLED,"AnTuTu Score 1,187,754","₹132,900"
Lava Hero Shakti,,,,,800 mAh,1.8 inches (4.57 cm) | TFT,,₹956
I Kall K42 Flip,,32 MB RAM | 32 MB Storage,0.3 MP Rear Camera,,2000 mAh,2.4 inches (6.1 cm) | TFT,,"₹1,459"
realme 12 Pro 256GB,Snapdragon 6 Gen 1,8 GB RAM | 256 GB Storage,50 MP + 8 MP + 32 MP Rear Camera,16 MP Front Camera,5000 mAh | 67W Super VOOC Charging,6.7 inches (17.02 cm) | AMOLED,"AnTuTu Score 594,028","₹35,990"
Samsung Galaxy S24 Ultra 1TB,Snapdragon 8 Gen 3,12 GB RAM | 1 TB Storage,200 MP + 12 MP + 10 MP + 50 MP Rear Camera,12 MP Front Camera,5000 mAh | 45W Fast Charging,6.8 inches (17.27 cm) | Dynamic AMOLED 2x,"AnTuTu Score 1,770,105","₹159,999"
OPPO A58 4G,MediaTek Helio G85,6 GB RAM | 128 GB Storage,50 MP + 2 MP Rear Camera,8 MP Front Camera,5000 mAh | 33W Super VOOC Charging,6.72 inches (17.07 cm) | IPS LCD,,"₹20,900"
Samsung Galaxy F34 8GB RAM,Samsung Exynos 1280,8 GB RAM | 128 GB Storage,50 MP + 8 MP + 2 MP Rear Camera,13 MP Front Camera,6000 mAh | 25W Fast Charging,6.5 inches (16.51 cm) | Super AMOLED,,"₹25,999"
Xiaomi Redmi Note 12 4G,Snapdragon 685,6 GB RAM | 64 GB Storage,50 MP + 8 MP + 2 MP Rear Camera,13 MP Front Camera,5000 mAh | 33W Fast Charging,6.67 inches (16.94 cm) | Super AMOLED,,"₹18,999"
Samsung Galaxy F14 5G 6GB RAM,Samsung Exynos 1330,6 GB RAM | 128 GB Storage,50 MP + 2 MP Rear Camera,13 MP Front Camera,6000 mAh | 25W Fast Charging,6.6 inches (16.76 cm) | PLS LCD,,"₹15,990"
Samsung Galaxy A14 5G 8GB RAM,Samsung Exynos 1330,8 GB RAM | 128 GB Storage,50 MP + 2 MP + 2 MP Rear Camera,13 MP Front Camera,5000 mAh | 15W Fast Charging,6.6 inches (16.76 cm) | PLS LCD,AnTuTu Score 0,"₹22,999"
Moto G32,Snapdragon 680,4 GB RAM | 64 GB Storage,50 MP + 8 MP + 2 MP Rear Camera,16 MP Front Camera,5000 mAh | 33W Turbo Power Charging,6.5 inches (16.51 cm) | IPS LCD,"AnTuTu Score 245,680","₹14,890"
Itel Ace 2,,4 MB RAM | 4 MB Storage,,,1000 mAh,1.8 inches (4.57 cm) | TFT,,"₹1,149"
Samsung Galaxy A23 8GB RAM,Snapdragon 680,8 GB RAM | 128 GB Storage,50 MP + 5 MP + 2 MP + 2 MP Rear Camera,8 MP Front Camera,5000 mAh | 25W Fast Charging,6.6 inches (16.76 cm) | PLS TFT LCD,,"₹24,900"
Samsung Galaxy S22 Plus 256GB,Snapdragon 8 Gen 1,8 GB RAM | 256 GB Storage,50 MP + 12 MP + 10 MP Rear Camera,10 MP Front Camera,4500 mAh | 45W Fast Charging,6.6 inches (16.76 cm) | Dynamic AMOLED 2x,"AnTuTu Score 927,796","₹63,070"
Moto G31 128GB,MediaTek Helio G85,6 GB RAM | 128 GB Storage,50 MP + 8 MP + 2 MP Rear Camera,13 MP Front Camera,5000 mAh | 20W,6.4 inches (16.26 cm) | AMOLED,"AnTuTu Score 194,210","₹16,999"
Micromax X818,,,0.3 MP Rear Camera,,1450 mAh,2.8 inches (7.11 cm) | TFT,,"₹1,440"
Samsung Galaxy F12,Samsung Exynos 8 Octa 850,4 GB RAM | 64 GB Storage,48 MP + 5 MP + 2 MP + 2 MP Rear Camera,8 MP Front Camera,6000 mAh | 15W Fast Charging,6.5 inches (16.51 cm) | PLS TFT LCD,"AnTuTu Score 101,743","₹11,499"
realme X7 Pro,MediaTek Dimensity 1000 Plus,8 GB RAM | 128 GB Storage,64 MP + 8 MP + 2 MP + 2 MP Rear Camera,32 MP Front Camera,4500 mAh | 65W Super Dart Charging,6.55 inches (16.64 cm) | Super AMOLED,"AnTuTu Score 518,426","₹29,999"
realme X50 Pro 8GB RAM,Snapdragon 865,8 GB RAM | 128 GB Storage,64 MP + 12 MP + 8 MP + 2 MP Rear Camera,32 MP + 8 MP Front Camera,4200 mAh | 65W Super Dart Charging,6.44 inches (16.36 cm) | Super AMOLED,"AnTuTu Score 581,492","₹41,999"
Nokia 105 2019,,4 MB RAM | 4 MB Storage,,,800 mAh | 3W,1.77 inches (4.5 cm),,"₹1,349"
Motorola One Vision,Samsung Exynos 9 Octa 9609,4 GB RAM | 128 GB Storage,48 MP + 5 MP Rear Camera,25 MP Front Camera,3500 mAh | 15W Turbo Power Charging,6.3 inches (16 cm) | IPS LCD,"AnTuTu Score 149,177","₹18,999"
I Kall K37 New,,,0.3 MP Rear Camera,,1500 mAh,2.4 inches (6.1 cm) | TFT,,₹899
Micromax X412,,32 MB RAM | 32 MB Storage,0.3 MP Rear Camera,,800 mAh,1.77 inches (4.5 cm) | TFT,,₹974
Micromax X415,,,0.3 MP Rear Camera,,1000 mAh,1.77 inches (4.5 cm) | TFT,,"₹1,116"
Moto G Play 2026,MediaTek Dimensity 6300,4 GB RAM | 64 GB Storage,32 MP Rear Camera,8 MP Front Camera,5200 mAh | 18W Fast Charging,6.7 inches (17.02 cm) | LCD,,
realme Narzo 100 Lite 5G 6GB RAM 128GB,MediaTek Dimensity 6300,6 GB RAM | 128 GB Storage,13 MP Rear Camera,5 MP Front Camera,7000 mAh | 15W Fast Charging,6.81 inches (17.3 cm) | LCD,,"₹22,999"
realme P4 Lite 4G 128GB,Unisoc T7250,4 GB RAM | 128 GB Storage,13 MP Rear Camera,5 MP Front Camera,6300 mAh | 15W,6.74 inches (17.12 cm) | LCD,"AnTuTu Score 363,960","₹14,674"
"realme 16 Pro 256GB, 12GB RAM",MediaTek Dimensity 7300 Max,12 GB RAM | 256 GB Storage,200 MP + 8 MP Rear Camera,50 MP Front Camera,7000 mAh | 80W Super Flash Charging,6.78 inches (17.22 cm) | AMOLED,"AnTuTu Score 983,589","₹47,599"
Samsung Galaxy Z Fold7 1TB,Snapdragon 8 Elite,16 GB RAM | 1 TB Storage,200 MP + 12 MP + 10 MP Rear Camera,10 MP Front Camera,4400 mAh | 25W Fast Charging,8.0 inches (20.32 cm) | Dynamic AMOLED 2x (Main Display),,"₹186,999"
Acer Super ZX 8GB RAM,MediaTek Dimensity 6300,8 GB RAM | 128 GB Storage,64 MP + 2 MP + 2 MP Rear Camera,13 MP Front Camera,5000 mAh | 33W Fast Charging,6.8 inches (17.27 cm) | IPS LCD,,"₹19,499"
realme 14 Pro 256GB,MediaTek Dimensity 7300 Energy,8 GB RAM | 256 GB Storage,50 MP + 2 MP Rear Camera,16 MP Front Camera,6000 mAh | 45W Super VOOC Charging,6.77 inches (17.2 cm) | OLED,"AnTuTu Score 736,220","₹26,999"
Lava A7 Torch,,24 MB RAM | 32 MB Storage,0.3 MP Rear Camera,,2575 mAh,2.4 inches (6.1 cm) | TFT,,"₹1,649"
Lava A3 Torch,,24 MB RAM | 32 MB Storage,0.3 MP Rear Camera,,1750 mAh,1.8 inches (4.57 cm) | TFT,,"₹1,149"
OPPO Find X8 512GB,MediaTek Dimensity 9400,16 GB RAM | 512 GB Storage,50 MP + 50 MP + 50 MP Rear Camera,32 MP Front Camera,5630 mAh | 80W Super VOOC Charging,6.59 inches (16.74 cm) | ProXDR LTPO,"AnTuTu Score 2,339,136","₹89,999"
realme 13 Plus 5G 12GB RAM,MediaTek Dimensity 7300 Energy,12 GB RAM | 256 GB Storage,50 MP + 2 MP Rear Camera,16 MP Front Camera,5000 mAh | 80W Fast Charging,6.67 inches (16.94 cm) | OLED,"AnTuTu Score 739,074","₹26,999"
realme Narzo N65 5G 6GB RAM,MediaTek Dimensity 6300,6 GB RAM | 128 GB Storage,50 MP Rear Camera,8 MP Front Camera,5000 mAh | 15W Quick Charging,6.67 inches (16.94 cm) | IPS LCD,"AnTuTu Score 420,659","₹14,999"
Google Pixel 8A 256GB,Google Tensor G3,8 GB RAM | 256 GB Storage,64 MP + 13 MP Rear Camera,13 MP Front Camera,4492 mAh | 18W Fast Charging,6.1 inches (15.49 cm) | OLED,"AnTuTu Score 1,072,406","₹56,999"
Snexian Bold V1,,32 MB RAM | 32 MB Storage,0.3 MP Rear Camera,,1000 mAh,1.8 inches (4.57 cm) | TFT,,"₹2,299"
Samsung Galaxy S24 5G 512GB,Samsung Exynos 2400,8 GB RAM | 512 GB Storage,50 MP + 12 MP + 10 MP Rear Camera,12 MP Front Camera,4000 mAh | 25W Fast Charging,6.2 inches (15.75 cm) | Dynamic AMOLED 2x,"AnTuTu Score 1,727,225","₹69,999"
Samsung Galaxy S24 Plus 5G 512GB,Samsung Exynos 2400,12 GB RAM | 512 GB Storage,50 MP + 12 MP + 10 MP Rear Camera,12 MP Front Camera,4900 mAh | 45W Fast Charging,6.7 inches (17.02 cm) | Dynamic AMOLED 2x,"AnTuTu Score 1,699,489","₹109,999"
Itel Power 450,,4 MB RAM | 4 MB Storage,0.3 MP Rear Camera,,2500 mAh,2.4 inches (6.1 cm) | TFT,,"₹1,699"
Reliance Jio Bharat K1 Karbonn,,,0.3 MP Rear Camera,,1000 mAh,1.77 inches (4.5 cm) | TFT,,"₹1,499"
realme C51 128GB,Unisoc T612,4 GB RAM | 128 GB Storage,50 MP + 0.08 MP Rear Camera,5 MP Front Camera,5000 mAh | 33W Super VOOC Charging,6.74 inches (17.12 cm) | IPS LCD,,"₹15,990"
Samsung Galaxy M34 8GB RAM,Samsung Exynos 1280,8 GB RAM | 128 GB Storage,50 MP + 8 MP + 2 MP Rear Camera,13 MP Front Camera,6000 mAh | 25W Fast Charging,6.5 inches (16.51 cm) | Super AMOLED,AnTuTu Score 0,"₹25,890"
Snexian Rock 2163s,,32 MB RAM | 32 MB Storage,0.3 MP Rear Camera,,1000 mAh,1.77 inches (4.5 cm) | TFT,,₹699
Moto E13 4GB RAM,Unisoc T606,4 GB RAM | 64 GB Storage,13 MP Rear Camera,5 MP Front Camera,5000 mAh | 10W,6.5 inches (16.51 cm) | IPS LCD,"AnTuTu Score 182,147","₹10,999"
Samsung Galaxy A23 5G 8GB RAM,Snapdragon 695,8 GB RAM | 128 GB Storage,50 MP + 5 MP + 2 MP + 2 MP Rear Camera,8 MP Front Camera,5000 mAh | 25W Fast Charging,6.6 inches (16.76 cm) | PLS LCD,,"₹24,999"
Xiaomi Redmi Note 12 Pro 5G 8GB RAM,MediaTek Dimensity 1080,8 GB RAM | 128 GB Storage,50 MP + 8 MP + 2 MP Rear Camera,16 MP Front Camera,5000 mAh | 67W Turbo Charging,6.67 inches (16.94 cm) | AMOLED,"AnTuTu Score 513,980","₹26,999"
Samsung Galaxy A04e 128GB,MediaTek Helio P35,4 GB RAM | 128 GB Storage,13 MP + 2 MP Rear Camera,5 MP Front Camera,5000 mAh,6.5 inches (16.51 cm) | PLS LCD,,"₹11,499"
Moto G62 5G 8GB RAM,Snapdragon 695,8 GB RAM | 128 GB Storage,50 MP + 8 MP + 2 MP Rear Camera,16 MP Front Camera,5000 mAh | 20W Turbo Charging,6.5 inches (16.51 cm) | IPS LCD,AnTuTu Score 0,"₹24,999"
Moto G42,Snapdragon 680,4 GB RAM | 64 GB Storage,50 MP + 8 MP + 2 MP Rear Camera,16 MP Front Camera,5000 mAh | 20W Turbo Power Charging,6.4 inches (16.26 cm) | AMOLED,"AnTuTu Score 243,481","₹16,490"
Samsung Galaxy F13 128GB,Samsung Exynos 8 Octa 850,4 GB RAM | 128 GB Storage,50 MP + 5 MP + 2 MP Rear Camera,8 MP Front Camera,6000 mAh | 15W Fast Charging,6.6 inches (16.76 cm) | PLS LCD,"AnTuTu Score 135,739","₹16,999"
Motorola Edge 30 8GB RAM,Snapdragon 778G Plus,8 GB RAM | 128 GB Storage,50 MP + 50 MP + 2 MP Rear Camera,32 MP Front Camera,4020 mAh | 33W Turbo Power Charging,6.5 inches (16.51 cm) | P-OLED,AnTuTu Score 0,"₹34,999"
realme GT Neo 3 5G 150W,MediaTek Dimensity 8100,12 GB RAM | 256 GB Storage,50 MP + 8 MP + 2 MP Rear Camera,16 MP Front Camera,4500 mAh | 150W Super Dart Charging,6.7 inches (17.02 cm) | AMOLED,,"₹42,999"
realme C31 64GB,Unisoc T612,4 GB RAM | 64 GB Storage,13 MP + 2 MP + 0.3 MP Rear Camera,5 MP Front Camera,5000 mAh | 10W,6.5 inches (16.51 cm) | IPS LCD,"AnTuTu Score 205,322","₹14,990"
realme C35 128GB,Unisoc T616,4 GB RAM | 128 GB Storage,50 MP + 2 MP + 0.3 MP Rear Camera,8 MP Front Camera,5000 mAh | 18W Quick Charging,6.6 inches (16.76 cm) | IPS LCD,"AnTuTu Score 187,040","₹10,999"
Micromax X413,,,,,800 mAh,1.77 inches (4.5 cm) | TFT,,₹867
Karbonn K9 Yuva,,,2 MP Rear Camera,,2500 mAh,1.8 inches (4.57 cm) | TFT,,"₹1,249"
Karbonn Y1,,32 MB RAM | 32 MB Storage,0.3 MP Rear Camera,,800 mAh,1.8 inches (4.57 cm) | TFT,,₹970
Samsung Galaxy Z Flip 3 256GB,Snapdragon 888,8 GB RAM | 256 GB Storage,12 MP + 12 MP Rear Camera,10 MP Front Camera,3300 mAh | 15W Fast Charging,6.7 inches (17.02 cm) | Dynamic AMOLED (Main Display),"AnTuTu Score 675,661","₹84,999"
Lava A1 2021,,,0.3 MP Rear Camera,,800 mAh,1.77 inches (4.5 cm) | TFT,,"₹1,045"
Samsung Galaxy A22 5G 8GB RAM,MediaTek Dimensity 700,8 GB RAM | 128 GB Storage,48 MP + 5 MP + 2 MP Rear Camera,8 MP Front Camera,5000 mAh | 15W Fast Charging,6.6 inches (16.76 cm) | TFT,"AnTuTu Score 201,317","₹20,999"
realme X3 SuperZoom Edition 8GB RAM,Snapdragon 855 Plus,8 GB RAM | 256 GB Storage,64 MP + 8 MP + 8 MP + 2 MP Rear Camera,32 MP + 8 MP Front Camera,4200 mAh | 30W Super Dart Charging,6.6 inches (16.76 cm) | IPS LCD,"AnTuTu Score 476,587","₹24,490"
Itel it5026,,,0.3 MP Rear Camera,,1200 mAh,2.4 inches (6.1 cm) | TFT,,"₹1,190"
Xiaomi Redmi 9 Prime 128GB,MediaTek Helio G80,4 GB RAM | 128 GB Storage,13 MP + 8 MP + 5 MP + 2 MP Rear Camera,8 MP Front Camera,5020 mAh | 18W Fast Charging,6.53 inches (16.59 cm) | IPS LCD,"AnTuTu Score 191,437","₹13,888"
I Kall K100,,,,,800 mAh,1.8 inches (4.57 cm) | TFT,,₹699
Micromax X744,,,0.3 MP Rear Camera,,2200 mAh | 4.9W,2.4 inches (6.1 cm) | TFT,,"₹1,595"
realme 5 64GB,Snapdragon 665,4 GB RAM | 64 GB Storage,12 MP + 8 MP + 2 MP + 2 MP Rear Camera,13 MP Front Camera,5000 mAh,6.5 inches (16.51 cm) | IPS LCD,"AnTuTu Score 139,753","₹11,999"
Kechao A27,,,,,800 mAh,0.66 inches (1.68 cm) | TFT,,"₹1,099"
realme 3,MediaTek Helio P70,3 GB RAM | 32 GB Storage,13 MP + 2 MP Rear Camera,13 MP Front Camera,4230 mAh,6.2 inches (15.75 cm) | IPS LCD,"AnTuTu Score 138,129","₹10,999"
Easyfone Royale,,,0.3 MP Rear Camera,,700 mAh,2.4 inches (6.1 cm) | TFT,,"₹5,490"
Gfive U229,,,0.3 MP Rear Camera,,2200 mAh,1.8 inches (4.57 cm) | TFT,,₹849
Xiaomi Redmi Note 3 32GB,Snapdragon 650,3 GB RAM | 32 GB Storage,16 MP Rear Camera,5 MP Front Camera,4050 mAh Fast Charging,5.5 inches (13.97 cm) | IPS LCD,,"₹11,990"
Lyf Earth 1,Snapdragon 615,3 GB RAM | 32 GB Storage,13 MP + 2 MP Rear Camera,5 MP Front Camera,3500 mAh,5.5 inches (13.97 cm) | AMOLED,,"₹21,173"
Lava Arc One,,,0.3 MP Rear Camera,,1000 mAh,2.4 inches (6.1 cm) | TFT,,"₹1,483"
OPPO A6 4G 256GB,Snapdragon 685,6 GB RAM | 256 GB Storage,50 MP + 2 MP Rear Camera,8 MP Front Camera,7000 mAh | 45W Super VOOC Charging,6.75 inches (17.15 cm) | IPS LCD,,
Google Pixel 11 16GB RAM 512GB,Google Tensor G6,16 GB RAM | 512 GB Storage,48 MP + 13 MP + 10.8 MP Rear Camera,10.5 MP Front Camera,4985 mAh | 30W Quick Charging,6.3 inches (16 cm) | OLED,"AnTuTu Score 1,690,573","₹104,999"
Ai+ Pulse 2 6GB RAM 128GB,Unisoc T7250,6 GB RAM | 128 GB Storage,50 MP + 0.08 MP Rear Camera,8 MP Front Camera,6000 mAh | 18W,6.74 inches (17.12 cm) | LCD,,"₹12,690"
realme C83 5G 6GB RAM,MediaTek Dimensity 6300,6 GB RAM | 128 GB Storage,13 MP Rear Camera,5 MP Front Camera,7000 mAh | 15W,6.7 inches (17.02 cm) | LCD,"AnTuTu Score 561,364","₹22,999"
Itel Zeno 100 4GB RAM,Unisoc T7100,4 GB RAM | 64 GB Storage,8 MP Rear Camera,5 MP Front Camera,5000 mAh,6.6 inches (16.76 cm) | IPS LCD,,"₹10,999"
Apple iPhone 17 Pro 1TB,Apple A19 Pro,12 GB RAM | 1 TB Storage,48 MP + 48 MP + 48 MP Rear Camera,18 MP Front Camera,3988 mAh | 40W,6.3 inches (16 cm) | Super Retina XDR OLED,,"₹174,900"
Lava A3 King,,4 MB RAM | 4 MB Storage,0.2 MP Rear Camera,,1750 mAh,1.77 inches (4.5 cm) | TFT,,"₹1,231"
realme Narzo 80 Lite 6GB RAM,MediaTek Dimensity 6300,6 GB RAM | 128 GB Storage,32 MP Rear Camera,8 MP Front Camera,6000 mAh | 15W Fast Charging,6.67 inches (16.94 cm) | IPS LCD,,"₹21,499"
Philips E2102,Unisoc,4 MB RAM | 4 MB Storage,0.08 MP Rear Camera,,1000 mAh,1.77 inches (4.5 cm) | TFT,,"₹1,235"
Apple iPhone 16E 512GB,Apple A18,8 GB RAM | 512 GB Storage,48 MP Rear Camera,12 MP Front Camera,4005 mAh | 20W Fast Charging,6.1 inches (15.49 cm) | Super Retina XDR,"AnTuTu Score 1,405,699","₹89,900"
JMAX Spark,,,0.3 MP Rear Camera,,2500 mAh,2.4 inches (6.1 cm) | TFT,,₹899
Karbonn K160 Pop,,45 MB RAM | 40 MB Storage,1 MP Rear Camera,,1000 mAh,1.8 inches (4.57 cm) | TFT,,"₹1,170"
Karbonn K201i,,45 MB RAM | 32 MB Storage,,,1000 mAh,2 inches (5.08 cm) | TFT,,"₹1,170"
I Kall K74 New,,32 MB RAM | 32 MB Storage,0.3 MP Rear Camera,,1000 mAh,1.8 inches (4.57 cm) | TFT,,₹709
realme C61 128GB,Unisoc T612,4 GB RAM | 128 GB Storage,32 MP Rear Camera,5 MP Front Camera,5000 mAh | 10W,6.78 inches (17.22 cm) | IPS LCD,,"₹15,990"
Itel it2165s,,4 MB RAM | 4 MB Storage,,,1200 mAh,2 inches (5.08 cm) | TFT,,"₹1,099"
MTR M600,,,0.3 MP Rear Camera,,3000 mAh,1.77 inches (4.5 cm) | TFT,,₹800
Samsung Galaxy A05 128GB,MediaTek Helio G85,6 GB RAM | 128 GB Storage,50 MP + 2 MP Rear Camera,8 MP Front Camera,5000 mAh | 25W Fast Charging,6.7 inches (17.02 cm) | PLS LCD,,"₹12,499"
realme 11 256GB,MediaTek Dimensity 6100 Plus,8 GB RAM | 256 GB Storage,108 MP + 2 MP Rear Camera,16 MP Front Camera,5000 mAh | 67W Super VOOC Charging,6.72 inches (17.07 cm) | IPS LCD,,"₹26,990"
Lava Yuva 2,Unisoc T606,3 GB RAM | 64 GB Storage,13 MP + 0.3 MP Rear Camera,5 MP Front Camera,5000 mAh | 10W,6.5 inches (16.51 cm) | IPS LCD,,"₹8,399"
Samsung Galaxy Z Fold5 512GB,Snapdragon 8 Gen 2,12 GB RAM | 512 GB Storage,50 MP + 12 MP + 10 MP Rear Camera,10 MP + 4 MP Front Camera,4400 mAh | 25W Fast Charging,7.6 inches (19.3 cm) | Dynamic AMOLED 2x (Main Display),"AnTuTu Score 1,492,136","₹164,999"
realme Narzo N53 128GB,Unisoc T612,6 GB RAM | 128 GB Storage,50 MP Rear Camera,8 MP Front Camera,5000 mAh | 33W Super VOOC Charging,6.74 inches (17.12 cm) | IPS LCD,"AnTuTu Score 219,189","₹12,999"
POCO F5 256GB,Snapdragon 7 Plus Gen 2,12 GB RAM | 256 GB Storage,64 MP + 8 MP + 2 MP Rear Camera,16 MP Front Camera,5000 mAh | 67W Turbo Charging,6.67 inches (16.94 cm) | AMOLED,"AnTuTu Score 943,804","₹33,999"
Karbonn K9 Yodha,,,2 MP Rear Camera,,1800 mAh,1.8 inches (4.57 cm) | TFT,,"₹1,233"
MTR Beat,,,0.3 MP Rear Camera,,3000 mAh,2.4 inches (6.1 cm) | TFT,,"₹1,050"
Lava Hero 600i,,,,,620 mAh,1.8 inches (4.57 cm) | TFT,,₹840
realme GT Neo 3T 5G 8GB RAM,Snapdragon 870,8 GB RAM | 128 GB Storage,64 MP + 8 MP + 2 MP Rear Camera,16 MP Front Camera,5000 mAh | 80W Super Dart Charging,6.62 inches (16.81 cm) | AMOLED,"AnTuTu Score 715,648","₹31,999"
realme GT Neo 3T 5G 256GB,Snapdragon 870,8 GB RAM | 256 GB Storage,64 MP + 8 MP + 2 MP Rear Camera,16 MP Front Camera,5000 mAh | 80W Super Dart Charging,6.62 inches (16.81 cm) | AMOLED,"AnTuTu Score 715,648","₹33,999"
I Kall K777 2022,,,0.3 MP Rear Camera,,1000 mAh,1.8 inches (4.57 cm) | TFT,,"₹1,354"
Saregama Carvaan M11,MediaTek,,,,1800 mAh,1.8 inches (4.57 cm) | TFT,,"₹1,278"
Samsung Galaxy M13 5G 128GB,MediaTek Dimensity 700,6 GB RAM | 128 GB Storage,50 MP + 2 MP Rear Camera,5 MP Front Camera,5000 mAh | 15W Fast Charging,6.5 inches (16.51 cm) | PLS LCD,"AnTuTu Score 268,018","₹15,999"
Micromax J22,,32 MB RAM | 32 MB Storage,,,1000 mAh,2.4 inches (6.1 cm) | TFT,,"₹1,363"
POCO M4 5G,MediaTek Dimensity 700,4 GB RAM | 64 GB Storage,50 MP + 2 MP Rear Camera,8 MP Front Camera,5000 mAh | 18W Fast Charging,6.58 inches (16.71 cm) | IPS LCD,,"₹14,999"
realme 9 5G 128GB,MediaTek Dimensity 810,6 GB RAM | 128 GB Storage,48 MP + 2 MP + 2 MP Rear Camera,16 MP Front Camera,5000 mAh | 18W Fast Charging,6.5 inches (16.51 cm) | IPS LCD,"AnTuTu Score 369,949","₹23,990"
realme 9 5G SE 8GB RAM,Snapdragon 778G,8 GB RAM | 128 GB Storage,48 MP + 2 MP + 2 MP Rear Camera,16 MP Front Camera,5000 mAh | 30W Dart Charging,6.6 inches (16.76 cm) | IPS LCD,,"₹21,990"
realme 9 Pro Plus 8GB RAM,MediaTek Dimensity 920,8 GB RAM | 128 GB Storage,50 MP + 8 MP + 2 MP Rear Camera,16 MP Front Camera,4500 mAh | 60W Super Dart Charging,6.4 inches (16.26 cm) | Super AMOLED,"AnTuTu Score 505,838","₹26,900"
Micromax X778,,32 MB RAM | 32 MB Storage,0.3 MP Rear Camera,,2700 mAh,2.4 inches (6.1 cm) | TFT,,"₹1,310"
Xiaomi Redmi Note 11T 5G 128GB,MediaTek Dimensity 810,6 GB RAM | 128 GB Storage,50 MP + 8 MP Rear Camera,16 MP Front Camera,5000 mAh | 33W Fast Charging,6.6 inches (16.76 cm) | IPS LCD,"AnTuTu Score 394,082","₹17,796"
Micromax X416,,,0.3 MP Rear Camera,,1000 mAh,1.77 inches (4.5 cm) | TFT,,₹990
Xiaomi Mi 11X 8GB RAM,Snapdragon 870,8 GB RAM | 128 GB Storage,48 MP + 8 MP + 5 MP Rear Camera,20 MP Front Camera,4520 mAh | 33W Fast Charging,6.67 inches (16.94 cm) | AMOLED,"AnTuTu Score 590,138","₹28,999"
Gionee Max Pro,Unisoc SC9863A,3 GB RAM | 32 GB Storage,13 MP + 2 MP Rear Camera,8 MP Front Camera,6000 mAh,6.52 inches (16.56 cm) | IPS LCD,,"₹8,990"
Gfive V8,,,0.3 MP Rear Camera,,1000 mAh,1.8 inches (4.57 cm) | TFT,,₹699
Xiaomi Redmi 9 Power 6GB RAM,Snapdragon 662,6 GB RAM | 128 GB Storage,48 MP + 8 MP + 2 MP + 2 MP Rear Camera,8 MP Front Camera,6000 mAh | 18W Fast Charging,6.53 inches (16.59 cm) | IPS LCD,"AnTuTu Score 177,786","₹18,990"
Samsung Galaxy A12 128GB,MediaTek Helio P35,4 GB RAM | 128 GB Storage,48 MP + 5 MP + 2 MP + 2 MP Rear Camera,8 MP Front Camera,5000 mAh | 15W Fast Charging,6.5 inches (16.51 cm) | PLS TFT LCD,"AnTuTu Score 109,789","₹12,649"
Lava Hero 600 Plus,,,,,620 mAh,1.8 inches (4.57 cm) | TFT,,"₹1,228"
Micromax X755,,,0.3 MP Rear Camera,,2500 mAh,2.4 inches (6.1 cm) | TFT,,"₹1,890"
Karbonn KX10i,,,,,800 mAh,1.8 inches (4.57 cm) | TFT,,₹944
Kechao K9 2020,,,0.3 MP Rear Camera,,1700 mAh,2.4 inches (6.1 cm) | TFT,,"₹1,299"
realme C15 64GB,MediaTek Helio G35,4 GB RAM | 64 GB Storage,13 MP + 8 MP + 2 MP + 2 MP Rear Camera,8 MP Front Camera,6000 mAh | 18W Quick Charging,6.52 inches (16.56 cm) | IPS LCD,AnTuTu Score 0,"₹12,999"
Nokia 5310,,8 MB RAM | 16 MB Storage,0.3 MP Rear Camera,,1200 mAh | 4.4W,2.4 inches (6.1 cm) | TFT,AnTuTu Score 0,"₹3,924"
Gfive U106,,,0.3 MP Rear Camera,,950 mAh,1.8 inches (4.57 cm) | TFT,,₹599
Lava A5,,,0.3 MP Rear Camera,,1000 mAh,2.4 inches (6.1 cm) | TFT,,"₹1,299"
Karbonn KX3,,,0.3 MP Rear Camera,,800 mAh | 2W,1.77 inches (4.5 cm) | TFT,,"₹1,099"
Xiaomi Redmi 8A,Snapdragon 439,2 GB RAM | 32 GB Storage,12 MP Rear Camera,8 MP Front Camera,5000 mAh | 18W Fast Charging,6.22 inches (15.8 cm) | IPS LCD,"AnTuTu Score 85,703","₹8,499"
Kechao A26,,,,,800 mAh,0.66 inches (1.68 cm) | TFT,,"₹1,099"
Lava A1 Josh,,,,,800 mAh | 2W,1.8 inches (4.57 cm) | TFT,,"₹1,022"
Micromax X512,,32 MB RAM | 32 MB Storage,0.3 MP Rear Camera,,1750 mAh | 4.9W,1.77 inches (4.5 cm) | TFT,,"₹1,178"
Kechao K28,,,1.3 MP Rear Camera,,2200 mAh,2.4 inches (6.1 cm) | TFT,,"₹1,399"
Gfive U220 Plus,,,0.3 MP Rear Camera,,1000 mAh,1.8 inches (4.57 cm) | TFT,,"₹1,000"
I Kall K16,,,0.3 MP Rear Camera,,1000 mAh,1.8 inches (4.57 cm) | TFT,,₹749
Kechao K9,MediaTek,64 MB Storage,0.3 MP Rear Camera,,2000 mAh,2.2 inches (5.59 cm) | LCD,,"₹1,399"
Karbonn K9,,32 MB RAM | 128 MB Storage,1.3 MP Rear Camera,,1800 mAh | 4W,2.4 inches (6.1 cm) | LCD,,"₹1,286"
Virgin Swing,,,,,,,,"₹39,999"
,Samsung Exynos 2500,12 GB RAM | 512 GB Storage,50 MP + 12 MP Rear Camera,10 MP Front Camera,4300 mAh | 25W Fast Charging,6.9 inches (17.53 cm) | Dynamic AMOLED 2x (Main Display),,"₹121,999"
Samsung Galaxy Z Flip7 512GB,Samsung Exynos 2400 S5E9945,8 GB RAM | 256 GB Storage,50 MP + 12 MP Rear Camera,10 MP Front Camera,4000 mAh | 25W Fast Charging,6.7 inches (17.02 cm) | Dynamic AMOLED 2x (Main Display),,"₹89,999"
Samsung Galaxy Z Flip7 FE 256GB,MediaTek Dimensity 6300,6 GB RAM | 128 GB Storage,50 MP + 0.08 MP Rear Camera,8 MP Front Camera,5200 mAh | 18W Fast Charging,6.67 inches (16.94 cm) | IPS LCD,,"₹17,999"
Alcatel V3 Classic 6GB RAM,,4 MB RAM | 4 MB Storage,,,1000 mAh,1.8 inches (4.57 cm) | TFT,,"₹1,059"
Itel Ace 3 Shine,Snapdragon 8 Gen 3,12 GB RAM | 512 GB Storage,50 MP + 12 MP Rear Camera,10 MP Front Camera,4000 mAh | 25W Fast Charging,6.7 inches (17.02 cm) | Dynamic AMOLED 2x,"AnTuTu Score 1,497,995","₹120,999"
Samsung Galaxy Z Flip6 5G 512GB,,4 MB RAM | 4 MB Storage,,,1000 mAh,2.0 inches (5.08 cm) | TFT,,₹999
HMD 105,,4 MB RAM | 4 MB Storage,0.08 MP Rear Camera,,1000 mAh,2.0 inches (5.08 cm) | TFT,,"₹1,199"
HMD 110,,32 MB RAM | 32 MB Storage,0.3 MP Rear Camera,,2500 mAh,2.4 inches (6.1 cm) | TFT,,"₹1,019"
I Kall K444 Plus,,32 MB RAM | 32 MB Storage,0.3 MP Rear Camera,,1000 mAh,1.77 inches (4.5 cm) | TFT,,"₹1,009"
Caul X1 Plus,,,,,1000 mAh,1.8 inches (4.57 cm) | TFT,,₹899
Karbonn KX11i,,,0.3 MP Rear Camera,,2500 mAh,2.4 inches (6.1 cm) | TFT,,"₹1,499"
Cellecor D6,MediaTek Dimensity 6100 Plus,6 GB RAM | 128 GB Storage,50 MP + 2 MP Rear Camera,8 MP Front Camera,5000 mAh | 33W Super VOOC Charging,6.72 inches (17.07 cm) | IPS LCD,"AnTuTu Score 398,977","₹16,999"
realme C67 5G 6GB RAM,,32 MB RAM | 32 GB Storage,0.3 MP Rear Camera,,1000 mAh,1.77 inches (4.5 cm) | TFT,,"₹1,099"
Caul X3,,32 MB RAM | 32 MB Storage,0.3 MP Rear Camera,,2750 mAh,1.77 inches (4.5 cm) | TFT,,"₹1,799"
Caul X4,,,0.3 MP Rear Camera,,3000 mAh,2.4 inches (6.1 cm) | TFT,,"₹1,067"
MTR S1500,,32 MB RAM | 32 MB Storage,,,1000 mAh,1.8 inches (4.57 cm) | TFT,,₹845
Karbonn KX9i,,,0.3 MP Rear Camera,,1000 mAh,1.8 inches (4.57 cm) | TFT,,"₹1,152"
Karbonn K140 Star,,4 MB RAM | 4 MB Storage,,,1000 mAh,1.8 inches (4.57 cm) | TFT,,"₹1,549"
Nokia 106 2023 Dual SIM,Snapdragon 8 Gen 2,8 GB RAM | 512 GB Storage,12 MP + 12 MP Rear Camera,10 MP Front Camera,3700 mAh | 25W Fast Charging,6.7 inches (17.02 cm) | Dynamic AMOLED 2x (Main Display),"AnTuTu Score 1,196,102","₹69,999"
Samsung Galaxy Z Flip5 512GB,,,0.3 MP Rear Camera,,1100 mAh,1.8 inches (4.57 cm) | TFT,,₹899
BlackZone B2163,,,,,1000 mAh,1.8 inches (4.57 cm) | TFT,,₹899
Karbonn Y1i,,,0.3 MP Rear Camera,,1000 mAh,2.4 inches (6.1 cm) | TFT,,"₹2,990"
Easyfone Marvel Plus,,,0.3 MP Rear Camera,,1100 mAh,1.77 inches (4.5 cm) | TFT,,₹580
MTR M340,Snapdragon 8 Gen 2,8 GB RAM | 256 GB Storage,50 MP + 12 MP + 10 MP Rear Camera,12 MP Front Camera,3900 mAh | 25W Fast Charging,6.1 inches (15.49 cm) | Dynamic AMOLED 2x,"AnTuTu Score 1,207,652","₹79,999"
Samsung Galaxy S23 5G 256GB,Snapdragon 8 Gen 2,8 GB RAM | 512 GB Storage,50 MP + 12 MP + 10 MP Rear Camera,12 MP Front Camera,4700 mAh | 45W Fast Charging,6.6 inches (16.76 cm) | Dynamic AMOLED 2x,,"₹104,999"
Samsung Galaxy S23 Plus 5G 512GB,Snapdragon 8 Gen 2,12 GB RAM | 1 TB Storage,200 MP + 12 MP + 10 MP + 10 MP Rear Camera,12 MP Front Camera,5000 mAh | 45W Fast Charging,6.8 inches (17.27 cm) | Dynamic AMOLED 2x,"AnTuTu Score 1,226,598","₹154,999"
Samsung Galaxy S23 Ultra 5G 1TB,,,0.3 MP Rear Camera,,1100 mAh,1.77 inches (4.5 cm) | TFT,,₹769
MTR Star,,32 MB RAM | 32 MB Storage,0.3 MP Rear Camera,,3000 mAh,1.77 inches (4.5 cm) | TFT,,₹890
MTR M1800 Plus,,32 MB RAM | 32 MB Storage,0.3 MP Rear Camera,,1100 mAh,1.8 inches (4.57 cm) | TFT,,₹840
MTR M3000,,,0.3 MP Rear Camera,,3000 mAh,1.77 inches (4.5 cm) | TFT,,₹890
MTR M1900,,32 MB RAM | 32 MB Storage,0.3 MP Rear Camera,,1100 mAh,1.77 inches (4.5 cm) | TFT,,₹800
MTR M2163,,,0.3 MP Rear Camera,,1800 mAh,2.4 inches (6.1 cm) | TFT,,"₹1,290"
Karbonn KX51 Pro,,,0.3 MP Rear Camera,,1100 mAh,1.77 inches (4.5 cm) | TFT,,₹750
MTR MT322,,,0.08 MP Rear Camera,,1000 mAh,1.77 inches (4.5 cm) | TFT,,₹996
Micromax S114,,32 MB RAM | 32 MB Storage,0.3 MP Rear Camera,,3000 mAh,2.4 inches (6.1 cm) | TFT,,"₹1,050"
MTR S1000,,,,,1000 mAh,1.8 inches (4.57 cm) | TFT,,₹925
Karbonn K110i New,,,,,850 mAh,0.66 inches (1.68 cm) | TFT,,₹899
Snexian Bold 777,,,0.3 MP Rear Camera,,3000 mAh,1.77 inches (4.5 cm) | TFT,,₹890
MTR M300,,,0.3 MP Rear Camera,,3000 mAh,2.4 inches (6.1 cm) | TFT,,"₹1,050"
MTR Dhoom,,,0.3 MP Rear Camera,,3000 mAh,2.4 inches (6.1 cm) | TFT,,"₹1,050"
MTR Boss,,,0.3 MP Rear Camera,,1100 mAh,1.77 inches (4.5 cm) | TFT,,₹949
BlackZone C2,,32 MB RAM | 32 MB Storage,,,800 mAh,1.77 inches (4.5 cm) | TFT,,"₹1,069"
Micromax S115,,,0.8 MP Rear Camera,,3000 mAh,2.4 inches (6.1 cm) | TFT,,"₹1,050"
MTR S700,MediaTek,32 MB RAM,0.3 MP Rear Camera,,2500 mAh,2.4 inches (6.1 cm) | TFT,,"₹1,388"
Saregama Carvaan M21,,,,,800 mAh,1.77 inches (4.5 cm) | TFT,,₹990
Micromax J2,,,,,850 mAh,1.68 inches (4.27 cm) | TFT,,₹899
Snexian Bold 007,,,0.3 MP Rear Camera,,3000 mAh,2.4 inches (6.1 cm) | TFT,,"₹1,199"
BlackZone S25,,,0.3 MP Rear Camera,,1000 mAh,1.77 inches (4.5 cm) | TFT,,"₹1,093"
Micromax X379 Plus,,,0.3 MP Rear Camera,,3000 mAh,1.8 inches (4.57 cm) | TFT,,₹597
Snexian Rock R5,,,0.3 MP Rear Camera,,850 mAh,1.44 inches (3.66 cm) | TFT,,₹597
Snexian Bold 2K,,,0.3 MP Rear Camera,,800 mAh,1.77 inches (4.5 cm) | TFT,,₹720
MTR MT310,,,0.3 MP Rear Camera,,3000 mAh,1.77 inches (4.5 cm) | TFT,,₹890
MTR M1100,,,0.3 MP Rear Camera,,800 mAh,1.77 inches (4.5 cm) | TFT,,₹741
MTR MT312,,,0.8 MP Rear Camera,,3000 mAh,2.4 inches (6.1 cm) | TFT,,"₹1,015"
MTR S500,,,0.3 MP Rear Camera,,3000 mAh,1.77 inches (4.5 cm) | TFT,,₹950
MTR M1500,,,0.3 MP Rear Camera,,3000 mAh,1.77 inches (4.5 cm) | TFT,,₹899
MTR M1000,MediaTek Dimensity 700,6 GB RAM | 128 GB Storage,50 MP + 2 MP Rear Camera,8 MP Front Camera,5000 mAh | 18W Fast Charging,6.58 inches (16.71 cm) | IPS LCD,,"₹17,999"
POCO M4 5G 128GB,,,0.3 MP Rear Camera,,2500 mAh,1.8 inches (4.57 cm) | TFT,,₹656
VOX Mobile V10 2022,,,0.3 MP Rear Camera,,800 mAh,1.8 inches (4.57 cm) | TFT,,₹646
VOX Mobile V11 2022,,,0.3 MP Rear Camera,,2500 mAh,2.4 inches (6.1 cm) | TFT,,₹894
VOX Mobile V14,,,0.3 MP Rear Camera,,800 mAh,1.8 inches (4.57 cm) | TFT,,₹787
VOX Mobile V12,Snapdragon 695,8 GB RAM | 128 GB Storage,108 MP + 8 MP + 2 MP Rear Camera,16 MP Front Camera,5000 mAh | 67W Turbo Charging,6.67 inches (16.94 cm) | AMOLED,AnTuTu Score 0,"₹26,056"
Xiaomi Redmi Note 11 Pro Plus 5G 8GB RAM,,32 MB RAM | 32 MB Storage,1.3 MP Rear Camera,,1000 mAh,2.4 inches (6.1 cm) | TFT,,"₹1,184"
Xtouch F20,,32 MB RAM | 32 MB Storage,0.3 MP Rear Camera,,1800 mAh,2.4 inches (6.1 cm) | TFT,,"₹1,349"
Karbonn K531,,32 MB RAM | 32 MB Storage,0.8 MP Rear Camera,,1200 mAh,1.77 inches (4.5 cm) | TFT,,₹759
iAir D24,,,,,800 mAh,1.8 inches (4.57 cm) | TFT,,₹950
Karbonn K310i,,,0.3 MP Rear Camera,,2800 mAh,1.77 inches (4.5 cm) | TFT,,₹961
iAir D12 New,,32 MB RAM | 32 MB Storage,0.08 MP Rear Camera,,800 mAh,1.77 inches (4.5 cm) | TFT,,"₹2,290"
Easyfone Udaan 2,,,0.3 MP Rear Camera,,2700 mAh,2.4 inches (6.1 cm) | TFT,,"₹1,423"
Karbonn KX29,,,0.3 MP Rear Camera,,1800 mAh,2.8 inches (7.11 cm) | TFT,,"₹1,498"
Kechao K8 2021,,,0.3 MP Rear Camera,,1299 mAh,1.77 inches (4.5 cm) | TFT,,"₹1,093"
Micromax X513 Plus,,,0.3 MP Rear Camera,,1000 mAh,2.4 inches (6.1 cm) | TFT,,₹953
Micromax X702,,,2 MP Rear Camera,,1050 mAh,1.77 inches (4.5 cm) | TFT,,"₹1,699"
Good One Magic,MediaTek Dimensity 720,8 GB RAM | 128 GB Storage,48 MP + 8 MP + 5 MP + 2 MP Rear Camera,13 MP Front Camera,5000 mAh | 15W Fast Charging,6.5 inches (16.51 cm) | TFT,"AnTuTu Score 299,628","₹21,999"
Samsung Galaxy M32 5G 8GB RAM,,,,,800 mAh,1.77 inches (4.5 cm) | TFT,,"₹1,199"
Lava A1 Josh 21,,,0.3 MP Rear Camera,,2500 mAh,2.4 inches (6.1 cm) | TFT,,"₹1,099"
I Kall K25 2021,Snapdragon 732G,8 GB RAM | 128 GB Storage,64 MP + 8 MP + 5 MP Rear Camera,16 MP Front Camera,4250 mAh | 33W Fast Charging,6.55 inches (16.64 cm) | AMOLED,AnTuTu Score 0,"₹21,990"
Xiaomi Mi 11 Lite 8GB RAM,,,0.3 MP Rear Camera,,1000 mAh,1.8 inches (4.57 cm) | TFT,,₹720
Hotline H1282,,,0.3 MP Rear Camera,,1000 mAh,1.8 inches (4.57 cm) | TFT,,₹599
Hotline H310,,,0.3 MP Rear Camera,,1000 mAh,1.8 inches (4.57 cm) | TFT,,₹575
Hotline H312,,,0.8 MP Rear Camera,,1200 mAh,1.77 inches (4.5 cm) | TFT,,₹799
iAir D18,,,0.3 MP Rear Camera,,2800 mAh,2.4 inches (6.1 cm) | TFT,,₹882
iAir S11,,,0.3 MP Rear Camera,,1000 mAh,1.77 inches (4.5 cm) | TFT,,"₹1,093"
Micromax X379,,,,,1000 mAh,1.8 inches (4.57 cm) | TFT,,₹740
I Kall K14 2021,,,0.3 MP Rear Camera,,1200 mAh,1.77 inches (4.5 cm) | TFT,,"₹1,650"
i-smart IS-101 Ferrari,,,0.3 MP Rear Camera,,1000 mAh,2.4 inches (6.1 cm) | TFT,,"₹1,178"
Micromax X743,Snapdragon 750G,6 GB RAM | 128 GB Storage,108 MP + 8 MP + 2 MP + 2 MP Rear Camera,16 MP Front Camera,4820 mAh | 33W Fast Charging,6.67 inches (16.94 cm) | IPS LCD,"AnTuTu Score 328,730","₹23,999"
Xiaomi Mi 10i 128GB,Snapdragon 662,4 GB RAM | 128 GB Storage,48 MP + 8 MP + 2 MP + 2 MP Rear Camera,8 MP Front Camera,6000 mAh | 18W Fast Charging,6.53 inches (16.59 cm) | IPS LCD,"AnTuTu Score 177,786","₹16,990"
Xiaomi Redmi 9 Power 128GB,,,0.3 MP Rear Camera,,1700 mAh,2.4 inches (6.1 cm) | TFT,,"₹1,756"
Kechao K109,,,0.08 MP Rear Camera,,800 mAh,1.8 inches (4.57 cm) | TFT,,"₹3,100"
SeniorWorld Udaan 2,MediaTek Helio G95,8 GB RAM | 128 GB Storage,48 MP + 8 MP + 2 MP + 2 MP Rear Camera,16 MP Front Camera,4500 mAh | 65W Super Dart Charging,6.5 inches (16.51 cm) | IPS LCD,AnTuTu Score 0,"₹18,990"
realme Narzo 20 Pro 128GB,,,0.3 MP Rear Camera,,1000 mAh,2.4 inches (6.1 cm) | TFT,,"₹1,199"
BlackZone S11,,,0.3 MP Rear Camera,,3000 mAh,2.4 inches (6.1 cm) | TFT,,"₹1,199"
BlackZone S3,,,0.3 MP Rear Camera,,850 mAh,1.44 inches (3.66 cm) | TFT,,"₹1,169"
BlackZone M4,,,0.3 MP Rear Camera,,2800 mAh,2.8 inches (7.11 cm) | TFT,,"₹1,259"
BlackZone Thunder,,,0.3 MP Rear Camera,,1000 mAh,1.77 inches (4.5 cm) | TFT,,"₹1,549"
BlackZone Eco X,,,0.3 MP Rear Camera,,3000 mAh | 3.7W,2.4 inches (6.1 cm) | TFT,,"₹1,930"
Micromax X746,,,0.3 MP Rear Camera,,2500 mAh | 3.7W,1.77 inches (4.5 cm) | TFT,,"₹1,295"
Micromax X380,,,0.3 MP Rear Camera,,800 mAh,1.8 inches (4.57 cm) | TFT,,₹898
I Kall K16 New,,,0.3 MP Rear Camera,,800 mAh,1.8 inches (4.57 cm) | TFT,,₹755
I Kall K130 New,,,0.3 MP Rear Camera,,1750 mAh | 2W,1.77 inches (4.5 cm) | TFT,,"₹1,195"
Lava A3,,,0.3 MP Rear Camera,,1000 mAh,2.2 inches (5.59 cm) | TFT,,"₹1,894"
Easyfone Marvel,,,0.3 MP Rear Camera,,1000 mAh,2.3 inches (5.84 cm) | TFT,,"₹4,990"
Easyfone Elite,,,0.3 MP Rear Camera,,1000 mAh,1.8 inches (4.57 cm) | TFT,,₹749
I Kall K130,,,0.3 MP Rear Camera,,1000 mAh,1.8 inches (4.57 cm) | TFT,,₹749
I Kall K3310,,,0.3 MP Rear Camera,,1000 mAh | 4.9W,1.8 inches (4.57 cm) | TFT,,₹945
Karbonn K140 Pop,,,0.3 MP Rear Camera,,800 mAh,1.44 inches (3.66 cm) | TFT,,"₹1,199"
Kechao K33,,,0.3 MP Rear Camera,,800 mAh,1.8 inches (4.57 cm) | TFT,,₹960
Karbonn K310n,,,0.3 MP Rear Camera,,600 mAh,1.8 inches (4.57 cm) | TFT,,"₹1,199"
Kechao K115,,,0.3 MP Rear Camera,,800 mAh,1.8 inches (4.57 cm) | TFT,,"₹1,259"
BlackZone Genius,,,0.3 MP Rear Camera,,800 mAh,1.8 inches (4.57 cm) | TFT,,₹859
BlackZone Neo,,,0.3 MP Rear Camera,,1700 mAh,2.8 inches (7.11 cm) | TFT,,"₹1,300"
Kechao K103,,,,,850 mAh,1.4 inches (3.56 cm) | TFT,,₹898
Kechao K66,,,0.3 MP Rear Camera,,800 mAh,1.8 inches (4.57 cm) | TFT,,"₹1,007"
Lava Captain N1,,56 MB RAM | 40 MB Storage,0.3 MP Rear Camera,,1000 mAh,2.4 inches (6.1 cm) | TFT,,"₹1,219"
Micromax X701,MediaTek MT6755,4 GB RAM | 32 GB Storage,13 MP Rear Camera,8 MP Front Camera,3500 mAh,5.5 inches (13.97 cm) | IPS LCD,,"₹11,990"
Lenovo K5 Note,Snapdragon 410,2 GB RAM | 16 GB Storage,13 MP Rear Camera,5 MP Front Camera,5000 mAh,5.5 inches (13.97 cm) | IPS LCD,,"₹9,490"
Asus Zenfone Max ZC550KL,,,0.3 MP Rear Camera,,1000 mAh,2.4 inches (6.1 cm) | TFT,,"₹1,219"
Micromax X605,,,0.8 MP Rear Camera,,1750 mAh,1.8 inches (4.57 cm) | TFT,,₹975
Micromax X072,,,0.3 MP Rear Camera,,1000 mAh,1.8 inches (4.57 cm) | TFT,,₹999
Karbonn K110i,,,0.8 MP Rear Camera,,1800 mAh,1.8 inches (4.57 cm) | TFT,,"₹1,007"
Micromax X090,,32 MB RAM | 128 MB Storage,1.3 MP Rear Camera,,1400 mAh | 4.4W,2.4 inches (6.1 cm) | IPS LCD,,"₹1,149"
Karbonn Kphone 1,MediaTek Dimensity 9600,12 GB RAM | 256 GB Storage,50 MP + 64 MP + 50 MP Rear Camera,50 MP Front Camera,7000 mAh | 90W,6.59 inches (16.74 cm) | OLED,,
vivo X500,Samsung Exynos 2500 S5E9955,8 GB RAM | 256 GB Storage,50 MP + 12 MP + 8 MP Rear Camera,12 MP Front Camera,4900 mAh | 45W Fast Charging,6.736 inches (17.11 cm) | Dynamic AMOLED 2x,,
Samsung Galaxy S26 FE 256GB,Apple A20,12 GB RAM | 256 GB Storage,48 MP + 48 MP Rear Camera,,5800 mAh,7.76 inches (19.71 cm) | LTPO OLED (Main Display),,
Apple iphone Ultra,Snapdragon 6 Gen 4,6 GB RAM | 128 GB Storage,50 MP + 2 MP Rear Camera,16 MP Front Camera,6000 mAh | 45W Fast Charging,6.67 inches (16.94 cm) | AMOLED,"AnTuTu Score 764,410","₹15,999"
realme P3,Snapdragon 8s Gen 3,8 GB RAM | 128 GB Storage,50 MP + 8 MP Rear Camera,32 MP Front Camera,6400 mAh | 80W Flash Charging,6.78 inches (17.22 cm) | AMOLED,"AnTuTu Score 1,476,651","₹23,999"
iQOO Neo 10R,Snapdragon 8s Gen 4,8 GB RAM | 256 GB Storage,50 MP + 2 MP Rear Camera,16 MP Front Camera,7000 mAh | 80W Super VOOC Charging,6.8 inches (17.27 cm) | LTPS AMOLED,"AnTuTu Score 2,029,394","₹29,999"
OPPO K13 Turbo Pro,Snapdragon 7 Gen 4,8 GB RAM | 128 GB Storage,50 MP + 50 MP + 2 MP Rear Camera,32 MP Front Camera,6500 mAh | 90W Flash Charging,6.77 inches (17.2 cm) | AMOLED,"AnTuTu Score 1,010,472","₹27,999"
vivo T4 Pro,Snapdragon 7s Gen 3,8 GB RAM | 128 GB Storage,50 MP + 2 MP Rear Camera,32 MP Front Camera,7300 mAh | 90W Flash Charging,6.77 inches (17.2 cm) | AMOLED,"AnTuTu Score 804,936","₹20,255"
iQOO Z10,MediaTek Dimensity 6400,6 GB RAM | 128 GB Storage,50 MP + 2 MP Rear Camera,8 MP Front Camera,6000 mAh | 45W Super VOOC Charging,6.72 inches (17.07 cm) | LCD,"AnTuTu Score 414,477","₹12,999"
realme P3x,MediaTek Dimensity 9500s,12 GB RAM | 256 GB Storage,50 MP + 8 MP Rear Camera,20 MP Front Camera,9000 mAh | 100W Hyper Charging,6.83 inches (17.35 cm) | AMOLED,"AnTuTu Score 3,022,675","₹46,999"
POCO X8 Pro Max,Snapdragon 7 Gen 4,8 GB RAM | 128 GB Storage,50 MP + 8 MP + 50 MP Rear Camera,50 MP Front Camera,6500 mAh | 90W Flash Charging,6.77 inches (17.2 cm) | AMOLED,"AnTuTu Score 1,006,885","₹34,416"
vivo V60,MediaTek Dimensity 7400 Ultra,6 GB RAM | 128 GB Storage,50 MP + 8 MP Rear Camera,16 MP Front Camera,7000 mAh | 80W Ultra Charging,6.77 inches (17.2 cm) | Hyper Glow AMOLED,"AnTuTu Score 775,973","₹20,999"
realme P4,MediaTek Dimensity 7500 turbo,6 GB RAM | 128 GB Storage,50 MP + 8 MP Rear Camera,32 MP Front Camera,7050 mAh | 44W Fast Charging,6.83 inches (17.35 cm) | AMOLED,"AnTuTu Score 1,107,676","₹34,999"
vivo T5 5G,MediaTek Dimensity 7300 Pro,8 GB RAM | 128 GB Storage,50 MP + 8 MP + 50 MP Rear Camera,16 MP Front Camera,5000 mAh | 33W Fast Charging,6.77 inches (17.2 cm) | Flexible AMOLED,"AnTuTu Score 688,050","₹18,999"
CMF Phone 2 Pro,Snapdragon 7s Gen 3,8 GB RAM | 128 GB Storage,50 MP + 2 MP Rear Camera,16 MP Front Camera,6000 mAh | 80W Super VOOC Charging,6.83 inches (17.35 cm) | AMOLED,"AnTuTu Score 834,739","₹20,999"
realme P3 Pro,MediaTek Dimensity 9300 Plus,8 GB RAM | 256 GB Storage,50 MP + 8 MP + 50 MP Rear Camera,32 MP Front Camera,5500 mAh | 90W Flash Charging,6.67 inches (16.94 cm) | AMOLED,"AnTuTu Score 1,945,482","₹35,999"
vivo T4 Ultra,MediaTek Dimensity 8400 Max,8 GB RAM | 256 GB Storage,50 MP + 8 MP Rear Camera,32 MP Front Camera,7000 mAh | 120W Super VOOC Charging,6.8 inches (17.27 cm) | AMOLED,"AnTuTu Score 1,761,804","₹30,999"
realme GT 7T,Snapdragon 7s Gen 2,8 GB RAM | 128 GB Storage,50 MP + 8 MP Rear Camera,32 MP Front Camera,7000 mAh | 30W Turbo Power Charging,6.7 inches (17.02 cm) | LCD,"AnTuTu Score 851,360","₹18,999"
Moto G67 Power,MediaTek Dimensity 8450,8 GB RAM | 128 GB Storage,50 MP + 2 MP Rear Camera,16 MP Front Camera,7000 mAh | 80W Super VOOC Charging,6.8 inches (17.27 cm) | LTPS AMOLED,"AnTuTu Score 1,649,304","₹25,999"
OPPO K13 Turbo 5G,Snapdragon 7 Gen 4,8 GB RAM | 128 GB Storage,50 MP + 50 MP Rear Camera,50 MP Front Camera,7000 mAh | 80W Ultra Charging,6.8 inches (17.27 cm) | AMOLED,"AnTuTu Score 1,086,379","₹33,999"
realme 15 Pro 5G,MediaTek Dimensity 9300 Plus,12 GB RAM | 256 GB Storage,50 MP + 8 MP + 50 MP Rear Camera,50 MP Front Camera,6500 mAh | 90W Flash Charging,6.31 inches (16.03 cm) | LTPO AMOLED,"AnTuTu Score 1,981,630","₹52,880"
vivo X200 FE,Snapdragon 7s Gen 2,8 GB RAM | 128 GB Storage,50 MP + 8 MP Rear Camera,32 MP Front Camera,5500 mAh | 33W Turbo Power Charging,6.67 inches (16.94 cm) | P-OLED,"AnTuTu Score 625,098","₹20,999"
Moto G96 5G,MediaTek Dimensity 9500,12 GB RAM | 256 GB Storage,200 MP + 50 MP + 50 MP Rear Camera,50 MP Front Camera,6040 mAh | 90W Flash Charging,6.31 inches (16.03 cm) | AMOLED,"AnTuTu Score 3,004,951","₹75,999"
vivo X300,Snapdragon 6 Gen 1,6 GB RAM | 128 GB Storage,50 MP + 2 MP Rear Camera,8 MP Front Camera,6000 mAh | 44W Flash Charging,6.72 inches (17.07 cm) | LCD,"AnTuTu Score 549,494","₹13,999"
vivo T3x 6GB RAM,Snapdragon 4 Gen 2,6 GB RAM | 128 GB Storage,108 MP + 2 MP Rear Camera,13 MP Front Camera,5030 mAh | 33W Turbo Charging,6.79 inches (17.25 cm) | IPS LCD,"AnTuTu Score 445,212","₹12,499"
Xiaomi Redmi 13 5G,MediaTek Dimensity 9200 Plus,8 GB RAM | 128 GB Storage,50 MP + 8 MP Rear Camera,50 MP Front Camera,5500 mAh | 80W Flash Charging,6.78 inches (17.22 cm) | AMOLED,"AnTuTu Score 1,445,926","₹23,999"
vivo T3 Ultra,MediaTek Dimensity 8350 Apex,8 GB RAM | 128 GB Storage,50 MP + 8 MP Rear Camera,16 MP Front Camera,7100 mAh | 80W Super VOOC Charging,6.77 inches (17.2 cm) | AMOLED,"AnTuTu Score 1,402,278","₹22,500"
OnePlus Nord CE 5 5G,MediaTek Dimensity 7025 Ultra,6 GB RAM | 128 GB Storage,50 MP + 8 MP + 2 MP Rear Camera,20 MP Front Camera,5110 mAh | 45W Fast Charging,6.67 inches (16.94 cm) | AMOLED,"AnTuTu Score 457,426","₹14,989"
Xiaomi Redmi Note 14 5G,MediaTek Dimensity 7400,8 GB RAM | 128 GB Storage,50 MP + 2 MP Rear Camera,32 MP Front Camera,5700 mAh | 44W Flash Charging,6.77 inches (17.2 cm) | AMOLED,"AnTuTu Score 666,321","₹18,729"
iQOO Z10R,MediaTek Dimensity 7400,8 GB RAM | 128 GB Storage,50 MP + 2 MP Rear Camera,32 MP Front Camera,5700 mAh | 44W Flash Charging,6.77 inches (17.2 cm) | AMOLED,"AnTuTu Score 699,062","₹22,999"
vivo T4R,Snapdragon 7 Gen 3,8 GB RAM | 128 GB Storage,50 MP + 8 MP Rear Camera,16 MP Front Camera,5500 mAh | 80W Flash Charging,6.77 inches (17.2 cm) | AMOLED,"AnTuTu Score 812,119","₹22,999"
vivo T3 Pro,Snapdragon 6 Gen 1,4 GB RAM | 128 GB Storage,50 MP + 2 MP Rear Camera,8 MP Front Camera,6000 mAh | 44W Flash Charging,6.72 inches (17.07 cm) | LCD,"AnTuTu Score 552,168","₹11,039"
iQOO Z9x,MediaTek Dimensity 6300,4 GB RAM | 128 GB Storage,50 MP + 0.08 MP Rear Camera,8 MP Front Camera,5500 mAh | 44W Flash Charging,6.68 inches (16.97 cm) | LCD,,"₹12,999"
vivo Y29 5G,MediaTek Dimensity 7300,8 GB RAM | 128 GB Storage,50 MP + 8 MP Rear Camera,50 MP Front Camera,5500 mAh | 80W Flash Charging,6.77 inches (17.2 cm) | AMOLED,"AnTuTu Score 670,195","₹24,991"
vivo V40e,Snapdragon 6s Gen 3,6 GB RAM | 128 GB Storage,50 MP Rear Camera,8 MP Front Camera,7000 mAh | 33W Fast Charging,6.9 inches (17.53 cm) | IPS LCD,"AnTuTu Score 456,138","₹16,999"
POCO M7 Plus,MediaTek Helio G85,4 GB RAM | 128 GB Storage,50 MP + 2 MP + 0.08 MP Rear Camera,8 MP Front Camera,5000 mAh | 18W Fast Charging,6.74 inches (17.12 cm) | IPS LCD,,"₹8,999"
Xiaomi Redmi 13C,Snapdragon 6 Gen 1,4 GB RAM | 128 GB Storage,50 MP + 2 MP Rear Camera,8 MP Front Camera,6000 mAh | 44W Flash Charging,6.72 inches (17.07 cm) | LCD,"AnTuTu Score 549,494","₹12,499"
vivo T3x,MediaTek Dimensity 7300 Ultimate,8 GB RAM | 128 GB Storage,64 MP + 2 MP Rear Camera,13 MP Front Camera,5500 mAh | 45W Fast Charging,6.78 inches (17.22 cm) | AMOLED,"AnTuTu Score 675,134","₹21,999"
Infinix Note 50s 5G+,MediaTek Dimensity 6300,6 GB RAM | 128 GB Storage,50 MP Rear Camera,8 MP Front Camera,5000 mAh | 15W Quick Charging,6.67 inches (16.94 cm) | IPS LCD,"AnTuTu Score 433,932","₹11,990"
realme C65 5G 6GB RAM,Snapdragon 6 Gen 1,8 GB RAM | 256 GB Storage,108 MP + 5 MP Rear Camera,16 MP Front Camera,6600 mAh | 66W Super Charging,6.78 inches (17.22 cm) | AMOLED,"AnTuTu Score 576,392","₹21,500"
Honor X9c,Snapdragon 8s Gen 3,8 GB RAM | 256 GB Storage,50 MP + 8 MP + 50 MP Rear Camera,32 MP Front Camera,5500 mAh | 120W Super VOOC Charging,6.78 inches (17.22 cm) | LTPO AMOLED,"AnTuTu Score 1,501,830","₹27,999"
realme GT 6,MediaTek Dimensity 7300 Ultimate,8 GB RAM | 128 GB Storage,50 MP Rear Camera,13 MP Front Camera,6000 mAh | 45W Fast Charging,6.78 inches (17.22 cm) | LTPS IPS,"AnTuTu Score 676,261","₹14,999"
Tecno Pova 7 5G,MediaTek Dimensity 9500,16 GB RAM | 512 GB Storage,50 MP + 50 MP + 200 MP + 2 MP Rear Camera,50 MP Front Camera,7500 mAh | 80W Super VOOC Charging,6.78 inches (17.22 cm) | Flexible AMOLED,"AnTuTu Score 2,891,046","₹88,078"
OPPO Find X9 Pro,MediaTek Dimensity 7300 Ultimate,8 GB RAM | 128 GB Storage,64 MP + 8 MP Rear Camera,13 MP Front Camera,6000 mAh | 45W Fast Charging,6.78 inches (17.22 cm) | AMOLED,,"₹18,999"
Tecno Pova 7 Pro 5G,Unisoc T612,4 GB RAM | 64 GB Storage,32 MP Rear Camera,5 MP Front Camera,5000 mAh | 10W,6.78 inches (17.22 cm) | IPS LCD,,"₹7,249"
realme C61,Snapdragon 8 Elite,12 GB RAM | 256 GB Storage,50 MP + 50 MP + 50 MP Rear Camera,32 MP Front Camera,6000 mAh | 120W Flash Charging,6.82 inches (17.32 cm) | LTPO AMOLED,"AnTuTu Score 2,805,924","₹56,999"
iQOO 13 5G,MediaTek Dimensity 7300,8 GB RAM | 128 GB Storage,50 MP + 2 MP Rear Camera,32 MP Front Camera,5500 mAh | 90W Flash Charging,6.77 inches (17.2 cm) | AMOLED,"AnTuTu Score 700,962","₹25,991"
vivo Y400 Pro,MediaTek Dimensity 6300,4 GB RAM | 128 GB Storage,50 MP + 2 MP Rear Camera,5 MP Front Camera,6000 mAh | 15W Fast Charging,6.74 inches (17.12 cm) | LCD,,"₹13,999"
vivo T4 Lite,Apple A18 Pro,8 GB RAM | 128 GB Storage,48 MP + 48 MP + 12 MP Rear Camera,12 MP Front Camera,3582 mAh | 20W Fast Charging,6.3 inches (16 cm) | Super Retina XDR,"AnTuTu Score 1,747,550","₹109,900"
Apple iPhone 16 Pro,MediaTek Dimensity 6300,8 GB RAM | 128 GB Storage,50 MP + 5 MP + 2 MP Rear Camera,13 MP Front Camera,5000 mAh | 25W Fast Charging,6.7 inches (17.02 cm) | Super AMOLED,"AnTuTu Score 411,561","₹15,499"
Samsung Galaxy A16 5G,MediaTek Dimensity 9400,12 GB RAM | 256 GB Storage,50 MP + 50 MP + 50 MP Rear Camera,32 MP Front Camera,5800 mAh | 90W Flash Charging,6.67 inches (16.94 cm) | AMOLED,"AnTuTu Score 2,537,181","₹58,356"
vivo X200,Snapdragon 8 Plus Gen 1,8 GB RAM | 128 GB Storage,50 MP + 8 MP + 2 MP Rear Camera,16 MP Front Camera,5000 mAh | 100W Super VOOC Charging,6.74 inches (17.12 cm) | Super Fluid AMOLED,"AnTuTu Score 832,546","₹28,999"
OnePlus 11R,MediaTek Dimensity 7300 Ultimate,6 GB RAM | 128 GB Storage,64 MP Rear Camera,13 MP Front Camera,5500 mAh | 45W Fast Charging,6.78 inches (17.22 cm) | AMOLED,"AnTuTu Score 684,142","₹15,999"
Tecno Pova Curve 5G,MediaTek Dimensity 6300,4 GB RAM | 128 GB Storage,50 MP + 2 MP Rear Camera,8 MP Front Camera,6000 mAh | 45W Super VOOC Charging,6.67 inches (16.94 cm) | LCD,"AnTuTu Score 447,305","₹15,999"
OPPO K13x 5G,MediaTek Dimensity 7025 Ultra,6 GB RAM | 128 GB Storage,50 MP + 8 MP + 2 MP Rear Camera,20 MP Front Camera,5110 mAh | 45W Fast Charging,6.67 inches (16.94 cm) | AMOLED,,"₹14,399"
Xiaomi Redmi Note 14 SE,Snapdragon 7 Gen 3,8 GB RAM | 256 GB Storage,50 MP + 12 MP + 50 MP Rear Camera,50 MP Front Camera,5200 mAh | 100W Super Charging,6.7 inches (17.02 cm) | AMOLED,"AnTuTu Score 825,206","₹29,999"
Honor 200,Snapdragon 7 Gen 3,8 GB RAM | 128 GB Storage,50 MP + 50 MP Rear Camera,50 MP Front Camera,5000 mAh | 80W Flash Charging,6.78 inches (17.22 cm) | AMOLED,"AnTuTu Score 804,164","₹29,991"
vivo V30,MediaTek Dimensity 6020,4 GB RAM | 128 GB Storage,50 MP + 2 MP Rear Camera,8 MP Front Camera,5000 mAh | 18W Fast Charging,6.58 inches (16.71 cm) | LCD,,"₹11,999"
vivo T2x,MediaTek Dimensity 7400,8 GB RAM | 128 GB Storage,50 MP + 2 MP Rear Camera,16 MP Front Camera,6000 mAh | 80W Super VOOC Charging,6.7 inches (17.02 cm) | OLED,"AnTuTu Score 711,323","₹16,996"
realme Narzo 80 Pro,Snapdragon 8 Gen 2,8 GB RAM | 128 GB Storage,50 MP + 8 MP + 2 MP Rear Camera,16 MP Front Camera,5500 mAh | 100W Super VOOC Charging,6.78 inches (17.22 cm) | ProXDR LTPO,"AnTuTu Score 1,240,474","₹33,999"
OnePlus 12R,Snapdragon 8 Elite,12 GB RAM | 256 GB Storage,50 MP + 8 MP + 50 MP Rear Camera,16 MP Front Camera,5800 mAh | 120W Super VOOC Charging,6.78 inches (17.22 cm) | LTPO AMOLED,"AnTuTu Score 2,810,079","₹49,999"
realme GT 7 Pro,Snapdragon 7 Gen 3,8 GB RAM | 256 GB Storage,50 MP + 13 MP + 10 MP Rear Camera,50 MP Front Camera,4500 mAh | 125W Turbo Power Charging,6.7 inches (17.02 cm) | P-OLED,"AnTuTu Score 827,231","₹27,999"
Motorola Edge 50 Pro 5G,Snapdragon 695,8 GB RAM | 128 GB Storage,108 MP + 2 MP + 2 MP Rear Camera,16 MP Front Camera,5000 mAh | 67W Super VOOC Charging,6.72 inches (17.07 cm) | IPS LCD,"AnTuTu Score 406,506","₹14,965"
OnePlus Nord CE 3 Lite 5G,MediaTek Dimensity 7300,8 GB RAM | 128 GB Storage,50 MP + 8 MP Rear Camera,50 MP Front Camera,5600 mAh | 90W Fast Charging,6.77 inches (17.2 cm) | AMOLED,"AnTuTu Score 688,905","₹24,499"
vivo V50e,Unisoc T7225,4 GB RAM | 64 GB Storage,13 MP + 0.08 MP Rear Camera,5 MP Front Camera,5500 mAh | 15W Fast Charging,6.74 inches (17.12 cm) | LCD,,"₹7,989"
vivo Y19e,Unisoc T8200,6 GB RAM | 128 GB Storage,50 MP Rear Camera,8 MP Front Camera,6000 mAh | 18W,6.74 inches (17.12 cm) | IPS LCD,,"₹15,999"
Lava Virat V1 Pro 5G,Snapdragon 4 Gen 2,4 GB RAM | 64 GB Storage,50 MP Rear Camera,8 MP Front Camera,5160 mAh | 18W Fast Charging,6.88 inches (17.48 cm) | IPS LCD,"AnTuTu Score 438,871","₹9,119"
Xiaomi Redmi 14C,MediaTek Dimensity 7300,8 GB RAM | 128 GB Storage,50 MP + 2 MP Rear Camera,16 MP Front Camera,5500 mAh | 44W Flash Charging,6.77 inches (17.2 cm) | AMOLED,"AnTuTu Score 702,347","₹18,466"
iQOO Z9s,MediaTek Dimensity 7400,8 GB RAM | 128 GB Storage,64 MP + 8 MP Rear Camera,13 MP Front Camera,5500 mAh | 45W Fast Charging,6.78 inches (17.22 cm) | LTPS AMOLED,"AnTuTu Score 727,195","₹21,999"
Infinix GT 30,MediaTek Dimensity 6400 Max,6 GB RAM | 128 GB Storage,50 MP + 2 MP Rear Camera,50 MP Front Camera,7000 mAh | 60W Fast Charging,6.57 inches (16.69 cm) | Flexible AMOLED,,"₹16,988"
realme Narzo 90,MediaTek Dimensity 7400,12 GB RAM | 256 GB Storage,50 MP + 50 MP + 10 MP Rear Camera,50 MP Front Camera,5500 mAh | 68W Turbo Power Charging,6.67 inches (16.94 cm) | P-OLED,"AnTuTu Score 715,780","₹25,999"
Motorola Edge 60,Snapdragon 8 Gen 1,12 GB RAM | 256 GB Storage,108 MP + 12 MP + 10 MP + 10 MP Rear Camera,40 MP Front Camera,5000 mAh | 45W Fast Charging,6.8 inches (17.27 cm) | Dynamic AMOLED 2x,"AnTuTu Score 912,577","₹78,999"
Samsung Galaxy S22 Ultra,Snapdragon 7s Gen 2,8 GB RAM | 128 GB Storage,200 MP + 8 MP + 2 MP Rear Camera,16 MP Front Camera,5100 mAh | 67W Turbo Charging,6.67 inches (16.94 cm) | AMOLED,"AnTuTu Score 580,250","₹28,999"
Xiaomi Redmi Note 13 Pro,Snapdragon 7s Gen 2,8 GB RAM,50 MP + 8 MP + 50 MP Rear Camera | Ai Ultra Clarity,32 MP Front Camera,5200 mAh | 80W Super VOOC Charging,6.7 inches (17.02 cm) | AMOLED,"AnTuTu Score 617,481","₹25,999"
realme 13 Pro Plus,Apple A17 Pro,8 GB RAM | 128 GB Storage,48 MP + 12 MP + 12 MP Rear Camera,12 MP Front Camera,3274 mAh | 20W Fast Charging,6.1 inches (15.49 cm) | Super Retina XDR,,"₹134,900"
Apple iPhone 15 Pro,MediaTek Dimensity 7300,8 GB RAM | 128 GB Storage,50 MP + 2 MP Rear Camera,8 MP Front Camera,6500 mAh | 44W Flash Charging,6.72 inches (17.07 cm) | LCD,,"₹19,991"
vivo Y31 Pro,Google Tensor,6 GB RAM | 128 GB Storage,12.2 MP + 12 MP Rear Camera,8 MP Front Camera,4410 mAh | 18W Fast Charging,6.1 inches (15.49 cm) | OLED,"AnTuTu Score 688,083","₹22,499"
Google Pixel 6A,Apple A16 Bionic,6 GB RAM | 128 GB Storage,48 MP + 12 MP Rear Camera,12 MP Front Camera,4383 mAh | 20W Fast Charging,6.7 inches (17.02 cm) | Super Retina XDR,"AnTuTu Score 1,302,867","₹69,900"
Apple iPhone 15 Plus,Snapdragon 7 Plus Gen 3,8 GB RAM | 128 GB Storage,50 MP + 8 MP Rear Camera,16 MP Front Camera,5500 mAh | 100W Super VOOC Charging,6.74 inches (17.12 cm) | AMOLED,"AnTuTu Score 1,169,622","₹24,999"
OnePlus Nord 4,Apple A17 Pro,8 GB RAM | 256 GB Storage,48 MP + 12 MP + 12 MP Rear Camera,12 MP Front Camera,4441 mAh | 20W Fast Charging,6.7 inches (17.02 cm) | Super Retina XDR,"AnTuTu Score 1,545,034","₹159,900"
Apple iPhone 15 Pro Max,Apple A15 Bionic,6 GB RAM | 128 GB Storage,12 MP + 12 MP Rear Camera,12 MP Front Camera,3279 mAh | 20W Fast Charging,6.1 inches (15.49 cm) | Super Retina XDR,"AnTuTu Score 1,286,140","₹54,900"
Apple iPhone 14,MediaTek Dimensity 7020,8 GB RAM | 256 GB Storage,108 MP + 2 MP + 2 MP Rear Camera,32 MP Front Camera,5000 mAh | 45W Fast Charging,6.78 inches (17.22 cm) | Flexible AMOLED,"AnTuTu Score 461,827","₹21,999"
Infinix Note 40 Pro 5G,MediaTek Dimensity 6100 Plus,4 GB RAM | 128 GB Storage,50 MP + 0.08 MP Rear Camera,5 MP Front Camera,5000 mAh | 18W Fast Charging,6.74 inches (17.12 cm) | IPS LCD,"AnTuTu Score 375,663","₹9,499"
Xiaomi Redmi 13C 5G,Snapdragon 782G,8 GB RAM | 128 GB Storage,50 MP + 8 MP + 2 MP Rear Camera,16 MP Front Camera,5000 mAh | 80W Super VOOC Charging,6.7 inches (17.02 cm) | Fluid AMOLED,AnTuTu Score 0,"₹17,999"
OnePlus Nord CE 3 5G,MediaTek Dimensity 7200 Pro,8 GB RAM | 128 GB Storage,50 MP + 50 MP Rear Camera,32 MP Front Camera,5000 mAh | 45W Fast Charging,6.7 inches (17.02 cm) | Flexible AMOLED,"AnTuTu Score 707,480","₹23,999"
Nothing Phone 2a,Snapdragon 695,8 GB RAM | 128 GB Storage,64 MP + 8 MP Rear Camera,50 MP Front Camera,5000 mAh | 44W Flash Charging,6.78 inches (17.22 cm) | AMOLED,"AnTuTu Score 447,351","₹25,991"
vivo V29e,MediaTek Dimensity 9300,12 GB RAM | 256 GB Storage,50 MP + 50 MP + 64 MP Rear Camera,32 MP Front Camera,5000 mAh | 120W Flash Charging,6.78 inches (17.22 cm) | LTPO AMOLED,"AnTuTu Score 2,038,916","₹37,099"
vivo X100,Unisoc T8200,6 GB RAM | 128 GB Storage,50 MP Rear Camera,5 MP Front Camera,5000 mAh | 18W Fast Charging,6.7 inches (17.02 cm) | LCD,,"₹10,999"
Ai+ Nova,Snapdragon 4s Gen 2,4 GB RAM | 64 GB Storage,50 MP Rear Camera,5 MP Front Camera,5160 mAh | 18W Fast Charging,6.88 inches (17.48 cm) | IPS LCD,"AnTuTu Score 381,047","₹7,965"
Xiaomi Redmi A4,Snapdragon 8 Gen 3,12 GB RAM | 256 GB Storage,50 MP + 48 MP + 64 MP Rear Camera,32 MP Front Camera,5400 mAh | 100W Super VOOC Charging,6.82 inches (17.32 cm) | ProXDR LTPO,"AnTuTu Score 1,738,936","₹50,399"
OnePlus 12,MediaTek Dimensity 6300,4 GB RAM | 64 GB Storage,13 MP + 0.08 MP Rear Camera,5 MP Front Camera,5500 mAh | 15W Fast Charging,6.74 inches (17.12 cm) | LCD,,"₹10,491"
vivo Y19 5G,Snapdragon 4 Gen 2,8 GB RAM | 128 GB Storage,50 MP + 2 MP Rear Camera,32 MP Front Camera,5000 mAh | 80W Flash Charging,6.67 inches (16.94 cm) | AMOLED,,"₹20,991"
vivo Y300,Snapdragon 778G,8 GB RAM | 128 GB Storage,50 MP + 8 MP + 2 MP Rear Camera,50 MP Front Camera,4600 mAh | 80W Flash Charging,6.78 inches (17.22 cm) | AMOLED,"AnTuTu Score 587,520","₹32,991"
vivo V29,MediaTek Dimensity 7300 Energy,8 GB RAM | 128 GB Storage,50 MP + 2 MP Rear Camera,16 MP Front Camera,6000 mAh | 80W Super VOOC Charging,6.7 inches (17.02 cm) | AMOLED,"AnTuTu Score 633,480","₹20,480"
OPPO F29 Pro,Snapdragon 7 Plus Gen 3,8 GB RAM | 128 GB Storage,50 MP + 8 MP Rear Camera,32 MP Front Camera,5500 mAh | 120W Super VOOC Charging,6.78 inches (17.22 cm) | LTPO AMOLED,"AnTuTu Score 1,450,949","₹22,949"
realme GT 6T,MediaTek Dimensity 6300,4 GB RAM | 128 GB Storage,50 MP + 5 MP + 2 MP Rear Camera,13 MP Front Camera,5000 mAh | 25W Fast Charging,6.7 inches (17.02 cm) | Super AMOLED,,"₹10,999"
Samsung Galaxy M16 5G,Samsung Exynos 1330,4 GB RAM | 64 GB Storage,50 MP + 2 MP + 2 MP Rear Camera,13 MP Front Camera,5000 mAh | 15W Fast Charging,6.6 inches (16.76 cm) | PLS LCD,AnTuTu Score 0,"₹9,999"
Samsung Galaxy A14 5G,Snapdragon 8s Gen 3,8 GB RAM | 256 GB Storage,50 MP + 8 MP Rear Camera,32 MP Front Camera,6400 mAh | 80W Flash Charging,6.78 inches (17.22 cm) | AMOLED,,"₹25,995"
iQOO Neo 10R 256GB,Snapdragon 4 Gen 2,4 GB RAM | 128 GB Storage,50 MP + 2 MP Rear Camera,8 MP Front Camera,5000 mAh | 18W Fast Charging,6.79 inches (17.25 cm) | IPS LCD,AnTuTu Score 0,"₹11,999"
Xiaomi Redmi 12 5G,Snapdragon 4 Gen 1,8 GB RAM | 128 GB Storage,64 MP + 2 MP Rear Camera,16 MP Front Camera,4800 mAh | 44W Flash Charging,6.67 inches (16.94 cm) | AMOLED,"AnTuTu Score 417,839","₹21,991"
vivo Y200 5G,Snapdragon 8s Gen 3,8 GB RAM | 256 GB Storage,50 MP + 12 MP + 50 MP Rear Camera,32 MP + 32 MP Front Camera,4700 mAh | 67W Turbo Charging,6.55 inches (16.64 cm) | AMOLED,"AnTuTu Score 1,443,011","₹29,598"
Xiaomi 14 Civi,Snapdragon 8 Gen 2,8 GB RAM | 256 GB Storage,50 MP + 13 MP + 8 MP Rear Camera,16 MP Front Camera,5000 mAh | 120W Flash Charging,6.78 inches (17.22 cm) | AMOLED,AnTuTu Score 0,"₹30,999"
iQOO 11 5G,MediaTek Dimensity 7300X,8 GB RAM | 128 GB Storage,50 MP + 8 MP + 8 MP Rear Camera,16 MP Front Camera,5000 mAh | 66W Fast Charging,6.78 inches (17.22 cm) | AMOLED (Main Display),"AnTuTu Score 676,483","₹21,499"
Lava Agni 3 5G,MediaTek Dimensity 6300,4 GB RAM | 128 GB Storage,32 MP Rear Camera,5 MP Front Camera,6000 mAh | 45W Super VOOC Charging,6.67 inches (16.94 cm) | LCD,,"₹12,499"
OPPO A5x,Snapdragon 8 Gen 3,12 GB RAM | 256 GB Storage,50 MP + 50 MP + 64 MP Rear Camera,16 MP Front Camera,5000 mAh | 120W Flash Charging,6.78 inches (17.22 cm) | AMOLED,"AnTuTu Score 2,073,660","₹48,899"
iQOO 12 5G,MediaTek Dimensity 7020,8 GB RAM | 256 GB Storage,108 MP + 2 MP + 2 MP Rear Camera,32 MP Front Camera,5000 mAh | 33W Fast Charging,6.78 inches (17.22 cm) | Flexible AMOLED,"AnTuTu Score 485,194","₹19,999"
Infinix Note 40 5G,Apple A16 Bionic,6 GB RAM | 128 GB Storage,48 MP + 12 MP + 12 MP Rear Camera,12 MP Front Camera,3200 mAh | 20W Fast Charging,6.1 inches (15.49 cm) | Super Retina XDR,,"₹119,900"
Apple iPhone 14 Pro,MediaTek Dimensity 9200 Plus,8 GB RAM | 256 GB Storage,50 MP + 8 MP Rear Camera,50 MP Front Camera,5500 mAh | 80W Flash Charging,6.78 inches (17.22 cm) | AMOLED,"AnTuTu Score 1,445,926","₹29,999"
vivo T3 Ultra 256GB,MediaTek Dimensity 1080,6 GB RAM | 128 GB Storage,48 MP + 8 MP + 5 MP Rear Camera,13 MP Front Camera,5000 mAh | 25W Fast Charging,6.6 inches (16.76 cm) | Super AMOLED,,"₹20,799"
Apple iPhone 11,Apple A13 Bionic,4 GB RAM | 64 GB Storage,12 MP + 12 MP Rear Camera,12 MP Front Camera,3110 mAh | 18W Fast Charging,6.1 inches (15.49 cm) | IPS LCD,"AnTuTu Score 451,844","₹43,900"
realme 12 Pro Plus,Snapdragon 7s Gen 2,8 GB RAM | 128 GB Storage,50 MP + 8 MP + 64 MP Rear Camera,32 MP Front Camera,5000 mAh | 67W Super VOOC Charging,6.7 inches (17.02 cm) | AMOLED,AnTuTu Score 0,"₹21,999"
vivo Y28 5G,MediaTek Dimensity 6020,4 GB RAM | 128 GB Storage,50 MP + 2 MP Rear Camera,8 MP Front Camera,5000 mAh | 15W,6.56 inches (16.66 cm) | IPS LCD,,"₹12,991"
Samsung Galaxy A54 5G,Samsung Exynos 1380,8 GB RAM | 128 GB Storage,50 MP + 12 MP + 5 MP Rear Camera,32 MP Front Camera,5000 mAh | 25W Fast Charging,6.4 inches (16.26 cm) | Super AMOLED,"AnTuTu Score 509,330","₹25,999"
realme 10 Pro 5G,Snapdragon 695,6 GB RAM | 128 GB Storage,108 MP + 2 MP Rear Camera,16 MP Front Camera,5000 mAh | 33W Super VOOC Charging,6.72 inches (17.07 cm) | IPS LCD,AnTuTu Score 0,"₹18,999"
iQOO Neo 9 Pro,Snapdragon 8 Gen 2,8 GB RAM | 256 GB Storage,50 MP + 8 MP Rear Camera,16 MP Front Camera,5160 mAh | 120W Flash Charging,6.78 inches (17.22 cm) | AMOLED,"AnTuTu Score 1,611,015","₹38,989"
vivo T2 Pro,MediaTek Dimensity 7200,8 GB RAM | 128 GB Storage,64 MP + 2 MP Rear Camera,16 MP Front Camera,4600 mAh | 66W Flash Charging,6.78 inches (17.22 cm) | AMOLED,"AnTuTu Score 722,349","₹22,798"
vivo T2,Snapdragon 695,6 GB RAM | 128 GB Storage,64 MP + 2 MP Rear Camera,16 MP Front Camera,4500 mAh | 44W Flash Charging,6.38 inches (16.21 cm) | AMOLED,,"₹15,999"
vivo V27,MediaTek Dimensity 7200,8 GB RAM | 128 GB Storage,50 MP + 8 MP + 2 MP Rear Camera,50 MP Front Camera,4600 mAh | 66W Flash Charging,6.78 inches (17.22 cm) | AMOLED,"AnTuTu Score 705,685","₹29,800"
HMD Vibe 2 5G,Unisoc T8200,4 GB RAM | 64 GB Storage,50 MP + 8 MP Rear Camera,8 MP Front Camera,6000 mAh | 18W,6.75 inches (17.15 cm) | IPS LCD,"AnTuTu Score 511,972","₹14,999"
OnePlus Nord 3 5G,MediaTek Dimensity 9000,8 GB RAM | 128 GB Storage,50 MP + 8 MP + 2 MP Rear Camera,16 MP Front Camera,5000 mAh | 80W Super VOOC Charging,6.74 inches (17.12 cm) | Super Fluid AMOLED,AnTuTu Score 0,"₹19,250"
Google Pixel 10 Pro,Google Tensor G5,16 GB RAM | 256 GB Storage,50 MP + 48 MP + 48 MP Rear Camera,42 MP Front Camera,4870 mAh | 30W Fast Charging,6.3 inches (16 cm) | LTPO OLED,"AnTuTu Score 1,565,089","₹109,999"
realme C25Y 64GB,Unisoc T610,4 GB RAM | 64 GB Storage,50 MP + 2 MP + 2 MP Rear Camera,8 MP Front Camera,5000 mAh | 18W Quick Charging,6.5 inches (16.51 cm) | IPS LCD,"AnTuTu Score 195,157","₹5,999"
Infinix GT 20 Pro 5G,MediaTek Dimensity 8200 Ultimate,8 GB RAM | 256 GB Storage,108 MP + 2 MP + 2 MP Rear Camera,32 MP Front Camera,5000 mAh | 45W Fast Charging,6.78 inches (17.22 cm) | AMOLED,"AnTuTu Score 936,985","₹24,999"
Xiaomi 15,Snapdragon 8 Elite,12 GB RAM | 512 GB Storage,50 MP + 50 MP + 50 MP Rear Camera,32 MP Front Camera,5240 mAh | 90W Hyper Charging,6.36 inches (16.15 cm) | LTPO OLED,"AnTuTu Score 2,431,158","₹69,990"
Google Pixel 7 Pro 5G,Google Tensor G2,12 GB RAM | 128 GB Storage,50 MP + 12 MP + 48 MP Rear Camera,10.8 MP Front Camera,5000 mAh | 30W Fast Charging,6.7 inches (17.02 cm) | OLED,"AnTuTu Score 740,510","₹44,999"
realme 11 Pro,MediaTek Dimensity 7050,8 GB RAM | 128 GB Storage,100 MP + 2 MP Rear Camera,16 MP Front Camera,5000 mAh | 67W Super VOOC Charging,6.7 inches (17.02 cm) | AMOLED,"AnTuTu Score 537,061","₹23,999"
OPPO A3X,MediaTek Dimensity 6300,4 GB RAM | 64 GB Storage,8 MP Rear Camera,5 MP Front Camera,5100 mAh | 45W Super VOOC Charging,6.67 inches (16.94 cm) | LCD,,"₹9,820"
Apple iPhone 13 Pro,Apple A15 Bionic,6 GB RAM | 128 GB Storage,12 MP + 12 MP + 12 MP Rear Camera,12 MP Front Camera,3095 mAh | 20W Fast Charging,6.1 inches (15.49 cm) | Super Retina XDR,"AnTuTu Score 819,845","₹119,900"
Lava Bold 2 5G,MediaTek Dimensity 7060,6 GB RAM | 128 GB Storage,50 MP Rear Camera,8 MP Front Camera,5000 mAh | 33W,6.67 inches (16.94 cm) | AMOLED,,"₹12,999"
OnePlus Nord CE 5 5G 12GB RAM,MediaTek Dimensity 8350 Apex,12 GB RAM | 256 GB Storage,50 MP + 8 MP Rear Camera,16 MP Front Camera,7100 mAh | 80W Super VOOC Charging,6.77 inches (17.2 cm) | AMOLED,"AnTuTu Score 1,402,278","₹23,267"
Tecno Pova 6 Neo,MediaTek Dimensity 6300,6 GB RAM | 128 GB Storage,108 MP Rear Camera,8 MP Front Camera,5000 mAh | 18W Fast Charging,6.67 inches (16.94 cm) | IPS LCD,"AnTuTu Score 443,163","₹11,999"
OPPO F25 Pro,MediaTek Dimensity 7050,8 GB RAM | 128 GB Storage,64 MP + 8 MP + 2 MP Rear Camera,32 MP Front Camera,5000 mAh | 67W Super VOOC Charging,6.7 inches (17.02 cm) | AMOLED,"AnTuTu Score 601,441","₹19,999"
iQOO Z9s Pro,Snapdragon 7 Gen 3,8 GB RAM | 128 GB Storage,50 MP + 8 MP Rear Camera,16 MP Front Camera,5500 mAh | 80W Flash Charging,6.77 inches (17.2 cm) | AMOLED,"AnTuTu Score 803,223","₹23,598"
vivo V30 Pro,MediaTek Dimensity 8200,8 GB RAM | 256 GB Storage,50 MP + 50 MP + 50 MP Rear Camera,50 MP Front Camera,5000 mAh | 80W Flash Charging,6.78 inches (17.22 cm) | AMOLED,"AnTuTu Score 948,361","₹38,991"
vivo Y200e 5G,Snapdragon 4 Gen 2,6 GB RAM | 128 GB Storage,50 MP + 2 MP Rear Camera,16 MP Front Camera,5000 mAh | 44W Flash Charging,6.67 inches (16.94 cm) | AMOLED,,"₹19,991"
Samsung Galaxy F15,MediaTek Dimensity 6100 Plus,4 GB RAM | 128 GB Storage,50 MP + 5 MP + 2 MP Rear Camera,13 MP Front Camera,6000 mAh | 25W Fast Charging,6.5 inches (16.51 cm) | Super AMOLED,,"₹12,999"
Xiaomi 12 Pro 5G,Snapdragon 8 Gen 1,8 GB RAM | 256 GB Storage,50 MP + 50 MP + 50 MP Rear Camera,32 MP Front Camera,4600 mAh | 120W Hyper Charging,6.73 inches (17.09 cm) | AMOLED,"AnTuTu Score 968,607","₹34,580"
Honor 200 Pro,Snapdragon 8s Gen 3,12 GB RAM | 512 GB Storage,50 MP + 12 MP + 50 MP Rear Camera,50 MP Front Camera,5200 mAh | 100W Super Charging,6.78 inches (17.22 cm) | OLED,"AnTuTu Score 1,278,713","₹57,999"
OPPO A5x 64GB,MediaTek Dimensity 6300,4 GB RAM | 64 GB Storage,32 MP Rear Camera,5 MP Front Camera,6000 mAh | 45W Super VOOC Charging,6.67 inches (16.94 cm) | LCD,,"₹9,999"
Apple iPhone 14 Pro Max,Apple A16 Bionic,6 GB RAM | 128 GB Storage,48 MP + 12 MP + 12 MP Rear Camera,12 MP Front Camera,4323 mAh | 20W Fast Charging,6.7 inches (17.02 cm) | Super Retina XDR,"AnTuTu Score 945,794","₹134,900"
iQOO Z9,MediaTek Dimensity 7200,8 GB RAM | 128 GB Storage,50 MP + 2 MP Rear Camera,16 MP Front Camera,5000 mAh | 44W Flash Charging,6.67 inches (16.94 cm) | AMOLED,"AnTuTu Score 728,534","₹18,404"
OnePlus Nord CE 2 Lite 5G,Snapdragon 695,6 GB RAM | 128 GB Storage,64 MP + 2 MP + 2 MP Rear Camera,16 MP Front Camera,5000 mAh | 33W Super VOOC Charging,6.59 inches (16.74 cm) | IPS LCD,AnTuTu Score 0,"₹14,999"
vivo Y39,Snapdragon 4 Gen 2,8 GB RAM | 128 GB Storage,50 MP + 2 MP Rear Camera,8 MP Front Camera,6500 mAh | 44W Flash Charging,6.68 inches (16.97 cm) | LCD,,"₹16,991"
OnePlus Nord CE 3 Lite 5G 256GB,Snapdragon 695,8 GB RAM | 256 GB Storage,108 MP + 2 MP + 2 MP Rear Camera,16 MP Front Camera,5000 mAh | 67W Super VOOC Charging,6.72 inches (17.07 cm) | IPS LCD,"AnTuTu Score 406,506","₹17,999"
Xiaomi Redmi A5,Unisoc T7250,3 GB RAM | 64 GB Storage,32 MP Rear Camera,8 MP Front Camera,5200 mAh | 15W Fast Charging,6.88 inches (17.48 cm) | IPS LCD,,"₹8,999"
realme P1 Pro 5G,Snapdragon 6 Gen 1,8 GB RAM | 128 GB Storage,50 MP + 8 MP Rear Camera,16 MP Front Camera,5000 mAh | 45W Super VOOC Charging,6.7 inches (17.02 cm) | OLED,"AnTuTu Score 605,466","₹15,999"
iQOO Neo 10 256GB,Snapdragon 8s Gen 4,8 GB RAM | 256 GB Storage,50 MP + 8 MP Rear Camera,32 MP Front Camera,7000 mAh | 120W Flash Charging,6.78 inches (17.22 cm) | AMOLED,"AnTuTu Score 2,066,325","₹33,920"
iQOO Z10R 256GB,MediaTek Dimensity 7400,8 GB RAM | 256 GB Storage,50 MP + 2 MP Rear Camera,32 MP Front Camera,5700 mAh | 44W Flash Charging,6.77 inches (17.2 cm) | AMOLED,,"₹20,999"
Apple iPhone 13 Pro Max,Apple A15 Bionic,6 GB RAM | 128 GB Storage,12 MP + 12 MP + 12 MP Rear Camera,12 MP Front Camera,4352 mAh | 20W Fast Charging,6.7 inches (17.02 cm) | Super Retina XDR,"AnTuTu Score 846,870","₹129,900"
realme C30,Unisoc T612,2 GB RAM | 32 GB Storage,8 MP Rear Camera,5 MP Front Camera,5000 mAh | 10W,6.5 inches (16.51 cm) | IPS LCD,AnTuTu Score 0,"₹4,999"
Infinix Hot 50 5G,MediaTek Dimensity 6300,4 GB RAM | 128 GB Storage,48 MP + 2 MP Rear Camera,8 MP Front Camera,5000 mAh | 18W Fast Charging,6.7 inches (17.02 cm) | IPS LCD,"AnTuTu Score 434,944","₹9,999"
Apple iPhone 12,Apple A14 Bionic,4 GB RAM | 64 GB Storage,12 MP + 12 MP Rear Camera,12 MP Front Camera,2815 mAh | 20W Fast Charging,6.1 inches (15.49 cm) | Super Retina XDR,"AnTuTu Score 621,879","₹49,900"
Samsung Galaxy S20 FE 5G,Snapdragon 865,8 GB RAM | 128 GB Storage,12 MP + 8 MP + 12 MP Rear Camera,32 MP Front Camera,4500 mAh | 25W Fast Charging,6.5 inches (16.51 cm) | Super AMOLED,"AnTuTu Score 554,252","₹26,799"
realme 15 Lite,MediaTek Dimensity 7300 Energy,8 GB RAM | 128 GB Storage,50 MP + 2 MP Rear Camera,16 MP Front Camera,5000 mAh | 80W Fast Charging,6.67 inches (16.94 cm) | OLED,,"₹15,045"
vivo V30e,Snapdragon 6 Gen 1,8 GB RAM | 128 GB Storage,50 MP + 8 MP Rear Camera,50 MP Front Camera,5500 mAh | 44W Fast Charging,6.78 inches (17.22 cm) | AMOLED,"AnTuTu Score 569,641","₹25,991"
Samsung Galaxy A73 5G,Snapdragon 778G,8 GB RAM | 128 GB Storage,108 MP + 12 MP + 5 MP + 5 MP Rear Camera,32 MP Front Camera,5000 mAh | 25W Fast Charging,6.7 inches (17.02 cm) | Super AMOLED Plus,"AnTuTu Score 530,293","₹30,999"
realme 12x,MediaTek Dimensity 6100 Plus,4 GB RAM | 128 GB Storage,50 MP + 2 MP Rear Camera,8 MP Front Camera,5000 mAh | 45W Super VOOC Charging,6.72 inches (17.07 cm) | IPS LCD,"AnTuTu Score 418,175","₹11,999"
Nokia 235 4G 2024,Unisoc T107,64 MB RAM | 128 MB Storage,2 MP Rear Camera,,1450 mAh,2.8 inches (7.11 cm) | TFT,,"₹4,499"
realme 12 Pro,Snapdragon 6 Gen 1,8 GB RAM | 128 GB Storage,50 MP + 8 MP + 32 MP Rear Camera,16 MP Front Camera,5000 mAh | 67W Super VOOC Charging,6.7 inches (17.02 cm) | AMOLED,"AnTuTu Score 594,028","₹19,999"
Apple iPhone 16e,Apple A18,8 GB RAM | 128 GB Storage,48 MP Rear Camera,12 MP Front Camera,4005 mAh | 20W Fast Charging,6.1 inches (15.49 cm) | Super Retina XDR OLED,,"₹57,900"
vivo V27 Pro,MediaTek Dimensity 8200,8 GB RAM | 128 GB Storage,50 MP + 8 MP + 2 MP Rear Camera,50 MP Front Camera,4600 mAh | 66W Flash Charging,6.78 inches (17.22 cm) | AMOLED,AnTuTu Score 0,"₹37,999"
OPPO A3 5G,MediaTek Dimensity 6300,6 GB RAM | 128 GB Storage,50 MP Rear Camera,5 MP Front Camera,5100 mAh | 45W Super VOOC Charging,6.67 inches (16.94 cm) | LCD,,"₹13,870"
realme P3 Lite,MediaTek Dimensity 6300,4 GB RAM | 128 GB Storage,32 MP Rear Camera,8 MP Front Camera,6000 mAh | 45W Super VOOC Charging,6.67 inches (16.94 cm) | IPS LCD,,"₹10,490"
vivo X90 5G,MediaTek Dimensity 9200,8 GB RAM | 256 GB Storage,50 MP + 12 MP + 12 MP Rear Camera,32 MP Front Camera,4810 mAh | 120W Flash Charging,6.78 inches (17.22 cm) | AMOLED,,"₹49,499"
vivo X100 Pro 5G,MediaTek Dimensity 9300,16 GB RAM | 512 GB Storage,50 MP + 50 MP + 50 MP Rear Camera,32 MP Front Camera,5400 mAh | 100W Flash Charging,6.78 inches (17.22 cm) | LTPO AMOLED,"AnTuTu Score 1,881,325","₹89,999"
Samsung Galaxy M51,Snapdragon 730G,6 GB RAM | 128 GB Storage,64 MP + 12 MP + 5 MP + 5 MP Rear Camera,32 MP Front Camera,7000 mAh | 25W Fast Charging,6.7 inches (17.02 cm) | Super AMOLED Plus,"AnTuTu Score 224,310","₹22,990"
Tecno Spark Go 5G,MediaTek Dimensity 6400,4 GB RAM | 128 GB Storage,50 MP Rear Camera,5 MP Front Camera,6000 mAh | 18W Fast Charging,6.745 inches (17.13 cm) | LCD,"AnTuTu Score 418,472","₹10,999"
POCO X6 5G,Snapdragon 7s Gen 2,8 GB RAM | 256 GB Storage,64 MP + 8 MP + 2 MP Rear Camera,16 MP Front Camera,5100 mAh | 67W Turbo Charging,6.67 inches (16.94 cm) | AMOLED,"AnTuTu Score 593,702","₹21,999"
realme C65 5G,MediaTek Dimensity 6300,4 GB RAM | 64 GB Storage,50 MP Rear Camera,8 MP Front Camera,5000 mAh | 15W Quick Charging,6.67 inches (16.94 cm) | IPS LCD,"AnTuTu Score 433,932","₹10,499"
OnePlus Nord CE 2 5G,MediaTek Dimensity 900,6 GB RAM | 128 GB Storage,64 MP + 8 MP + 2 MP Rear Camera,16 MP Front Camera,4500 mAh | 65W Super VOOC Charging,6.43 inches (16.33 cm) | Fluid AMOLED,"AnTuTu Score 423,161","₹18,990"
OPPO A3 Pro,MediaTek Dimensity 6300,8 GB RAM | 128 GB Storage,50 MP + 2 MP Rear Camera,8 MP Front Camera,5100 mAh | 45W Super VOOC Charging,6.67 inches (16.94 cm) | LCD,,"₹19,350"
OnePlus 9R,Snapdragon 870,8 GB RAM | 128 GB Storage,48 MP + 16 MP + 5 MP + 2 MP Rear Camera,16 MP Front Camera,4500 mAh | 65W Warp Charging,6.55 inches (16.64 cm) | Fluid AMOLED,"AnTuTu Score 477,462","₹20,999"
vivo Y28s,MediaTek Dimensity 6300,4 GB RAM | 128 GB Storage,50 MP + 0.08 MP Rear Camera,8 MP Front Camera,5000 mAh | 15W,6.56 inches (16.66 cm) | LCD,,"₹10,000"
vivo Y58,Snapdragon 4 Gen 2,8 GB RAM | 128 GB Storage,50 MP + 2 MP Rear Camera,8 MP Front Camera,6000 mAh | 44W Flash Charging,6.72 inches (17.07 cm) | LCD,,"₹14,596"
Infinix Note 40X,MediaTek Dimensity 6300,8 GB RAM | 256 GB Storage,108 MP + 2 MP Rear Camera,8 MP Front Camera,5000 mAh | 18W Fast Charging,6.78 inches (17.22 cm) | IPS LCD,"AnTuTu Score 409,552","₹14,999"
Moto G34,Snapdragon 695,4 GB RAM | 128 GB Storage,50 MP + 2 MP Rear Camera,16 MP Front Camera,5000 mAh | 20W Turbo Power Charging,6.5 inches (16.51 cm) | IPS LCD,,"₹11,999"
realme 13 Pro,Snapdragon 7s Gen 2,8 GB RAM | 128 GB Storage,50 MP + 8 MP + 2 MP Rear Camera,32 MP Front Camera,5200 mAh | 45W Super VOOC Charging,6.7 inches (17.02 cm) | OLED,"AnTuTu Score 664,130","₹19,999"
Lava Bold N1 5G,Unisoc T765,4 GB RAM | 64 GB Storage,13 MP Rear Camera,5 MP Front Camera,5000 mAh | 18W Fast Charging,6.75 inches (17.15 cm) | IPS LCD,"AnTuTu Score 516,090","₹9,999"
Moto G54,MediaTek Dimensity 7020,8 GB RAM | 128 GB Storage,50 MP + 8 MP Rear Camera,16 MP Front Camera,6000 mAh | 30W Turbo Charging,6.5 inches (16.51 cm) | IPS LCD,"AnTuTu Score 385,264","₹17,999"
realme Narzo 80X,MediaTek Dimensity 6400,6 GB RAM | 128 GB Storage,50 MP + 2 MP Rear Camera,8 MP Front Camera,6000 mAh | 45W Super VOOC Charging,6.72 inches (17.07 cm) | IPS LCD,,"₹11,665"
vivo T2x 8GB RAM,MediaTek Dimensity 6020,8 GB RAM | 128 GB Storage,50 MP + 2 MP Rear Camera,8 MP Front Camera,5000 mAh | 18W Fast Charging,6.58 inches (16.71 cm) | LCD,,"₹14,999"
vivo S1,MediaTek Helio P65,4 GB RAM | 128 GB Storage,16 MP + 8 MP + 2 MP Rear Camera,32 MP Front Camera,4500 mAh | 18W Fast Charging,6.38 inches (16.21 cm) | Super AMOLED,"AnTuTu Score 146,341","₹19,990"
OPPO A78 5G,MediaTek Dimensity 700,8 GB RAM | 128 GB Storage,50 MP + 2 MP Rear Camera,8 MP Front Camera,5000 mAh | 33W Super VOOC Charging,6.56 inches (16.66 cm) | IPS LCD,"AnTuTu Score 342,826","₹18,300"
Lava Play Ultra,MediaTek Dimensity 7300,6 GB RAM | 128 GB Storage,64 MP + 5 MP Rear Camera,13 MP Front Camera,5000 mAh | 33W Fast Charging,6.67 inches (16.94 cm) | AMOLED,"AnTuTu Score 690,352","₹16,990"
OnePlus Nord 2T 5G,MediaTek Dimensity 1300,8 GB RAM | 128 GB Storage,50 MP + 8 MP + 2 MP Rear Camera,32 MP Front Camera,4500 mAh | 80W Super VOOC Charging,6.43 inches (16.33 cm) | AMOLED,AnTuTu Score 0,"₹27,900"
Xiaomi Redmi A3X,Unisoc T603,3 GB RAM | 64 GB Storage,8 MP + 0.08 MP Rear Camera,5 MP Front Camera,5000 mAh | 10W,6.71 inches (17.04 cm) | IPS LCD,,"₹5,999"
Samsung Galaxy A33 5G,Samsung Exynos 1280,6 GB RAM | 128 GB Storage,48 MP + 8 MP + 5 MP + 2 MP Rear Camera,13 MP Front Camera,5000 mAh | 25W Fast Charging,6.4 inches (16.26 cm) | Super AMOLED,,"₹19,980"
OnePlus Nord CE 5G,Snapdragon 750G,6 GB RAM | 128 GB Storage,64 MP + 8 MP + 2 MP Rear Camera,16 MP Front Camera,4500 mAh | 30W Warp Charging,6.43 inches (16.33 cm) | Fluid AMOLED,"AnTuTu Score 392,543","₹20,999"
OnePlus Nord 2,MediaTek Dimensity 1200,6 GB RAM | 128 GB Storage,50 MP + 8 MP + 2 MP Rear Camera,32 MP Front Camera,4500 mAh | 65W Warp Charging,6.43 inches (16.33 cm) | Fluid AMOLED,"AnTuTu Score 541,522","₹29,999"
Tecno Spark Go 2,Unisoc T7250,4 GB RAM | 64 GB Storage,13 MP Rear Camera,8 MP Front Camera,5000 mAh | 15W Fast Charging,6.67 inches (16.94 cm) | IPS LCD,,"₹7,499"
realme 8 5G 8GB RAM,MediaTek Dimensity 700,8 GB RAM | 128 GB Storage,48 MP + 2 MP + 2 MP Rear Camera,16 MP Front Camera,5000 mAh | 18W Quick Charging,6.5 inches (16.51 cm) | IPS LCD,"AnTuTu Score 354,859","₹13,226"
Apple iPhone 12 Pro,Apple A14 Bionic,6 GB RAM | 128 GB Storage,12 MP + 12 MP + 12 MP Rear Camera,12 MP Front Camera,2815 mAh | 20W Fast Charging,6.1 inches (15.49 cm) | Super Retina XDR,"AnTuTu Score 632,370","₹109,900"
iQOO Neo 6 5G,Snapdragon 870,8 GB RAM | 128 GB Storage,64 MP + 8 MP + 2 MP Rear Camera,16 MP Front Camera,4700 mAh | 80W Flash Charging,6.62 inches (16.81 cm) | AMOLED,AnTuTu Score 0,"₹27,999"
iQOO Z7 Pro,MediaTek Dimensity 7200,8 GB RAM | 128 GB Storage,64 MP + 2 MP Rear Camera,16 MP Front Camera,4600 mAh | 66W Flash Charging,6.78 inches (17.22 cm) | AMOLED,,"₹26,999"
OPPO A3x 4G,Snapdragon 6s 4G Gen 1,4 GB RAM | 64 GB Storage,8 MP Rear Camera,5 MP Front Camera,5100 mAh | 45W Super VOOC Charging,6.67 inches (16.94 cm) | LCD,,"₹7,505"
Honor X9B,4nm Snapdragon 6 Gen 1,8 + 8 GB RAM,108 MP + 5 MP + 2 MP Rear Camera,16 MP Front Camera,5800 mAh | 35W Fast Charging,6.78 inches (17.22 cm) | AMOLED,"AnTuTu Score 494,241","₹21,999"
OPPO A79 5G,MediaTek Dimensity 6020,8 GB RAM | 128 GB Storage,50 MP + 2 MP Rear Camera,8 MP Front Camera,5000 mAh | 33W Super VOOC Charging,6.72 inches (17.07 cm) | IPS LCD,"AnTuTu Score 392,118","₹15,578"
realme 10 Pro Plus 5G,MediaTek Dimensity 1080,6 GB RAM | 128 GB Storage,108 MP + 8 MP + 2 MP Rear Camera,16 MP Front Camera,5000 mAh | 67W Super VOOC Charging,6.7 inches (17.02 cm) | AMOLED,AnTuTu Score 0,"₹24,999"
Moto G04,Unisoc T606,4 GB RAM | 64 GB Storage,16 MP Rear Camera,5 MP Front Camera,5000 mAh | 15W Fast Charging,6.56 inches (16.66 cm) | IPS LCD,"AnTuTu Score 258,102","₹6,999"
vivo V23 5G,MediaTek Dimensity 920,8 GB RAM | 128 GB Storage,64 MP + 8 MP + 2 MP Rear Camera,50 MP + 8 MP Front Camera,4200 mAh | 44W Flash Charging,6.44 inches (16.36 cm) | AMOLED,"AnTuTu Score 477,993","₹26,400"
iQOO Z10x 256GB,MediaTek Dimensity 7300,8 GB RAM | 256 GB Storage,50 MP + 2 MP Rear Camera,8 MP Front Camera,6500 mAh | 44W Flash Charging,6.72 inches (17.07 cm) | LCD,"AnTuTu Score 696,045","₹16,499"
Samsung Galaxy Note 20 Ultra 5G,Samsung Exynos 9 Octa 990,12 GB RAM | 256 GB Storage,108 MP + 12 MP + 12 MP Rear Camera,10 MP Front Camera,4500 mAh | 25W Fast Charging,6.9 inches (17.53 cm) | Dynamic AMOLED,"AnTuTu Score 488,007","₹99,901"
iQOO Neo 10R 12GB RAM,Snapdragon 8s Gen 3,12 GB RAM | 256 GB Storage,50 MP + 8 MP Rear Camera,32 MP Front Camera,6400 mAh | 80W Flash Charging,6.78 inches (17.22 cm) | AMOLED,,"₹27,990"
Motorola Razr 60,MediaTek Dimensity 7400X,8 GB RAM | 256 GB Storage,50 MP + 13 MP Rear Camera,32 MP Front Camera,4500 mAh | 30W Turbo Power Charging,6.9 inches (17.53 cm) | P-OLED,"AnTuTu Score 676,447","₹49,999"
realme 11 Pro Plus,MediaTek Dimensity 7050,8 GB RAM | 256 GB Storage,200 MP + 8 MP + 2 MP Rear Camera,32 MP Front Camera,5000 mAh | 100W Super VOOC Charging,6.7 inches (17.02 cm) | AMOLED,AnTuTu Score 0,"₹27,999"
Samsung Galaxy S21 Ultra,Samsung Exynos 2100,12 GB RAM | 256 GB Storage,108 MP + 12 MP + 10 MP + 10 MP Rear Camera,40 MP Front Camera,5000 mAh | 25W Fast Charging,6.8 inches (17.27 cm) | Dynamic AMOLED 2x,"AnTuTu Score 646,482","₹128,999"
realme C53,Unisoc T612,6 GB RAM | 64 GB Storage,108 MP Rear Camera,8 MP Front Camera,5000 mAh | 18W Quick Charging,6.74 inches (17.12 cm) | IPS LCD,"AnTuTu Score 250,983","₹10,999"
realme 11x 5G,MediaTek Dimensity 6100 Plus,6 GB RAM | 128 GB Storage,64 MP + 2 MP Rear Camera,8 MP Front Camera,5000 mAh | 33W Super VOOC Charging,6.72 inches (17.07 cm) | IPS LCD,AnTuTu Score 0,"₹14,999"
Apple iPhone 12 Mini,Apple A14 Bionic,4 GB RAM | 64 GB Storage,12 MP + 12 MP Rear Camera,12 MP Front Camera,2227 mAh | 20W Fast Charging,5.4 inches (13.72 cm) | Super Retina XDR,"AnTuTu Score 630,403","₹49,999"
Samsung Galaxy F62,Samsung Exynos 9 Octa 9825,6 GB RAM | 128 GB Storage,64 MP + 12 MP + 5 MP + 5 MP Rear Camera,32 MP Front Camera,7000 mAh | 25W Fast Charging,6.7 inches (17.02 cm) | Super AMOLED Plus,"AnTuTu Score 425,285","₹29,999"
vivo Y20,Snapdragon 460,4 GB RAM | 64 GB Storage,13 MP + 2 MP + 2 MP Rear Camera,8 MP Front Camera,5000 mAh | 18W Fast Charging,6.51 inches (16.54 cm) | IPS LCD,,"₹16,990"
Moto G24 Power,MediaTek Helio G85,4 GB RAM | 128 GB Storage,50 MP + 2 MP Rear Camera,16 MP Front Camera,6000 mAh | 30W Turbo Power Charging,6.56 inches (16.66 cm) | IPS LCD,"AnTuTu Score 266,894","₹9,999"
OPPO Reno10 Pro 5G,Snapdragon 778G,12GB RAM + 256GB ROM,50 MP + 8 MP + 32 MP Rear Camera,32MP Front Camera,4600 mAh | 80W SuperVOOC™ Charging,6.7 inches (17.02 cm) | AMOLED,"AnTuTu Score 575,976","₹31,753"
vivo Y29 5G 6GB RAM,MediaTek Dimensity 6300,6 GB RAM | 128 GB Storage,50 MP + 0.08 MP Rear Camera,8 MP Front Camera,5500 mAh | 44W Flash Charging,6.68 inches (16.97 cm) | LCD,,"₹15,480"
iQOO Z9x 6GB RAM,Snapdragon 6 Gen 1,6 GB RAM | 128 GB Storage,50 MP + 2 MP Rear Camera,8 MP Front Camera,6000 mAh | 44W Flash Charging,6.72 inches (17.07 cm) | LCD,"AnTuTu Score 552,168","₹11,999"
Apple iPhone 14 Plus,Apple A15 Bionic,6 GB RAM | 128 GB Storage,12 MP + 12 MP Rear Camera,12 MP Front Camera,4325 mAh | 20W Fast Charging,6.7 inches (17.02 cm) | Super Retina XDR,"AnTuTu Score 854,468","₹69,900"
Blackberry Priv,Snapdragon 808,3 GB RAM | 32 GB Storage,18 MP Rear Camera,2 MP Front Camera,3410 mAh,5.4 inches (13.72 cm) | AMOLED,,"₹30,739"
vivo T3 Ultra 12GB RAM,MediaTek Dimensity 9200 Plus,12 GB RAM | 256 GB Storage,50 MP + 8 MP Rear Camera,50 MP Front Camera,5500 mAh | 80W Flash Charging,6.78 inches (17.22 cm) | AMOLED,"AnTuTu Score 1,445,926","₹31,999"
Samsung Galaxy M31,Samsung Exynos 9 Octa 9611,6 GB RAM | 64 GB Storage,64 MP + 8 MP + 5 MP + 5 MP Rear Camera,32 MP Front Camera,6000 mAh | 15W Fast Charging,6.4 inches (16.26 cm) | Super AMOLED,"AnTuTu Score 194,497","₹17,499"
Xiaomi 13 Pro,Snapdragon 8 Gen 2,12 GB RAM | 256 GB Storage,50 MP + 50 MP + 50 MP Rear Camera,32 MP Front Camera,4820 mAh | 120W Fast Charging,6.73 inches (17.09 cm) | AMOLED,"AnTuTu Score 1,258,345","₹48,424"
Moto G04 128GB,Unisoc T606,8 GB RAM | 128 GB Storage,16 MP Rear Camera,5 MP Front Camera,5000 mAh | 15W Fast Charging,6.56 inches (16.66 cm) | IPS LCD,"AnTuTu Score 258,102","₹7,999"
realme X7,MediaTek Dimensity 800U,6 GB RAM | 128 GB Storage,64 MP + 8 MP + 2 MP Rear Camera,16 MP Front Camera,4310 mAh | 50W Super Dart Charging,6.4 inches (16.26 cm) | Super AMOLED,"AnTuTu Score 335,217","₹8,899"
iQOO Neo 7 Pro,Snapdragon 8 Plus Gen 1,8 GB RAM | 128 GB Storage,50 MP + 8 MP + 2 MP Rear Camera,16 MP Front Camera,5000 mAh | 120W Flash Charging,6.78 inches (17.22 cm) | AMOLED,"AnTuTu Score 1,284,112","₹32,782"
Tecno Spark 30C 128GB,MediaTek Dimensity 6300,4 GB RAM | 128 GB Storage,48 MP Rear Camera,8 MP Front Camera,5000 mAh | 18W Fast Charging,6.67 inches (16.94 cm) | IPS LCD,"AnTuTu Score 418,173","₹10,499"
Samsung Galaxy M16 8GB RAM,MediaTek Dimensity 6300,8 GB RAM | 128 GB Storage,50 MP + 5 MP + 2 MP Rear Camera,13 MP Front Camera,5000 mAh | 25W Fast Charging,6.7 inches (17.02 cm) | Super AMOLED,,"₹11,999"
Moto G84,Snapdragon 695,12 GB RAM | 256 GB Storage,50 MP + 8 MP Rear Camera,16 MP Front Camera,5000 mAh | 30W Turbo Charging,6.55 inches (16.64 cm) | P-OLED,"AnTuTu Score 368,181","₹22,999"
Xiaomi Redmi Note 9 Pro,Snapdragon 720G,4 GB RAM | 64 GB Storage,48 MP + 8 MP + 5 MP + 2 MP Rear Camera,16 MP Front Camera,5020 mAh | 18W Fast Charging,6.67 inches (16.94 cm) | IPS LCD,AnTuTu Score 0,"₹8,490"
Xiaomi Redmi Note 10 Pro,Snapdragon 732G,6 GB RAM | 64 GB Storage,64 MP + 8 MP + 5 MP + 2 MP Rear Camera,16 MP Front Camera,5020 mAh | 33W Fast Charging,6.67 inches (16.94 cm) | Super AMOLED,"AnTuTu Score 331,961","₹16,932"
Xiaomi Redmi Note 11 Pro Plus 5G,Snapdragon 695,6 GB RAM | 128 GB Storage,108 MP + 8 MP + 2 MP Rear Camera,16 MP Front Camera,5000 mAh | 67W Turbo Charging,6.67 inches (16.94 cm) | AMOLED,"AnTuTu Score 396,736","₹19,999"
vivo S1 Pro,Snapdragon 665,8 GB RAM | 128 GB Storage,48 MP + 8 MP + 2 MP + 2 MP Rear Camera,32 MP Front Camera,4500 mAh | 18W Fast Charging,6.38 inches (16.21 cm) | Super AMOLED,"AnTuTu Score 172,519","₹20,990"
realme Narzo 70 Pro,MediaTek Dimensity 7050,8 GB RAM | 128 GB Storage,50 MP + 8 MP + 2 MP Rear Camera,16 MP Front Camera,5000 mAh | 67W Super VOOC Charging,6.67 inches (16.94 cm) | AMOLED,"AnTuTu Score 611,860","₹17,999"
OnePlus Nord,Snapdragon 765G,8 GB RAM | 128 GB Storage,48 MP + 8 MP + 5 MP + 2 MP Rear Camera,32 MP + 8 MP Front Camera,4115 mAh | 30W Warp Charging,6.44 inches (16.36 cm) | Fluid AMOLED,"AnTuTu Score 331,193","₹27,999"
OnePlus Nord CE 4 Lite 5G 256GB,Snapdragon 695,8 GB RAM | 256 GB Storage,50 MP + 2 MP Rear Camera,16 MP Front Camera,5500 mAh | 80W Super VOOC Charging,6.67 inches (16.94 cm) | AMOLED,"AnTuTu Score 468,021","₹19,949"
Xiaomi Redmi Note 10S,MediaTek Helio G95,6 GB RAM | 64 GB Storage,64 MP + 8 MP + 2 MP + 2 MP Rear Camera,13 MP Front Camera,5000 mAh | 33W Fast Charging,6.43 inches (16.33 cm) | AMOLED,"AnTuTu Score 324,498","₹14,999"
Samsung Galaxy M56 256GB,Samsung Exynos 1480,8 GB RAM | 256 GB Storage,50 MP + 8 MP + 2 MP Rear Camera,12 MP Front Camera,5000 mAh | 45W Fast Charging,6.7 inches (17.02 cm) | Super AMOLED Plus,,"₹25,599"
POCO M6,MediaTek Dimensity 6100 Plus,4 GB RAM | 128 GB Storage,50 MP + 0.08 MP Rear Camera,5 MP Front Camera,5000 mAh | 18W Fast Charging,6.74 inches (17.12 cm) | IPS LCD,"AnTuTu Score 385,207","₹10,499"
realme Narzo 60 Pro 5G 1TB,MediaTek Dimensity 7050,12 GB RAM | 1 TB Storage,100 MP + 2 MP Rear Camera,16 MP Front Camera,5000 mAh | 67W Super VOOC Charging,6.7 inches (17.02 cm) | AMOLED,"AnTuTu Score 569,173","₹23,488"
realme C73,MediaTek Dimensity 6300,4 GB RAM | 64 GB Storage,32 MP Rear Camera,8 MP Front Camera,6000 mAh | 15W Fast Charging,6.67 inches (16.94 cm) | IPS LCD,,"₹10,999"
POCO F7 512GB,Snapdragon 8s Gen 4,12 GB RAM | 512 GB Storage,50 MP + 8 MP Rear Camera,20 MP Front Camera,7550 mAh | 90W Turbo Charging,6.83 inches (17.35 cm) | AMOLED,"AnTuTu Score 2,106,422","₹37,999"
realme P1 8GB RAM,MediaTek Dimensity 7050,8 GB RAM | 128 GB Storage,50 MP + 2 MP Rear Camera,16 MP Front Camera,5000 mAh | 45W Super VOOC Charging,6.67 inches (16.94 cm) | AMOLED,"AnTuTu Score 418,175","₹14,999"
vivo T1,Snapdragon 695,4 GB RAM | 128 GB Storage,50 MP + 2 MP + 2 MP Rear Camera,16 MP Front Camera,5000 mAh | 18W Fast Charging,6.58 inches (16.71 cm) | IPS LCD,"AnTuTu Score 409,989","₹15,990"
vivo X70 Pro,MediaTek Dimensity 1200,8 GB RAM | 128 GB Storage,50 MP + 12 MP + 12 MP + 8 MP Rear Camera,32 MP Front Camera,4450 mAh | 44W Flash Charging,6.56 inches (16.66 cm) | AMOLED,"AnTuTu Score 675,722","₹46,990"
OPPO F29 256GB,Snapdragon 6 Gen 1,8 GB RAM | 256 GB Storage,50 MP + 2 MP Rear Camera,16 MP Front Camera,6500 mAh | 45W Super VOOC Charging,6.7 inches (17.02 cm) | AMOLED,"AnTuTu Score 611,535","₹18,925"
vivo X90 Pro,MediaTek Dimensity 9200,12 GB RAM | 256 GB Storage,50 MP + 12 MP + 50 MP Rear Camera,32 MP Front Camera,4870 mAh | 120W Flash Charging,6.78 inches (17.22 cm) | AMOLED,"AnTuTu Score 1,203,466","₹74,999"
iQOO 13 5G 512GB,Snapdragon 8 Elite,16 GB RAM | 512 GB Storage,50 MP + 50 MP + 50 MP Rear Camera,32 MP Front Camera,6000 mAh | 120W Flash Charging,6.82 inches (17.32 cm) | LTPO AMOLED,"AnTuTu Score 2,805,924","₹60,988"
Itel Magic X Pro,Unisoc T117,64 MB RAM | 128 MB Storage,0.3 MP Rear Camera,,2500 mAh,2.4 inches (6.1 cm) | TFT,,"₹2,240"
Lava Bold N1 Pro,Unisoc T606,4 GB RAM | 128 GB Storage,50 MP Rear Camera,8 MP Front Camera,5000 mAh | 18W Fast Charging,6.67 inches (16.94 cm) | IPS LCD,"AnTuTu Score 241,398","₹8,399"
realme Narzo 80 Lite 4G 128GB,Unisoc T7250,6 GB RAM | 128 GB Storage,13 MP Rear Camera,5 MP Front Camera,6300 mAh | 15W VOOC Charging,6.74 inches (17.12 cm) | IPS LCD,,"₹7,900"
iQOO Neo 7,MediaTek Dimensity 8200,8 GB RAM | 128 GB Storage,64 MP + 2 MP + 2 MP Rear Camera,16 MP Front Camera,5000 mAh | 120W Flash Charging,6.78 inches (17.22 cm) | AMOLED,AnTuTu Score 0,"₹34,899"
POCO F4 5G,Snapdragon 870,6 GB RAM | 128 GB Storage,64 MP + 8 MP + 2 MP Rear Camera,20 MP Front Camera,4500 mAh | 67W Sonic Charging,6.67 inches (16.94 cm) | AMOLED,"AnTuTu Score 735,714","₹27,999"
OnePlus 9 Pro,Snapdragon 888,8 GB RAM | 128 GB Storage,48 MP + 50 MP + 8 MP + 2 MP Rear Camera,16 MP Front Camera,4500 mAh | 65W Warp Charging,6.7 inches (17.02 cm) | Fluid AMOLED,"AnTuTu Score 697,091","₹39,999"
Moto G35 8GB RAM,Unisoc T760,8 GB RAM | 128 GB Storage,50 MP + 8 MP Rear Camera,16 MP Front Camera,5000 mAh | 18W Fast Charging,6.72 inches (17.07 cm) | LTPS LCD,,"₹13,999"
Samsung Galaxy A51,Samsung Exynos 9 Octa 9611,6 GB RAM | 128 GB Storage,48 MP + 12 MP + 5 MP + 5 MP Rear Camera,32 MP Front Camera,4000 mAh | 15W Fast Charging,6.5 inches (16.51 cm) | Super AMOLED,"AnTuTu Score 171,285","₹25,999"
Xiaomi Redmi Note 8 Pro,MediaTek Helio G90T,6 GB RAM | 64 GB Storage,64 MP + 8 MP + 2 MP + 2 MP Rear Camera,20 MP Front Camera,4500 mAh | 18W Fast Charging,6.53 inches (16.59 cm) | IPS LCD,"AnTuTu Score 286,100","₹16,999"
Xiaomi Redmi 12,MediaTek Helio G88,4 GB RAM | 128 GB Storage,50 MP + 8 MP + 2 MP Rear Camera,8 MP Front Camera,5000 mAh | 18W Fast Charging,6.79 inches (17.25 cm) | IPS LCD,,"₹9,499"
realme Narzo N61,Unisoc T612,4 GB RAM | 64 GB Storage,32 MP Rear Camera,5 MP Front Camera,5000 mAh | 10W,6.74 inches (17.12 cm) | IPS LCD,,"₹6,831"
OPPO F21 Pro 5G,Snapdragon 695,8 GB RAM | 128 GB Storage,64 MP + 2 MP + 2 MP Rear Camera,16 MP Front Camera,4500 mAh | 33W Super VOOC Charging,6.43 inches (16.33 cm) | AMOLED,"AnTuTu Score 377,430","₹25,999"
iQOO Z9 Lite,MediaTek Dimensity 6300,4 GB RAM | 128 GB Storage,50 MP + 2 MP Rear Camera,8 MP Front Camera,5000 mAh | 15W,6.56 inches (16.66 cm) | LCD,"AnTuTu Score 401,756","₹11,499"
Tecno Camon 30 5G,MediaTek Dimensity 7020,8 GB RAM | 256 GB Storage,50 MP + 2 MP Rear Camera,50 MP Front Camera,5000 mAh | 33W Flash Charging,6.78 inches (17.23 cm) | LTPS AMOLED,"AnTuTu Score 513,359","₹19,999"
Xiaomi 14 Ultra,Snapdragon 8 Gen 3,16 GB RAM | 512 GB Storage,50 MP + 50 MP + 50 MP + 50 MP Rear Camera,32 MP Front Camera,5000 mAh | 90W Hyper Charging,6.73 inches (17.09 cm) | AMOLED,"AnTuTu Score 2,020,176","₹119,999"
Itel A95,MediaTek Dimensity 6300,4 GB RAM | 128 GB Storage,50 MP Rear Camera,8 MP Front Camera,5000 mAh | 10W,6.67 inches (16.94 cm) | IPS LCD,"AnTuTu Score 408,889","₹9,999"
Nokia 110 4G,Unisoc T107,128 MB RAM | 48 MB Storage,0.8 MP Rear Camera,,1020 mAh,1.8 inches (4.57 cm) | TFT,,"₹1,749"
realme 8,MediaTek Helio G95,4 GB RAM | 128 GB Storage,64 MP + 8 MP + 2 MP + 2 MP Rear Camera,16 MP Front Camera,5000 mAh | 30W Dart Charging,6.4 inches (16.26 cm) | Super AMOLED,"AnTuTu Score 297,216","₹13,499"
Xiaomi Redmi Note 11 4G,Snapdragon 680,4 GB RAM | 64 GB Storage,50 MP + 8 MP + 2 MP + 2 MP Rear Camera,13 MP Front Camera,5000 mAh | 33W Fast Charging,6.43 inches (16.33 cm) | AMOLED,"AnTuTu Score 269,010","₹9,499"
iQOO 7,Snapdragon 870,8 GB RAM | 128 GB Storage,48 MP + 13 MP + 2 MP Rear Camera,16 MP Front Camera,4400 mAh | 66W Flash Charging,6.62 inches (16.81 cm) | AMOLED,"AnTuTu Score 632,841","₹19,990"
vivo V21 5G,MediaTek Dimensity 800U,8 GB RAM | 128 GB Storage,64 MP + 8 MP + 2 MP Rear Camera,44 MP Front Camera,4000 mAh | 33W Flash Charging,6.44 inches (16.36 cm) | AMOLED,"AnTuTu Score 311,308","₹26,390"
Xiaomi Redmi Note 11 Pro,MediaTek Helio G96,6 GB RAM | 128 GB Storage,108 MP + 8 MP + 2 MP + 2 MP Rear Camera,16 MP Front Camera,5000 mAh | 67W Turbo Charging,6.67 inches (16.94 cm) | AMOLED,"AnTuTu Score 301,901","₹19,990"
Samsung Galaxy S20 Ultra,Samsung Exynos 9 Octa 990,12 GB RAM | 128 GB Storage,108 MP + 48 MP + 12 MP Rear Camera,40 MP Front Camera,5000 mAh | 45W Fast Charging,6.9 inches (17.53 cm) | Dynamic AMOLED 2x,"AnTuTu Score 492,456","₹99,991"
realme 9i,Snapdragon 680,4 GB RAM | 64 GB Storage,50 MP + 2 MP + 2 MP Rear Camera,16 MP Front Camera,5000 mAh | 33W Dart Charging,6.6 inches (16.76 cm) | IPS LCD,"AnTuTu Score 271,963","₹11,999"
Samsung Galaxy S10,Samsung Exynos 9 Octa 9820,8 GB RAM | 128 GB Storage,12 MP + 12 MP + 16 MP Rear Camera,10 MP Front Camera,3400 mAh | 15W Fast Charging,6.1 inches (15.49 cm) | Dynamic AMOLED,"AnTuTu Score 271,486","₹71,000"
"OPPO K14 5G 256GB, 8GB RAM",MediaTek Dimensity 6300,8 GB RAM | 256 GB Storage,50 MP + 2 MP Rear Camera,8 MP Front Camera,7000 mAh | 45W Super Charging,6.75 inches (17.15 cm) | LCD,"AnTuTu Score 615,625","₹28,999"
BlackZone S25 Ultra Maxx,Unisoc T606,8 GB RAM | 128 GB Storage,32 MP Rear Camera,16 MP Front Camera,5000 mAh,6.6 inches (16.76 cm) | IPS LCD,,"₹9,999"
Infinix GT 10 Pro,MediaTek Dimensity 8050,8 GB RAM | 256 GB Storage,108 MP + 2 MP + 2 MP Rear Camera,32 MP Front Camera,5000 mAh | 45W Fast Charging,6.67 inches (16.94 cm) | AMOLED,"AnTuTu Score 724,521","₹20,999"
Xiaomi Redmi Note 10,Snapdragon 678,4 GB RAM | 64 GB Storage,48 MP + 8 MP + 2 MP + 2 MP Rear Camera,13 MP Front Camera,5000 mAh | 33W Fast Charging,6.43 inches (16.33 cm) | Super AMOLED,"AnTuTu Score 238,519","₹10,160"
Sony Xperia XZ2,Snapdragon 845,6 GB RAM | 64 GB Storage,19 MP Rear Camera,5 MP Front Camera,3180 mAh Quick Charging,5.7 inches (14.48 cm) | IPS LCD,,"₹74,990"
realme GT 2 5G,Snapdragon 888,8 GB RAM | 128 GB Storage,50 MP + 8 MP + 2 MP Rear Camera,16 MP Front Camera,5000 mAh | 65W Super Dart Charging,6.62 inches (16.81 cm) | AMOLED,AnTuTu Score 0,"₹24,999"
Samsung Galaxy A35 256GB,Samsung Exynos 1380,8 GB RAM | 256 GB Storage,50 MP + 8 MP + 5 MP Rear Camera,13 MP Front Camera,5000 mAh | 25W Fast Charging,6.6 inches (16.76 cm) | Super AMOLED,"AnTuTu Score 612,769","₹20,999"
Honor 200 Lite,MediaTek Dimensity 6080,8 GB RAM | 256 GB Storage,108 MP + 5 MP + 2 MP Rear Camera,50 MP Front Camera,4500 mAh | 35W Super Charging,6.7 inches (17.02 cm) | AMOLED,,"₹20,499"
Apple iPhone 12 Pro Max,Apple A14 Bionic,6 GB RAM | 128 GB Storage,12 MP + 12 MP + 12 MP Rear Camera,12 MP Front Camera,3687 mAh | 20W Fast Charging,6.7 inches (17.02 cm) | Super Retina XDR,"AnTuTu Score 651,459","₹119,900"
vivo V20,Snapdragon 720G,8 GB RAM | 128 GB Storage,64 MP + 8 MP + 2 MP Rear Camera,44 MP Front Camera,4000 mAh | 33W Flash Charging,6.44 inches (16.36 cm) | AMOLED,"AnTuTu Score 282,796","₹27,990"
OnePlus 10T,Snapdragon 8 Plus Gen 1,8 GB RAM | 128 GB Storage,50 MP + 8 MP + 2 MP Rear Camera,16 MP Front Camera,4800 mAh | 150W Super VOOC Charging,6.7 inches (17.02 cm) | Fluid AMOLED,AnTuTu Score 0,"₹32,599"
Google Pixel 6,Google Tensor,8 GB RAM | 128 GB Storage,50 MP + 12 MP Rear Camera,8 MP Front Camera,4614 mAh | 30W Fast Charging,6.4 inches (16.26 cm) | OLED,"AnTuTu Score 717,872","₹25,499"
OPPO A6x 4G,Snapdragon 685,4 GB RAM | 64 GB Storage,13 MP Rear Camera,5 MP Front Camera,6500 mAh,6.75 inches (17.15 cm) | LCD,,"₹12,999"
OPPO F19 Pro+ 5G,MediaTek Dimensity 800U,8 GB RAM | 128 GB Storage,48 MP + 8 MP + 2 MP + 2 MP Rear Camera,16 MP Front Camera,4310 mAh | 50W Flash Charging,6.43 inches (16.33 cm) | Super AMOLED,"AnTuTu Score 310,715","₹19,986"
POCO C61,MediaTek Helio G36,4 GB RAM | 64 GB Storage,8 MP + 2 MP Rear Camera,5 MP Front Camera,5000 mAh | 10W,6.71 inches (17.04 cm) | IPS LCD,AnTuTu Score 0,"₹7,499"
Infinix Hot 40i,Unisoc T606,8 GB RAM | 256 GB Storage,50 MP + 0.08 MP Rear Camera,32 MP Front Camera,5000 mAh | 18W Fast Charging,6.6 inches (16.76 cm) | IPS LCD,"AnTuTu Score 266,030","₹9,999"
Xiaomi Redmi Note 9 Pro Max,Snapdragon 720G,6 GB RAM | 64 GB Storage,64 MP + 8 MP + 5 MP + 2 MP Rear Camera,32 MP Front Camera,5020 mAh | 33W Fast Charging,6.67 inches (16.94 cm) | IPS LCD,"AnTuTu Score 277,621","₹15,927"
Tecno Spark 30C,MediaTek Dimensity 6300,4 GB RAM | 64 GB Storage,48 MP Rear Camera,8 MP Front Camera,5000 mAh | 18W Fast Charging,6.67 inches (16.94 cm) | IPS LCD,"AnTuTu Score 418,173","₹9,977"
Blackberry 9720,Marvell PXA930,512 MB RAM | 512 MB Storage,5 MP Rear Camera,,1450 mAh,2.8 inches (7.11 cm) | IPS LCD,,"₹11,990"
realme GT Master Edition 5G,Snapdragon 778G,6 GB RAM | 128 GB Storage,64 MP + 8 MP + 2 MP Rear Camera,32 MP Front Camera,4300 mAh | 65W Super Dart Charging,6.43 inches (16.33 cm) | Super AMOLED,"AnTuTu Score 539,766","₹21,999"
Itel Super Guru 4G Max,,,0.3 MP Rear Camera,,2000 mAh,3.0 inches (7.62 cm) | TFT,,"₹2,369"
HMD 105 4G,Unisoc T127,64 MB RAM | 128 MB Storage,,,1450 mAh,2.4 inches (6.1 cm) | TFT,,"₹2,149"
OnePlus 7T,Snapdragon 855 Plus,8 GB RAM | 128 GB Storage,48 MP + 16 MP + 12 MP Rear Camera,16 MP Front Camera,3800 mAh | 30W Warp Charging,6.55 inches (16.64 cm) | Fluid AMOLED,"AnTuTu Score 487,810","₹31,990"
Honor 9X,HiSilicon Kirin,4 GB RAM | 128 GB Storage,48 MP + 8 MP + 2 MP Rear Camera,16 MP Front Camera,4000 mAh,6.59 inches (16.74 cm) | IPS LCD,"AnTuTu Score 187,409","₹15,999"
Apple iPhone XR,Apple A12 Bionic,3 GB RAM | 64 GB Storage,12 MP Rear Camera,7 MP Front Camera,2942 mAh Fast Charging,6.1 inches (15.49 cm) | IPS LCD,"AnTuTu Score 366,895","₹47,900"
vivo T4 Lite 8GB RAM,MediaTek Dimensity 6300,8 GB RAM | 256 GB Storage,50 MP + 2 MP Rear Camera,5 MP Front Camera,6000 mAh | 15W Fast Charging,6.74 inches (17.12 cm) | LCD,,"₹16,999"
vivo Y100A 256GB,Snapdragon 695,8 GB RAM | 256 GB Storage,64 MP + 2 MP + 2 MP Rear Camera,16 MP Front Camera,4500 mAh | 44W Fast Charging,6.38 inches (16.21 cm) | AMOLED,,"₹14,999"
Lava Agni 2 5G,MediaTek Dimensity 7050,8 GB RAM | 256 GB Storage,50 MP + 8 MP + 2 MP + 2 MP Rear Camera,16 MP Front Camera,4700 mAh | 66W Fast Charging,6.78 inches (17.22 cm) | AMOLED,"AnTuTu Score 544,907","₹19,483"
realme GT Neo 3 5G,MediaTek Dimensity 8100,8 GB RAM | 128 GB Storage,50 MP + 8 MP + 2 MP Rear Camera,16 MP Front Camera,5000 mAh | 80W Super Dart Charging,6.7 inches (17.02 cm) | AMOLED,"AnTuTu Score 820,539","₹20,899"
Itel A90,Unisoc T7100,4 GB RAM | 64 GB Storage,13 MP Rear Camera,5 MP Front Camera,5000 mAh | 15W Fast Charging,6.6 inches (16.76 cm) | IPS LCD,"AnTuTu Score 155,425","₹6,689"
realme C63,Unisoc T612,4 GB RAM | 128 GB Storage,50 MP Rear Camera,8 MP Front Camera,5000 mAh | 45W Super VOOC Charging,6.74 inches (17.12 cm) | IPS LCD,,"₹8,899"
realme GT 7T 512GB,MediaTek Dimensity 8400 Max,12 GB RAM | 512 GB Storage,50 MP + 8 MP Rear Camera,32 MP Front Camera,7000 mAh | 120W Super VOOC Charging,6.8 inches (17.27 cm) | AMOLED,"AnTuTu Score 1,761,804","₹34,840"
realme P4x 256GB 8GB RAM,MediaTek Dimensity 7400 Ultra,8 GB RAM | 256 GB Storage,50 MP + 2 MP Rear Camera,8 MP Front Camera,7000 mAh | 45W Super Charging,6.72 inches (17.07 cm) | LCD,"AnTuTu Score 974,831","₹20,999"
POCO F1,Snapdragon 845,6 GB RAM | 64 GB Storage,12 MP + 5 MP Rear Camera,20 MP Front Camera,4000 mAh | 18W Quick Charging,6.18 inches (15.7 cm) | IPS LCD,"AnTuTu Score 267,207","₹21,999"
Infinix Zero 40,MediaTek Dimensity 8200 Ultimate,12 GB RAM | 256 GB Storage,108 MP + 50 MP + 2 MP Rear Camera,50 MP Front Camera,5000 mAh | 45W Fast Charging,6.78 inches (17.22 cm) | AMOLED,,"₹27,999"
vivo T3 Lite 6GB RAM,MediaTek Dimensity 6300,6 GB RAM | 128 GB Storage,50 MP + 2 MP Rear Camera,8 MP Front Camera,5000 mAh | 15W Fast Charging,6.56 inches (16.66 cm) | LCD,,"₹11,499"
vivo Y18i,Unisoc T612,4 GB RAM | 64 GB Storage,13 MP + 0.08 MP Rear Camera,5 MP Front Camera,5000 mAh | 15W,6.56 inches (16.66 cm) | LCD,,"₹7,491"
vivo V40e 256GB,MediaTek Dimensity 7300,8 GB RAM | 256 GB Storage,50 MP + 8 MP Rear Camera,50 MP Front Camera,5500 mAh | 80W Flash Charging,6.77 inches (17.2 cm) | AMOLED,"AnTuTu Score 670,195","₹26,394"
Nubia Red Magic 3,Snapdragon 855,8 GB RAM | 128 GB Storage,48 MP Rear Camera,16 MP Front Camera,5000 mAh | 18W Quick Charging,6.65 inches (16.89 cm) | AMOLED,"AnTuTu Score 358,802","₹38,999"
Xiaomi Redmi 9i,MediaTek Helio G25,4 GB RAM | 64 GB Storage,13 MP Rear Camera,5 MP Front Camera,5000 mAh | 10W,6.53 inches (16.59 cm) | IPS LCD,,"₹9,999"
OnePlus 9 RT,Snapdragon 888,8 GB RAM | 128 GB Storage,50 MP + 16 MP + 2 MP Rear Camera,16 MP Front Camera,4500 mAh | 65W Warp Charging,6.62 inches (16.81 cm) | AMOLED,"AnTuTu Score 795,111","₹25,249"
vivo Y21 2021,MediaTek Helio P35,4 GB RAM | 64 GB Storage,13 MP + 2 MP Rear Camera,8 MP Front Camera,5000 mAh | 18W Fast Charging,6.51 inches (16.54 cm) | IPS LCD,,"₹13,499"
realme Narzo 60 5G,MediaTek Dimensity 6020,8 GB RAM | 128 GB Storage,64 MP + 2 MP Rear Camera,16 MP Front Camera,5000 mAh | 33W Super VOOC Charging,6.43 inches (16.33 cm) | Super AMOLED,"AnTuTu Score 391,929","₹15,276"
vivo T1 44W,Snapdragon 680,4 GB RAM | 128 GB Storage,50 MP + 2 MP + 2 MP Rear Camera,16 MP Front Camera,5000 mAh | 44W Flash Charging,6.44 inches (16.36 cm) | AMOLED,AnTuTu Score 0,"₹14,499"
Samsung Galaxy A72,Snapdragon 720G,8 GB RAM | 128 GB Storage,64 MP + 12 MP + 8 MP + 5 MP Rear Camera,32 MP Front Camera,5000 mAh | 25W Fast Charging,6.7 inches (17.02 cm) | Super AMOLED,"AnTuTu Score 247,629","₹35,999"
Lava Blaze Curve 5G,MediaTek Dimensity 7050,8 GB RAM | 128 GB Storage,64 MP + 8 MP + 2 MP Rear Camera,32 MP Front Camera,5000 mAh | 33W Fast Charging,6.67 inches (16.94 cm) | AMOLED,"AnTuTu Score 575,509","₹16,999"
realme GT Neo 2 5G,Snapdragon 870,8 GB RAM | 128 GB Storage,64 MP + 8 MP + 2 MP Rear Camera,16 MP Front Camera,5000 mAh | 65W Super Dart Charging,6.62 inches (16.81 cm) | AMOLED,"AnTuTu Score 720,150","₹22,999"
realme 7 Pro,Snapdragon 720G,6 GB RAM | 128 GB Storage,64 MP + 8 MP + 2 MP + 2 MP Rear Camera,32 MP Front Camera,4500 mAh | 65W Super Dart Charging,6.4 inches (16.26 cm) | Super AMOLED,"AnTuTu Score 288,727","₹12,999"
Nokia 5310 2024,Unisoc 6531F,8 MB RAM | 16 MB Storage,0.3 MP Rear Camera,,1450 mAh,2.8 inches (7.11 cm) | IPS LCD,,"₹3,644"
Samsung Galaxy M31s,Samsung Exynos 9 Octa 9611,6 GB RAM | 128 GB Storage,64 MP + 12 MP + 5 MP + 5 MP Rear Camera,32 MP Front Camera,6000 mAh | 25W Fast Charging,6.5 inches (16.51 cm) | Super AMOLED,"AnTuTu Score 157,068","₹11,999"
realme P1 Speed 5G,MediaTek Dimensity 7300 Energy,8 GB RAM | 128 GB Storage,50 MP + 2 MP Rear Camera,16 MP Front Camera,5000 mAh | 45W Fast Charging,6.67 inches (16.94 cm) | OLED,,"₹14,499"
realme 12,MediaTek Dimensity 6100 Plus,6 GB RAM | 128 GB Storage,108 MP + 2 MP Rear Camera,8 MP Front Camera,5000 mAh | 45W Super VOOC Charging,6.72 inches (17.07 cm) | IPS LCD,"AnTuTu Score 417,413","₹16,999"
iQOO Z7,MediaTek Dimensity 920,6 GB RAM | 128 GB Storage,64 MP + 2 MP Rear Camera,16 MP Front Camera,4500 mAh | 44W Flash Charging,6.38 inches (16.21 cm) | AMOLED,AnTuTu Score 0,"₹21,999"
OnePlus 7 Pro 12GB RAM,Snapdragon 855,12 GB RAM | 256 GB Storage,48 MP + 16 MP + 8 MP Rear Camera,16 MP Front Camera,4000 mAh | 30W Warp Charging,6.67 inches (16.94 cm) | Fluid AMOLED,"AnTuTu Score 371,812","₹57,999"
realme Narzo 70,MediaTek Dimensity 7050,6 GB RAM | 128 GB Storage,50 MP + 2 MP Rear Camera,16 MP Front Camera,5000 mAh | 45W Super VOOC Charging,6.67 inches (16.94 cm) | AMOLED,"AnTuTu Score 584,952","₹16,999"
iQOO Z3,Snapdragon 768G,6 GB RAM | 128 GB Storage,64 MP + 8 MP + 2 MP Rear Camera,16 MP Front Camera,4400 mAh | 55W Flash Charging,6.58 inches (16.71 cm) | IPS LCD,"AnTuTu Score 379,927","₹22,990"
Samsung Galaxy A50,Samsung Exynos 7 Octa 9610,4 GB RAM | 64 GB Storage,25 MP + 5 MP + 8 MP Rear Camera,25 MP Front Camera,4000 mAh | 15W Fast Charging,6.4 inches (16.26 cm) | Super AMOLED,"AnTuTu Score 143,399","₹21,000"
Infinix Note 50s 6GB RAM,MediaTek Dimensity 7300 Ultimate,6 GB RAM | 128 GB Storage,64 MP + 2 MP Rear Camera,13 MP Front Camera,5500 mAh | 45W Fast Charging,6.78 inches (17.22 cm) | AMOLED,,"₹19,999"
Apple iPhone 13 Mini,Apple A15 Bionic,4 GB RAM | 128 GB Storage,12 MP + 12 MP Rear Camera,12 MP Front Camera,2406 mAh | 20W Fast Charging,5.4 inches (13.72 cm) | Super Retina XDR,"AnTuTu Score 776,629","₹64,900"
Tecno Pop 9 5G,MediaTek Dimensity 6300,4 GB RAM | 64 GB Storage,48 MP Rear Camera,8 MP Front Camera,5000 mAh | 18W Fast Charging,6.67 inches (16.94 cm) | IPS LCD,,"₹11,999"
Tecno Camon 20 Pro,MediaTek Dimensity 8050,8 GB RAM | 128 GB Storage,64 MP + 2 MP + 2 MP Rear Camera,32 MP Front Camera,5000 mAh | 33W Super Flash Charging,6.67 inches (16.94 cm) | AMOLED,"AnTuTu Score 605,882","₹15,199"
Xiaomi Redmi Note 5 Pro,Snapdragon 636,4 GB RAM | 64 GB Storage,12 MP + 5 MP Rear Camera,20 MP Front Camera,4000 mAh Quick Charging,5.99 inches (15.21 cm) | IPS LCD,,"₹8,591"
Xiaomi Redmi 10 Prime,MediaTek Helio G88,4 GB RAM | 64 GB Storage,50 MP + 8 MP + 2 MP + 2 MP Rear Camera,8 MP Front Camera,6000 mAh | 18W Fast Charging,6.5 inches (16.51 cm) | IPS LCD,"AnTuTu Score 249,038","₹8,224"
Xiaomi Redmi 9 Prime,MediaTek Helio G80,4 GB RAM | 64 GB Storage,13 MP + 8 MP + 5 MP + 2 MP Rear Camera,8 MP Front Camera,5020 mAh | 18W Fast Charging,6.53 inches (16.59 cm) | IPS LCD,"AnTuTu Score 191,437","₹9,790"
vivo X60,Snapdragon 870,8 GB RAM | 128 GB Storage,48 MP + 13 MP + 13 MP Rear Camera,32 MP Front Camera,4300 mAh | 33W Flash Charging,6.56 inches (16.66 cm) | AMOLED,"AnTuTu Score 628,050","₹34,990"
HMD Vibe 5G,Unisoc T760,4 GB RAM | 128 GB Storage,50 MP + 2 MP Rear Camera,8 MP Front Camera,5000 mAh | 18W Fast Charging,6.67 inches (16.94 cm) | IPS LCD,,"₹8,499"
realme C12,MediaTek Helio G35,3 GB RAM | 32 GB Storage,13 MP + 2 MP + 2 MP Rear Camera,5 MP Front Camera,6000 mAh | 10W,6.52 inches (16.56 cm) | IPS LCD,"AnTuTu Score 108,184","₹5,300"
iQOO Z10 256GB,Snapdragon 7s Gen 3,8 GB RAM | 256 GB Storage,50 MP + 2 MP Rear Camera,32 MP Front Camera,7300 mAh | 90W Flash Charging,6.77 inches (17.2 cm) | AMOLED,,"₹22,779"
Infinix Note 30 5G,MediaTek Dimensity 6080,4 GB RAM | 128 GB Storage,108 MP + 2 MP + 0.08 MP Rear Camera,16 MP Front Camera,5000 mAh | 45W Fast Charging,6.78 inches (17.22 cm) | IPS LCD,AnTuTu Score 0,"₹14,999"
realme 10,MediaTek Helio G99,4 GB RAM | 64 GB Storage,50 MP + 2 MP Rear Camera,16 MP Front Camera,5000 mAh | 33W Super VOOC Charging,6.4 inches (16.26 cm) | Super AMOLED,AnTuTu Score 0,"₹9,999"
Samsung Galaxy S9 Plus,Samsung Exynos 9 Octa 9810,6 GB RAM | 64 GB Storage,12 MP + 12 MP Rear Camera,8 MP Front Camera,3500 mAh Fast Charging,6.2 inches (15.75 cm) | Super AMOLED,"AnTuTu Score 248,237","₹70,000"
Lava Storm Play,MediaTek Dimensity 7060,6 GB RAM | 128 GB Storage,50 MP + 2 MP Rear Camera,8 MP Front Camera,5000 mAh | 18W Fast Charging,6.75 inches (17.15 cm) | IPS LCD,"AnTuTu Score 503,166","₹13,499"
vivo T5 Pro 12GB RAM 256GB,Snapdragon 7s Gen 4,12 GB RAM | 256 GB Storage,50 MP + 2 MP Rear Camera,32 MP Front Camera,9020 mAh | 90W,6.83 inches (17.35 cm) | AMOLED,"AnTuTu Score 1,167,242","₹39,999"
iQOO Z5 5G,Snapdragon 778G,8 GB RAM | 128 GB Storage,64 MP + 8 MP + 2 MP Rear Camera,16 MP Front Camera,5000 mAh | 44W Flash Charging,6.67 inches (16.94 cm) | IPS LCD,"AnTuTu Score 557,775","₹29,990"
Motorola Edge 30,Snapdragon 778G Plus,6 GB RAM | 128 GB Storage,50 MP + 50 MP + 2 MP Rear Camera,32 MP Front Camera,4020 mAh | 33W Turbo Power Charging,6.5 inches (16.51 cm) | P-OLED,"AnTuTu Score 541,618","₹30,999"
Nothing Phone 2 256GB,Snapdragon 8 Plus Gen 1,12 GB RAM | 256 GB Storage,50 MP + 50 MP Rear Camera,32 MP Front Camera,4700 mAh | 45W Fast Charging,6.7 inches (17.02 cm) | LTPO AMOLED,"AnTuTu Score 1,195,555","₹38,999"
Samsung Galaxy A71,Snapdragon 730,8 GB RAM | 128 GB Storage,64 MP + 12 MP + 5 MP + 5 MP Rear Camera,32 MP Front Camera,4500 mAh | 25W Fast Charging,6.7 inches (17.02 cm) | Super AMOLED Plus,"AnTuTu Score 266,827","₹29,501"
OnePlus Nord CE 5 5G 256GB,MediaTek Dimensity 8350 Apex,8 GB RAM | 256 GB Storage,50 MP + 8 MP Rear Camera,16 MP Front Camera,7100 mAh | 80W Super VOOC Charging,6.77 inches (17.2 cm) | AMOLED,"AnTuTu Score 1,402,278","₹23,801"
Samsung Galaxy M17 8GB RAM,Samsung Exynos 1330,8 GB RAM | 128 GB Storage,50 MP + 5 MP + 2 MP Rear Camera,13 MP Front Camera,5000 mAh | 25W Fast Charging,6.7 inches (17.02 cm) | Super AMOLED,"AnTuTu Score 608,564","₹15,111"
vivo Y28e,MediaTek Dimensity 6300,4 GB RAM | 64 GB Storage,13 MP + 0.08 MP Rear Camera,5 MP Front Camera,5000 mAh | 15W,6.56 inches (16.66 cm) | LCD,,"₹14,998"
Xiaomi Redmi K20 Pro,Snapdragon 855,6 GB RAM | 128 GB Storage,48 MP + 13 MP + 8 MP Rear Camera,20 MP Front Camera,4000 mAh Quick Charging,6.39 inches (16.23 cm) | AMOLED,"AnTuTu Score 373,945","₹20,999"
Tecno Pova 7 Pro 5G 256GB,MediaTek Dimensity 7300 Ultimate,8 GB RAM | 256 GB Storage,64 MP + 8 MP Rear Camera,13 MP Front Camera,6000 mAh | 45W Fast Charging,6.78 inches (17.22 cm) | AMOLED,,"₹19,999"
Samsung Galaxy M30s,Samsung Exynos 9 Octa 9611,4 GB RAM | 64 GB Storage,48 MP + 8 MP + 5 MP Rear Camera,16 MP Front Camera,6000 mAh | 15W Fast Charging,6.4 inches (16.26 cm) | Super AMOLED,"AnTuTu Score 135,678","₹14,999"
vivo V23 Pro 5G,MediaTek Dimensity 1200,8 GB RAM | 128 GB Storage,108 MP + 8 MP + 2 MP Rear Camera,50 MP + 8 MP Front Camera,4300 mAh | 44W Flash Charging,6.56 inches (16.66 cm) | AMOLED,"AnTuTu Score 704,585","₹38,982"
Samsung Galaxy M35 8GB RAM,Samsung Exynos 1380,8 GB RAM | 128 GB Storage,50 MP + 8 MP + 2 MP Rear Camera,13 MP Front Camera,6000 mAh | 25W Fast Charging,6.6 inches (16.76 cm) | Super AMOLED,"AnTuTu Score 611,292","₹15,020"
Moto G85 256GB,Snapdragon 6s Gen 3,12 GB RAM | 256 GB Storage,50 MP + 8 MP Rear Camera,32 MP Front Camera,5000 mAh | 33W Turbo Power Charging,6.67 inches (16.94 cm) | P-OLED,"AnTuTu Score 471,687","₹22,999"
Xiaomi Redmi A3,MediaTek Helio G36,3 GB RAM | 64 GB Storage,8 MP + 0.08 MP Rear Camera,5 MP Front Camera,5000 mAh | 10W,6.7 inches (17.02 cm) | IPS LCD,,"₹6,399"
Infinix Zero 30,MediaTek Dimensity 8020,8 GB RAM | 256 GB Storage,108 MP + 13 MP + 2 MP Rear Camera,50 MP Front Camera,5000 mAh | 68W Super Charging,6.78 inches (17.22 cm) | AMOLED,,"₹23,999"
Apple iPhone XS,Apple A12 Bionic,4 GB RAM | 64 GB Storage,12 MP + 12 MP Rear Camera,7 MP Front Camera,2658 mAh Fast Charging,5.8 inches (14.73 cm) | OLED,"AnTuTu Score 433,713","₹89,900"
realme Narzo 50A,MediaTek Helio G85,4 GB RAM | 64 GB Storage,50 MP + 2 MP + 2 MP Rear Camera,8 MP Front Camera,6000 mAh | 18W Quick Charging,6.5 inches (16.51 cm) | IPS LCD,"AnTuTu Score 218,890","₹8,599"
iQOO 9 SE,Snapdragon 888,8 GB RAM | 128 GB Storage,48 MP + 13 MP + 2 MP Rear Camera,16 MP Front Camera,4500 mAh | 66W Flash Charging,6.62 inches (16.81 cm) | AMOLED,AnTuTu Score 0,"₹30,999"
OnePlus 8,Snapdragon 865,6 GB RAM | 128 GB Storage,48 MP + 16 MP + 2 MP Rear Camera,16 MP Front Camera,4300 mAh | 30W Warp Charging,6.55 inches (16.64 cm) | Fluid AMOLED,"AnTuTu Score 579,239","₹41,999"
Nokia 1,MediaTek MT6737,1 GB RAM | 8 GB Storage,5 MP Rear Camera,2 MP Front Camera,2150 mAh,4.5 inches (11.43 cm) | IPS LCD,,"₹3,799"
Samsung Galaxy F56 256GB,Samsung Exynos 1480,8 GB RAM | 256 GB Storage,50 MP + 8 MP + 2 MP Rear Camera,12 MP Front Camera,5000 mAh | 45W Fast Charging,6.7 inches (17.02 cm) | Super AMOLED Plus,,"₹26,999"
vivo V30 Pro 512GB,MediaTek Dimensity 8200,12 GB RAM | 512 GB Storage,50 MP + 50 MP + 50 MP Rear Camera,50 MP Front Camera,5000 mAh | 80W Flash Charging,6.78 inches (17.22 cm) | AMOLED,,"₹43,991"
vivo Y31 Pro 256GB,MediaTek Dimensity 7300,8 GB RAM | 256 GB Storage,50 MP + 2 MP Rear Camera,8 MP Front Camera,6500 mAh | 44W Flash Charging,6.72 inches (17.07 cm) | LCD,,"₹21,991"
vivo Y400 Pro 256GB,MediaTek Dimensity 7300,8 GB RAM | 256 GB Storage,50 MP + 2 MP Rear Camera,32 MP Front Camera,5500 mAh | 90W Flash Charging,6.77 inches (17.2 cm) | AMOLED,"AnTuTu Score 700,962","₹27,991"
OPPO F19,Snapdragon 662,6 GB RAM | 128 GB Storage,48 MP + 2 MP + 2 MP Rear Camera,16 MP Front Camera,5000 mAh | 33W Flash Charging,6.43 inches (16.33 cm) | AMOLED,"AnTuTu Score 214,348","₹20,990"
Xiaomi Redmi 6A,MediaTek Helio A22,2 GB RAM | 16 GB Storage,13 MP Rear Camera,5 MP Front Camera,3000 mAh,5.45 inches (13.84 cm) | IPS LCD,,"₹5,499"
Nokia G42 256GB,Snapdragon 480 Plus,8 GB RAM | 256 GB Storage,50 MP + 2 MP + 2 MP Rear Camera,8 MP Front Camera,5000 mAh | 20W Fast Charging,6.56 inches (16.66 cm) | IPS LCD,,"₹16,319"
OPPO A5x 6GB RAM,MediaTek Dimensity 6300,6 GB RAM | 128 GB Storage,32 MP Rear Camera,5 MP Front Camera,6000 mAh | 45W Super VOOC Charging,6.67 inches (16.94 cm) | LCD,,"₹13,999"
Apple iPhone X,Apple A11 Bionic,3 GB RAM | 64 GB Storage,12 MP + 12 MP Rear Camera,7 MP Front Camera,2716 mAh Fast Charging,5.8 inches (14.73 cm) | OLED,"AnTuTu Score 364,586","₹91,900"
Xiaomi Redmi 5A,Snapdragon 425,2 GB RAM | 16 GB Storage,13 MP Rear Camera,5 MP Front Camera,3000 mAh,5.0 inches (12.7 cm) | IPS LCD,,"₹5,999"
vivo T5 5G 8GB RAM,MediaTek Dimensity 7500 turbo,8 GB RAM | 128 GB Storage,50 MP + 8 MP Rear Camera,32 MP Front Camera,7050 mAh | 44W Fast Charging,6.83 inches (17.35 cm) | AMOLED,"AnTuTu Score 1,107,676","₹39,999"
Samsung Galaxy S20 Plus,Samsung Exynos 9 Octa 990,8 GB RAM | 128 GB Storage,12 MP + 64 MP + 12 MP Rear Camera,10 MP Front Camera,4500 mAh | 25W Fast Charging,6.7 inches (17.02 cm) | Dynamic AMOLED 2x,"AnTuTu Score 492,438","₹83,000"
realme P2 Pro 256GB,Snapdragon 7s Gen 2,12 GB RAM | 256 GB Storage,50 MP + 8 MP Rear Camera,32 MP Front Camera,5200 mAh | 80W Super VOOC Charging,6.7 inches (17.02 cm) | OLED,"AnTuTu Score 670,441","₹19,999"
Infinix GT 30 256GB,MediaTek Dimensity 7400,8 GB RAM | 256 GB Storage,64 MP + 8 MP Rear Camera,13 MP Front Camera,5500 mAh | 45W Fast Charging,6.78 inches (17.22 cm) | LTPS AMOLED,"AnTuTu Score 727,195","₹23,999"
vivo T4 Ultra 512GB,MediaTek Dimensity 9300 Plus,12 GB RAM | 512 GB Storage,50 MP + 8 MP + 50 MP Rear Camera,32 MP Front Camera,5500 mAh | 90W Flash Charging,6.67 inches (16.94 cm) | AMOLED,"AnTuTu Score 1,945,482","₹39,999"
OnePlus 7 Pro,Snapdragon 855,6 GB RAM | 128 GB Storage,48 MP + 16 MP + 8 MP Rear Camera,16 MP Front Camera,4000 mAh Warp Charging,6.67 inches (16.94 cm) | Fluid AMOLED,"AnTuTu Score 371,812","₹48,999"
Samsung Galaxy A21s,Samsung Exynos 8 Octa 850,4 GB RAM | 64 GB Storage,48 MP + 8 MP + 2 MP + 2 MP Rear Camera,13 MP Front Camera,5000 mAh | 15W Fast Charging,6.5 inches (16.51 cm) | PLS TFT LCD,"AnTuTu Score 121,139","₹14,001"
vivo T4 256GB,Snapdragon 7s Gen 3,8 GB RAM | 256 GB Storage,50 MP + 2 MP Rear Camera,32 MP Front Camera,7300 mAh | 90W Flash Charging,6.77 inches (17.2 cm) | AMOLED,"AnTuTu Score 797,572","₹26,999"
iQOO Z6 5G,Snapdragon 695,4 GB RAM | 128 GB Storage,50 MP + 2 MP + 2 MP Rear Camera,16 MP Front Camera,5000 mAh | 18W Fast Charging,6.58 inches (16.71 cm) | IPS LCD,"AnTuTu Score 410,397","₹15,199"
Samsung Galaxy F41,Samsung Exynos 9 Octa 9611,6 GB RAM | 64 GB Storage,64 MP + 8 MP + 5 MP Rear Camera,32 MP Front Camera,6000 mAh | 15W Fast Charging,6.4 inches (16.26 cm) | Super AMOLED,"AnTuTu Score 186,675","₹12,999"
Infinix Zero Ultra,MediaTek Dimensity 920,8 GB RAM | 256 GB Storage,200 MP + 13 MP + 2 MP Rear Camera,32 MP Front Camera,4500 mAh | 180W Thunder Charging,6.8 inches (17.27 cm) | AMOLED,,"₹36,999"
realme 8 5G,MediaTek Dimensity 700,4 GB RAM | 128 GB Storage,48 MP + 2 MP + 2 MP Rear Camera,16 MP Front Camera,5000 mAh | 18W Quick Charging,6.5 inches (16.51 cm) | IPS LCD,"AnTuTu Score 354,859","₹11,999"
Apple iPhone SE 2022 (iPhone SE 3),Apple A15 Bionic,4 GB RAM | 64 GB Storage,12 MP Rear Camera,7 MP Front Camera,2018 mAh | 20W Fast Charging,4.7 inches (11.94 cm) | IPS LCD,"AnTuTu Score 762,983","₹47,600"
OPPO Find X9 512GB 16GB RAM,MediaTek Dimensity 9500,16 GB RAM | 512 GB Storage,50 MP + 50 MP + 50 MP + 2 MP Rear Camera,32 MP Front Camera,7025 mAh | 80W Super VOOC Charging,6.59 inches (16.74 cm) | Flexible AMOLED,"AnTuTu Score 3,568,720","₹71,212"
Itel S23 Plus,Unisoc T616,8 GB RAM | 256 GB Storage,50 MP Rear Camera,32 MP Front Camera,5000 mAh | 18W Fast Charging,6.78 inches (17.22 cm) | AMOLED,"AnTuTu Score 303,038","₹14,999"
realme 9 5G,MediaTek Dimensity 810,4 GB RAM | 64 GB Storage,48 MP + 2 MP + 2 MP Rear Camera,16 MP Front Camera,5000 mAh | 18W Fast Charging,6.5 inches (16.51 cm) | IPS LCD,AnTuTu Score 0,"₹13,999"
OnePlus 12R 256GB,Snapdragon 8 Gen 2,8 GB RAM | 256 GB Storage,50 MP + 8 MP + 2 MP Rear Camera,16 MP Front Camera,5500 mAh | 100W Super VOOC Charging,6.78 inches (17.22 cm) | ProXDR LTPO,"AnTuTu Score 1,240,474","₹36,499"
realme 9i 5G,MediaTek Dimensity 810,4 GB RAM | 64 GB Storage,50 MP + 2 MP + 2 MP Rear Camera,8 MP Front Camera,5000 mAh | 18W Fast Charging,6.6 inches (16.76 cm) | IPS LCD,AnTuTu Score 0,"₹10,999"
realme XT,Snapdragon 712,4 GB RAM | 64 GB Storage,64 MP + 8 MP + 2 MP + 2 MP Rear Camera,16 MP Front Camera,4000 mAh | 20W VOOC Charging,6.4 inches (16.26 cm) | Super AMOLED,"AnTuTu Score 180,514","₹16,999"
Samsung Galaxy S21 Plus,Samsung Exynos 2100,8 GB RAM | 128 GB Storage,12 MP + 64 MP + 12 MP Rear Camera,10 MP Front Camera,4800 mAh | 25W Fast Charging,6.7 inches (17.02 cm) | Dynamic AMOLED 2x,"AnTuTu Score 626,954","₹63,999"
vivo T5 5G 8GB RAM 256GB,MediaTek Dimensity 7500 turbo,8 GB RAM | 256 GB Storage,50 MP + 8 MP Rear Camera,32 MP Front Camera,7050 mAh | 44W Fast Charging,6.83 inches (17.35 cm) | AMOLED,"AnTuTu Score 1,107,676","₹44,999"
realme Narzo 60 Pro 5G,MediaTek Dimensity 7050,8 GB RAM | 128 GB Storage,100 MP + 2 MP Rear Camera,16 MP Front Camera,5000 mAh | 67W Super VOOC Charging,6.7 inches (17.02 cm) | AMOLED,AnTuTu Score 0,"₹23,310"
OPPO F29 Pro 12GB RAM,MediaTek Dimensity 7300 Energy,12 GB RAM | 256 GB Storage,50 MP + 2 MP Rear Camera,16 MP Front Camera,6000 mAh | 80W Super VOOC Charging,6.7 inches (17.02 cm) | AMOLED,,"₹23,988"
OPPO A3X 128GB,MediaTek Dimensity 6300,4 GB RAM | 128 GB Storage,8 MP Rear Camera,5 MP Front Camera,5100 mAh | 45W Super VOOC Charging,6.67 inches (16.94 cm) | LCD,,"₹10,626"
Apple iPhone 7,Apple A10 Fusion,2 GB RAM | 32 GB Storage,12 MP Rear Camera,7 MP Front Camera,1960 mAh,4.7 inches (11.94 cm) | IPS LCD,,"₹31,500"
Honor 200 512GB,Snapdragon 7 Gen 3,12 GB RAM | 512 GB Storage,50 MP + 12 MP + 50 MP Rear Camera,50 MP Front Camera,5200 mAh | 100W Super Charging,6.7 inches (17.02 cm) | AMOLED,"AnTuTu Score 825,206","₹34,999"
vivo V17 Pro,Snapdragon 675,8 GB RAM | 128 GB Storage,48 MP + 13 MP + 8 MP + 2 MP Rear Camera,32 MP + 8 MP Front Camera,4100 mAh | 18W Fast Charging,6.44 inches (16.36 cm) | Super AMOLED,"AnTuTu Score 177,116","₹32,990"
realme GT 7 Pro 512GB,Snapdragon 8 Elite,16 GB RAM | 512 GB Storage,50 MP + 8 MP + 50 MP Rear Camera,16 MP Front Camera,5800 mAh | 120W Super VOOC Charging,6.78 inches (17.22 cm) | LTPO AMOLED,"AnTuTu Score 2,810,079","₹54,999"
realme 8 Pro,Snapdragon 720G,6 GB RAM | 128 GB Storage,108 MP + 8 MP + 2 MP + 2 MP Rear Camera,16 MP Front Camera,4500 mAh | 50W Super Dart Charging,6.4 inches (16.26 cm) | Super AMOLED,"AnTuTu Score 286,454","₹14,999"
Samsung Galaxy A70,Snapdragon 675,6 GB RAM | 128 GB Storage,32 MP + 8 MP + 5 MP Rear Camera,32 MP Front Camera,4500 mAh | 25W Fast Charging,6.7 inches (17.02 cm) | Super AMOLED,"AnTuTu Score 168,858","₹30,900"
vivo T5 5G 12GB RAM 256GB,MediaTek Dimensity 7500 turbo,12 GB RAM | 256 GB Storage,50 MP + 8 MP Rear Camera,32 MP Front Camera,7050 mAh | 44W Fast Charging,6.83 inches (17.35 cm) | AMOLED,"AnTuTu Score 1,107,676","₹49,999"
vivo V19,Snapdragon 712,8 GB RAM | 128 GB Storage,48 MP + 8 MP + 2 MP + 2 MP Rear Camera,32 MP + 8 MP Front Camera,4500 mAh | 33W Flash Charging,6.44 inches (16.36 cm) | Super AMOLED,"AnTuTu Score 245,294","₹30,990"
realme Narzo 90 8GB RAM,MediaTek Dimensity 6400 Max,8 GB RAM | 128 GB Storage,50 MP + 2 MP Rear Camera,50 MP Front Camera,7000 mAh | 60W Fast Charging,6.57 inches (16.69 cm) | Flexible AMOLED,,"₹17,899"
Tecno Phantom X2,MediaTek Dimensity 9000,8 GB RAM | 256 GB Storage,64 MP + 13 MP + 2 MP Rear Camera,32 MP Front Camera,5160 mAh | 45W Super Charging,6.8 inches (17.27 cm) | AMOLED,"AnTuTu Score 978,644","₹30,399"
Samsung Galaxy A31,MediaTek Helio P65,6 GB RAM | 128 GB Storage,48 MP + 8 MP + 5 MP + 5 MP Rear Camera,20 MP Front Camera,5000 mAh | 15W Fast Charging,6.4 inches (16.26 cm) | Super AMOLED,"AnTuTu Score 152,476","₹23,999"
OnePlus Open,Snapdragon 8 Gen 2,16 GB RAM | 512 GB Storage,48 MP + 48 MP + 64 MP Rear Camera,20 MP + 32 MP Front Camera,4805 mAh | 67W Super VOOC Charging,7.82 inches (19.86 cm) | LTPO Flexi-fluid AMOLED,"AnTuTu Score 1,337,767","₹104,769"
OnePlus 11R 256GB,Snapdragon 8 Plus Gen 1,16 GB RAM | 256 GB Storage,50 MP + 8 MP + 2 MP Rear Camera,16 MP Front Camera,5000 mAh | 100W Super VOOC Charging,6.74 inches (17.12 cm) | Super Fluid AMOLED,"AnTuTu Score 832,546","₹35,554"
vivo V40 256GB,Snapdragon 7 Gen 3,8 GB RAM | 256 GB Storage,50 MP + 50 MP Rear Camera,50 MP Front Camera,5500 mAh | 80W Flash Charging,6.78 inches (17.22 cm) | AMOLED,"AnTuTu Score 810,653","₹27,990"
Apple iPhone SE 2020 (iPhone SE 2),Apple A13 Bionic,3 GB RAM | 64 GB Storage,12 MP Rear Camera,7 MP Front Camera,1821 mAh Fast Charging,4.7 inches (11.94 cm) | IPS LCD,"AnTuTu Score 377,458","₹39,900"
Lava Blaze Dragon,Snapdragon 4 Gen 2,4 GB RAM | 128 GB Storage,50 MP Rear Camera,8 MP Front Camera,5000 mAh | 18W Fast Charging,6.74 inches (17.12 cm) | IPS LCD,"AnTuTu Score 429,659","₹11,931"
iQOO 12 5G 512GB,Snapdragon 8 Gen 3,16 GB RAM | 512 GB Storage,50 MP + 50 MP + 64 MP Rear Camera,16 MP Front Camera,5000 mAh | 120W Flash Charging,6.78 inches (17.22 cm) | AMOLED,,"₹63,999"
OnePlus 8 Pro 256GB,Snapdragon 865,12 GB RAM | 256 GB Storage,48 MP + 48 MP + 8 MP + 5 MP Rear Camera,16 MP Front Camera,4510 mAh | 30W Warp Charging,6.78 inches (17.22 cm) | Fluid AMOLED,"AnTuTu Score 583,524","₹24,499"
OPPO F7,MediaTek Helio P60,4 GB RAM | 64 GB Storage,16 MP Rear Camera,25 MP Front Camera,3400 mAh,6.23 inches (15.82 cm) | IPS LCD,,"₹22,990"
iQOO Z10x 8GB RAM,MediaTek Dimensity 7300,8 GB RAM | 128 GB Storage,50 MP + 2 MP Rear Camera,8 MP Front Camera,6500 mAh | 44W Flash Charging,6.72 inches (17.07 cm) | LCD,"AnTuTu Score 696,045","₹15,019"
POCO X2,Snapdragon 730G,6 GB RAM | 64 GB Storage,64 MP + 8 MP + 2 MP + 2 MP Rear Camera,20 MP + 2 MP Front Camera,4500 mAh | 27W Fast Charging,6.67 inches (16.94 cm) | IPS LCD,"AnTuTu Score 279,444","₹14,999"
OPPO A16e 64GB,MediaTek Helio P22,4 GB RAM | 64 GB Storage,13 MP Rear Camera,5 MP Front Camera,4230 mAh,6.52 inches (16.56 cm) | IPS LCD,,"₹8,490"
Samsung Galaxy S10 Lite,Snapdragon 855,8 GB RAM | 128 GB Storage,48 MP + 12 MP + 5 MP Rear Camera,32 MP Front Camera,4500 mAh | 25W Fast Charging,6.7 inches (17.02 cm) | Super AMOLED Plus,"AnTuTu Score 466,381","₹39,999"
vivo V15 Pro,Snapdragon 675,6 GB RAM | 128 GB Storage,48 MP + 8 MP + 5 MP Rear Camera,32 MP Front Camera,3700 mAh Fast Charging,6.39 inches (16.23 cm) | Super AMOLED,"AnTuTu Score 181,420","₹32,990"
vivo Y19 5G 128GB,MediaTek Dimensity 6300,4 GB RAM | 128 GB Storage,13 MP + 0.08 MP Rear Camera,5 MP Front Camera,5500 mAh | 15W Fast Charging,6.74 inches (17.12 cm) | LCD,,"₹11,499"
OPPO A18,MediaTek Helio G85,4 GB RAM | 64 GB Storage,8 MP + 2 MP Rear Camera,5 MP Front Camera,5000 mAh,6.56 inches (16.66 cm) | IPS LCD,,"₹9,499"
realme 5,Snapdragon 665,3 GB RAM | 32 GB Storage,12 MP + 8 MP + 2 MP + 2 MP Rear Camera,13 MP Front Camera,5000 mAh,6.5 inches (16.51 cm) | IPS LCD,"AnTuTu Score 139,753","₹7,999"
vivo X60 Pro,Snapdragon 870,12 GB RAM | 256 GB Storage,48 MP + 13 MP + 13 MP Rear Camera,32 MP Front Camera,4200 mAh | 33W Flash Charging,6.56 inches (16.66 cm) | AMOLED,"AnTuTu Score 630,794","₹54,990"
Apple iPhone XS Max,Apple A12 Bionic,4 GB RAM | 64 GB Storage,12 MP + 12 MP Rear Camera,7 MP Front Camera,3174 mAh Fast Charging,6.5 inches (16.51 cm) | OLED,"AnTuTu Score 447,893","₹109,900"
Xiaomi Redmi Note 15 Pro 256GB,MediaTek Dimensity 7400 Ultra,8 GB RAM | 256 GB Storage,200 MP + 8 MP Rear Camera,20 MP Front Camera,6580 mAh | 45W Fast Charging,6.83 inches (17.35 cm) | AMOLED,,"₹34,999"
realme X7 Max,MediaTek Dimensity 1200,8 GB RAM | 128 GB Storage,64 MP + 8 MP + 2 MP Rear Camera,16 MP Front Camera,4500 mAh | 50W Super Dart Charging,6.43 inches (16.33 cm) | Super AMOLED,"AnTuTu Score 629,120","₹21,990"
vivo V17,Snapdragon 675,8 GB RAM | 128 GB Storage,48 MP + 8 MP + 2 MP + 2 MP Rear Camera,32 MP Front Camera,4500 mAh | 18W Fast Charging,6.44 inches (16.36 cm) | Super AMOLED,"AnTuTu Score 227,722","₹27,990"
Lava Blaze Amoled,MediaTek Dimensity 6300,4 GB RAM | 128 GB Storage,64 MP + 2 MP Rear Camera,16 MP Front Camera,5000 mAh | 33W,6.67 inches (16.94 cm) | AMOLED,,"₹11,400"
vivo Y21G,MediaTek Helio G70,4 GB RAM | 64 GB Storage,13 MP + 2 MP Rear Camera,8 MP Front Camera,5000 mAh | 18W Fast Charging,6.51 inches (16.54 cm) | IPS LCD,,"₹13,491"
realme Narzo 50 Pro 5G,MediaTek Dimensity 920,6 GB RAM | 128 GB Storage,48 MP + 8 MP + 2 MP Rear Camera,16 MP Front Camera,5000 mAh | 33W Dart Charging,6.4 inches (16.26 cm) | Super AMOLED,AnTuTu Score 0,"₹19,890"
POCO M3 Pro 5G,MediaTek Dimensity 700,4 GB RAM | 64 GB Storage,48 MP + 2 MP + 2 MP Rear Camera,8 MP Front Camera,5000 mAh | 18W Fast Charging,6.5 inches (16.51 cm) | IPS LCD,"AnTuTu Score 259,120","₹14,499"
vivo T4 Pro 256GB 12GB RAM,Snapdragon 7 Gen 4,12 GB RAM | 256 GB Storage,50 MP + 50 MP + 2 MP Rear Camera,32 MP Front Camera,6500 mAh | 90W Flash Charging,6.77 inches (17.2 cm) | AMOLED,"AnTuTu Score 1,010,472","₹31,999"
realme 12 8GB RAM,MediaTek Dimensity 6100 Plus,8 GB RAM | 128 GB Storage,108 MP + 2 MP Rear Camera,8 MP Front Camera,5000 mAh | 45W Super VOOC Charging,6.72 inches (17.07 cm) | IPS LCD,"AnTuTu Score 417,413","₹17,999"
Xiaomi Mi A3,Snapdragon 665,4 GB RAM | 64 GB Storage,48 MP + 8 MP + 2 MP Rear Camera,32 MP Front Camera,4030 mAh | 18W Quick Charging,6.08 inches (15.44 cm) | Super AMOLED,"AnTuTu Score 140,257","₹9,999"
realme C71 128GB,Unisoc T7250,6 GB RAM | 128 GB Storage,13 MP Rear Camera,5 MP Front Camera,6300 mAh | 15W VOOC Charging,6.74 inches (17.12 cm) | IPS LCD,,"₹9,699"
Tecno Camon 20 Avocado Art Edition,MediaTek Helio G85,8 GB RAM | 256 GB Storage,64 MP + 2 MP + 0.08 MP Rear Camera,32 MP Front Camera,5000 mAh | 33W Flash Charging,6.67 inches (16.94 cm) | AMOLED,,"₹14,999"
iQOO Z6 Pro,Snapdragon 778G,6 GB RAM | 128 GB Storage,64 MP + 8 MP + 2 MP Rear Camera,16 MP Front Camera,4700 mAh | 66W Flash Charging,6.44 inches (16.36 cm) | AMOLED,"AnTuTu Score 550,719","₹22,999"
vivo Y29 5G 8GB RAM,MediaTek Dimensity 6300,8 GB RAM | 128 GB Storage,50 MP + 0.08 MP Rear Camera,8 MP Front Camera,5500 mAh | 44W Flash Charging,6.68 inches (16.97 cm) | LCD,,"₹16,991"
OnePlus Nord CE 3 5G 256GB,Snapdragon 782G,12 GB RAM | 256 GB Storage,50 MP + 8 MP + 2 MP Rear Camera,16 MP Front Camera,5000 mAh | 80W Super VOOC Charging,6.7 inches (17.02 cm) | Fluid AMOLED,"AnTuTu Score 676,978","₹23,749"
Xiaomi Redmi 9A,MediaTek Helio G25,2 GB RAM | 32 GB Storage,13 MP Rear Camera,5 MP Front Camera,5000 mAh | 10W,6.53 inches (16.59 cm) | IPS LCD,,"₹6,499"
Tecno Pova Curve 256GB 8GB RAM,MediaTek Dimensity 7300 Ultimate,8 GB RAM | 256 GB Storage,64 MP Rear Camera,13 MP Front Camera,5500 mAh | 45W Fast Charging,6.78 inches (17.22 cm) | AMOLED,"AnTuTu Score 684,142","₹19,999"
realme 8i,MediaTek Helio G96,4 GB RAM | 64 GB Storage,50 MP + 2 MP + 2 MP Rear Camera,16 MP Front Camera,5000 mAh | 18W Quick Charging,6.6 inches (16.76 cm) | IPS LCD,"AnTuTu Score 341,987","₹11,499"
realme C3,MediaTek Helio G70,3 GB RAM | 32 GB Storage,12 MP + 2 MP Rear Camera,5 MP Front Camera,5000 mAh | 10W,6.5 inches (16.51 cm) | IPS LCD,"AnTuTu Score 191,814","₹6,220"
HMD Crest 5G,Unisoc T760,6 GB RAM | 128 GB Storage,50 MP + 2 MP Rear Camera,50 MP AI Front Camera,5000 mAh | 33W Fast Charging,6.67 inches (16.94 cm) | OLED,,"₹9,849"
Samsung Galaxy A52,Snapdragon 720G,6 GB RAM | 128 GB Storage,64 MP + 12 MP + 5 MP + 5 MP Rear Camera,32 MP Front Camera,4500 mAh | 25W Fast Charging,6.5 inches (16.51 cm) | Super AMOLED,"AnTuTu Score 253,590","₹30,499"
OnePlus 6T,Snapdragon 845,6 GB RAM | 128 GB Storage,16 MP + 20 MP Rear Camera,16 MP Front Camera,3700 mAh Dash Charging,6.41 inches (16.28 cm) | Optic AMOLED,"AnTuTu Score 406,086","₹30,025"
vivo Y19s 5G 128GB 6GB RAM,MediaTek Dimensity 6300,6 GB RAM | 128 GB Storage,13 MP + 0.08 MP Rear Camera,5 MP Front Camera,6000 mAh | 15W Fast Charging,6.74 inches (17.12 cm) | LCD,,"₹15,491"
realme 7i,Snapdragon 662,4 GB RAM | 64 GB Storage,64 MP + 8 MP + 2 MP + 2 MP Rear Camera,16 MP Front Camera,5000 mAh | 18W Quick Charging,6.5 inches (16.51 cm) | IPS LCD,"AnTuTu Score 179,231","₹11,849"
Xiaomi Redmi 11 Prime 5G,MediaTek Dimensity 700,4 GB RAM | 64 GB Storage,50 MP + 2 MP Rear Camera,8 MP Front Camera,5000 mAh | 18W Fast Charging,6.58 inches (16.71 cm) | IPS LCD,AnTuTu Score 0,"₹13,049"
vivo Y15s 2021,MediaTek Helio P35,3 GB RAM | 32 GB Storage,13 MP + 2 MP Rear Camera,8 MP Front Camera,5000 mAh | 10W,6.51 inches (16.54 cm) | IPS LCD,"AnTuTu Score 121,590","₹9,491"
realme Narzo 60X 5G,MediaTek Dimensity 6100 Plus,4 GB RAM | 128 GB Storage,50 MP + 2 MP Rear Camera,8 MP Front Camera,5000 mAh | 33W Super VOOC Charging,6.72 inches (17.07 cm) | IPS LCD,,"₹11,141"
Motorola Edge 30 Ultra 5G,Snapdragon 8 Plus Gen 1,8 GB RAM | 128 GB Storage,200 MP + 50 MP + 12 MP Rear Camera,60 MP Front Camera,4610 mAh | 125W Turbo Power Charging,6.67 inches (16.94 cm) | P-OLED,"AnTuTu Score 1,048,812","₹69,999"
realme GT 7 Dream Edition,MediaTek Dimensity 9400e,16 GB RAM | 512 GB Storage,50 MP + 8 MP + 50 MP Rear Camera,32 MP Front Camera,7000 mAh | 120W Ultra Charging,6.78 inches (17.22 cm) | LTPO AMOLED,"AnTuTu Score 2,125,733","₹47,999"
vivo V20 Pro,Snapdragon 765G,8 GB RAM | 128 GB Storage,64 MP + 8 MP + 2 MP Rear Camera,44 MP + 8 MP Front Camera,4000 mAh | 33W Flash Charging,6.44 inches (16.36 cm) | AMOLED,"AnTuTu Score 322,450","₹34,985"
realme Narzo 20,MediaTek Helio G85,4 GB RAM | 64 GB Storage,48 MP + 8 MP + 2 MP Rear Camera,8 MP Front Camera,6000 mAh | 18W Quick Charging,6.5 inches (16.51 cm) | IPS LCD,"AnTuTu Score 204,495","₹12,999"
realme 2 Pro,Snapdragon 660,4 GB RAM | 64 GB Storage,16 MP + 2 MP Rear Camera,16 MP Front Camera,3500 mAh,6.3 inches (16 cm) | IPS LCD,,"₹13,990"
Samsung Galaxy S9,Samsung Exynos 9 Octa 9810,4 GB RAM | 64 GB Storage,12 MP Rear Camera,8 MP Front Camera,3000 mAh Fast Charging,5.8 inches (14.73 cm) | Super AMOLED,"AnTuTu Score 365,059","₹62,500"
Tecno Camon 20,MediaTek Helio G85,8 GB RAM | 256 GB Storage,64 MP + 2 MP + 0.08 MP Rear Camera,32 MP Front Camera,5000 mAh | 33W Flash Charging,6.67 inches (16.94 cm) | AMOLED,,"₹13,199"
realme Narzo N53,Unisoc T612,4 GB RAM | 64 GB Storage,50 MP Rear Camera,8 MP Front Camera,5000 mAh | 33W Super VOOC Charging,6.74 inches (17.12 cm) | IPS LCD,AnTuTu Score 0,"₹7,791"
OnePlus 10 Pro 256GB,Snapdragon 8 Gen 1,12 GB RAM | 256 GB Storage,48 MP + 50 MP + 8 MP Rear Camera,32 MP Front Camera,5000 mAh | 80W Super VOOC Charging,6.7 inches (17.02 cm) | Fluid AMOLED,"AnTuTu Score 845,333","₹36,999"
Apple iPhone 15 Pro Max 1TB,Apple,8 GB RAM | 1 TB Storage,48 MP + 12 MP + 12 MP Rear Camera,12 MP Front Camera,4441 mAh | 20W Fast Charging,6.7 inches (17.02 cm) | Super Retina XDR,"AnTuTu Score 1,545,034","₹199,900"
OPPO A74 5G,Snapdragon 480,6 GB RAM | 128 GB Storage,48 MP + 2 MP + 2 MP Rear Camera,8 MP Front Camera,5000 mAh | 18W Fast Charging,6.5 inches (16.51 cm) | IPS LCD,"AnTuTu Score 250,140","₹20,999"
Xiaomi Mi 11X Pro,Snapdragon 888,8 GB RAM | 128 GB Storage,108 MP + 8 MP + 5 MP Rear Camera,20 MP Front Camera,4520 mAh | 33W Fast Charging,6.67 inches (16.94 cm) | AMOLED,"AnTuTu Score 771,717","₹22,699"
Apple iPhone 11 Pro,Apple A13 Bionic,4 GB RAM | 64 GB Storage,12 MP + 12 MP + 12 MP Rear Camera,12 MP Front Camera,3046 mAh | 18W Fast Charging,5.8 inches (14.73 cm) | Super Retina XDR,"AnTuTu Score 461,219","₹106,600"
Tecno Spark Go 2 3GB RAM,Unisoc T7250,3 GB RAM | 64 GB Storage,13 MP Rear Camera,8 MP Front Camera,5000 mAh | 15W Fast Charging,6.67 inches (16.94 cm) | IPS LCD,,"₹6,699"
vivo T4 Ultra 12GB RAM,MediaTek Dimensity 9300 Plus,12 GB RAM | 256 GB Storage,50 MP + 8 MP + 50 MP Rear Camera,32 MP Front Camera,5500 mAh | 90W Flash Charging,6.67 inches (16.94 cm) | AMOLED,"AnTuTu Score 1,945,482","₹37,999"
HMD Crest Max,Unisoc T760,8 GB RAM | 256 GB Storage,64 MP + 5 MP + 2 MP Rear Camera,50 MP Front Camera,5000 mAh | 33W Fast Charging,6.67 inches (16.94 cm) | OLED,,"₹11,849"
Motorola Edge 20 Pro,Snapdragon 870,8 GB RAM | 128 GB Storage,108 MP + 16 MP + 8 MP Rear Camera,32 MP Front Camera,4500 mAh | 30W Turbo Power Charging,6.7 inches (17.02 cm) | OLED,"AnTuTu Score 706,440","₹26,494"
realme GT 5G,Snapdragon 888,8 GB RAM | 128 GB Storage,64 MP + 8 MP + 2 MP Rear Camera,16 MP Front Camera,4500 mAh | 65W Super Dart Charging,6.43 inches (16.33 cm) | Super AMOLED,"AnTuTu Score 825,131","₹18,999"
Nokia 3310 New,,16 MB Storage,2 MP Rear Camera,,1200 mAh | 4.9W,2.4 inches (6.1 cm) | TFT,,"₹4,399"
vivo Y75 5G,MediaTek Dimensity 700,8 GB RAM | 128 GB Storage,50 MP + 2 MP + 2 MP Rear Camera,16 MP Front Camera,5000 mAh | 18W Fast Charging,6.58 inches (16.71 cm) | IPS LCD,,"₹19,999"
OPPO A55 4G,MediaTek Helio G35,4 GB RAM | 64 GB Storage,50 MP + 2 MP + 2 MP Rear Camera,16 MP Front Camera,5000 mAh | 18W Fast Charging,6.51 inches (16.54 cm) | IPS LCD,"AnTuTu Score 117,992","₹15,999"
Honor 9 Lite,HiSilicon Kirin,3 GB RAM | 32 GB Storage,13 MP + 2 MP Rear Camera,13 MP + 2 MP Front Camera,3000 mAh,5.65 inches (14.35 cm) | IPS LCD,,"₹13,490"
Nokia 230 Dual SIM,,16 MB RAM,2 MP Rear Camera,2 MP Front Camera,1200 mAh,2.8 inches (7.11 cm) | LCD,,"₹4,080"
vivo X70 Pro Plus,Snapdragon 888 Plus,12 GB RAM | 256 GB Storage,50 MP + 48 MP + 12 MP + 8 MP Rear Camera,32 MP Front Camera,4500 mAh | 55W Flash Charging,6.78 inches (17.22 cm) | AMOLED,"AnTuTu Score 824,550","₹79,990"
POCO F3 GT,MediaTek Dimensity 1200,6 GB RAM | 128 GB Storage,64 MP + 8 MP + 2 MP Rear Camera,16 MP Front Camera,5065 mAh | 67W Sonic Charging,6.67 inches (16.94 cm) | AMOLED,"AnTuTu Score 538,911","₹26,999"
iQOO 7 Legend,Snapdragon 888,8 GB RAM | 128 GB Storage,48 MP + 13 MP + 13 MP Rear Camera,16 MP Front Camera,4000 mAh | 66W Flash Charging,6.62 inches (16.81 cm) | AMOLED,"AnTuTu Score 721,965","₹37,999"
LG Wing,Snapdragon 765G,8 GB RAM | 128 GB Storage,64 MP + 13 MP + 12 MP Rear Camera,32 MP Front Camera,4000 mAh | 25W Quick Charging,6.8 inches (17.27 cm) | P-OLED (Main Display),"AnTuTu Score 325,395","₹80,000"
Blackberry Curve 8530,,256 MB Storage,2 MP Rear Camera,,1150 mAh,2.4 inches (6.1 cm) | LCD,,"₹8,751"
OPPO Reno14 12GB RAM,MediaTek Dimensity 8350,12 GB RAM | 256 GB Storage,50 MP + 8 MP + 50 MP Rear Camera,50 MP Front Camera,6000 mAh | 80W Super VOOC Charging,6.59 inches (16.74 cm) | LTPS OLED,"AnTuTu Score 1,405,935","₹44,999"
POCO C50,MediaTek Helio A22,2 GB RAM | 32 GB Storage,8 MP + 0.08 MP Rear Camera,5 MP Front Camera,5000 mAh | 10W,6.52 inches (16.56 cm) | IPS LCD,,"₹5,299"
iQOO 9,Snapdragon 888 Plus,8 GB RAM | 128 GB Storage,48 MP + 13 MP + 13 MP Rear Camera,16 MP Front Camera,4350 mAh | 120W Flash Charging,6.56 inches (16.66 cm) | AMOLED,"AnTuTu Score 857,984","₹28,990"
vivo Y73 2021,MediaTek Helio G95,8 GB RAM | 128 GB Storage,64 MP + 2 MP + 2 MP Rear Camera,16 MP Front Camera,4000 mAh | 33W Flash Charging,6.44 inches (16.36 cm) | AMOLED,,"₹19,982"
vivo Y50,Snapdragon 665,8 GB RAM | 128 GB Storage,13 MP + 8 MP + 2 MP + 2 MP Rear Camera,16 MP Front Camera,5000 mAh,6.53 inches (16.59 cm) | IPS LCD,,"₹19,990"
Samsung Galaxy A30s,Samsung Exynos 7 Octa 7904,4 GB RAM | 64 GB Storage,25 MP + 8 MP + 5 MP Rear Camera,16 MP Front Camera,4000 mAh | 15W Fast Charging,6.4 inches (16.26 cm) | Super AMOLED,"AnTuTu Score 142,039","₹18,900"
Lava Blaze Duo,MediaTek Dimensity 7025,6 GB RAM | 128 GB Storage,64 MP + 2 MP Rear Camera,16 MP Front Camera,5000 mAh | 33W Fast Charging,6.67 inches (16.94 cm) | AMOLED (Main Display),"AnTuTu Score 501,118","₹15,989"
vivo Y02T,MediaTek Helio P35,4 GB RAM | 64 GB Storage,8 MP Rear Camera,5 MP Front Camera,5000 mAh | 10W,6.51 inches (16.54 cm) | IPS LCD,,"₹7,499"
realme Narzo 30,MediaTek Helio G95,4 GB RAM | 64 GB Storage,48 MP + 2 MP + 2 MP Rear Camera,16 MP Front Camera,5000 mAh | 30W Dart Charging,6.5 inches (16.51 cm) | IPS LCD,"AnTuTu Score 305,495","₹10,999"
vivo X50 Pro,Snapdragon 765G,8 GB RAM | 256 GB Storage,48 MP + 13 MP + 8 MP + 8 MP Rear Camera,32 MP Front Camera,4315 mAh | 33W Flash Charging,6.56 inches (16.66 cm) | AMOLED,"AnTuTu Score 333,227","₹54,990"
OPPO K13x 8GB RAM,MediaTek Dimensity 6300,8 GB RAM | 128 GB Storage,50 MP + 2 MP Rear Camera,8 MP Front Camera,6000 mAh | 45W Super VOOC Charging,6.67 inches (16.94 cm) | LCD,"AnTuTu Score 447,305","₹18,999"
Nubia Red Magic 3S,Snapdragon 855 Plus,8 GB RAM | 128 GB Storage,48 MP Rear Camera,16 MP Front Camera,5000 mAh | 27W Quick Charging,6.65 inches (16.89 cm) | AMOLED,"AnTuTu Score 484,670","₹39,999"
iQOO Z10 12GB RAM,Snapdragon 7s Gen 3,12 GB RAM | 256 GB Storage,50 MP + 2 MP Rear Camera,32 MP Front Camera,7300 mAh | 90W Flash Charging,6.77 inches (17.2 cm) | AMOLED,,"₹23,999"
realme Narzo N65 5G 8GB RAM,MediaTek Dimensity 6300,8 GB RAM | 128 GB Storage,50 MP Rear Camera,8 MP Front Camera,5000 mAh | 15W Quick Charging,6.67 inches (16.94 cm) | IPS LCD,,"₹11,890"
vivo T3x 8GB RAM,Snapdragon 6 Gen 1,8 GB RAM | 128 GB Storage,50 MP + 2 MP Rear Camera,8 MP Front Camera,6000 mAh | 44W Flash Charging,6.72 inches (17.07 cm) | LCD,"AnTuTu Score 549,494","₹15,499"
Xiaomi Redmi Note 11S,MediaTek Helio G96,6 GB RAM | 64 GB Storage,108 MP + 8 MP + 2 MP + 2 MP Rear Camera,16 MP Front Camera,5000 mAh | 33W Fast Charging,6.43 inches (16.33 cm) | AMOLED,"AnTuTu Score 302,056","₹11,999"
Itel P55 5G,MediaTek Dimensity 6080,4 GB RAM | 64 GB Storage,50 MP + 0.08 MP Rear Camera,8 MP Front Camera,5000 mAh | 18W Fast Charging,6.6 inches (16.76 cm) | IPS LCD,"AnTuTu Score 404,880","₹8,690"
Samsung Galaxy A14 5G 128GB,Samsung Exynos 1330,6 GB RAM | 128 GB Storage,50 MP + 2 MP + 2 MP Rear Camera,13 MP Front Camera,5000 mAh | 15W Fast Charging,6.6 inches (16.76 cm) | PLS LCD,"AnTuTu Score 409,771","₹13,799"
Lava Z21,,2 GB RAM | 32 GB Storage,5 MP Rear Camera,2 MP Front Camera,3100 mAh,5.0 inches (12.7 cm) | IPS LCD,,"₹5,999"
POCO M3,Snapdragon 662,6 GB RAM | 64 GB Storage,48 MP + 2 MP + 2 MP Rear Camera,8 MP Front Camera,6000 mAh | 18W Fast Charging,6.53 inches (16.59 cm) | IPS LCD,"AnTuTu Score 178,246","₹11,499"
realme 6i,MediaTek Helio G90T,4 GB RAM | 64 GB Storage,48 MP + 8 MP + 2 MP + 2 MP Rear Camera,16 MP Front Camera,4300 mAh | 30W Flash Charging,6.5 inches (16.51 cm) | IPS LCD,"AnTuTu Score 284,550","₹14,999"
realme X2,Snapdragon 730G,4 GB RAM | 64 GB Storage,64 MP + 8 MP + 2 MP + 2 MP Rear Camera,32 MP Front Camera,4000 mAh | 30W VOOC Charging,6.4 inches (16.26 cm) | Super AMOLED,"AnTuTu Score 266,028","₹15,999"
Samsung Galaxy A26 256GB,Samsung Exynos 1380,8 GB RAM | 256 GB Storage,50 MP + 8 MP + 2 MP Rear Camera,13 MP Front Camera,5000 mAh | 25W Fast Charging,6.7 inches (17.02 cm) | Super AMOLED,"AnTuTu Score 610,383","₹27,999"
realme P1 Pro 256GB,Snapdragon 6 Gen 1,8 GB RAM | 256 GB Storage,50 MP + 8 MP Rear Camera,16 MP Front Camera,5000 mAh | 45W Super VOOC Charging,6.7 inches (17.02 cm) | OLED,"AnTuTu Score 605,466","₹16,999"
Motorola Edge 30 Pro 5G,Snapdragon 8 Gen 1,8 GB RAM | 128 GB Storage,50 MP + 50 MP + 2 MP Rear Camera,60 MP Front Camera,4800 mAh | 68W Turbo Power Charging,6.7 inches (17.02 cm) | P-OLED,"AnTuTu Score 974,272","₹55,999"
vivo V60 256GB 12GB RAM,Snapdragon 7 Gen 4,12 GB RAM | 256 GB Storage,50 MP + 8 MP + 50 MP Rear Camera,50 MP Front Camera,6500 mAh | 90W Flash Charging,6.77 inches (17.2 cm) | AMOLED,"AnTuTu Score 1,006,885","₹37,650"
OnePlus Nord 5 512GB,Snapdragon 8s Gen 3,12 GB RAM | 512 GB Storage,50 MP + 8 MP Rear Camera,50 MP Front Camera,6800 mAh | 80W Super VOOC Charging,6.83 inches (17.35 cm) | Swift AMOLED,"AnTuTu Score 1,481,616","₹37,875"
vivo V30e 256GB,Snapdragon 6 Gen 1,8 GB RAM | 256 GB Storage,50 MP + 8 MP Rear Camera,50 MP Front Camera,5500 mAh | 44W Fast Charging,6.78 inches (17.22 cm) | AMOLED,"AnTuTu Score 569,641","₹25,989"
realme 12 Plus 256GB,MediaTek Dimensity 7050,8 GB RAM | 256 GB Storage,50 MP + 8 MP + 2 MP Rear Camera,16 MP Front Camera,5000 mAh | 67W Super VOOC Charging,6.67 inches (16.94 cm) | AMOLED,"AnTuTu Score 595,408","₹21,999"
realme 11 Pro 256GB,MediaTek Dimensity 7050,8 GB RAM | 256 GB Storage,100 MP + 2 MP Rear Camera,16 MP Front Camera,5000 mAh | 67W Super VOOC Charging,6.7 inches (17.02 cm) | AMOLED,"AnTuTu Score 537,061","₹24,999"
realme Narzo 50,MediaTek Helio G96,4 GB RAM | 64 GB Storage,50 MP + 2 MP + 2 MP Rear Camera,16 MP Front Camera,5000 mAh | 33W Dart Charging,6.6 inches (16.76 cm) | IPS LCD,"AnTuTu Score 348,006","₹10,499"
realme C21 64GB,MediaTek Helio G35,4 GB RAM | 64 GB Storage,13 MP + 2 MP + 2 MP Rear Camera,5 MP Front Camera,5000 mAh | 10W,6.5 inches (16.51 cm) | IPS LCD,"AnTuTu Score 131,494","₹5,999"
OPPO Reno 2Z,MediaTek Helio P90,8 GB RAM | 256 GB Storage,48 MP + 8 MP + 2 MP + 2 MP Rear Camera,16 MP Front Camera,4000 mAh VOOC Charging,6.5 inches (16.51 cm) | AMOLED,"AnTuTu Score 217,093","₹18,999"
Xiaomi Redmi Note 6 Pro,Snapdragon 636,4 GB RAM | 64 GB Storage,12 MP + 5 MP Rear Camera,20 MP + 2 MP Front Camera,4000 mAh Quick Charging,6.26 inches (15.9 cm) | IPS LCD,,"₹9,438"
Lava Blaze 2 5G 128GB,MediaTek Dimensity 6020,6 GB RAM | 128 GB Storage,50 MP + 0.08 MP Rear Camera,8 MP Front Camera,5000 mAh | 18W Fast Charging,6.56 inches (16.66 cm) | IPS LCD,,"₹7,999"
POCO C55,MediaTek Helio G85,4 GB RAM | 64 GB Storage,50 MP + 2 MP Rear Camera,5 MP Front Camera,5000 mAh | 10W,6.71 inches (17.04 cm) | IPS LCD,AnTuTu Score 0,"₹9,499"
Xiaomi Redmi 10A,MediaTek Helio G25,3 GB RAM | 32 GB Storage,13 MP Rear Camera,5 MP Front Camera,5000 mAh | 10W,6.53 inches (16.59 cm) | IPS LCD,"AnTuTu Score 101,608","₹7,817"
Xiaomi Redmi Note 11T 5G,MediaTek Dimensity 810,6 GB RAM | 64 GB Storage,50 MP + 8 MP Rear Camera,16 MP Front Camera,5000 mAh | 33W Fast Charging,6.6 inches (16.76 cm) | IPS LCD,"AnTuTu Score 394,082","₹13,999"
realme C11 2021,Unisoc SC9863A,2 GB RAM | 32 GB Storage,8 MP Rear Camera,5 MP Front Camera,5000 mAh | 10W,6.5 inches (16.51 cm) | IPS LCD,"AnTuTu Score 105,251","₹4,100"
realme 6,MediaTek Helio G90T,4 GB RAM | 64 GB Storage,64 MP + 8 MP + 2 MP + 2 MP Rear Camera,16 MP Front Camera,4300 mAh | 30W Flash Charging,6.5 inches (16.51 cm) | IPS LCD,"AnTuTu Score 290,483","₹13,999"
Xiaomi Redmi Note 7S,Snapdragon 660,3 GB RAM | 32 GB Storage,48 MP + 5 MP Rear Camera,13 MP Front Camera,4000 mAh Quick Charging,6.3 inches (16 cm) | IPS LCD,"AnTuTu Score 141,951","₹7,109"
Honor 8X,HiSilicon Kirin,4 GB RAM | 64 GB Storage,20 MP + 2 MP Rear Camera,16 MP Front Camera,3750 mAh,6.5 inches (16.51 cm) | IPS LCD,,"₹17,999"
Tecno Pova 6 Neo 256GB,MediaTek Dimensity 6300,8 GB RAM | 256 GB Storage,108 MP Rear Camera,8 MP Front Camera,5000 mAh | 18W Fast Charging,6.67 inches (16.94 cm) | IPS LCD,"AnTuTu Score 443,163","₹13,995"
OnePlus 12 512GB,Snapdragon 8 Gen 3,16 GB RAM | 512 GB Storage,50 MP + 48 MP + 64 MP Rear Camera,32 MP Front Camera,5400 mAh | 100W Super VOOC Charging,6.82 inches (17.32 cm) | ProXDR LTPO,"AnTuTu Score 1,738,936","₹55,880"
Motorola Razr 40 Ultra,Snapdragon 8 Plus Gen 1,8 GB RAM | 256 GB Storage,12 MP + 13 MP Rear Camera,32 MP Front Camera,3800 mAh | 30W Turbo Power Charging,6.9 inches (17.53 cm) | P-OLED (Main Display),"AnTuTu Score 1,063,156","₹49,000"
Nokia 8210 4G,Unisoc T107,48 MB RAM | 128 MB Storage,0.3 MP Rear Camera,,1450 mAh,2.8 inches (7.11 cm) | TFT,,"₹3,750"
realme 9,Snapdragon 680,6 GB RAM | 128 GB Storage,108 MP + 8 MP + 2 MP Rear Camera,16 MP Front Camera,5000 mAh | 33W Dart Charging,6.4 inches (16.26 cm) | Super AMOLED,"AnTuTu Score 278,452","₹16,998"
iQOO 3,Snapdragon 865,8 GB RAM | 128 GB Storage,48 MP + 13 MP + 13 MP + 2 MP Rear Camera,16 MP Front Camera,4440 mAh | 55W Super Flash Charging,6.44 inches (16.36 cm) | Super AMOLED,"AnTuTu Score 589,793","₹37,990"
vivo V15,MediaTek Helio P70,6 GB RAM | 64 GB Storage,12 MP + 8 MP + 5 MP Rear Camera,32 MP Front Camera,4000 mAh Fast Charging,6.53 inches (16.59 cm) | IPS LCD,"AnTuTu Score 209,461","₹26,990"
Xiaomi Redmi Note 7,Snapdragon 660,3 GB RAM | 32 GB Storage,12 MP + 2 MP Rear Camera,13 MP Front Camera,4000 mAh Quick Charging,6.3 inches (16 cm) | IPS LCD,"AnTuTu Score 250,302","₹7,720"
Apple iPhone 7 Plus,Apple A10 Fusion,3 GB RAM | 32 GB Storage,12 MP + 12 MP Rear Camera,7 MP Front Camera,2900 mAh,5.5 inches (13.97 cm) | IPS LCD,,"₹37,900"
vivo X300 512GB 16GB RAM,MediaTek Dimensity 9500,16 GB RAM | 512 GB Storage,200 MP + 50 MP + 50 MP Rear Camera,50 MP Front Camera,6040 mAh | 90W Flash Charging,6.31 inches (16.03 cm) | AMOLED,"AnTuTu Score 3,004,951","₹85,999"
Reliance Jio Bharat B2,,,0.3 MP Rear Camera,,2000 mAh,2.4 inches (6.1 cm) | TFT,,"₹1,399"
Samsung Galaxy Note 20,Samsung Exynos 9 Octa 990,8 GB RAM | 256 GB Storage,12 MP + 64 MP + 12 MP Rear Camera,10 MP Front Camera,4300 mAh | 25W Fast Charging,6.7 inches (17.02 cm) | Super AMOLED Plus,"AnTuTu Score 545,374","₹86,000"
Samsung Galaxy S7,Samsung Exynos 8 Octa 8890,4 GB RAM | 32 GB Storage,12 MP Rear Camera,5 MP Front Camera,3000 mAh Fast Charging,5.1 inches (12.95 cm) | Super AMOLED,,"₹35,999"
vivo X300 512GB,MediaTek Dimensity 9500,12 GB RAM | 512 GB Storage,200 MP + 50 MP + 50 MP Rear Camera,50 MP Front Camera,6040 mAh | 90W Flash Charging,6.31 inches (16.03 cm) | AMOLED,"AnTuTu Score 3,004,951","₹81,999"
vivo Y19 5G 6GB RAM,MediaTek Dimensity 6300,6 GB RAM | 128 GB Storage,13 MP + 0.08 MP Rear Camera,5 MP Front Camera,5500 mAh | 15W Fast Charging,6.74 inches (17.12 cm) | LCD,,"₹12,991"
realme Narzo 80 Pro 256GB,MediaTek Dimensity 7400,8 GB RAM | 256 GB Storage,50 MP + 2 MP Rear Camera,16 MP Front Camera,6000 mAh | 80W Super VOOC Charging,6.7 inches (17.02 cm) | OLED,"AnTuTu Score 711,323","₹18,404"
iQOO Z6 4G 8GB RAM,Snapdragon 680,8 GB RAM | 128 GB Storage,50 MP + 2 MP + 2 MP Rear Camera,16 MP Front Camera,5000 mAh | 44W Flash Charging,6.44 inches (16.36 cm) | AMOLED,"AnTuTu Score 290,292","₹11,990"
OPPO A31 2020 128GB,MediaTek Helio P35,6 GB RAM | 128 GB Storage,12 MP + 2 MP + 2 MP Rear Camera,8 MP Front Camera,4230 mAh,6.5 inches (16.51 cm) | IPS LCD,"AnTuTu Score 103,730","₹13,989"
Lyf Flame 7S,Spreadtrum SC9830A,1 GB RAM | 8 GB Storage,5 MP Rear Camera,0.3 MP Front Camera,1800 mAh,4.0 inches (10.16 cm) | TFT,,"₹2,499"
Cubot King Kong X,MediaTek Dimensity 7050,16 GB RAM | 256 GB Storage,100 MP + 5 MP Rear Camera,32 MP Front Camera,10200 mAh | 33W,6.58 inches (16.71 cm) | IPS LCD,,"₹55,149"
Tecno Pop 9,MediaTek Helio G50,3 GB RAM | 64 GB Storage,13 MP Rear Camera,8 MP Front Camera,5000 mAh | 15W Fast Charging,6.67 inches (16.94 cm) | IPS LCD,,"₹6,499"
Lava Blaze X,MediaTek Dimensity 6300,4 GB RAM | 128 GB Storage,64 MP + 2 MP Rear Camera,16 MP Front Camera,5000 mAh | 33W Fast Charging,6.67 inches (16.94 cm) | AMOLED,"AnTuTu Score 424,427","₹16,990"
vivo Y18 128GB,MediaTek Helio G85,4 GB RAM | 128 GB Storage,50 MP + 0.08 MP Rear Camera,8 MP Front Camera,5000 mAh | 15W Fast Charging,6.56 inches (16.66 cm) | LCD,,"₹8,491"
POCO C55 128GB,MediaTek Helio G85,6 GB RAM | 128 GB Storage,50 MP + 2 MP Rear Camera,5 MP Front Camera,5000 mAh | 10W,6.71 inches (17.04 cm) | IPS LCD,"AnTuTu Score 253,881","₹7,999"
vivo Y100,MediaTek Dimensity 900,8 GB RAM | 128 GB Storage,64 MP + 2 MP + 2 MP Rear Camera,16 MP Front Camera,4500 mAh | 44W Flash Charging,6.38 inches (16.21 cm) | AMOLED,,"₹16,788"
OnePlus Nord CE 2 Lite 5G 8GB RAM,Snapdragon 695,8 GB RAM | 128 GB Storage,64 MP + 2 MP + 2 MP Rear Camera,16 MP Front Camera,5000 mAh | 33W Super VOOC Charging,6.59 inches (16.74 cm) | IPS LCD,"AnTuTu Score 402,165","₹19,500"
realme 5s,Snapdragon 665,4 GB RAM | 64 GB Storage,48 MP + 8 MP + 2 MP + 2 MP Rear Camera,13 MP Front Camera,5000 mAh | 10W,6.5 inches (16.51 cm) | IPS LCD,"AnTuTu Score 168,989","₹11,999"
Nubia Red Magic 3S 256GB,Snapdragon 855 Plus,12 GB RAM | 256 GB Storage,48 MP Rear Camera,16 MP Front Camera,5000 mAh | 27W Quick Charging,6.65 inches (16.89 cm) | AMOLED,"AnTuTu Score 484,670","₹49,999"
Apple iPhone 5s,Apple A7,1 GB RAM | 16 GB Storage,8 MP Rear Camera,1.2 MP Front Camera,1560 mAh,4 inches (10.16 cm) | IPS LCD,,"₹25,000"
Blackberry Q5,Snapdragon 400,2 GB RAM | 8 GB Storage,5 MP Rear Camera,2 MP Front Camera,2180 mAh,3.1 inches (7.87 cm) | IPS LCD,,"₹13,990"
Samsung E1200,,100 KB Storage,,,800 mAh | 5.36W,1.5 inches (3.81 cm) | TFT,,"₹1,257"
vivo T4R 256GB 12GB RAM,MediaTek Dimensity 7400,12 GB RAM | 256 GB Storage,50 MP + 2 MP Rear Camera,32 MP Front Camera,5700 mAh | 44W Flash Charging,6.77 inches (17.2 cm) | AMOLED,"AnTuTu Score 699,062","₹26,999"
OPPO F25 Pro 256GB,MediaTek Dimensity 7050,8 GB RAM | 256 GB Storage,64 MP + 8 MP + 2 MP Rear Camera,32 MP Front Camera,5000 mAh | 67W Super VOOC Charging,6.7 inches (17.02 cm) | AMOLED,"AnTuTu Score 601,441","₹30,999"
vivo V29 256GB,Snapdragon 778G,12 GB RAM | 256 GB Storage,50 MP + 8 MP + 2 MP Rear Camera,50 MP Front Camera,4600 mAh | 80W Flash Charging,6.78 inches (17.22 cm) | AMOLED,"AnTuTu Score 587,520","₹36,991"
realme Narzo 60X 5G 6GB RAM,MediaTek Dimensity 6100 Plus,6 GB RAM | 128 GB Storage,50 MP + 2 MP Rear Camera,8 MP Front Camera,5000 mAh | 33W Super VOOC Charging,6.72 inches (17.07 cm) | IPS LCD,,"₹11,925"
Moto G14,Unisoc T616,4 GB RAM | 128 GB Storage,50 MP + 2 MP Rear Camera,8 MP Front Camera,5000 mAh | 20W Turbo Power Charging,6.5 inches (16.51 cm) | IPS LCD,"AnTuTu Score 283,998","₹9,999"
OnePlus Nord 3 5G 256GB,MediaTek Dimensity 9000,16 GB RAM | 256 GB Storage,50 MP + 8 MP + 2 MP Rear Camera,16 MP Front Camera,5000 mAh | 80W Super VOOC Charging,6.74 inches (17.12 cm) | Super Fluid AMOLED,"AnTuTu Score 915,179","₹27,990"
iQOO Neo 6 5G 256GB,Snapdragon 870,12 GB RAM | 256 GB Storage,64 MP + 8 MP + 2 MP Rear Camera,16 MP Front Camera,4700 mAh | 80W Flash Charging,6.62 inches (16.81 cm) | AMOLED,"AnTuTu Score 745,060","₹22,990"
Samsung Galaxy A03,Unisoc T606,3 GB RAM | 32 GB Storage,48 MP + 2 MP Rear Camera,5 MP Front Camera,5000 mAh | 10W,6.5 inches (16.51 cm) | PLS TFT LCD,"AnTuTu Score 177,815","₹6,449"
realme Narzo 30A,MediaTek Helio G85,3 GB RAM | 32 GB Storage,13 MP + 2 MP Rear Camera,8 MP Front Camera,6000 mAh | 18W Fast Charging,6.5 inches (16.51 cm) | IPS LCD,"AnTuTu Score 202,855","₹6,499"
realme 6 Pro,Snapdragon 720G,6 GB RAM | 64 GB Storage,64 MP + 8 MP + 12 MP + 2 MP Rear Camera,16 MP + 8 MP Front Camera,4300 mAh | 30W Flash Charging,6.6 inches (16.76 cm) | IPS LCD,"AnTuTu Score 285,167","₹17,999"
realme X2 Pro,Snapdragon 855 Plus,8 GB RAM | 128 GB Storage,64 MP + 13 MP + 8 MP + 2 MP Rear Camera,16 MP Front Camera,4000 mAh | 50W VOOC Charging,6.5 inches (16.51 cm) | Super AMOLED,"AnTuTu Score 467,275","₹31,999"
vivo U10,Snapdragon 665,3 GB RAM | 32 GB Storage,13 MP + 8 MP + 2 MP Rear Camera,8 MP Front Camera,5000 mAh | 18W Fast Charging,6.35 inches (16.13 cm) | IPS LCD,"AnTuTu Score 168,654","₹10,990"
Samsung Galaxy A50s,Samsung Exynos 9 Octa 9611,4 GB RAM | 128 GB Storage,48 MP + 8 MP + 5 MP Rear Camera,32 MP Front Camera,4000 mAh | 15W Fast Charging,6.4 inches (16.26 cm) | Super AMOLED,"AnTuTu Score 153,226","₹24,900"
Xiaomi Redmi 6 Pro,Snapdragon 625,3 GB RAM | 32 GB Storage,12 MP + 5 MP Rear Camera,5 MP Front Camera,4000 mAh,5.84 inches (14.83 cm) | IPS LCD,,"₹7,000"
Samsung Galaxy Note 8,Samsung Exynos 9 Octa 8895,6 GB RAM | 64 GB Storage,12 MP + 12 MP Rear Camera,8 MP Front Camera,3300 mAh | 15W Quick Charging,6.3 inches (16 cm) | Super AMOLED,,"₹74,000"
Nokia 216 Dual SIM,,16 MB RAM,0.3 MP Rear Camera,0.3 MP Front Camera,1020 mAh | 4.9W,2.4 inches (6.1 cm) | LCD,,"₹1,899"
Samsung Galaxy J2 (2015),Samsung Exynos 3 Quad 3475,1 GB RAM | 8 GB Storage,5 MP Rear Camera,2 MP Front Camera,2000 mAh,4.7 inches (11.94 cm) | Super AMOLED,,"₹7,400"
realme GT 8 Pro Dream Edition,Snapdragon 8 Elite Gen 5,16 GB RAM | 512 GB Storage,50 MP + 50 MP + 200 MP Rear Camera,32 MP Front Camera,7000 mAh | 120W Super VOOC Charging,6.79 inches (17.25 cm) | Flexible AMOLED,"AnTuTu Score 3,932,397","₹79,999"
vivo T4 12GB RAM,Snapdragon 7s Gen 3,12 GB RAM | 256 GB Storage,50 MP + 2 MP Rear Camera,32 MP Front Camera,7300 mAh | 90W Flash Charging,6.77 inches (17.2 cm) | AMOLED,"AnTuTu Score 797,572","₹28,999"
vivo Y29 5G 256GB,MediaTek Dimensity 6300,8 GB RAM | 256 GB Storage,50 MP + 0.08 MP Rear Camera,8 MP Front Camera,5500 mAh | 44W Flash Charging,6.68 inches (16.97 cm) | LCD,,"₹18,991"
OnePlus Nord 4 12GB RAM,Snapdragon 7 Plus Gen 3,12 GB RAM | 256 GB Storage,50 MP + 8 MP Rear Camera,16 MP Front Camera,5500 mAh | 100W Super VOOC Charging,6.74 inches (17.12 cm) | AMOLED,"AnTuTu Score 1,169,622","₹29,321"
Itel S24,MediaTek Helio G91,8 GB RAM | 128 GB Storage,108 MP + 0.08 MP Rear Camera,8 MP Front Camera,5000 mAh | 18W Fast Charging,6.56 inches (16.66 cm) | IPS LCD,"AnTuTu Score 265,150","₹7,999"
realme Narzo N53 8GB RAM,Unisoc T612,8 GB RAM | 128 GB Storage,50 MP Rear Camera,8 MP Front Camera,5000 mAh | 33W Super VOOC Charging,6.74 inches (17.12 cm) | IPS LCD,AnTuTu Score 0,"₹8,750"
POCO C51,MediaTek Helio G36,4 GB RAM | 64 GB Storage,8 MP + 0.08 MP Rear Camera,5 MP Front Camera,5000 mAh | 10W,6.52 inches (16.56 cm) | IPS LCD,"AnTuTu Score 103,483","₹8,499"
iQOO Z6 Pro 256GB,Snapdragon 778G,12 GB RAM | 256 GB Storage,64 MP + 8 MP + 2 MP Rear Camera,16 MP Front Camera,4700 mAh | 66W Flash Charging,6.44 inches (16.36 cm) | AMOLED,AnTuTu Score 0,"₹17,990"
OnePlus 10R 256GB,MediaTek Dimensity 8100 Max,12 GB RAM | 256 GB Storage,50 MP + 8 MP + 2 MP Rear Camera,16 MP Front Camera,5000 mAh | 80W Super VOOC Charging,6.7 inches (17.02 cm) | Fluid AMOLED,"AnTuTu Score 807,638","₹29,999"
realme 9 5G SE,Snapdragon 778G,6 GB RAM | 128 GB Storage,48 MP + 2 MP + 2 MP Rear Camera,16 MP Front Camera,5000 mAh | 30W Dart Charging,6.6 inches (16.76 cm) | IPS LCD,"AnTuTu Score 541,000","₹15,999"
realme X7 Max 256GB,MediaTek Dimensity 1200,12 GB RAM | 256 GB Storage,64 MP + 8 MP + 2 MP Rear Camera,16 MP Front Camera,4500 mAh | 50W Super Dart Charging,6.43 inches (16.33 cm) | Super AMOLED,"AnTuTu Score 629,120","₹28,999"
Moto G 5G,Snapdragon 750G,6 GB RAM | 128 GB Storage,48 MP + 8 MP + 2 MP Rear Camera,16 MP Front Camera,5000 mAh | 20W Turbo Power Charging,6.7 inches (17.02 cm) | LTPS LCD,"AnTuTu Score 326,394","₹24,999"
LG Velvet,Snapdragon 845,6 GB RAM | 128 GB Storage,48 MP + 8 MP + 5 MP Rear Camera,16 MP Front Camera,4300 mAh | 25W Quick Charging,6.8 inches (17.27 cm) | P-OLED,"AnTuTu Score 349,835","₹54,599"
Asus ROG Phone 3 12GB RAM,Snapdragon 865 Plus,12 GB RAM | 128 GB Storage,64 MP + 13 MP + 5 MP Rear Camera,24 MP Front Camera,6000 mAh | 30W Hyper Charging,6.59 inches (16.74 cm) | AMOLED,"AnTuTu Score 614,628","₹57,999"
Samsung Galaxy M01,Snapdragon 439,3 GB RAM | 32 GB Storage,13 MP + 2 MP Rear Camera,5 MP Front Camera,4000 mAh,5.71 inches (14.5 cm) | PLS TFT LCD,"AnTuTu Score 103,806","₹7,900"
OPPO A9 2020 4GB RAM,Snapdragon 665,4 GB RAM | 128 GB Storage,48 MP + 8 MP + 2 MP + 2 MP Rear Camera,16 MP Front Camera,5000 mAh | 10W,6.5 inches (16.51 cm) | IPS LCD,"AnTuTu Score 134,811","₹16,845"
vivo Z1 Pro,Snapdragon 712,4 GB RAM | 64 GB Storage,16 MP + 8 MP + 2 MP Rear Camera,32 MP Front Camera,5000 mAh | 18W Fast Charging,6.53 inches (16.59 cm) | IPS LCD,"AnTuTu Score 109,750","₹15,990"
Apple iPhone 8 Plus,Apple A11 Bionic,3 GB RAM | 64 GB Storage,12 MP + 12 MP Rear Camera,7 MP Front Camera,2675 mAh Fast Charging,5.5 inches (13.97 cm) | IPS LCD,"AnTuTu Score 396,963","₹49,900"
Lava Blaze Dragon 6GB RAM,Snapdragon 4 Gen 2,6 GB RAM | 128 GB Storage,50 MP Rear Camera,8 MP Front Camera,5000 mAh | 18W Fast Charging,6.74 inches (17.12 cm) | IPS LCD,,"₹9,999"
iQOO Neo 10 512GB,Snapdragon 8s Gen 4,16 GB RAM | 512 GB Storage,50 MP + 8 MP Rear Camera,32 MP Front Camera,7000 mAh | 120W Flash Charging,6.78 inches (17.22 cm) | AMOLED,"AnTuTu Score 2,066,325","₹44,889"
Infinix Smart 9 HD,MediaTek Helio G50,3 GB RAM | 64 GB Storage,13 MP Rear Camera,8 MP Front Camera,5000 mAh | 10W,6.7 inches (17.02 cm) | IPS LCD,"AnTuTu Score 141,654","₹6,699"
Samsung Galaxy A16 6GB RAM,MediaTek Dimensity 6300,6 GB RAM | 128 GB Storage,50 MP + 5 MP + 2 MP Rear Camera,13 MP Front Camera,5000 mAh | 25W Fast Charging,6.7 inches (17.02 cm) | Super AMOLED,,"₹13,899"
Infinix Zero Flip,MediaTek Dimensity 8020,8 GB RAM | 512 GB Storage,50 MP + 50 MP Rear Camera,50 MP Front Camera,4720 mAh | 70W Ultra Charging,6.9 inches (17.53 cm) | LTPO AMOLED,"AnTuTu Score 810,633","₹54,999"
vivo V40 512GB,Snapdragon 7 Gen 3,12 GB RAM | 512 GB Storage,50 MP + 50 MP Rear Camera,50 MP Front Camera,5500 mAh | 80W Flash Charging,6.78 inches (17.22 cm) | AMOLED,"AnTuTu Score 810,653","₹41,999"
OPPO A3 Pro 256GB,MediaTek Dimensity 6300,8 GB RAM | 256 GB Storage,50 MP + 2 MP Rear Camera,8 MP Front Camera,5100 mAh | 45W Super VOOC Charging,6.67 inches (16.94 cm) | LCD,,"₹16,930"
Itel A70,Unisoc T603,4 GB RAM | 64 GB Storage,13 MP Rear Camera,8 MP Front Camera,5000 mAh,6.6 inches (16.76 cm) | IPS LCD,"AnTuTu Score 155,087","₹7,299"
vivo Y36,Snapdragon 680,8 GB RAM | 128 GB Storage,50 MP + 2 MP Rear Camera,16 MP Front Camera,5000 mAh | 44W Flash Charging,6.64 inches (16.87 cm) | IPS LCD,,"₹14,999"
vivo Y16 128GB,MediaTek Helio P35,4 GB RAM | 128 GB Storage,13 MP + 2 MP Rear Camera,5 MP Front Camera,5000 mAh | 10W,6.51 inches (16.54 cm) | IPS LCD,,"₹9,999"
Xiaomi Redmi 12C,MediaTek Helio G85,4 GB RAM | 64 GB Storage,50 MP + 0.08 MP Rear Camera,5 MP Front Camera,5000 mAh | 10W,6.71 inches (17.04 cm) | IPS LCD,AnTuTu Score 0,"₹7,499"
Tecno Pova 3,MediaTek Helio G88,4 GB RAM | 64 GB Storage,50 MP + 2 MP Rear Camera,8 MP Front Camera,7000 mAh | 33W Flash Charging,6.9 inches (17.53 cm) | IPS LCD,AnTuTu Score 0,"₹9,999"
vivo Y75,MediaTek Helio G96,8 GB RAM | 128 GB Storage,50 MP + 8 MP + 2 MP Rear Camera,44 MP Front Camera,4050 mAh | 44W Flash Charging,6.44 inches (16.36 cm) | AMOLED,,"₹19,982"
realme 9 Pro,Snapdragon 695,6 GB RAM | 128 GB Storage,64 MP + 8 MP + 2 MP Rear Camera,16 MP Front Camera,5000 mAh | 33W Dart Charging,6.6 inches (16.76 cm) | IPS LCD,,"₹15,403"
Samsung Galaxy M51 8GB RAM,Snapdragon 730G,8 GB RAM | 128 GB Storage,64 MP + 12 MP + 5 MP + 5 MP Rear Camera,32 MP Front Camera,7000 mAh | 25W Fast Charging,6.7 inches (17.02 cm) | Super AMOLED Plus,"AnTuTu Score 224,310","₹28,999"
vivo Y11 2019,Snapdragon 439,3 GB RAM | 32 GB Storage,13 MP + 2 MP Rear Camera,8 MP Front Camera,5000 mAh,6.35 inches (16.13 cm) | IPS LCD,,"₹9,990"
OnePlus 7T Pro,Snapdragon 855 Plus,8 GB RAM | 256 GB Storage,48 MP + 16 MP + 8 MP Rear Camera,16 MP Front Camera,4085 mAh | 30W Warp Charging,6.67 inches (16.94 cm) | Fluid AMOLED,"AnTuTu Score 483,785","₹52,999"
realme 5 Pro,Snapdragon 712,4 GB RAM | 64 GB Storage,48 MP + 8 MP + 2 MP + 2 MP Rear Camera,16 MP Front Camera,4035 mAh | 20W VOOC Charging,6.3 inches (16 cm) | IPS LCD,"AnTuTu Score 180,355","₹14,999"
Honor 20,HiSilicon Kirin,6 GB RAM | 128 GB Storage,48 MP + 16 MP + 2 MP + 2 MP Rear Camera,32 MP Front Camera,3750 mAh Super Charging,6.26 inches (15.9 cm) | IPS LCD,"AnTuTu Score 284,861","₹35,999"
Samsung Galaxy A7 2018,Samsung Exynos 7 Octa 7885,4 GB RAM | 64 GB Storage,24 MP + 5 MP + 8 MP Rear Camera,24 MP Front Camera,3300 mAh,6.0 inches (15.24 cm) | Super AMOLED,,"₹22,300"
Sony Xperia XZs,Snapdragon 820,4 GB RAM | 64 GB Storage,19 MP Rear Camera,13 MP Front Camera,2900 mAh Quick Charging,5.2 inches (13.21 cm) | IPS LCD,,"₹29,990"
OPPO F31 256GB,MediaTek Dimensity 6300,8 GB RAM | 256 GB Storage,50 MP + 2 MP Rear Camera,16 MP Front Camera,7000 mAh | 80W Super VOOC Charging,6.57 inches (16.69 cm) | AMOLED,,"₹28,999"
Infinix Note 50s 5G+ 256GB,MediaTek Dimensity 7300 Ultimate,8 GB RAM | 256 GB Storage,64 MP + 2 MP Rear Camera,13 MP Front Camera,5500 mAh | 45W Fast Charging,6.78 inches (17.22 cm) | AMOLED,"AnTuTu Score 675,134","₹24,999"
OPPO Reno13 512GB,MediaTek Dimensity 8350,12 GB RAM | 512 GB Storage,50 MP + 8 MP + 2 MP Rear Camera,50 MP Front Camera,5600 mAh | 80W Super VOOC Charging,6.59 inches (16.74 cm) | AMOLED,,"₹34,999"
Oukitel WP35,MediaTek Dimensity 6100 Plus,8 GB RAM | 256 GB Storage,64 MP + 8 MP Rear Camera,32 MP Front Camera,11000 mAh | 18W Fast Charging,6.6 inches (16.76 cm) | IPS LCD,,"₹39,999"
Apple iPhone 16 512GB,Apple A18,8 GB RAM | 512 GB Storage,48 MP + 12 MP Rear Camera,12 MP Front Camera,3561 mAh | 20W Fast Charging,6.1 inches (15.49 cm) | Super Retina XDR,"AnTuTu Score 1,764,170","₹97,900"
iQOO Z9 Lite 6GB RAM,MediaTek Dimensity 6300,6 GB RAM | 128 GB Storage,50 MP + 2 MP Rear Camera,8 MP Front Camera,5000 mAh | 15W,6.56 inches (16.66 cm) | LCD,"AnTuTu Score 401,756","₹11,498"
realme GT 6T 512GB,Snapdragon 7 Plus Gen 3,12 GB RAM | 512 GB Storage,50 MP + 8 MP Rear Camera,32 MP Front Camera,5500 mAh | 120W Super VOOC Charging,6.78 inches (17.22 cm) | LTPO AMOLED,,"₹31,047"
vivo Y18e,MediaTek Helio G85,4 GB RAM | 64 GB Storage,13 MP + 0.08 MP Rear Camera,5 MP Front Camera,5000 mAh | 15W Fast Charging,6.56 inches (16.66 cm) | LCD,,"₹7,991"
Samsung Galaxy M55 5G 12GB RAM,Snapdragon 7 Gen 1,12 GB RAM | 256 GB Storage,50 MP + 8 MP + 2 MP Rear Camera,50 MP Front Camera,5000 mAh | 45W Fast Charging,6.7 inches (17.02 cm) | Super AMOLED Plus,"AnTuTu Score 584,312","₹22,999"
POCO C61 128GB,MediaTek Helio G36,6 GB RAM | 128 GB Storage,8 MP + 2 MP Rear Camera,5 MP Front Camera,5000 mAh | 10W,6.71 inches (17.04 cm) | IPS LCD,,"₹8,499"
vivo Y200 5G 256GB,Snapdragon 4 Gen 1,8 GB RAM | 256 GB Storage,64 MP + 2 MP Rear Camera,16 MP Front Camera,4800 mAh | 44W Flash Charging,6.67 inches (16.94 cm) | AMOLED,,"₹17,990"
vivo Y17s 128GB,MediaTek Helio G85,4 GB RAM | 128 GB Storage,50 MP + 2 MP Rear Camera,8 MP Front Camera,5000 mAh | 15W Fast Charging,6.56 inches (16.66 cm) | IPS LCD,,"₹10,491"
iQOO Neo 7 Pro 256GB,Snapdragon 8 Plus Gen 1,12 GB RAM | 256 GB Storage,50 MP + 8 MP + 2 MP Rear Camera,16 MP Front Camera,5000 mAh | 120W Flash Charging,6.78 inches (17.22 cm) | AMOLED,"AnTuTu Score 1,284,112","₹35,391"
OnePlus 11 256GB,Snapdragon 8 Gen 2,16 GB RAM | 256 GB Storage,50 MP + 48 MP + 32 MP Rear Camera,16 MP Front Camera,5000 mAh | 100W Super VOOC Charging,6.7 inches (17.02 cm) | Super Fluid AMOLED,"AnTuTu Score 1,027,699","₹38,994"
Moto E32,MediaTek Helio G37,4 GB RAM | 64 GB Storage,50 MP + 2 MP Rear Camera,8 MP Front Camera,5000 mAh | 10W,6.5 inches (16.51 cm) | IPS LCD,,"₹7,999"
OPPO F21s Pro 5G,Snapdragon 695,8 GB RAM | 128 GB Storage,64 MP + 2 MP + 2 MP Rear Camera,16 MP Front Camera,4500 mAh | 33W Super VOOC Charging,6.43 inches (16.33 cm) | AMOLED,,"₹19,404"
realme Narzo 50 5G,MediaTek Dimensity 810,4 GB RAM | 64 GB Storage,48 MP + 2 MP Rear Camera,8 MP Front Camera,5000 mAh | 33W Dart Charging,6.6 inches (16.76 cm) | IPS LCD,"AnTuTu Score 388,714","₹17,999"
Nokia G21,Unisoc T606,4 GB RAM | 64 GB Storage,50 MP + 2 MP + 2 MP Rear Camera,8 MP Front Camera,5050 mAh | 18W Fast Charging,6.5 inches (16.51 cm) | IPS LCD,AnTuTu Score 0,"₹14,499"
Asus ROG Phone 5s 5G,Snapdragon 888 Plus,8 GB RAM | 128 GB Storage,64 MP + 13 MP + 5 MP Rear Camera,24 MP Front Camera,6000 mAh | 65W Fast Charging,6.78 inches (17.22 cm) | AMOLED,"AnTuTu Score 819,452","₹55,999"
POCO C31,MediaTek Helio G35,3 GB RAM | 32 GB Storage,13 MP + 2 MP + 2 MP Rear Camera,5 MP Front Camera,5000 mAh | 10W,6.53 inches (16.59 cm) | IPS LCD,"AnTuTu Score 124,264","₹8,499"
Samsung Galaxy A32 4G,MediaTek Helio G80,6 GB RAM | 128 GB Storage,64 MP + 8 MP + 5 MP + 5 MP Rear Camera,20 MP Front Camera,5000 mAh | 15W Fast Charging,6.4 inches (16.26 cm) | Super AMOLED,"AnTuTu Score 157,215","₹22,001"
vivo Y51A,Snapdragon 662,8 GB RAM | 128 GB Storage,48 MP + 8 MP + 2 MP Rear Camera,16 MP Front Camera,5000 mAh | 18W Fast Charging,6.58 inches (16.71 cm) | IPS LCD,"AnTuTu Score 214,456","₹21,990"
vivo V20 SE,Snapdragon 665,8 GB RAM | 128 GB Storage,48 MP + 8 MP + 2 MP Rear Camera,32 MP Front Camera,4100 mAh | 33W Flash Charging,6.44 inches (16.36 cm) | AMOLED,"AnTuTu Score 184,721","₹23,990"
realme Narzo 20 Pro,MediaTek Helio G95,6 GB RAM | 64 GB Storage,48 MP + 8 MP + 2 MP + 2 MP Rear Camera,16 MP Front Camera,4500 mAh | 65W Super Dart Charging,6.5 inches (16.51 cm) | IPS LCD,"AnTuTu Score 298,338","₹6,899"
LG G8X ThinQ,Snapdragon 855,6 GB RAM | 128 GB Storage,12 MP + 13 MP Rear Camera,32 MP Front Camera,4000 mAh Quick Charging,6.4 inches (16.26 cm) | OLED (Main Display),"AnTuTu Score 439,719","₹70,000"
Samsung Galaxy A2 Core,Samsung Exynos 7 Octa 7870,1 GB RAM | 16 GB Storage,5 MP Rear Camera,5 MP Front Camera,2600 mAh,5.0 inches (12.7 cm) | PLS TFT LCD,,"₹5,900"
Samsung Galaxy A50 6GB RAM,Samsung Exynos 7 Octa 9610,6 GB RAM | 64 GB Storage,25 MP + 5 MP + 8 MP Rear Camera,25 MP Front Camera,4000 mAh | 15W Fast Charging,6.4 inches (16.26 cm) | Super AMOLED,"AnTuTu Score 143,399","₹24,000"
vivo Y95,Snapdragon 439,4 GB RAM | 64 GB Storage,13 MP + 2 MP Rear Camera,20 MP Front Camera,4030 mAh,6.22 inches (15.8 cm) | IPS LCD,,"₹18,990"
Nokia 8110 4G,Snapdragon 205,512 MB RAM | 4 GB Storage,2 MP Rear Camera,,1500 mAh,2.45 inches (6.22 cm) | TFT,,"₹6,699"
realme 15 Lite 256GB,MediaTek MT6878,8 GB RAM | 256 GB Storage,50 MP + 2 MP Rear Camera,16 MP Front Camera,5000 mAh | 80W Fast Charging,6.67 inches (16.94 cm) | OLED,,"₹20,990"
realme P3 Lite 6GB RAM,MediaTek Dimensity 6300,6 GB RAM | 128 GB Storage,32 MP Rear Camera,8 MP Front Camera,6000 mAh | 45W Super VOOC Charging,6.67 inches (16.94 cm) | IPS LCD,,"₹13,999"
Tecno Pova Curve 8GB RAM,MediaTek Dimensity 7300 Ultimate,8 GB RAM | 128 GB Storage,64 MP Rear Camera,13 MP Front Camera,5500 mAh | 45W Fast Charging,6.78 inches (17.22 cm) | AMOLED,"AnTuTu Score 684,142","₹17,999"
Samsung Galaxy M16 6GB RAM,MediaTek Dimensity 6300,6 GB RAM | 128 GB Storage,50 MP + 5 MP + 2 MP Rear Camera,13 MP Front Camera,5000 mAh | 25W Fast Charging,6.7 inches (17.02 cm) | Super AMOLED,,"₹11,999"
vivo Y300 256GB,Snapdragon 4 Gen 2,8 GB RAM | 256 GB Storage,50 MP + 2 MP Rear Camera,32 MP Front Camera,5000 mAh | 80W Flash Charging,6.67 inches (16.94 cm) | AMOLED,,"₹22,999"
Reliance Jio Bharat V4,,,0.3 MP Rear Camera,,1000 mAh,1.77 inches (4.5 cm) | TFT,,₹899
realme C65 5G 8GB RAM,MediaTek Dimensity 6300,8 GB RAM | 128 GB Storage,50 MP Rear Camera,8 MP Front Camera,5000 mAh | 15W Quick Charging,6.67 inches (16.94 cm) | IPS LCD,,"₹12,590"
Samsung Galaxy M35 256GB,Samsung Exynos 1380,8 GB RAM | 256 GB Storage,50 MP + 8 MP + 2 MP Rear Camera,13 MP Front Camera,6000 mAh | 25W Fast Charging,6.6 inches (16.76 cm) | Super AMOLED,"AnTuTu Score 611,292","₹20,400"
realme Narzo N63,Unisoc T612,4 GB RAM | 64 GB Storage,50 MP Rear Camera,8 MP Front Camera,5000 mAh | 45W Super VOOC Charging,6.74 inches (17.12 cm) | IPS LCD,"AnTuTu Score 254,459","₹7,354"
Itel Super Guru 4G,,64 MB RAM | 128 MB Storage,0.3 MP Rear Camera,,1000 mAh,2.0 inches (5.08 cm) | TFT,,"₹1,980"
POCO X6 Neo 256GB,MediaTek Dimensity 6080,12 GB RAM | 256 GB Storage,108 MP + 2 MP Rear Camera,16 MP Front Camera,5000 mAh | 33W Fast Charging,6.67 inches (16.94 cm) | AMOLED,"AnTuTu Score 445,887","₹17,999"
Moto G24 Power 8GB RAM,MediaTek Helio G85,8 GB RAM | 128 GB Storage,50 MP + 2 MP Rear Camera,16 MP Front Camera,6000 mAh | 30W Turbo Power Charging,6.56 inches (16.66 cm) | IPS LCD,"AnTuTu Score 266,894","₹10,999"
Nokia C32 6GB RAM,Unisoc SC9863A1,6 GB RAM | 128 GB Storage,50 MP + 2 MP Rear Camera,8 MP Front Camera,5000 mAh | 10W,6.51 inches (16.54 cm) | IPS LCD,,"₹8,699"
Infinix Note 30 5G 256GB,MediaTek Dimensity 6080,8 GB RAM | 256 GB Storage,108MP + 2MP Depth + AI Lens Rear Camera,16 MP Front Camera,5000 mAh | 45W Fast Charging,6.78 inches (17.22 cm) | IPS LCD,"AnTuTu Score 394,293","₹15,999"
Moto E13,Unisoc T606,2 GB RAM | 64 GB Storage,13 MP Rear Camera,5 MP Front Camera,5000 mAh | 10W,6.5 inches (16.51 cm) | IPS LCD,AnTuTu Score 0,"₹6,999"
vivo Y02,MediaTek Helio P22,3 GB RAM | 32 GB Storage,8 MP Rear Camera,5 MP Front Camera,5000 mAh | 10W,6.51 inches (16.54 cm) | IPS LCD,,"₹8,991"
realme C33,Unisoc T612,3 GB RAM | 32 GB Storage,50 MP + 0.3 MP Rear Camera,5 MP Front Camera,5000 mAh | 10W,6.5 inches (16.51 cm) | IPS LCD,AnTuTu Score 0,"₹8,999"
Samsung Galaxy A73 5G 256GB,Snapdragon 778G,8 GB RAM | 256 GB Storage,108 MP + 12 MP + 5 MP + 5 MP Rear Camera,32 MP Front Camera,5000 mAh | 25W Fast Charging,6.7 inches (17.02 cm) | Super AMOLED Plus,"AnTuTu Score 530,293","₹49,990"
vivo V23e 5G,MediaTek Dimensity 810,8 GB RAM | 128 GB Storage,50 MP + 8 MP + 2 MP Rear Camera,44 MP Front Camera,4050 mAh | 44W Flash Charging,6.44 inches (16.36 cm) | AMOLED,,"₹24,999"
Apple iPhone 13 Mini 256GB,Apple A15 Bionic,4 GB RAM | 256 GB Storage,12 MP + 12 MP Rear Camera,12 MP Front Camera,2406 mAh | 20W Fast Charging,5.4 inches (13.72 cm) | Super Retina XDR,"AnTuTu Score 776,629","₹74,900"
Samsung Galaxy A03s,MediaTek Helio P35,3 GB RAM | 32 GB Storage,13 MP + 2 MP + 2 MP Rear Camera,5 MP Front Camera,5000 mAh,6.5 inches (16.51 cm) | PLS TFT LCD,"AnTuTu Score 119,526","₹6,799"
vivo Y53s 4G,MediaTek Helio G80,8 GB RAM | 128 GB Storage,64 MP + 2 MP + 2 MP Rear Camera,16 MP Front Camera,5000 mAh | 18W Fast Charging,6.58 inches (16.71 cm) | IPS LCD,"AnTuTu Score 244,668","₹15,490"
realme C21,MediaTek Helio G35,3 GB RAM | 32 GB Storage,13 MP + 2 MP + 2 MP Rear Camera,5 MP Front Camera,5000 mAh | 10W,6.5 inches (16.51 cm) | IPS LCD,"AnTuTu Score 131,494","₹9,999"
Xiaomi Redmi Note 10 Pro 128GB,Snapdragon 732G,6 GB RAM | 128 GB Storage,64 MP + 8 MP + 5 MP + 2 MP Rear Camera,16 MP Front Camera,5020 mAh | 33W Fast Charging,6.67 inches (16.94 cm) | Super AMOLED,"AnTuTu Score 331,961","₹14,999"
Infinix Zero 8i,MediaTek Helio G90T,8 GB RAM | 128 GB Storage,48 MP + 8 MP + 2 MP Rear Camera,16 MP + 8 MP Front Camera,4500 mAh | 33W Fast Charging,6.85 inches (17.4 cm) | IPS LCD,"AnTuTu Score 291,302","₹9,499"
realme 5i,Snapdragon 665,4 GB RAM | 64 GB Storage,12 MP + 8 MP + 2 MP + 2 MP Rear Camera,8 MP Front Camera,5000 mAh | 10W,6.5 inches (16.51 cm) | IPS LCD,"AnTuTu Score 172,716","₹10,999"
Samsung Galaxy A10s,MediaTek Helio P22,2 GB RAM | 32 GB Storage,13 MP + 2 MP Rear Camera,8 MP Front Camera,4000 mAh,6.2 inches (15.75 cm) | PLS TFT LCD,,"₹10,000"
Samsung Galaxy M40,Snapdragon 675,6 GB RAM | 128 GB Storage,32 MP + 8 MP + 5 MP Rear Camera,16 MP Front Camera,3500 mAh | 15W Fast Charging,6.3 inches (16 cm) | PLS TFT LCD,"AnTuTu Score 173,420","₹15,798"
Samsung Galaxy S10 512GB,Samsung Exynos 9 Octa 9820,8 GB RAM | 512 GB Storage,12 MP + 12 MP + 16 MP Rear Camera,10 MP Front Camera,3400 mAh | 15W Fast Charging,6.1 inches (15.49 cm) | Dynamic AMOLED,"AnTuTu Score 271,486","₹92,000"
vivo V11,MediaTek Helio P60,6 GB RAM | 64 GB Storage,16 MP + 5 MP Rear Camera,25 MP Front Camera,3315 mAh Fast Charging,6.3 inches (16 cm) | IPS LCD,,"₹24,990"
Nokia 6.1 Plus (Nokia X6),Snapdragon 636,4 GB RAM | 64 GB Storage,16 MP + 5 MP Rear Camera,16 MP Front Camera,3060 mAh Fast Charging,5.8 inches (14.73 cm) | IPS LCD,"AnTuTu Score 168,464","₹17,199"
Samsung Galaxy J8 2018,Snapdragon 450,4 GB RAM | 64 GB Storage,16 MP + 5 MP Rear Camera,16 MP Front Camera,3500 mAh,6.0 inches (15.24 cm) | Super AMOLED,,"₹17,000"
Nokia 8 Sirocco,Snapdragon 835,6 GB RAM | 128 GB Storage,12 MP + 13 MP Rear Camera,5 MP Front Camera,3260 mAh Quick Charging,5.5 inches (13.97 cm) | P-OLED,,"₹54,999"
Infinix Zero 5,MediaTek MT6757,6 GB RAM | 64 GB Storage,12 MP + 13 MP Rear Camera,16 MP Front Camera,4350 mAh Quick Charging,5.98 inches (15.19 cm) | IPS LCD,,"₹17,999"
Samsung Galaxy J7 Prime 32GB,Samsung Exynos 7 Octa 7870,3 GB RAM | 32 GB Storage,13 MP Rear Camera,8 MP Front Camera,3300 mAh,5.5 inches (13.97 cm) | TFT,,"₹15,300"
Sony Xperia Z5 Premium Dual,Snapdragon 810,3 GB RAM | 32 GB Storage,23 MP Rear Camera,5 MP Front Camera,3430 mAh Quick Charging,5.5 inches (13.97 cm) | IPS LCD,,"₹62,990"
Nokia 808 PureView,,512 MB RAM | 1 GB Storage,41 MP Rear Camera,0.3 MP Front Camera,1400 mAh,4 inches (10.16 cm) | AMOLED,,"₹34,499"
Blackberry Curve 3G 9300,,256 MB Storage,2 MP Rear Camera,,1150 mAh,2.4 inches (6.1 cm) | LCD,,"₹15,400"
vivo T4 Lite 6GB RAM,MediaTek Dimensity 6300,6 GB RAM | 128 GB Storage,50 MP + 2 MP Rear Camera,5 MP Front Camera,6000 mAh | 15W Fast Charging,6.74 inches (17.12 cm) | LCD,,"₹14,999"
OPPO K13x 6GB RAM,MediaTek Dimensity 6300,6 GB RAM | 128 GB Storage,50 MP + 2 MP Rear Camera,8 MP Front Camera,6000 mAh | 45W Super VOOC Charging,6.67 inches (16.94 cm) | LCD,"AnTuTu Score 447,305","₹16,999"
Samsung Galaxy A16 256GB,MediaTek Dimensity 6300,8 GB RAM | 256 GB Storage,50 MP + 5 MP + 2 MP Rear Camera,13 MP Front Camera,5000 mAh | 25W Fast Charging,6.7 inches (17.02 cm) | Super AMOLED,"AnTuTu Score 411,561","₹20,499"
Apple iPhone 16 Pro 512GB,Apple A18 Pro,8 GB RAM | 512 GB Storage,48 MP + 48 MP + 12 MP Rear Camera,12 MP Front Camera,3582 mAh | 20W Fast Charging,6.3 inches (16 cm) | Super Retina XDR,"AnTuTu Score 1,747,550","₹139,900"
iQOO Z9s 256GB,MediaTek Dimensity 7300,8 GB RAM | 256 GB Storage,50 MP + 2 MP Rear Camera,16 MP Front Camera,5500 mAh | 44W Flash Charging,6.77 inches (17.2 cm) | AMOLED,,"₹20,568"
iQOO Z9s Pro 256GB,Snapdragon 7 Gen 3,8 GB RAM | 256 GB Storage,50 MP + 8 MP Rear Camera,16 MP Front Camera,5500 mAh | 80W Flash Charging,6.77 inches (17.2 cm) | AMOLED,"AnTuTu Score 803,223","₹27,490"
OnePlus 12R 8GB RAM,Snapdragon 8 Gen 2,8 GB RAM | 256 GB Storage,50 MP + 8 MP + 2 MP Rear Camera,16 MP Front Camera,5500 mAh | 100W Super VOOC Charging,6.78 inches (17.22 cm) | ProXDR LTPO,"AnTuTu Score 1,240,474","₹33,488"
Itel P55,Unisoc T606,4 GB RAM | 128 GB Storage,50 MP + 0.08 MP Rear Camera,8 MP Front Camera,5000 mAh | 18W Fast Charging,6.6 inches (16.76 cm) | IPS LCD,"AnTuTu Score 249,328","₹6,699"
OPPO Reno11 256GB,MediaTek Dimensity 7050,8 GB RAM | 256 GB Storage,50 MP + 8 MP + 32 MP Rear Camera,32 MP Front Camera,5000 mAh | 67W Super VOOC Charging,6.7 inches (17.02 cm) | Flexible AMOLED,"AnTuTu Score 539,158","₹26,947"
Xiaomi Redmi Note 13 12GB RAM,MediaTek Dimensity 6080,12 GB RAM | 256 GB Storage,108 MP + 8 MP + 2 MP Rear Camera,16 MP Front Camera,5000 mAh | 33W Fast Charging,6.67 inches (16.94 cm) | AMOLED,"AnTuTu Score 453,830","₹29,949"
Infinix Smart 7 HD,Unisoc SC9863A1,2 GB RAM | 64 GB Storage,8 MP + 0.08 MP Rear Camera,5 MP Front Camera,5000 mAh | 10W,6.6 inches (16.76 cm) | IPS LCD,"AnTuTu Score 101,464","₹6,199"
vivo T2x 6GB RAM,MediaTek Dimensity 6020,6 GB RAM | 128 GB Storage,50 MP + 2 MP Rear Camera,8 MP Front Camera,5000 mAh | 18W Fast Charging,6.58 inches (16.71 cm) | LCD,,"₹12,999"
Lava Yuva 2 Pro,MediaTek Helio G37,4 GB RAM | 64 GB Storage,13 MP + 0.3 MP + 0.3 MP Rear Camera,5 MP Front Camera,5000 mAh | 10W,6.5 inches (16.51 cm) | IPS LCD,"AnTuTu Score 123,326","₹6,348"
I Kall Z13,,4 GB RAM | 64 GB Storage,20 MP Rear Camera,13 MP Front Camera,5000 mAh,6.53 inches (16.59 cm) | IPS LCD,,"₹5,751"
vivo T1x 4G,Snapdragon 680,4 GB RAM | 64 GB Storage,50 MP + 2 MP Rear Camera,8 MP Front Camera,5000 mAh | 18W Fast Charging,6.58 inches (16.71 cm) | IPS LCD,,"₹11,999"
Infinix Note 12 Pro,MediaTek Dimensity 810,8 GB RAM | 128 GB Storage,108 MP + 2 MP + 2 MP Rear Camera,16 MP Front Camera,5000 mAh | 33W Fast Charging,6.7 inches (17.02 cm) | AMOLED,"AnTuTu Score 387,252","₹18,999"
OPPO A57 2022,MediaTek Helio G35,4 GB RAM | 64 GB Storage,13 MP + 2 MP Rear Camera,8 MP Front Camera,5000 mAh | 33W Super VOOC Charging,6.56 inches (16.66 cm) | IPS LCD,,"₹14,999"
vivo X80 5G 256GB,MediaTek Dimensity 9000,12 GB RAM | 256 GB Storage,50 MP + 12 MP + 12 MP Rear Camera,32 MP Front Camera,4500 mAh | 80W Fast Charging,6.78 inches (17.22 cm) | AMOLED,"AnTuTu Score 994,933","₹42,990"
Asus 8z,Snapdragon 888,8 GB RAM | 128 GB Storage,64 MP + 12 MP Rear Camera,12 MP Front Camera,4000 mAh | 30W Quick Charging,5.9 inches (14.99 cm) | AMOLED,"AnTuTu Score 755,552","₹48,999"
Xiaomi Redmi Note 11S 8GB RAM,MediaTek Helio G96,8 GB RAM | 128 GB Storage,108 MP + 8 MP + 2 MP + 2 MP Rear Camera,16 MP Front Camera,5000 mAh | 33W Fast Charging,6.43 inches (16.33 cm) | AMOLED,AnTuTu Score 0,"₹12,545"
BlackZone XR,,,2 MP Rear Camera,,3000 mAh,2.4 inches (6.1 cm) | TFT,,"₹1,899"
realme GT Master Edition 5G 256GB,Snapdragon 778G,8 GB RAM | 256 GB Storage,64 MP + 8 MP + 2 MP Rear Camera,32 MP Front Camera,4300 mAh | 65W Super Dart Charging,6.43 inches (16.33 cm) | Super AMOLED,AnTuTu Score 0,"₹19,999"
vivo Y72 5G,Snapdragon 480,8 GB RAM | 128 GB Storage,48 MP + 2 MP Rear Camera,8 MP Front Camera,5000 mAh | 18W Fast Charging,6.58 inches (16.71 cm) | IPS LCD,,"₹19,982"
vivo X60 Pro Plus,Snapdragon 888,12 GB RAM | 256 GB Storage,50 MP + 48 MP + 32 MP + 8 MP Rear Camera,32 MP Front Camera,4200 mAh | 55W Flash Charging,6.56 inches (16.66 cm) | AMOLED,"AnTuTu Score 681,107","₹56,358"
realme Narzo 30 Pro,MediaTek Dimensity 800U,6 GB RAM | 64 GB Storage,48 MP + 8 MP + 2 MP Rear Camera,16 MP Front Camera,5000 mAh | 30W Dart Charging,6.5 inches (16.51 cm) | IPS LCD,"AnTuTu Score 343,288","₹13,499"
Nokia 3.4,Snapdragon 460,4 GB RAM | 64 GB Storage,13 MP + 5 MP + 2 MP Rear Camera,8 MP Front Camera,4000 mAh,6.39 inches (16.23 cm) | IPS LCD,"AnTuTu Score 145,505","₹13,999"
Nokia 5.4,Snapdragon 662,4 GB RAM | 64 GB Storage,48 MP + 5 MP + 2 MP + 2 MP Rear Camera,16 MP Front Camera,4000 mAh | 10W,6.39 inches (16.23 cm) | IPS LCD,"AnTuTu Score 178,545","₹16,799"
vivo Y12s,MediaTek Helio P35,3 GB RAM | 32 GB Storage,13 MP + 2 MP Rear Camera,8 MP Front Camera,5000 mAh | 10W,6.51 inches (16.54 cm) | IPS LCD,"AnTuTu Score 108,715","₹10,039"
Tecno Pova 128GB,MediaTek Helio G80,6 GB RAM | 128 GB Storage,16 MP + 2 MP + 2 MP Rear Camera,8 MP Front Camera,6000 mAh | 18W Flash Charging,6.8 inches (17.27 cm) | IPS LCD,"AnTuTu Score 195,498","₹12,499"
OnePlus Nord 64GB,Snapdragon 765G,6 GB RAM | 64 GB Storage,48 MP + 8 MP + 5 MP + 2 MP Rear Camera,32 MP + 8 MP Front Camera,4115 mAh | 30W Warp Charging,6.44 inches (16.36 cm) | Fluid AMOLED,AnTuTu Score 0,"₹24,999"
vivo Y90,MediaTek Helio A22,2 GB RAM | 16 GB Storage,8 MP Rear Camera,5 MP Front Camera,4030 mAh,6.22 inches (15.8 cm) | IPS LCD,,"₹7,990"
Xiaomi Redmi K20,Snapdragon 730,6 GB RAM | 64 GB Storage,48 MP + 13 MP + 8 MP Rear Camera,20 MP Front Camera,4000 mAh | 18W Quick Charging,6.39 inches (16.23 cm) | AMOLED,"AnTuTu Score 209,539","₹22,999"
Nubia Red Magic 3 256GB,Snapdragon 855,12 GB RAM | 256 GB Storage,48 MP Rear Camera,16 MP Front Camera,5000 mAh | 18W Quick Charging,6.65 inches (16.89 cm) | AMOLED,"AnTuTu Score 358,802","₹49,999"
vivo Y15 2019,MediaTek Helio P22,4 GB RAM | 64 GB Storage,13 MP + 8 MP + 2 MP Rear Camera,16 MP Front Camera,5000 mAh,6.35 inches (16.13 cm) | IPS LCD,,"₹14,501"
vivo Y17,MediaTek Helio P35,4 GB RAM | 128 GB Storage,13 MP + 8 MP + 2 MP Rear Camera,20 MP Front Camera,5000 mAh | 18W Fast Charging,6.35 inches (16.13 cm) | IPS LCD,,"₹18,990"
Apple iPhone 8,Apple A11 Bionic,2 GB RAM | 64 GB Storage,12 MP Rear Camera,7 MP Front Camera,1821 mAh Fast Charging,4.7 inches (11.94 cm) | IPS LCD,"AnTuTu Score 355,121","₹39,900"
Sony Xperia XA1 Plus 32GB,MediaTek MT6757,4 GB RAM | 32 GB Storage,23 MP Rear Camera,8 MP Front Camera,3430 mAh Quick Charging,5.5 inches (13.97 cm) | IPS LCD,,"₹19,990"
Samsung Galaxy S8,Samsung Exynos 9 Octa 8895,4 GB RAM | 64 GB Storage,12 MP Rear Camera,8 MP Front Camera,3000 mAh Fast Charging,5.8 inches (14.73 cm) | Super AMOLED,,"₹49,990"
Samsung Galaxy S8 Plus,Samsung Exynos 9 Octa 8895,4 GB RAM | 64 GB Storage,12 MP Rear Camera,8 MP Front Camera,3500 mAh | 15W Fast Charging,6.2 inches (15.75 cm) | Super AMOLED,,"₹53,990"
Itel Zeno 100,Unisoc T7100,3 GB RAM | 64 GB Storage,8 MP Rear Camera,5 MP Front Camera,5000 mAh,6.6 inches (16.76 cm) | IPS LCD,,"₹8,699"
Tecno Pova 7 5G 256GB,MediaTek Dimensity 7300 Ultimate,8 GB RAM | 256 GB Storage,50 MP Rear Camera,13 MP Front Camera,6000 mAh | 45W Fast Charging,6.78 inches (17.22 cm) | LTPS IPS,"AnTuTu Score 676,261","₹15,999"
Lava Storm Lite,MediaTek Dimensity 6400,4 GB RAM | 64 GB Storage,50 MP Rear Camera,5 MP Front Camera,5000 mAh | 15W Fast Charging,6.74 inches (17.12 cm) | IPS LCD,,"₹10,358"
Lava Bold N1,Unisoc SC9863A,4 GB RAM | 64 GB Storage,13 MP Rear Camera,5 MP Front Camera,5000 mAh | 10W,6.74 inches (17.12 cm) | IPS LCD,"AnTuTu Score 146,647","₹7,499"
realme Narzo 80X 8GB RAM,MediaTek Dimensity 6400,8 GB RAM | 128 GB Storage,50 MP + 2 MP Rear Camera,8 MP Front Camera,6000 mAh | 45W Super VOOC Charging,6.72 inches (17.07 cm) | IPS LCD,,"₹12,446"
realme P2 Pro 512GB,Snapdragon 7s Gen 2,12 GB RAM | 512 GB Storage,50 MP + 8 MP Rear Camera,32 MP Front Camera,5200 mAh | 80W Super VOOC Charging,6.7 inches (17.02 cm) | OLED,"AnTuTu Score 670,441","₹23,999"
Itel A50,Unisoc T603,3 GB RAM | 64 GB Storage,8 MP Rear Camera,5 MP Front Camera,5000 mAh | 10W,6.6 inches (16.76 cm) | IPS LCD,"AnTuTu Score 151,010","₹6,149"
Itel A50C,Unisoc T603,2 GB RAM | 32 GB Storage,8 MP Rear Camera,5 MP Front Camera,4000 mAh | 10W,6.6 inches (16.76 cm) | IPS LCD,,"₹5,739"
realme Narzo 70x 5G 8GB RAM,MediaTek Dimensity 6100 Plus,8 GB RAM | 128 GB Storage,50 MP + 2 MP Rear Camera,8 MP Front Camera,5000 mAh | 45W Super VOOC Charging,6.72 inches (17.07 cm) | IPS LCD,,"₹12,741"
Infinix GT 20 Pro 5G 12GB RAM,MediaTek Dimensity 8200 Ultimate,12 GB RAM | 256 GB Storage,108 MP + 2 MP + 2 MP Rear Camera,32 MP Front Camera,5000 mAh | 45W Fast Charging,6.78 inches (17.22 cm) | AMOLED,,"₹26,999"
realme C65 5G 128GB,MediaTek Dimensity 6300,4 GB RAM | 128 GB Storage,50 MP Rear Camera,8 MP Front Camera,5000 mAh | 15W Quick Charging,6.67 inches (16.94 cm) | IPS LCD,"AnTuTu Score 433,932","₹10,580"
realme 12 Pro Plus 12GB RAM,Snapdragon 7s Gen 2,12 GB RAM | 256 GB Storage,50 MP + 8 MP + 64 MP Rear Camera,32 MP Front Camera,5000 mAh | 67W Super VOOC Charging,6.7 inches (17.02 cm) | AMOLED,,"₹23,999"
Nokia G42,Snapdragon 480 Plus,6 GB RAM | 128 GB Storage,50 MP + 2 MP + 2 MP Rear Camera,8 MP Front Camera,5000 mAh | 20W Fast Charging,6.56 inches (16.66 cm) | IPS LCD,,"₹12,999"
Itel Power 900,,,0.3 MP Rear Camera,,10000 mAh | 10W,2.8 inches (7.11 cm) | TFT,,"₹1,999"
iQOO Z7s 5G 8GB RAM,Snapdragon 695,8 GB RAM | 128 GB Storage,64 MP + 2 MP Rear Camera,16 MP Front Camera,4500 mAh | 44W Flash Charging,6.38 inches (16.21 cm) | AMOLED,,"₹17,195"
realme Narzo N55,MediaTek Helio G88,4 GB RAM | 64 GB Storage,64 MP + 2 MP Rear Camera,8 MP Front Camera,5000 mAh | 33W Super VOOC Charging,6.72 inches (17.07 cm) | IPS LCD,AnTuTu Score 0,"₹10,830"
iQOO Z6 Lite 5G 128GB,Snapdragon 4 Gen 1,6 GB RAM | 128 GB Storage,50 MP + 2 MP Rear Camera,8 MP Front Camera,5000 mAh | 18W Fast Charging,6.58 inches (16.71 cm) | IPS LCD,,"₹11,999"
Infinix Note 12 Pro 4G,MediaTek Helio G99,8 GB RAM | 256 GB Storage,108 MP + 2 MP Rear Camera,16 MP Front Camera,5000 mAh | 33W Fast Charging,6.7 inches (17.02 cm) | AMOLED,"AnTuTu Score 380,698","₹16,999"
Itel Magic X,Unisoc T107,48 MB RAM | 128 MB Storage,0.3 MP Rear Camera,,1200 mAh,2.4 inches (6.1 cm) | TFT,,"₹2,890"
Nokia G21 128GB,Unisoc T606,6 GB RAM | 128 GB Storage,50 MP + 2 MP + 2 MP Rear Camera,8 MP Front Camera,5050 mAh | 18W Fast Charging,6.5 inches (16.51 cm) | IPS LCD,"AnTuTu Score 197,913","₹16,999"
Nokia C01 Plus 32GB,Unisoc SC9863A,2 GB RAM | 32 GB Storage,5 MP Rear Camera,5 MP Front Camera,3000 mAh,5.45 inches (13.84 cm) | IPS LCD,,"₹7,999"
POCO M4 Pro 128GB,MediaTek Helio G96,6 GB RAM | 128 GB Storage,64 MP + 8 MP + 2 MP Rear Camera,16 MP Front Camera,5000 mAh | 33W Fast Charging,6.43 inches (16.33 cm) | AMOLED,"AnTuTu Score 309,983","₹9,999"
Samsung Galaxy S22 Ultra 512GB,Snapdragon 8 Gen 1,12 GB RAM | 512 GB Storage,108 MP + 12 MP + 10 MP + 10 MP Rear Camera,40 MP Front Camera,5000 mAh | 45W Fast Charging,6.8 inches (17.27 cm) | Dynamic AMOLED 2x,"AnTuTu Score 912,577","₹99,999"
Xiaomi Redmi Note 11S 128GB,MediaTek Helio G96,6 GB RAM | 128 GB Storage,108 MP + 8 MP + 2 MP + 2 MP Rear Camera,16 MP Front Camera,5000 mAh | 33W Fast Charging,6.43 inches (16.33 cm) | AMOLED,"AnTuTu Score 302,056","₹10,899"
realme Narzo 50i,Unisoc SC9863A,2 GB RAM | 32 GB Storage,8 MP Rear Camera,5 MP Front Camera,5000 mAh | 10W,6.5 inches (16.51 cm) | IPS LCD,"AnTuTu Score 121,181","₹6,299"
Apple iPhone 13 Pro Max 256GB,Apple A15 Bionic,6 GB RAM | 256 GB Storage,12 MP + 12 MP + 12 MP Rear Camera,12 MP Front Camera,4352 mAh | 20W Fast Charging,6.7 inches (17.02 cm) | Super Retina XDR,"AnTuTu Score 846,870","₹139,900"
vivo V21e 5G,MediaTek Dimensity 700,8 GB RAM | 128 GB Storage,64 MP + 8 MP Rear Camera,32 MP Front Camera,4000 mAh | 44W Flash Charging,6.44 inches (16.36 cm) | AMOLED,"AnTuTu Score 341,089","₹24,982"
iQOO 7 12GB RAM,Snapdragon 870,12 GB RAM | 256 GB Storage,48 MP + 13 MP + 2 MP Rear Camera,16 MP Front Camera,4400 mAh | 66W Flash Charging,6.62 inches (16.81 cm) | AMOLED,"AnTuTu Score 632,841","₹26,499"
Nokia 5.4 6GB RAM,Snapdragon 662,6 GB RAM | 64 GB Storage,48 MP + 5 MP + 2 MP + 2 MP Rear Camera,16 MP Front Camera,4000 mAh | 10W,6.39 inches (16.23 cm) | IPS LCD,"AnTuTu Score 178,545","₹18,499"
Samsung Galaxy M02s,Snapdragon 450,3 GB RAM | 32 GB Storage,13 MP + 2 MP + 2 MP Rear Camera,5 MP Front Camera,5000 mAh | 15W Fast Charging,6.5 inches (16.51 cm) | PLS TFT LCD,"AnTuTu Score 93,583","₹9,923"
Apple iPhone 12 Pro Max 256GB,Apple A14 Bionic,6 GB RAM | 256 GB Storage,12 MP + 12 MP + 12 MP Rear Camera,12 MP Front Camera,3687 mAh | 20W Fast Charging,6.7 inches (17.02 cm) | Super Retina XDR,AnTuTu Score 0,"₹129,900"
Lava Pulse,,,0.3 MP Rear Camera,,1750 mAh,2.4 inches (6.1 cm) | TFT,,"₹1,949"
realme 6 6GB RAM,MediaTek Helio G90T,6 GB RAM | 64 GB Storage,64 MP + 8 MP + 2 MP + 2 MP Rear Camera,16 MP Front Camera,4300 mAh | 30W Flash Charging,6.5 inches (16.51 cm) | IPS LCD,"AnTuTu Score 290,483","₹12,999"
OnePlus 7T Pro McLaren Edition,Snapdragon 855 Plus,12 GB RAM | 256 GB Storage,48 MP + 16 MP + 8 MP Rear Camera,16 MP Front Camera,4085 mAh | 30W Warp Charging,6.67 inches (16.94 cm) | Fluid AMOLED,"AnTuTu Score 483,785","₹50,900"
Motorola One Macro,MediaTek Helio P70,4 GB RAM | 64 GB Storage,13 MP + 2 MP + 2 MP Rear Camera,8 MP Front Camera,4000 mAh | 10W Rapid Charging,6.2 inches (15.75 cm) | IPS LCD,"AnTuTu Score 159,825","₹11,999"
Lenovo K10 Note,Snapdragon 710,4 GB RAM | 64 GB Storage,16 MP + 8 MP + 5 MP Rear Camera,16 MP Front Camera,4050 mAh Fast Charging,6.39 inches (16.23 cm) | IPS LCD,"AnTuTu Score 169,246","₹16,999"
realme 3i,MediaTek Helio P60,3 GB RAM | 32 GB Storage,13 MP + 2 MP Rear Camera,13 MP Front Camera,4230 mAh,6.22 inches (15.8 cm) | IPS LCD,"AnTuTu Score 133,123","₹8,999"
Xiaomi Redmi 6 Pro 64GB,Snapdragon 625,4 GB RAM | 64 GB Storage,12 MP + 5 MP Rear Camera,5 MP Front Camera,4000 mAh,5.84 inches (14.83 cm) | IPS LCD,,"₹8,499"
Samsung Galaxy A6 64GB,Samsung Exynos 7 Octa 7870,4 GB RAM | 64 GB Storage,16 MP Rear Camera,16 MP Front Camera,3000 mAh,5.6 inches (14.22 cm) | Super AMOLED,,"₹25,500"
Samsung Galaxy J6,Samsung Exynos 7 Octa 7870,3 GB RAM | 32 GB Storage,13 MP Rear Camera,8 MP Front Camera,3000 mAh,5.6 inches (14.22 cm) | Super AMOLED,"AnTuTu Score 68,465","₹11,500"
iVooMi i2,MediaTek MT6739,3 GB RAM | 32 GB Storage,13 MP + 2 MP Rear Camera,8 MP Front Camera,4000 mAh,5.45 inches (13.84 cm) | IPS LCD,,"₹8,999"
Sony Xperia XZ1,Snapdragon 835,4 GB RAM | 64 GB Storage,19 MP Rear Camera,13 MP Front Camera,2700 mAh Quick Charging,5.2 inches (13.21 cm) | IPS LCD,,"₹44,990"
HTC Desire 828 Dual SIM,MediaTek MT6753,2 GB RAM | 16 GB Storage,13 MP Rear Camera,4 UP Front Camera,2800 mAh,5.5 inches (13.97 cm) | IPS LCD,,"₹15,490"
Apple iPhone 6s 128GB,Apple A9,2 GB RAM | 128 GB Storage,12 MP Rear Camera,5 MP Front Camera,1715 mAh,4.7 inches (11.94 cm) | IPS LCD,,"₹55,999"
Xiaomi Redmi 2 Prime,Snapdragon 410,2 GB RAM | 16 GB Storage,8 MP Rear Camera,2 MP Front Camera,2200 mAh Quick Charging,4.7 inches (11.94 cm) | IPS LCD,,"₹6,999"
Apple iPhone 5c 8GB,Apple A6,1 GB RAM | 8 GB Storage,8 MP Rear Camera,1.2 MP Front Camera,1510 mAh,4.0 inches (10.16 cm) | IPS LCD,,"₹14,999"
Sony Xperia Z3,Snapdragon 801,3 GB RAM | 16 GB Storage,20.7 MP Rear Camera,2.2 MP Front Camera,3100 mAh Quick Charging,5.2 inches (13.21 cm) | IPS LCD,,"₹41,990"
LG Optimus G Pro,Snapdragon S4 Pro,2 GB RAM | 16 GB Storage,13 MP Rear Camera,2.1 MP Front Camera,3140 mAh,5.5 inches (13.97 cm) | IPS LCD,,"₹29,999"
Lava Yuva Smart 2,Unisoc 9863A,3 GB RAM | 64 GB Storage,13 MP Rear Camera,5 MP Front Camera,5000 mAh,6.75 inches (17.15 cm) | LCD,,"₹7,549"
realme 15 Pro 512GB 12GB RAM,Snapdragon 7 Gen 4,12 GB RAM | 512 GB Storage,50 MP + 50 MP Rear Camera,50 MP Front Camera,7000 mAh | 80W Ultra Charging,6.8 inches (17.27 cm) | AMOLED,,"₹35,249"
Samsung Galaxy Z Flip7 FE,Samsung Exynos 2400 S5E9945,8 GB RAM | 128 GB Storage,50 MP + 12 MP Rear Camera,10 MP Front Camera,4000 mAh | 25W Fast Charging,6.7 inches (17.02 cm) | Dynamic AMOLED 2x (Main Display),,"₹89,999"
OPPO Reno14 Pro 512GB,MediaTek Dimensity 8450,12 GB RAM | 512 GB Storage,50 MP + 50 MP + 50 MP Rear Camera,50 MP Front Camera,6200 mAh | 80W Super VOOC Charging,6.83 inches (17.35 cm) | OLED,"AnTuTu Score 1,617,077","₹60,999"
realme Narzo 80 Pro 12GB RAM,MediaTek Dimensity 7400,12 GB RAM | 256 GB Storage,50 MP + 2 MP Rear Camera,16 MP Front Camera,6000 mAh | 80W Super VOOC Charging,6.7 inches (17.02 cm) | OLED,"AnTuTu Score 711,323","₹22,450"
vivo Y39 256GB,Snapdragon 4 Gen 2,8 GB RAM | 256 GB Storage,50 MP + 2 MP Rear Camera,8 MP Front Camera,6500 mAh | 44W Flash Charging,6.68 inches (16.97 cm) | LCD,,"₹18,999"
Tecno Pop 9 8GB RAM,MediaTek Dimensity 6300,8 GB RAM | 128 GB Storage,48 MP Rear Camera,8 MP Front Camera,5000 mAh | 18W Fast Charging,6.67 inches (16.94 cm) | IPS LCD,,"₹10,299"
vivo X200 512GB,MediaTek Dimensity 9400,16 GB RAM | 512 GB Storage,50 MP + 50 MP + 50 MP Rear Camera,32 MP Front Camera,5800 mAh | 90W Flash Charging,6.67 inches (16.94 cm) | AMOLED,"AnTuTu Score 2,537,181","₹60,999"
Oukitel WP50,MediaTek Dimensity 6100 Plus,4 GB RAM | 256 GB Storage,48 MP + 2 MP + 0.3 MP Rear Camera,8 MP Front Camera,6500 mAh | 18W Fast Charging,6.6 inches (16.76 cm) | IPS LCD,,"₹26,778"
Apple iPhone 16 Pro 256GB,Apple A18 Pro,8 GB RAM | 256 GB Storage,48 MP + 48 MP + 12 MP Rear Camera,12 MP Front Camera,3582 mAh | 20W Fast Charging,6.3 inches (16 cm) | Super Retina XDR,"AnTuTu Score 1,747,550","₹119,900"
Itel A50 4GB RAM,Unisoc T603,4 GB RAM | 64 GB Storage,8 MP Rear Camera,5 MP Front Camera,5000 mAh | 10W,6.6 inches (16.76 cm) | IPS LCD,"AnTuTu Score 151,010","₹6,090"
realme 13 Pro 512GB,Snapdragon 7s Gen 2,12 GB RAM | 512 GB Storage,50 MP + 8 MP + 2 MP Rear Camera,32 MP Front Camera,5200 mAh | 45W Super VOOC Charging,6.7 inches (17.02 cm) | AMOLED,"AnTuTu Score 664,130","₹26,775"
realme 13 Pro Plus 512GB,Snapdragon 7s Gen 2,12 GB RAM | 512 GB Storage,50 MP + 8 MP + 50 MP Rear Camera,32 MP Front Camera,5200 mAh | 80W Super VOOC Charging,6.7 inches (17.02 cm) | OLED,"AnTuTu Score 617,481","₹28,999"
Infinix Smart 8 HD 4GB RAM,Unisoc T606,4 GB RAM | 64 GB Storage,13 MP + 0.08 MP Rear Camera,8 MP Front Camera,5000 mAh | 10W,6.6 inches (16.76 cm) | IPS LCD,,"₹6,999"
Itel P55 8GB RAM,Unisoc T606,8 GB RAM | 128 GB Storage,50 MP + 0.08 MP Rear Camera,8 MP Front Camera,5000 mAh | 18W Fast Charging,6.6 inches (16.76 cm) | IPS LCD,"AnTuTu Score 249,328","₹8,299"
POCO X6 5G 512GB,Snapdragon 7s Gen 2,12 GB RAM | 512 GB Storage,64 MP + 8 MP + 2 MP Rear Camera,16 MP Front Camera,5100 mAh | 67W Turbo Charging,6.67 inches (16.94 cm) | AMOLED,"AnTuTu Score 593,702","₹24,999"
OPPO A59 5G 6GB RAM,MediaTek Dimensity 6020,6 GB RAM | 128 GB Storage,13 MP + 2 MP Rear Camera,8 MP Front Camera,5000 mAh | 33W Super VOOC Charging,6.56 inches (16.66 cm) | IPS LCD,,"₹16,410"
Lava Blaze 2 5G,MediaTek Dimensity 6020,4 GB RAM | 64 GB Storage,50 MP + 0.08 MP Rear Camera,8 MP Front Camera,5000 mAh | 18W Fast Charging,6.56 inches (16.66 cm) | IPS LCD,,"₹8,499"
OPPO Find N3 Flip,MediaTek Dimensity 9200,12 GB RAM | 256 GB Storage,50 MP + 48 MP + 32 MP Rear Camera,32 MP Front Camera,4300 mAh | 44W Super VOOC Charging,6.8 inches (17.27 cm) | AMOLED (Main Display),"AnTuTu Score 997,512","₹48,990"
Itel P55 5G 128GB,MediaTek Dimensity 6080,6 GB RAM | 128 GB Storage,50 MP + 0.08 MP Rear Camera,8 MP Front Camera,5000 mAh | 18W Fast Charging,6.6 inches (16.76 cm) | IPS LCD,"AnTuTu Score 404,880","₹9,095"
vivo Y17s,MediaTek Helio G85,4 GB RAM | 64 GB Storage,50 MP + 2 MP Rear Camera,8 MP Front Camera,5000 mAh | 15W Fast Charging,6.56 inches (16.66 cm) | IPS LCD,,"₹9,499"
Apple iPhone 15 Plus 256GB,Apple A16 Bionic,6 GB RAM | 256 GB Storage,48 MP + 12 MP Rear Camera,12 MP Front Camera,4383 mAh | 20W Fast Charging,6.7 inches (17.02 cm) | Super Retina XDR,"AnTuTu Score 1,302,867","₹79,900"
vivo V29e 256GB,Snapdragon 695,8 GB RAM | 256 GB Storage,64 MP + 8 MP Rear Camera,50 MP Front Camera,5000 mAh | 44W Flash Charging,6.78 inches (17.22 cm) | AMOLED,"AnTuTu Score 447,351","₹27,991"
Xiaomi Redmi Note 12 4G 128GB,Snapdragon 685,6 GB RAM | 128 GB Storage,50 MP + 8 MP + 2 MP Rear Camera,13 MP Front Camera,5000 mAh | 33W Fast Charging,6.67 inches (16.94 cm) | Super AMOLED,,"₹12,499"
POCO X5 256GB,Snapdragon 695,8 GB RAM | 256 GB Storage,48 MP + 8 MP + 2 MP Rear Camera,13 MP Front Camera,5000 mAh | 33W Fast Charging,6.67 inches (16.94 cm) | Super AMOLED,"AnTuTu Score 401,418","₹14,499"
Samsung Galaxy A34 256GB,MediaTek Dimensity 1080,8 GB RAM | 256 GB Storage,48 MP + 8 MP + 5 MP Rear Camera,13 MP Front Camera,5000 mAh | 25W Fast Charging,6.6 inches (16.76 cm) | Super AMOLED,,"₹25,499"
OPPO A55 4G 4GB RAM,MediaTek Helio G35,4 GB RAM | 128 GB Storage,50 MP + 2 MP + 2 MP Rear Camera,16 MP Front Camera,5000 mAh | 18W Fast Charging,6.51 inches (16.54 cm) | IPS LCD,,"₹18,990"
realme Narzo 50i Prime,Unisoc T612,3 GB RAM | 32 GB Storage,8 MP Rear Camera,5 MP Front Camera,5000 mAh | 10W,6.5 inches (16.51 cm) | IPS LCD,AnTuTu Score 0,"₹6,999"
Apple iPhone 14 Pro 256GB,Apple A16 Bionic,6 GB RAM | 256 GB Storage,48 MP + 12 MP + 12 MP Rear Camera,12 MP Front Camera,3200 mAh | 20W Fast Charging,6.1 inches (15.49 cm) | Super Retina XDR,,"₹129,900"
Lava Blaze,MediaTek Helio A22,3 GB RAM | 64 GB Storage,13 MP + 2 MP Rear Camera,8 MP Front Camera,5000 mAh | 10W,6.51 inches (16.54 cm) | IPS LCD,"AnTuTu Score 99,846","₹9,699"
POCO F4 5G 256GB,Snapdragon 870,12 GB RAM | 256 GB Storage,64 MP + 8 MP + 2 MP Rear Camera,20 MP Front Camera,4500 mAh | 67W Sonic Charging,6.67 inches (16.94 cm) | AMOLED,,"₹33,999"
Moto G22,MediaTek Helio G37,4 GB RAM | 64 GB Storage,50 MP + 8 MP + 2 MP + 2 MP Rear Camera,16 MP Front Camera,5000 mAh | 20W Turbo Power Charging,6.5 inches (16.51 cm) | IPS LCD,"AnTuTu Score 114,996","₹9,999"
Moto E32s,MediaTek Helio G37,3 GB RAM | 32 GB Storage,16 MP + 2 MP + 2 MP Rear Camera,8 MP Front Camera,5000 mAh | 15W Fast Charging,6.5 inches (16.51 cm) | IPS LCD,"AnTuTu Score 115,667","₹5,799"
iQOO Z6 Pro 8GB RAM,Snapdragon 778G,8 GB RAM | 128 GB Storage,64 MP + 8 MP + 2 MP Rear Camera,16 MP Front Camera,4700 mAh | 66W Flash Charging,6.44 inches (16.36 cm) | AMOLED,AnTuTu Score 0,"₹18,200"
iQOO Z6 4G 6GB RAM,Snapdragon 680,6 GB RAM | 128 GB Storage,50 MP + 2 MP + 2 MP Rear Camera,16 MP Front Camera,5000 mAh | 44W Flash Charging,6.44 inches (16.36 cm) | AMOLED,AnTuTu Score 0,"₹11,590"
realme 9 8GB RAM,Snapdragon 680,8 GB RAM | 128 GB Storage,108 MP + 8 MP + 2 MP Rear Camera,16 MP Front Camera,5000 mAh | 33W Dart Charging,6.4 inches (16.26 cm) | Super AMOLED,AnTuTu Score 0,"₹13,999"
POCO M4 Pro 5G 8GB RAM,MediaTek Dimensity 810,8 GB RAM | 128 GB Storage,50 MP + 8 MP Rear Camera,16 MP Front Camera,5000 mAh | 33W Fast Charging,6.6 inches (16.76 cm) | IPS LCD,,"₹14,999"
Infinix Zero 5G,MediaTek Dimensity 900,8 GB RAM | 128 GB Storage,48 MP + 13 MP + 2 MP Rear Camera,16 MP Front Camera,5000 mAh | 33W Fast Charging,6.78 inches (17.22 cm) | IPS LCD,"AnTuTu Score 457,966","₹19,999"
OnePlus 9 RT 256GB,Snapdragon 888,12 GB RAM | 256 GB Storage,50 MP + 16 MP + 2 MP Rear Camera,16 MP Front Camera,4500 mAh | 65W Warp Charging,6.62 inches (16.81 cm) | AMOLED,"AnTuTu Score 795,111","₹28,980"
Moto A70,,4 MB RAM | 4 MB Storage,0.3 MP Rear Camera,,1750 mAh,2.4 inches (6.1 cm) | TFT,,"₹2,320"
Itel A26,Unisoc SC9832E,2 GB RAM | 32 GB Storage,5 MP Rear Camera,2 MP Front Camera,3020 mAh,5.7 inches (14.48 cm) | IPS LCD,,"₹5,470"
Apple iPhone 13 256GB,Apple A15 Bionic,4 GB RAM | 256 GB Storage,12 MP + 12 MP Rear Camera,12 MP Front Camera,3227 mAh | 20W Fast Charging,6.1 inches (15.49 cm) | Super Retina XDR,,"₹59,900"
Samsung Galaxy M32 5G,MediaTek Dimensity 720,6 GB RAM | 128 GB Storage,48 MP + 8 MP + 5 MP + 2 MP Rear Camera,13 MP Front Camera,5000 mAh | 15W Fast Charging,6.5 inches (16.51 cm) | TFT,"AnTuTu Score 299,628","₹14,999"
vivo Y33s,MediaTek Helio G80,8 GB RAM | 128 GB Storage,50 MP + 2 MP + 2 MP Rear Camera,16 MP Front Camera,5000 mAh | 18W Fast Charging,6.58 inches (16.71 cm) | IPS LCD,"AnTuTu Score 249,714","₹16,499"
vivo Y21 2021 128GB,MediaTek Helio P35,4 GB RAM | 128 GB Storage,13 MP + 2 MP Rear Camera,8 MP Front Camera,5000 mAh | 18W Fast Charging,6.51 inches (16.54 cm) | IPS LCD,,"₹17,990"
Infinix Note 10,MediaTek Helio G85,4 GB RAM | 64 GB Storage,48 MP + 2 MP + 2 MP Rear Camera,16 MP Front Camera,5000 mAh | 18W Fast Charging,6.95 inches (17.65 cm) | IPS LCD,"AnTuTu Score 204,003","₹10,999"
OnePlus Nord CE 5G 8GB RAM,Snapdragon 750G,8 GB RAM | 128 GB Storage,64 MP + 8 MP + 2 MP Rear Camera,16 MP Front Camera,4500 mAh | 30W Warp Charging,6.43 inches (16.33 cm) | Fluid AMOLED,AnTuTu Score 0,"₹21,999"
Samsung Galaxy F02s,Snapdragon 450,3 GB RAM | 32 GB Storage,13 MP + 2 MP + 2 MP Rear Camera,5 MP Front Camera,5000 mAh | 15W Fast Charging,6.5 inches (16.51 cm) | PLS TFT LCD,,"₹6,619"
Xiaomi Redmi Note 10 Pro Max 8GB RAM,Snapdragon 732G,8 GB RAM | 128 GB Storage,108 MP + 8 MP + 5 MP + 2 MP Rear Camera,16 MP Front Camera,5020 mAh | 33W Fast Charging,6.67 inches (16.94 cm) | Super AMOLED,"AnTuTu Score 269,467","₹24,999"
Xiaomi Redmi Note 10 128GB,Snapdragon 678,6 GB RAM | 128 GB Storage,48 MP + 8 MP + 2 MP + 2 MP Rear Camera,13 MP Front Camera,5000 mAh | 33W Fast Charging,6.43 inches (16.33 cm) | Super AMOLED,"AnTuTu Score 238,519","₹16,990"
TCL L7,Snapdragon 215,2 GB RAM | 32 GB Storage,8 MP Rear Camera,5 MP Front Camera,3000 mAh,5.5 inches (13.97 cm) | IPS LCD,,"₹4,890"
Asus ROG Phone 5 Ultimate,Snapdragon 888,18 GB RAM | 512 GB Storage,64 MP + 13 MP + 5 MP Rear Camera,24 MP Front Camera,6000 mAh | 65W Hyper Charging,6.78 inches (17.22 cm) | AMOLED,,"₹85,999"
Itel A47,,2 GB RAM | 32 GB Storage,5 MP + 0.3 MP Rear Camera,5 MP Front Camera,3020 mAh,5.5 inches (13.97 cm) | IPS LCD,,"₹4,890"
Xiaomi Mi 10i 8GB RAM,Snapdragon 750G,8 GB RAM | 128 GB Storage,108 MP + 8 MP + 2 MP + 2 MP Rear Camera,16 MP Front Camera,4820 mAh | 33W Fast Charging,6.67 inches (16.94 cm) | IPS LCD,"AnTuTu Score 328,730","₹18,999"
Tecno Spark 6 Go,MediaTek Helio A25,4 GB RAM | 64 GB Storage,13 MP + 0.08 MP Rear Camera,8 MP Front Camera,5000 mAh,6.52 inches (16.56 cm) | TFT,,"₹9,049"
Apple iPhone 12 Mini 128GB,Apple A14 Bionic,4 GB RAM | 128 GB Storage,12 MP + 12 MP Rear Camera,12 MP Front Camera,2227 mAh | 20W Fast Charging,5.4 inches (13.72 cm) | Super Retina XDR,AnTuTu Score 0,"₹64,900"
Tecno Camon 16,MediaTek Helio G70,4 GB RAM | 64 GB Storage,64 MP + 2 MP + 2 MP Rear Camera,16 MP Front Camera,5000 mAh | 18W Flash Charging,6.8 inches (17.27 cm) | TFT,,"₹11,449"
POCO C3,MediaTek Helio G35,3 GB RAM | 32 GB Storage,13 MP + 2 MP + 2 MP Rear Camera,5 MP Front Camera,5000 mAh | 10W,6.53 inches (16.59 cm) | IPS LCD,"AnTuTu Score 98,021","₹7,499"
Tecno Spark Power 2 Air,MediaTek Helio A22,3 GB RAM | 32 GB Storage,13 MP + 2 MP + 2 MP Rear Camera,8 MP Front Camera,6000 mAh,7.0 inches (17.78 cm) | IPS LCD,,"₹8,499"
POCO M2 128GB,MediaTek Helio G80,6 GB RAM | 128 GB Storage,13 MP + 8 MP + 5 MP + 2 MP Rear Camera,8 MP Front Camera,5000 mAh | 18W Fast Charging,6.53 inches (16.59 cm) | IPS LCD,"AnTuTu Score 251,390","₹12,499"
Asus ROG Phone 3,Snapdragon 865 Plus,8 GB RAM | 128 GB Storage,64 MP + 13 MP + 5 MP Rear Camera,24 MP Front Camera,6000 mAh | 30W Hyper Charging,6.59 inches (16.74 cm) | AMOLED,"AnTuTu Score 614,628","₹55,999"
Honor 9S,MediaTek Helio P22,2 GB RAM | 32 GB Storage,8 MP Rear Camera,5 MP Front Camera,3020 mAh,5.45 inches (13.84 cm) | TFT LCD,,"₹7,999"
Tecno Spark 6 Air,MediaTek Helio A22,2 GB RAM | 32 GB Storage,13 MP + 2 MP Rear Camera,8 MP Front Camera,6000 mAh,7.0 inches (17.78 cm) | IPS LCD,,"₹8,999"
Samsung Galaxy M01 Core,MediaTek MT6739,1 GB RAM | 16 GB Storage,8 MP Rear Camera,5 MP Front Camera,3000 mAh,5.3 inches (13.46 cm) | PLS TFT LCD,"AnTuTu Score 38,773","₹6,998"
Samsung Galaxy M11,Snapdragon 450,3 GB RAM | 32 GB Storage,13 MP + 5 MP + 2 MP Rear Camera,8 MP Front Camera,5000 mAh | 15W Fast Charging,6.4 inches (16.26 cm) | PLS TFT LCD,,"₹12,999"
Motorola Razr 2019,Snapdragon 710,6 GB RAM | 128 GB Storage,16 MP Rear Camera,5 MP Front Camera,2510 mAh | 15W Turbo Power Charging,6.2 inches (15.75 cm) | P-OLED (Main Display),,"₹149,999"
Samsung Galaxy M21 128GB,Samsung Exynos 9 Octa 9611,6 GB RAM | 128 GB Storage,48 MP + 8 MP + 5 MP Rear Camera,20 MP Front Camera,6000 mAh | 15W Fast Charging,6.4 inches (16.26 cm) | Super AMOLED,"AnTuTu Score 168,633","₹16,499"
Huawei P30 Lite 6GB RAM,HiSilicon Kirin,6 GB RAM | 128 GB Storage,24 MP + 8 MP + 2 MP Rear Camera,32 MP Front Camera,3340 mAh Fast Charging,6.15 inches (15.62 cm) | IPS LCD,,"₹25,990"
realme 6 Pro 128GB,Snapdragon 720G,6 GB RAM | 128 GB Storage,64 MP + 8 MP + 12 MP + 2 MP Rear Camera,16 MP + 8 MP Front Camera,4300 mAh | 30W Flash Charging,6.6 inches (16.76 cm) | IPS LCD,"AnTuTu Score 285,167","₹18,900"
Samsung Galaxy A20s,Snapdragon 450,3 GB RAM | 32 GB Storage,13 MP + 8 MP + 5 MP Rear Camera,8 MP Front Camera,4000 mAh | 15W Fast Charging,6.5 inches (16.51 cm) | TFT,,"₹12,900"
Huawei Y9 Prime 2019,HiSilicon Kirin,4 GB RAM | 128 GB Storage,16 MP + 8 MP + 2 MP Rear Camera,16 MP Front Camera,4000 mAh,6.59 inches (16.74 cm) | TFT LCD,,"₹19,990"
Xiaomi Redmi K20 Pro 256GB,Snapdragon 855,8 GB RAM | 256 GB Storage,48 MP + 13 MP + 8 MP Rear Camera,20 MP Front Camera,4000 mAh | 27W Quick Charging,6.39 inches (16.23 cm) | AMOLED,"AnTuTu Score 373,945","₹20,999"
LG W30,MediaTek Helio P22,3 GB RAM | 32 GB Storage,12 MP + 13 MP + 2 MP Rear Camera,16 MP Front Camera,4000 mAh,6.26 inches (15.9 cm) | IPS LCD,"AnTuTu Score 77,145","₹10,990"
Nokia 2.2,MediaTek Helio A22,2 GB RAM | 16 GB Storage,13 MP Rear Camera,5 MP Front Camera,3000 mAh,5.71 inches (14.5 cm) | IPS LCD,"AnTuTu Score 65,184","₹8,599"
vivo Y91 3GB RAM,Snapdragon 439,3 GB RAM | 32 GB Storage,13 MP + 2 MP Rear Camera,8 MP Front Camera,4030 mAh,6.22 inches (15.8 cm) | IPS LCD,,"₹10,990"
LG V40 ThinQ,Snapdragon 845,6 GB RAM | 128 GB Storage,12 MP + 16 MP + 12 MP Rear Camera,8 MP + 5 MP Front Camera,3300 mAh Quick Charging,6.4 inches (16.26 cm) | OLED,,"₹60,000"
Samsung Galaxy J6 Plus,Snapdragon 425,4 GB RAM | 64 GB Storage,13 MP + 5 MP Rear Camera,8 MP Front Camera,3300 mAh,6.0 inches (15.24 cm) | TFT,,"₹13,800"
POCO F1 128GB,Snapdragon 845,6 GB RAM | 128 GB Storage,12 MP + 5 MP Rear Camera,20 MP Front Camera,4000 mAh Quick Charging,6.18 inches (15.7 cm) | IPS LCD,"AnTuTu Score 267,207","₹24,999"
Samsung Galaxy J2 Core,Samsung Exynos 7 Quad 7570,1 GB RAM | 8 GB Storage,8 MP Rear Camera,5 MP Front Camera,2600 mAh,5.0 inches (12.7 cm) | TFT,,"₹6,400"
Honor 9N,HiSilicon Kirin,3 GB RAM | 32 GB Storage,13 MP + 2 MP Rear Camera,16 MP Front Camera,3000 mAh,5.84 inches (14.83 cm) | IPS LCD,,"₹13,999"
Samsung Galaxy J2 2018,Snapdragon 425,2 GB RAM | 16 GB Storage,8 MP Rear Camera,5 MP Front Camera,2600 mAh,5.0 inches (12.7 cm) | Super AMOLED,,"₹8,200"
Spice K601,,2 GB RAM | 16 GB Storage,5 MP Rear Camera,5 MP Front Camera,2700 mAh,5.0 inches (12.7 cm) | IPS LCD,,"₹5,290"
Alcatel Idol 4,Snapdragon 617,3 GB RAM | 16 GB Storage,13 MP Rear Camera,8 MP Front Camera,2610 mAh Quick Charging,5.2 inches (13.21 cm) | IPS LCD,,"₹16,999"
Nextbit Robin,Snapdragon 808,3 GB RAM | 32 GB Storage,13 MP Rear Camera,5 MP Front Camera,2680 mAh Quick Charging,5.2 inches (13.21 cm) | IPS LCD,,"₹19,999"
Xiaomi Mi4,Snapdragon 801,3 GB RAM | 16 GB Storage,13 MP Rear Camera,8 MP Front Camera,3080 mAh Quick Charging,5 inches (12.7 cm) | IPS LCD,,"₹14,999"
Panasonic Eluga S,MediaTek MT6592M,1 GB RAM | 8 GB Storage,8 MP Rear Camera,5 MP Front Camera,2100 mAh,5.0 inches (12.7 cm) | IPS LCD,,"₹4,999"
Apple iPhone 6 16GB,Apple A8,1 GB RAM | 16 GB Storage,8 MP Rear Camera,1.2 MP Front Camera,1810 mAh,4.7 inches (11.94 cm) | IPS LCD,,"₹52,000"
Samsung Galaxy Note 3,Samsung Exynos 5 5420,3 GB RAM | 32 GB Storage,13 MP Rear Camera,2 MP Front Camera,3200 mAh,5.7 inches (14.48 cm) | Super AMOLED,,"₹39,999"
Nokia 110,,16 MB RAM,0.3 MP Rear Camera,,1020 mAh,1.8 inches (4.57 cm) | TFT,,"₹2,499"
iBall Andi 2,,,3 MP Rear Camera,0.3 MP Front Camera,1450 mAh,3.5 inches (8.89 cm),,"₹10,799"
vivo Y19s 5G 128GB,MediaTek Dimensity 6300,4 GB RAM | 128 GB Storage,13 MP + 0.08 MP Rear Camera,5 MP Front Camera,6000 mAh | 15W Fast Charging,6.74 inches (17.12 cm) | LCD,,"₹13,491"
Itel A90 Limited Edition,Unisoc T7100,3 GB RAM | 64 GB Storage,13 MP Rear Camera,5 MP Front Camera,5000 mAh | 15W Fast Charging,6.6 inches (16.76 cm) | IPS LCD,"AnTuTu Score 155,425","₹6,999"
Honor X7c,Snapdragon 4 Gen 2,8 GB RAM | 256 GB Storage,50 MP + 2 MP Rear Camera,5 MP Front Camera,5200 mAh | 35W Super Charging,6.8 inches (17.27 cm) | TFT LCD,,"₹19,990"
Lava Storm Lite 128GB,MediaTek Dimensity 6400,4 GB RAM | 128 GB Storage,50 MP Rear Camera,5 MP Front Camera,5000 mAh | 15W Fast Charging,6.74 inches (17.12 cm) | IPS LCD,,"₹8,999"
JMAX J80,,,0.3 MP Rear Camera,,2500 mAh,1.77 inches (4.5 cm) | TFT,,₹499
Tecno Spark 30C 8GB RAM,MediaTek Dimensity 6300,8 GB RAM | 128 GB Storage,48 MP Rear Camera,8 MP Front Camera,5000 mAh | 18W Fast Charging,6.67 inches (16.94 cm) | IPS LCD,,"₹12,999"
realme 14 Pro Plus 256GB,Snapdragon 7s Gen 3,8 GB RAM | 256 GB Storage,50 MP + 8 MP + 50 MP Rear Camera,32 MP Front Camera,6000 mAh | 80W Super VOOC Charging,6.83 inches (17.35 cm) | OLED,,"₹30,330"
Itel Aura 05i,Unisoc SC9863A,2 GB RAM | 32 GB Storage,5 MP Rear Camera,5 MP Front Camera,4000 mAh | 10W,6.56 inches (16.66 cm) | IPS LCD,,"₹5,596"
Lava Blaze Duo 8GB RAM,MediaTek Dimensity 7025,8 GB RAM | 128 GB Storage,64 MP + 2 MP Rear Camera,16 MP Front Camera,5000 mAh | 33W Fast Charging,6.67 inches (16.94 cm) | AMOLED (Main Display),"AnTuTu Score 501,118","₹17,039"
Doogee Blade 10 Pro,Unisoc T606,6 GB RAM | 256 GB Storage,50 MP Rear Camera,8 MP Front Camera,5150 mAh Fast Charging,6.56 inches (16.66 cm) | IPS LCD,,"₹18,000"
Snexian Guru GT,,32 MB RAM | 32 MB Storage,0.3 MP Rear Camera,,2500 mAh,2.4 inches (6.1 cm) | TFT,,"₹1,599"
Infinix Zero 40 512GB,MediaTek Dimensity 8200 Ultimate,12 GB RAM | 512 GB Storage,108 MP + 50 MP + 2 MP Rear Camera,50 MP Front Camera,5000 mAh | 45W Fast Charging,6.78 inches (17.22 cm) | AMOLED,,"₹30,999"
Apple iPhone 16 Pro 1TB,Apple A18 Pro,8 GB RAM | 1 TB Storage,48 MP + 48 MP + 12 MP Rear Camera,12 MP Front Camera,3582 mAh | 20W Fast Charging,6.3 inches (16 cm) | Super Retina XDR,"AnTuTu Score 1,747,550","₹159,900"
Samsung Galaxy A06 128GB,MediaTek Helio G85,4 GB RAM | 128 GB Storage,50 MP + 2 MP Rear Camera,8 MP Front Camera,5000 mAh | 25W Fast Charging,6.7 inches (17.02 cm) | PLS LCD,,"₹8,899"
iQOO Z9s Pro 12GB RAM,Snapdragon 7 Gen 3,12 GB RAM | 256 GB Storage,50 MP + 8 MP Rear Camera,16 MP Front Camera,5500 mAh | 80W Flash Charging,6.77 inches (17.2 cm) | AMOLED,"AnTuTu Score 803,223","₹29,447"
realme Narzo N61 128GB,Unisoc T612,6 GB RAM | 128 GB Storage,32 MP Rear Camera,5 MP Front Camera,5000 mAh | 10W,6.74 inches (17.12 cm) | IPS LCD,,"₹7,599"
Tecno Spark 20 Pro 5G 256GB,MediaTek Dimensity 6080,8 GB RAM | 256 GB Storage,108 MP + 2 MP Rear Camera,8 MP Front Camera,5000 mAh | 33W Flash Charging,6.78 inches (17.22 cm) | LTPS LCD,,"₹18,999"
Moto G04s,Unisoc T606,4 GB RAM | 64 GB Storage,50 MP Rear Camera,5 MP Front Camera,5000 mAh | 15W,6.6 inches (16.76 cm) | IPS LCD,,"₹9,999"
Samsung Galaxy F55 5G 256GB,Snapdragon 7 Gen 1,8 GB RAM | 256 GB Storage,50 MP + 8 MP + 2 MP Rear Camera,50 MP Front Camera,5000 mAh | 45W Fast Charging,6.7 inches (17.02 cm) | Super AMOLED Plus,,"₹22,999"
Infinix Note 40 Pro Plus 5G,MediaTek Dimensity 7020,12 GB RAM | 256 GB Storage,108 MP + 2 MP + 2 MP Rear Camera,32 MP Front Camera,4600 mAh | 100W Fast Charging,6.78 inches (17.22 cm) | Flexible AMOLED,,"₹24,999"
Tecno Pova 6 Pro 12GB RAM,MediaTek Dimensity 6080,12 GB RAM | 256 GB Storage,108 MP + 2 MP + 0.08 MP Rear Camera,32 MP Front Camera,6000 mAh | 70W Flash Charging,6.78 inches (17.22 cm) | AMOLED,,"₹24,900"
Infinix Smart 8 Plus,MediaTek Helio G36,4 GB RAM | 128 GB Storage,50 MP Rear Camera,8 MP Front Camera,6000 mAh | 18W Fast Charging,6.6 inches (16.76 cm) | IPS LCD,,"₹7,799"
Xiaomi Redmi A3 128GB,MediaTek Helio G36,4 GB RAM | 64 GB Storage,8 MP + 0.08 MP Rear Camera,5 MP Front Camera,5000 mAh | 10W,6.7 inches (17.02 cm) | IPS LCD,,"₹7,499"
iQOO Neo 9 Pro 12GB RAM,Snapdragon 8 Gen 2,12 GB RAM | 256 GB Storage,50 MP + 8 MP Rear Camera,16 MP Front Camera,5160 mAh | 120W Flash Charging,6.78 inches (17.22 cm) | AMOLED,"AnTuTu Score 1,611,015","₹39,984"
vivo Y28 5G 6GB RAM,MediaTek Dimensity 6020,6 GB RAM | 128 GB Storage,50 MP + 2 MP Rear Camera,8 MP Front Camera,5000 mAh | 15W,6.56 inches (16.66 cm) | IPS LCD,,"₹12,850"
Motorola Razr 40,Snapdragon 7 Gen 1,8 GB RAM | 256 GB Storage,64 MP + 13 MP Rear Camera,32 MP Front Camera,4200 mAh | 33W Turbo Power Charging,6.9 inches (17.53 cm) | P-OLED (Main Display),,"₹52,999"
Apple iPhone 15 Pro 1TB,Apple A17 Pro,8 GB RAM | 1 TB Storage,48 MP + 12 MP + 12 MP Rear Camera,12 MP Front Camera,3274 mAh | 20W Fast Charging,6.1 inches (15.49 cm) | Super Retina XDR,,"₹184,900"
POCO C51 128GB,MediaTek Helio G36,6 GB RAM | 128 GB Storage,8 MP + 0.08 MP Rear Camera,5 MP Front Camera,5000 mAh | 10W,6.52 inches (16.56 cm) | IPS LCD,,"₹8,999"
realme C51,Unisoc T612,4 GB RAM | 64 GB Storage,50 MP + 0.08 MP Rear Camera,5 MP Front Camera,5000 mAh | 33W Super VOOC Charging,6.74 inches (17.12 cm) | IPS LCD,"AnTuTu Score 249,012","₹8,999"
Tecno Pova 5,MediaTek Helio G99,8 GB RAM | 128 GB Storage,50 MP + 0.08 MP Rear Camera,8 MP Front Camera,6000 mAh | 45W Fast Charging,6.78 inches (17.22 cm) | IPS LCD,,"₹14,999"
Nokia 106 2023,,4 MB RAM | 4 MB Storage,,,1000 mAh,1.8 inches (4.57 cm) | TFT,,"₹1,299"
POCO M6 Pro 5G 128GB,Snapdragon 4 Gen 2,6 GB RAM | 128 GB Storage,50 MP + 2 MP Rear Camera,8 MP Front Camera,5000 mAh | 18W Fast Charging,6.79 inches (17.25 cm) | IPS LCD,"AnTuTu Score 430,900","₹12,999"
Tecno Camon 20 Pro 256GB,MediaTek Dimensity 8050,8 GB RAM | 256 GB Storage,64 MP + 2 MP + 2 MP Rear Camera,32 MP Front Camera,5000 mAh | 33W Super Flash Charging,6.67 inches (16.94 cm) | AMOLED,"AnTuTu Score 605,882","₹19,999"
realme 11 Pro Plus 12GB RAM,MediaTek Dimensity 7050,12 GB RAM | 256 GB Storage,200 MP + 8 MP + 2 MP Rear Camera,32 MP Front Camera,5000 mAh | 100W Super VOOC Charging,6.7 inches (17.02 cm) | AMOLED,"AnTuTu Score 534,876","₹29,999"
Samsung Galaxy A14,Samsung Exynos 8 Octa 850,4 GB RAM | 64 GB Storage,50 MP + 5 MP + 2 MP Rear Camera,13 MP Front Camera,5000 mAh | 10W,6.6 inches (16.76 cm) | PLS LCD,,"₹10,399"
Tecno Spark 10C,,8 GB RAM | 128 GB Storage,16 MP + 0.08 MP Rear Camera,8 MP Front Camera,5000 mAh | 18W Fast Charging,6.6 inches (16.76 cm) | IPS LCD,,"₹13,899"
vivo X90 5G 12GB RAM,MediaTek Dimensity 9200,12 GB RAM | 256 GB Storage,50 MP + 12 MP + 12 MP Rear Camera,32 MP Front Camera,4810 mAh | 120W Flash Charging,6.78 inches (17.22 cm) | AMOLED,,"₹45,999"
I Kall K29 Pro,,48 MB RAM | 128 MB Storage,0.3 MP Rear Camera,,2500 mAh,2.4 inches (6.1 cm) | TFT,,"₹1,123"
Tecno Spark 10 5G 128GB,MediaTek Dimensity 6020,8 GB RAM | 128 GB Storage,50 MP + 0.08 MP Rear Camera,8 MP Front Camera,5000 mAh | 18W Flash Charging,6.6 inches (16.76 cm) | IPS LCD,,"₹11,699"
iQOO 11 5G 16GB RAM,Snapdragon 8 Gen 2,16 GB RAM | 256 GB Storage,50 MP + 13 MP + 8 MP Rear Camera,16 MP Front Camera,5000 mAh | 120W Flash Charging,6.78 inches (17.22 cm) | AMOLED,"AnTuTu Score 1,280,715","₹59,990"
Itel Power 110N,,,0.3 MP Rear Camera,,2500 mAh,1.8 inches (4.57 cm) | TFT,,"₹1,689"
vivo Y16,MediaTek Helio P35,3 GB RAM | 32 GB Storage,13 MP + 2 MP Rear Camera,5 MP Front Camera,5000 mAh | 10W,6.51 inches (16.54 cm) | IPS LCD,,"₹9,991"
vivo Y16 64GB,MediaTek Helio P35,4 GB RAM | 64 GB Storage,13 MP + 2 MP Rear Camera,5 MP Front Camera,5000 mAh | 10W,6.51 inches (16.54 cm) | IPS LCD,,"₹8,999"
Xiaomi Redmi 11 Prime,MediaTek Helio G99,4 GB RAM | 64 GB Storage,50 MP + 2 MP + 2 MP Rear Camera,8 MP Front Camera,5000 mAh | 18W Fast Charging,6.58 inches (16.71 cm) | IPS LCD,,"₹9,499"
Xiaomi Redmi A1,MediaTek Helio A22,2 GB RAM | 32 GB Storage,8 MP + 0.08 MP Rear Camera,5 MP Front Camera,5000 mAh | 10W,6.52 inches (16.56 cm) | IPS LCD,"AnTuTu Score 89,878","₹8,999"
Apple iPhone 14 256GB,Apple A15 Bionic,6 GB RAM | 256 GB Storage,12 MP + 12 MP Rear Camera,12 MP Front Camera,3279 mAh | 20W Fast Charging,6.1 inches (15.49 cm) | Super Retina XDR,"AnTuTu Score 1,286,140","₹64,900"
Apple iPhone 14 Plus 512GB,Apple A15 Bionic,6 GB RAM | 512 GB Storage,12 MP + 12 MP Rear Camera,12 MP Front Camera,4325 mAh | 20W Fast Charging,6.7 inches (17.02 cm) | Super Retina XDR,"AnTuTu Score 854,468","₹99,900"
vivo Y35 2022,Snapdragon 680,8 GB RAM | 128 GB Storage,50 MP + 2 MP + 2 MP Rear Camera,16 MP Front Camera,5000 mAh | 44W Flash Charging,6.58 inches (16.71 cm) | IPS LCD,,"₹16,991"
Infinix Hot 12 Pro,Unisoc T616,6 GB RAM | 64 GB Storage,50 MP + 0.08 MP Rear Camera,8 MP Front Camera,5000 mAh | 18W Fast Charging,6.6 inches (16.76 cm) | IPS LCD,AnTuTu Score 0,"₹10,999"
Tecno Spark 9,MediaTek Helio G37,4 GB RAM | 64 GB Storage,13 MP + 0.08 MP Rear Camera,8 MP Front Camera,5000 mAh,6.6 inches (16.76 cm) | IPS LCD,,"₹9,099"
Xiaomi Redmi K50i 256GB,MediaTek Dimensity 8100,8 GB RAM | 256 GB Storage,64 MP + 8 MP + 2 MP Rear Camera,16 MP Front Camera,5080 mAh | 67W Turbo Charging,6.6 inches (16.76 cm) | IPS LCD,"AnTuTu Score 800,596","₹25,999"
Gfive C3 Card,,,0.3 MP Rear Camera,,800 mAh,1.8 inches (4.57 cm) | TFT,,"₹1,527"
Infinix Note 12,MediaTek Helio G88,4 GB RAM | 64 GB Storage,50 MP + 2 MP Rear Camera,16 MP Front Camera,5000 mAh | 33W Fast Charging,6.7 inches (17.02 cm) | AMOLED,,"₹11,999"
Nokia 105 Plus,,4 MB RAM | 4 MB Storage,,,1000 mAh,1.77 inches (4.5 cm) | TFT,,₹977
Samsung Galaxy A33 5G 8GB RAM,Samsung Exynos 1280,8 GB RAM | 128 GB Storage,48 MP + 8 MP + 5 MP + 2 MP Rear Camera,13 MP Front Camera,5000 mAh | 25W Fast Charging,6.4 inches (16.26 cm) | Super AMOLED,,"₹27,999"
Xiaomi Redmi Note 11 Pro 8GB RAM,MediaTek Helio G96,8 GB RAM | 128 GB Storage,108 MP + 8 MP + 2 MP + 2 MP Rear Camera,16 MP Front Camera,5000 mAh | 67W Turbo Charging,6.67 inches (16.94 cm) | AMOLED,"AnTuTu Score 301,901","₹15,291"
Samsung Galaxy F23 5G 6GB RAM,Snapdragon 750G,6 GB RAM | 128 GB Storage,50 MP + 8 MP + 2 MP Rear Camera,8 MP Front Camera,5000 mAh | 25W Fast Charging,6.6 inches (16.76 cm) | TFT,"AnTuTu Score 297,179","₹23,999"
Xiaomi Redmi Note 11 Pro Plus 5G 256GB,Snapdragon 695,8 GB RAM | 256 GB Storage,108 MP + 8 MP + 2 MP Rear Camera,16 MP Front Camera,5000 mAh | 67W Turbo Charging,6.67 inches (16.94 cm) | AMOLED,AnTuTu Score 0,"₹23,999"
Lava Hero Punch,,24 MB RAM | 32 MB Storage,,,620 mAh,1.8 inches (4.57 cm) | TFT,,"₹1,249"
Lava X2,MediaTek Helio G35,2 GB RAM | 32 GB Storage,8 MP + 0.08 MP Rear Camera,5 MP Front Camera,5000 mAh,6.5 inches (16.51 cm) | IPS LCD,,"₹5,499"
Micromax IN Note 2,MediaTek Helio G95,4 GB RAM | 64 GB Storage,48 MP + 5 MP + 2 MP + 2 MP Rear Camera,16 MP Front Camera,5000 mAh | 30W Fast Charging,6.43 inches (16.33 cm) | AMOLED,"AnTuTu Score 311,562","₹17,999"
realme 9i 128GB,Snapdragon 680,6 GB RAM | 128 GB Storage,50 MP + 2 MP + 2 MP Rear Camera,16 MP Front Camera,5000 mAh | 33W Dart Charging,6.6 inches (16.76 cm) | IPS LCD,"AnTuTu Score 271,963","₹14,499"
vivo Y21e,Snapdragon 680,3 GB RAM | 64 GB Storage,13 MP + 2 MP Rear Camera,8 MP Front Camera,5000 mAh | 18W Fast Charging,6.51 inches (16.54 cm) | IPS LCD,,"₹10,990"
Itel Magic 3,,,1.3 MP Rear Camera,,1500 mAh,2.4 inches (6.1 cm) | TFT,,"₹1,549"
Samsung Galaxy A03 Core,Unisoc SC9863A,2 GB RAM | 32 GB Storage,8 MP Rear Camera,5 MP Front Camera,5000 mAh,6.5 inches (16.51 cm) | PLS TFT LCD,"AnTuTu Score 113,874","₹6,622"
Xiaomi Redmi Note 10T,MediaTek Dimensity 700,4 GB RAM | 64 GB Storage,48 MP + 2 MP + 2 MP Rear Camera,8 MP Front Camera,5000 mAh | 18W Fast Charging,6.5 inches (16.51 cm) | IPS LCD,"AnTuTu Score 359,003","₹14,999"
vivo Y51A 6GB RAM,Snapdragon 662,6 GB RAM | 128 GB Storage,48 MP + 8 MP + 2 MP Rear Camera,16 MP Front Camera,5000 mAh | 18W Fast Charging,6.58 inches (16.71 cm) | IPS LCD,"AnTuTu Score 214,456","₹20,990"
Itel Magic 2 4G,Unisoc T117,64 MB RAM | 128 MB Storage,1.3 MP Rear Camera,,1900 mAh,2.4 inches (6.1 cm) | TFT,,"₹2,373"
realme C25s 128GB,MediaTek Helio G85,4 GB RAM | 128 GB Storage,13 MP + 2 MP + 2 MP Rear Camera,8 MP Front Camera,6000 mAh | 18W Quick Charging,6.5 inches (16.51 cm) | IPS LCD,"AnTuTu Score 220,165","₹9,999"
iQOO Z3 8GB RAM,Snapdragon 768G,8 GB RAM | 128 GB Storage,64 MP + 8 MP + 2 MP Rear Camera,16 MP Front Camera,4400 mAh | 55W Flash Charging,6.58 inches (16.71 cm) | IPS LCD,AnTuTu Score 0,"₹24,990"
POCO X3 Pro 8GB RAM,Snapdragon 860,8 GB RAM | 128 GB Storage,48 MP + 8 MP + 2 MP + 2 MP Rear Camera,20 MP Front Camera,5160 mAh | 33W Fast Charging,6.67 inches (16.94 cm) | IPS LCD,"AnTuTu Score 478,897","₹20,999"
realme Narzo 30 Pro 128GB,MediaTek Dimensity 800U,8 GB RAM | 128 GB Storage,48 MP + 8 MP + 2 MP Rear Camera,16 MP Front Camera,5000 mAh | 30W Dart Charging,6.5 inches (16.51 cm) | IPS LCD,"AnTuTu Score 343,288","₹16,499"
VOTO V2i 16GB,Spreadtrum SC9832A,2 GB RAM | 16 GB Storage,13 MP Rear Camera,8 MP Front Camera,3000 mAh,5.0 inches (12.7 cm) | IPS LCD,,"₹4,444"
LG W41 Pro,MediaTek Helio G35,6 GB RAM | 128 GB Storage,48 MP + 8 MP + 5 MP + 2 MP Rear Camera,8 MP Front Camera,5000 mAh,6.5 inches (16.51 cm) | IPS LCD,,"₹8,209"
Samsung Galaxy F62 8GB RAM,Samsung Exynos 9 Octa 9825,8 GB RAM | 128 GB Storage,64 MP + 12 MP + 5 MP + 5 MP Rear Camera,32 MP Front Camera,7000 mAh | 25W Fast Charging,6.7 inches (17.02 cm) | Super AMOLED Plus,"AnTuTu Score 425,285","₹31,999"
Micromax X754,,,0.3 MP Rear Camera,,1750 mAh,2.4 inches (6.1 cm) | TFT,,"₹1,847"
vivo Y31 2021,Snapdragon 662,6 GB RAM | 128 GB Storage,48 MP + 2 MP + 2 MP Rear Camera,16 MP Front Camera,5000 mAh | 18W Fast Charging,6.58 inches (16.71 cm) | IPS LCD,"AnTuTu Score 220,647","₹20,490"
vivo Y20G,MediaTek Helio G80,6 GB RAM | 128 GB Storage,13 MP + 2 MP + 2 MP Rear Camera,8 MP Front Camera,5000 mAh | 18W Fast Charging,6.51 inches (16.54 cm) | IPS LCD,"AnTuTu Score 230,127","₹17,999"
POCO C3 64GB,MediaTek Helio G35,4 GB RAM | 64 GB Storage,13 MP + 2 MP + 2 MP Rear Camera,5 MP Front Camera,5000 mAh | 10W,6.53 inches (16.59 cm) | IPS LCD,AnTuTu Score 0,"₹8,499"
vivo Y20 6GB RAM,Snapdragon 460,6 GB RAM | 64 GB Storage,13 MP + 2 MP + 2 MP Rear Camera,8 MP Front Camera,5000 mAh | 18W Fast Charging,6.51 inches (16.54 cm) | IPS LCD,,"₹17,990"
realme Narzo 20 128GB,MediaTek Helio G85,4 GB RAM | 128 GB Storage,48 MP + 8 MP + 2 MP Rear Camera,8 MP Front Camera,6000 mAh | 18W Quick Charging,6.5 inches (16.51 cm) | IPS LCD,"AnTuTu Score 204,495","₹13,990"
vivo Y20i,Snapdragon 460,3 GB RAM | 64 GB Storage,13 MP + 2 MP + 2 MP Rear Camera,8 MP Front Camera,5000 mAh | 18W Fast Charging,6.51 inches (16.54 cm) | IPS LCD,,"₹10,995"
OnePlus Nord 256GB,Snapdragon 765G,12 GB RAM | 256 GB Storage,48 MP + 8 MP + 5 MP + 2 MP Rear Camera,32 MP + 8 MP Front Camera,4115 mAh | 30W Warp Charging,6.44 inches (16.36 cm) | Fluid AMOLED,AnTuTu Score 0,"₹21,999"
Samsung Galaxy M01 Core 32GB,MediaTek MT6739,2 GB RAM | 32 GB Storage,8 MP Rear Camera,5 MP Front Camera,3000 mAh,5.3 inches (13.46 cm) | PLS TFT LCD,"AnTuTu Score 38,773","₹8,400"
vivo Y30,MediaTek Helio P35,4 GB RAM | 128 GB Storage,13 + 8 MP + 2 MP + 2 MP Rear Camera,8 MP Front Camera,5000 mAh,6.47 inches (16.43 cm) | IPS LCD,,"₹18,990"
Motorola One Fusion Plus,Snapdragon 730G,6 GB RAM | 128 GB Storage,64 MP + 8 MP + 5 MP + 2 MP Rear Camera,16 MP Front Camera,5000 mAh | 18W Turbo Power Charging,6.5 inches (16.51 cm) | IPS LCD,"AnTuTu Score 274,684","₹19,999"
Tecno Spark Power 2,MediaTek Helio P22,4 GB RAM | 64 GB Storage,16 MP + 5 MP + 2 MP Rear Camera,16 MP Front Camera,6000 mAh | 18W Fast Charging,7.0 inches (17.78 cm) | IPS LCD,,"₹9,949"
Xiaomi Redmi Note 9 Pro Max 128GB,Snapdragon 720G,6 GB RAM | 128 GB Storage,64 MP + 8 MP + 5 MP + 2 MP Rear Camera,32 MP Front Camera,5020 mAh | 33W Fast Charging,6.67 inches (16.94 cm) | IPS LCD,"AnTuTu Score 277,621","₹19,999"
Samsung Galaxy M31 128GB,Samsung Exynos 9 Octa 9611,6 GB RAM | 128 GB Storage,64 MP + 8 MP + 5 MP + 5 MP Rear Camera,32 MP Front Camera,6000 mAh | 15W Fast Charging,6.4 inches (16.26 cm) | Super AMOLED,"AnTuTu Score 194,497","₹18,000"
Xiaomi Redmi 8A Dual 64GB,Snapdragon 439,3 GB RAM | 64 GB Storage,13 MP + 2 MP Rear Camera,8 MP Front Camera,5000 mAh | 18W Fast Charging,6.22 inches (15.8 cm) | IPS LCD,,"₹7,999"
Xiaomi Redmi 8 64GB,Snapdragon 439,4 GB RAM | 64 GB Storage,12 MP + 2 MP Rear Camera,8 MP Front Camera,5000 mAh | 18W Fast Charging,6.22 inches (15.8 cm) | IPS LCD,AnTuTu Score 0,"₹10,749"
Lenovo A6 Note,MediaTek Helio P22,3 GB RAM | 32 GB Storage,13 MP + 2 MP Rear Camera,5 MP Front Camera,4000 mAh | 10W Fast Charging,6.08 inches (15.44 cm) | IPS LCD,,"₹9,999"
Moto E6s,MediaTek Helio P22,4 GB RAM | 64 GB Storage,13 MP + 2 MP Rear Camera,8 MP Front Camera,3000 mAh,6.1 inches (15.49 cm) | IPS LCD,"AnTuTu Score 79,221","₹9,999"
vivo Z1x,Snapdragon 712,6 GB RAM | 64 GB Storage,48 MP + 8 MP + 2 MP Rear Camera,32 MP Front Camera,4500 mAh | 22.5W Flash Charging,6.38 inches (16.21 cm) | Super AMOLED,"AnTuTu Score 186,499","₹19,990"
Samsung Galaxy A80,Snapdragon 730G,8 GB RAM | 128 GB Storage,48 MP + 8 MP Rear Camera,48 MP + 8 MP Front Camera,3700 mAh | 25W Fast Charging,6.7 inches (17.02 cm) | Super AMOLED,"AnTuTu Score 202,484","₹52,000"
Lava Z93,MediaTek Helio P22,3 GB RAM | 32 GB Storage,13 MP + 2 MP Rear Camera,8 MP Front Camera,3500 mAh,6.22 inches (15.8 cm) | IPS LCD,"AnTuTu Score 79,138","₹9,999"
Micromax X742,,,0.3 MP Rear Camera,,1000 mAh | 3W,2.4 inches (6.1 cm) | TFT,,"₹1,399"
Honor 20i,HiSilicon Kirin,4 GB RAM | 128 GB Storage,24 MP + 8 MP + 2 MP Rear Camera,32 MP Front Camera,3400 mAh,6.21 inches (15.77 cm) | IPS LCD,"AnTuTu Score 126,895","₹16,999"
Lava Z51,Spreadtrum SC9832A,1 GB RAM | 16 GB Storage,5 MP Rear Camera,5 MP Front Camera,2550 mAh,5.0 inches (12.7 cm) | TFT,,"₹5,299"
Xiaomi Redmi Go 16GB,Snapdragon 425,1 GB RAM | 16 GB Storage,8 MP Rear Camera,5 MP Front Camera,3000 mAh,5.0 inches (12.7 cm) | IPS LCD,,"₹4,999"
vivo Y91i 32GB,MediaTek Helio P22,2 GB RAM | 32 GB Storage,13 MP Rear Camera,5 MP Front Camera,4030 mAh,6.22 inches (15.8 cm) | IPS LCD,,"₹9,990"
realme C1 2019,Snapdragon 450,2 GB RAM | 32 GB Storage,13 MP + 2 MP Rear Camera,5 MP Front Camera,4230 mAh,6.2 inches (15.75 cm) | IPS LCD,,"₹8,999"
Honor 10 Lite,HiSilicon Kirin,4 GB RAM | 64 GB Storage,13 MP + 2 MP Rear Camera,24 MP Front Camera,3400 mAh,6.21 inches (15.77 cm) | IPS LCD,,"₹16,999"
XOLO Era 4X 2GB RAM,MediaTek MT6739,2 GB RAM | 16 GB Storage,8 MP Rear Camera,5 MP Front Camera,3000 mAh,5.45 inches (13.84 cm) | IPS LCD,,"₹7,199"
Panasonic Eluga Ray 600,MediaTek MT6739,3 GB RAM | 32 GB Storage,13 MP Rear Camera,8 MP Front Camera,4000 mAh,5.99 inches (15.21 cm) | IPS LCD,,"₹12,999"
OPPO A83 2018 16GB 2GB RAM,MediaTek MT6763T,2 GB RAM | 16 GB Storage,13 MP Rear Camera,8 MP Front Camera,3180 mAh,5.7 inches (14.48 cm) | TFT,,"₹9,990"
Xiaomi Redmi 6A 32GB,MediaTek Helio A22,2 GB RAM | 32 GB Storage,13 MP Rear Camera,5 MP Front Camera,3000 mAh,5.45 inches (13.84 cm) | IPS LCD,,"₹5,849"
Xiaomi Redmi 6 64GB,MediaTek Helio P22,3 GB RAM | 64 GB Storage,12 MP + 5 MP Rear Camera,5 MP Front Camera,3000 mAh,5.45 inches (13.84 cm) | IPS LCD,,"₹6,999"
LG Candy,Snapdragon 210,2 GB RAM | 16 GB Storage,8 MP Rear Camera,5 MP Front Camera,2500 mAh,5.0 inches (12.7 cm) | IPS LCD,,"₹6,500"
vivo Y81,MediaTek Helio P22,3 GB RAM | 32 GB Storage,13 MP Rear Camera,5 MP Front Camera,3260 mAh,6.22 inches (15.8 cm) | IPS LCD,,"₹13,990"
Gfive Champ,,,0.3 MP Rear Camera,,1800 mAh,2.4 inches (6.1 cm) | TFT,,"₹1,099"
Moto E5 Plus,Snapdragon 430,3 GB RAM | 32 GB Storage,12 MP Rear Camera,5 MP Front Camera,5000 mAh Rapid Charging,6.0 inches (15.24 cm) | IPS LCD,,"₹11,999"
Nokia 7 Plus,Snapdragon 660,4 GB RAM | 64 GB Storage,12 MP + 13 MP Rear Camera,16 MP Front Camera,3800 mAh Fast Charging,6.0 inches (15.24 cm) | IPS LCD,,"₹25,800"
vivo V9,Snapdragon 626,4 GB RAM | 64 GB Storage,16 MP + 5 MP Rear Camera,24 MP Front Camera,3260 mAh,6.3 inches (16 cm) | IPS LCD,"AnTuTu Score 90,303","₹19,990"
Nokia 6 64GB,Snapdragon 430,4 GB RAM | 64 GB Storage,16 MP Rear Camera,8 MP Front Camera,3000 mAh,5.5 inches (13.97 cm) | IPS LCD,,"₹19,499"
InFocus A2,Spreadtrum SC9832A,2 GB RAM | 16 GB Storage,5 MP Rear Camera,5 MP Front Camera,2400 mAh,5.0 inches (12.7 cm) | IPS LCD,,"₹5,299"
Samsung Galaxy On Nxt 16GB,Samsung Exynos 7 Octa 7870,3 GB RAM | 16 GB Storage,13 MP Rear Camera,8 MP Front Camera,3300 mAh,5.5 inches (13.97 cm) | TFT,,"₹11,200"
Nokia 2,Snapdragon 212,1 GB RAM | 8 GB Storage,8 MP Rear Camera,5 MP Front Camera,4100 mAh,5.0 inches (12.7 cm) | LCD,,"₹6,904"
Kechao K112,,,0.3 MP Rear Camera,,5000 mAh,2.4 inches (6.1 cm) | TFT,,"₹1,749"
Lyf C459,Snapdragon 210,1 GB RAM | 8 GB Storage,5 MP Rear Camera,2 MP Front Camera,2000 mAh,4.5 inches (11.43 cm) | TFT,,"₹2,800"
Lephone W2,,1 GB RAM | 8 GB Storage,2 MP Rear Camera,0.3 MP Front Camera,1300 mAh,4.5 inches (11.43 cm) | TFT,,"₹3,333"
HTC U11,Snapdragon 835,6 GB RAM | 128 GB Storage,12 MP Rear Camera,16 MP Front Camera,3000 mAh Rapid Charging,5.5 inches (13.97 cm) | S-LCD 5,,"₹53,990"
Lava Arc One Plus,,,0.3 MP Rear Camera,,1000 mAh,2.4 inches (6.1 cm) | TFT,,"₹1,699"
Lephone W7,Spreadtrum SC9832A,1 GB RAM | 8 GB Storage,5 MP Rear Camera,2 MP Front Camera,1800 mAh,5.0 inches (12.7 cm) | TFT,,"₹4,878"
vivo Y53,Snapdragon 425,2 GB RAM | 16 GB Storage,8 MP Rear Camera,5 MP Front Camera,2500 mAh,5.0 inches (12.7 cm) | IPS LCD,,"₹9,990"
Lava Z25,MediaTek MT6750,4 GB RAM | 32 GB Storage,13 MP Rear Camera,8 MP Front Camera,3020 mAh,5.5 inches (13.97 cm) | IPS LCD,,"₹18,000"
Samsung Galaxy J1 2016,Spreadtrum SC7727SE,1 GB RAM | 8 GB Storage,5 MP Rear Camera,2 MP Front Camera,2050 mAh,4.5 inches (11.43 cm) | Super AMOLED,,"₹7,550"
Zen Admire Thrill,,1 GB RAM | 8 GB Storage,5 MP Rear Camera,2 MP Front Camera,1750 mAh,4.5 inches (11.43 cm) | IPS LCD,,"₹3,171"
Itel it5231,,,0.3 MP Rear Camera,0.3 MP Front Camera,1900 mAh,2.4 inches (6.1 cm) | TFT,,"₹1,426"
Huawei P9,HiSilicon Kirin,3 GB RAM | 32 GB Storage,12 MP + 12 MP Rear Camera,8 MP Front Camera,3000 mAh Fast Charging,5.2 inches (13.21 cm) | IPS LCD,,"₹39,999"
Lyf Wind 3,Snapdragon 410,2 GB RAM | 16 GB Storage,8 MP Rear Camera,2 MP Front Camera,2920 mAh,5.5 inches (13.97 cm) | IPS LCD,,"₹6,999"
Honor 5C,HiSilicon Kirin,2 GB RAM | 16 GB Storage,13 MP Rear Camera,8 MP Front Camera,3000 mAh,5.2 inches (13.21 cm) | IPS LCD,,"₹9,999"
Yu Yunicorn,MediaTek MT6755,4 GB RAM | 32 GB Storage,13 MP Rear Camera,5 MP Front Camera,4000 mAh,5.5 inches (13.97 cm) | IPS LCD,,"₹14,999"
LG G5,Snapdragon 820,4 GB RAM | 32 GB Storage,16 MP + 8 MP Rear Camera,8 MP Front Camera,2800 mAh Quick Charging,5.3 inches (13.46 cm) | IPS LCD,,"₹52,990"
InFocus F135,,46 MB RAM,1.3 MP Rear Camera,,1500 mAh,2.8 inches (7.11 cm) | TFT,,"₹1,599"
Asus Zenfone Selfie 16GB,Snapdragon 615,2 GB RAM | 16 GB Storage,13 MP Rear Camera,13 MP Front Camera,3000 mAh,5.5 inches (13.97 cm) | IPS LCD,,"₹14,999"
Zen Z8 DJ,,,1.3 MP Rear Camera,,2800 mAh | 3.6W,2.4 inches (6.1 cm) | TFT,,"₹1,599"
Lenovo S60,Snapdragon 410,2 GB RAM | 8 GB Storage,13 MP Rear Camera,5 MP Front Camera,2150 mAh,5.0 inches (12.7 cm) | IPS LCD,,"₹11,900"
Honor Bee,Spreadtrum SC7731,1 GB RAM | 8 GB Storage,8 MP Rear Camera,2 MP Front Camera,1730 mAh,4.5 inches (11.43 cm) | TFT,,"₹4,999"
Lava Iris Alfa L,MediaTek,1 GB RAM | 8 GB Storage,8 MP Rear Camera,2 MP Front Camera,3000 mAh,5.5 inches (13.97 cm) | IPS LCD,,"₹8,000"
Lava Iris Fuel 10,MediaTek,1 GB RAM | 8 GB Storage,5 MP Rear Camera,2 MP Front Camera,3000 mAh,4.5 inches (11.43 cm) | TFT,,"₹6,699"
Lenovo Sisley S90,Snapdragon 410,2 GB RAM | 32 GB Storage,13 MP Rear Camera,8 MP Front Camera,2300 mAh,5.0 inches (12.7 cm) | Super AMOLED,,"₹19,999"
Alcatel One Touch Fire C,Spreadtrum,128 MB RAM | 256 MB Storage,1.3 MP Rear Camera,,1000 mAh,3.5 inches (8.89 cm) | LCD,,"₹1,805"
Huawei Ascend Y600,MediaTek MT6572,512 MB RAM | 4 GB Storage,5 MP Rear Camera,0.3 MP Front Camera,2100 mAh,5.0 inches (12.7 cm) | TFT,,"₹9,990"
Huawei Ascend G730,MediaTek MT6572,1 GB RAM | 4 GB Storage,5 MP Rear Camera,0.3 MP Front Camera,2300 mAh,5.5 inches (13.97 cm) | IPS LCD,,"₹14,990"
Huawei Honor 3X,MediaTek MT6592,2 GB RAM | 8 GB Storage,13 MP Rear Camera,5 MP Front Camera,3000 mAh,5.5 inches (13.97 cm) | IPS LCD,,"₹25,999"
Huawei Ascend G700,MediaTek MT6589,2 GB RAM | 8 GB Storage,8 MP Rear Camera,1.3 MP Front Camera,2150 mAh,5 inches (12.7 cm) | IPS LCD,,"₹16,500"
Huawei Ascend Y320,MediaTek MT6572,512 MB RAM | 4 GB Storage,2 MP Rear Camera,,1350 mAh,4.0 inches (10.16 cm) | TFT,,"₹6,499"
Lava Iris 506Q,,512 MB RAM | 4 GB Storage,5 MP Rear Camera,0.3 MP Front Camera,2000 mAh,5 inches (12.7 cm) | TFT,,"₹9,999"
XOLO A800,MediaTek MT6577,512 MB RAM | 4 GB Storage,8 MP Rear Camera,0.3 MP Front Camera,1600 mAh,4.5 inches (11.43 cm) | IPS LCD,,"₹11,999"
Karbonn A9 Plus,Snapdragon S2,512 MB RAM | 4 GB Storage,5 MP Rear Camera,1.3 MP Front Camera,1420 mAh,4 inches (10.16 cm) | IPS LCD,,"₹9,990"
Huawei Sonic,,256 MB RAM | 512 MB Storage,3.2 MP Rear Camera,,1400 mAh,3.5 inches (8.89 cm) | LCD,,"₹12,999"
Huawei IDEOS X5 U8800,Snapdragon S2,512 MB RAM | 4 GB Storage,5 MP Rear Camera,,1500 mAh,3.8 inches (9.65 cm) | LCD,,"₹12,999"
Dell Venue,Snapdragon S1,512 MB RAM | 1 GB Storage,8 MP Rear Camera,,1400 mAh,4.1 inches (10.41 cm) | AMOLED,,"₹16,999"
Blackberry Bold 9650,,512 MB Storage,3.2 MP Rear Camera,,1400 mAh,2.44 inches (6.2 cm) | TFT,,"₹26,990"
Huawei U5510,,512 MB RAM | 1 GB Storage,3.2 MP Rear Camera,0.3 MP Front Camera,1100 mAh,2.4 inches (6.1 cm) | LCD,,"₹7,999"
Lava ARC 10,,,1.3 MP Rear Camera,,1000 mAh,2.6 inches (6.6 cm) | TFT,,"₹1,819"
Tecno Spark Go 1 4GB RAM,Unisoc T615,4 GB RAM | 64 GB Storage,13 MP Rear Camera,8 MP Front Camera,5000 mAh | 15W Fast Charging,6.67 inches (16.94 cm) | IPS LCD,,"₹7,299"
realme 15 Pro 256GB 8GB RAM,Snapdragon 7 Gen 4,8 GB RAM | 256 GB Storage,50 MP + 50 MP Rear Camera,50 MP Front Camera,7000 mAh | 80W Ultra Charging,6.8 inches (17.27 cm) | AMOLED,,"₹32,999"
realme C73 128GB,MediaTek Dimensity 6300,4 GB RAM | 128 GB Storage,32 MP Rear Camera,8 MP Front Camera,6000 mAh | 15W Fast Charging,6.67 inches (16.94 cm) | IPS LCD,,"₹11,999"
Itel A95 6GB RAM,MediaTek Dimensity 6300,6 GB RAM | 128 GB Storage,50 MP Rear Camera,8 MP Front Camera,5000 mAh | 10W,6.67 inches (16.94 cm) | IPS LCD,,"₹11,498"
Gfive Rose 114,,32 MB RAM | 32 MB Storage,0.3 MP Rear Camera,,800 mAh,1.8 inches (4.57 cm) | TFT,,₹899
JMAX Blink Flip,,,1 MP Rear Camera,,1800 mAh,2.4 inches (6.1 cm) | TFT,,"₹1,000"
Xiaomi Redmi Note 14 Pro Plus 512GB,Snapdragon 7s Gen 3,12 GB RAM | 512 GB Storage,50 MP + 8 MP + 50 MP Rear Camera,20 MP Front Camera,6200 mAh | 90W Hyper Charging,6.67 inches (16.94 cm) | AMOLED,"AnTuTu Score 725,812","₹34,207"
vivo Y18T,Unisoc T612,4 GB RAM | 128 GB Storage,50 MP + 0.08 MP Rear Camera,8 MP Front Camera,5000 mAh | 15W Fast Charging,6.56 inches (16.66 cm) | LCD,,"₹8,491"
Gfive L228i,,32 MB RAM | 32 MB Storage,0.3 MP Rear Camera,,3000 mAh,2.8 inches (7.11 cm) | TFT,,"₹1,039"
Apple iPhone 16 Plus 512GB,Apple A18,8 GB RAM | 512 GB Storage,48 MP + 12 MP Rear Camera,12 MP Front Camera,4674 mAh | 20W Fast Charging,6.7 inches (17.02 cm) | Super Retina XDR,,"₹109,900"
Infinix Hot 50 5G 8GB RAM,MediaTek Dimensity 6300,8 GB RAM | 128 GB Storage,48 MP Rear Camera,8 MP Front Camera,5000 mAh | 18W Fast Charging,6.7 inches (17.02 cm) | IPS LCD,"AnTuTu Score 434,944","₹10,999"
iQOO Z9s 12GB RAM,MediaTek Dimensity 7300,12 GB RAM | 256 GB Storage,50 MP + 2 MP Rear Camera,16 MP Front Camera,5500 mAh | 44W Flash Charging,6.77 inches (17.2 cm) | AMOLED,,"₹21,465"
realme 13 5G 256GB,MediaTek Dimensity 6300,8 GB RAM | 256 GB Storage,50 MP + 2 MP Rear Camera,16 MP Front Camera,5000 mAh | 45W Super VOOC Charging,6.72 inches (17.07 cm) | IPS LCD,,"₹17,999"
OPPO F27 256GB,MediaTek Dimensity 6300,8 GB RAM | 256 GB Storage,50 MP + 2 MP Rear Camera,32 MP Front Camera,5000 mAh | 45W Super VOOC Charging,6.67 inches (16.94 cm) | Flat OLED,,"₹21,489"
Lava Blaze X 6GB RAM,MediaTek Dimensity 6300,6 GB RAM | 128 GB Storage,64 MP + 2 MP Rear Camera,16 MP Front Camera,5000 mAh | 33W Fast Charging,6.67 inches (16.94 cm) | AMOLED,"AnTuTu Score 424,427","₹15,399"
Lava Blaze X 8GB RAM,MediaTek Dimensity 6300,8 GB RAM | 128 GB Storage,64 MP + 2 MP Rear Camera,16 MP Front Camera,5000 mAh | 33W Fast Charging,6.67 inches (16.94 cm) | AMOLED,"AnTuTu Score 424,427","₹16,599"
Itel Color Pro 5G,MediaTek Dimensity 6080,6 GB RAM | 128 GB Storage,50 MP Rear Camera,8 MP Front Camera,5000 mAh | 18W Fast Charging,6.6 inches (16.76 cm) | IPS LCD,"AnTuTu Score 432,270","₹10,302"
Samsung Galaxy Z Fold6 5G 512GB,Snapdragon 8 Gen 3,12 GB RAM | 512 GB Storage,50 MP + 12 MP + 10 MP Rear Camera,10 MP + 4 MP Front Camera,4400 mAh | 25W Fast Charging,7.6 inches (19.3 cm) | Dynamic AMOLED 2x,"AnTuTu Score 1,772,746","₹113,999"
vivo Y28s 6GB RAM,MediaTek Dimensity 6300,6 GB RAM | 128 GB Storage,50 MP + 0.08 MP Rear Camera,8 MP Front Camera,5000 mAh | 15W,6.56 inches (16.66 cm) | LCD,,"₹14,491"
iQOO Z9x 8GB RAM,Snapdragon 6 Gen 1,8 GB RAM | 128 GB Storage,50 MP + 2 MP Rear Camera,8 MP Front Camera,6000 mAh | 44W Flash Charging,6.72 inches (17.07 cm) | LCD,"AnTuTu Score 552,168","₹15,799"
Lava O2,Unisoc T616,8 GB RAM | 128 GB Storage,50 MP Rear Camera,8 MP Front Camera,5000 mAh | 18W Fast Charging,6.5 inches (16.51 cm) | IPS LCD,,"₹9,999"
iQOO Z9 256GB,MediaTek Dimensity 7200,8 GB RAM | 256 GB Storage,50 MP + 2 MP Rear Camera,16 MP Front Camera,5000 mAh | 44W Flash Charging,6.67 inches (16.94 cm) | AMOLED,"AnTuTu Score 728,534","₹18,951"
Lava Z33,,3 GB RAM | 32 GB Storage,8 MP Rear Camera,5 MP Front Camera,5000 mAh,6.51 inches (16.54 cm) | IPS LCD,,"₹5,488"
Itel P55 Plus,Unisoc T606,8 GB RAM | 256 GB Storage,50 MP Rear Camera,8 MP Front Camera,5000 mAh | 45W Super Charging,6.6 inches (16.76 cm) | IPS LCD,AnTuTu Score 0,"₹8,499"
realme 12 Pro Plus 256GB,Snapdragon 7s Gen 2,8 GB RAM | 256 GB Storage,50 MP + 8 MP + 64 MP Rear Camera,32 MP Front Camera,5000 mAh | 67W Super VOOC Charging,6.7 inches (17.02 cm) | AMOLED,AnTuTu Score 0,"₹22,999"
Xiaomi Redmi Note 13 Pro Plus 5G 512GB,MediaTek Dimensity 7200 Ultra,12 GB RAM | 512 GB Storage,200 MP + 8 MP + 2 MP Rear Camera,16 MP Front Camera,5000 mAh | 120W Hyper Charging,6.67 inches (16.94 cm) | AMOLED,"AnTuTu Score 715,627","₹37,999"
OPPO A18 128GB,MediaTek Helio G85,4 GB RAM | 128 GB Storage,8 MP + 2 MP Rear Camera,5 MP Front Camera,5000 mAh,6.56 inches (16.66 cm) | IPS LCD,,"₹15,999"
Lava O1,Unisoc T606,4 GB RAM | 64 GB Storage,13 MP + 0.08 MP Rear Camera,5 MP Front Camera,5000 mAh | 18W Fast Charging,6.56 inches (16.66 cm) | IPS LCD,,"₹6,699"
Moto G54 256GB,MediaTek Dimensity 7020,12 GB RAM | 256 GB Storage,50 MP + 8 MP Rear Camera,16 MP Front Camera,6000 mAh | 30W Turbo Charging,6.5 inches (16.51 cm) | IPS LCD,"AnTuTu Score 385,264","₹21,999"
Apple iPhone 15 Pro 512GB,Apple A17 Pro,8 GB RAM | 512 GB Storage,48 MP + 12 MP + 12 MP Rear Camera,12 MP Front Camera,3274 mAh | 20W Fast Charging,6.1 inches (15.49 cm) | Super Retina XDR,,"₹164,900"
Moto E13 128GB,Unisoc T606,8 GB RAM | 128 GB Storage,13 MP Rear Camera,5 MP Front Camera,5000 mAh | 10W,6.5 inches (16.51 cm) | IPS LCD,,"₹10,999"
Xiaomi Redmi Note 12 Pro 5G 12GB RAM,MediaTek Dimensity 1080,12 GB RAM | 256 GB Storage,50 MP + 8 MP + 2 MP Rear Camera,16 MP Front Camera,5000 mAh | 67W Turbo Charging,6.67 inches (16.94 cm) | AMOLED,"AnTuTu Score 513,980","₹25,499"
Infinix Hot 30 5G 8GB RAM,MediaTek Dimensity 6020,8 GB RAM | 128 GB Storage,50 MP Rear Camera,8 MP Front Camera,6000 mAh | 18W Fast Charging,6.78 inches (17.22 cm) | IPS LCD,,"₹13,499"
Cellecor D8,,,0.8 MP Rear Camera,,2750 mAh,2.8 inches (7.11 cm) | TFT,,"₹1,349"
Xiaomi Redmi A2 Plus,MediaTek Helio G36,4 GB RAM | 64 GB Storage,8 MP + 0.08 MP Rear Camera,5 MP Front Camera,5000 mAh | 10W,6.52 inches (16.56 cm) | IPS LCD,"AnTuTu Score 78,868","₹6,299"
vivo T2 8GB RAM,Snapdragon 695,8 GB RAM | 128 GB Storage,64 MP + 2 MP Rear Camera,16 MP Front Camera,4500 mAh | 44W Flash Charging,6.38 inches (16.21 cm) | AMOLED,,"₹17,999"
Itel Power 440,,,0.3 MP Rear Camera,,2500 mAh,2.4 inches (6.1 cm) | TFT,,"₹1,475"
Infinix Zero 5G 2023,MediaTek Dimensity 920,8 GB RAM | 128 GB Storage,50 MP + 2 MP + 2 MP Rear Camera,16 MP Front Camera,5000 mAh | 33W Rapid Charging,6.78 inches (17.22 cm) | IPS LCD,,"₹17,999"
POCO C50 3GB RAM,MediaTek Helio A22,3 GB RAM | 32 GB Storage,8 MP + 0.08 MP Rear Camera,5 MP Front Camera,5000 mAh | 10W,6.52 inches (16.56 cm) | IPS LCD,,"₹5,999"
Infinix Hot 20 5G,MediaTek Dimensity 810,4 GB RAM | 64 GB Storage,50 MP + 0.08 MP Rear Camera,8 MP Front Camera,5000 mAh | 18W Fast Charging,6.6 inches (16.76 cm) | IPS LCD,"AnTuTu Score 305,823","₹13,208"
Gfive K2,,,0.3 MP Rear Camera,,1000 mAh,1.8 inches (4.57 cm) | TFT,,₹799
OnePlus Nord 2T 256GB,MediaTek Dimensity 1300,12 GB RAM | 256 GB Storage,50 MP + 8 MP + 2 MP Rear Camera,32 MP Front Camera,4500 mAh | 80W Super VOOC Charging,6.43 inches (16.33 cm) | AMOLED,"AnTuTu Score 608,879","₹26,998"
Lava Z3 Pro,MediaTek Helio A25,3 GB RAM | 32 GB Storage,8 MP Rear Camera,5 MP Front Camera,5000 mAh,6.51 inches (16.54 cm) | IPS LCD,,"₹7,998"
Moto G82 8GB RAM,Snapdragon 695,8 GB RAM | 128 GB Storage,50 MP + 8 MP + 2 MP Rear Camera,16 MP Front Camera,5000 mAh | 30W Turbo Power Charging,6.6 inches (16.76 cm) | P-OLED,AnTuTu Score 0,"₹23,900"
Infinix Hot 12 Play,Unisoc T610,4 GB RAM | 64 GB Storage,13 MP + 0.08 MP Rear Camera,8 MP Front Camera,6000 mAh | 10W,6.82 inches (17.32 cm) | IPS LCD,"AnTuTu Score 194,820","₹8,999"
iQOO Z6 4G,Snapdragon 680,4 GB RAM | 128 GB Storage,50 MP + 2 MP + 2 MP Rear Camera,16 MP Front Camera,5000 mAh | 44W Flash Charging,6.44 inches (16.36 cm) | AMOLED,AnTuTu Score 0,"₹14,499"
Itel it2163S,,4 MB RAM | 4 MB Storage,,,1200 mAh,1.8 inches (4.57 cm) | TFT,,₹999
Samsung Galaxy A53 5G 8GB RAM,Samsung Exynos 1280,8 GB RAM | 128 GB Storage,64 MP + 12 MP + 5 MP + 5 MP Rear Camera,32 MP Front Camera,5000 mAh | 25W Fast Charging,6.5 inches (16.51 cm) | Super AMOLED,"AnTuTu Score 379,516","₹21,999"
Gfive C2 Card,,,0.3 MP Rear Camera,,800 mAh,1.8 inches (4.57 cm) | TFT,,₹997
Tecno Spark 8C,Unisoc T606,3 GB RAM | 64 GB Storage,13 MP + 0.08 MP Rear Camera,8 MP Front Camera,5000 mAh,6.6 inches (16.76 cm) | IPS LCD,"AnTuTu Score 144,753","₹7,090"
Asus ROG Phone 5s Pro 5G,Snapdragon 888 Plus,18 GB RAM | 512 GB Storage,64 MP + 13 MP + 5 MP Rear Camera,24 MP Front Camera,6000 mAh | 65W Fast Charging,6.78 inches (17.22 cm) | AMOLED,,"₹85,999"
vivo T1 8GB RAM,Snapdragon 695,8 GB RAM | 128 GB Storage,50 MP + 2 MP + 2 MP Rear Camera,16 MP Front Camera,5000 mAh | 18W Fast Charging,6.58 inches (16.71 cm) | IPS LCD,"AnTuTu Score 409,989","₹19,990"
Xiaomi Redmi Note 11 4G 6GB RAM,Snapdragon 680,6 GB RAM | 64 GB Storage,50 MP + 8 MP + 2 MP + 2 MP Rear Camera,13 MP Front Camera,5000 mAh | 33W Fast Charging,6.43 inches (16.33 cm) | AMOLED,"AnTuTu Score 269,010","₹9,990"
vivo Y21A,MediaTek Helio P22,4 GB RAM | 64 GB Storage,13 MP + 2 MP Rear Camera,8 MP Front Camera,5000 mAh | 18W Fast Charging,6.51 inches (16.54 cm) | IPS LCD,,"₹12,999"
vivo Y33T,Snapdragon 680,8 GB RAM | 128 GB Storage,50 MP + 2 MP + 2 MP Rear Camera,16 MP Front Camera,5000 mAh | 18W Fast Charging,6.58 inches (16.71 cm) | IPS LCD,,"₹17,989"
vivo V23 Pro 5G 256GB,MediaTek Dimensity 1200,12 GB RAM | 256 GB Storage,108 MP + 8 MP + 2 MP Rear Camera,50 MP + 8 MP Front Camera,4300 mAh | 44W Flash Charging,6.56 inches (16.66 cm) | AMOLED,AnTuTu Score 0,"₹34,999"
Infinix Note 11S 128GB,MediaTek Helio G96,8 GB RAM | 128 GB Storage,50 MP + 2 MP + 2 MP Rear Camera,16 MP Front Camera,5000 mAh | 33W Fast Charging,6.95 inches (17.65 cm) | IPS LCD,AnTuTu Score 0,"₹15,999"
OnePlus Nord 2 Pac Man Edition,MediaTek Dimensity 1200,12 GB RAM | 256 GB Storage,50 MP + 8 MP + 2 MP Rear Camera,32 MP Front Camera,4500 mAh | 65W Warp Charging,6.43 inches (16.33 cm) | Fluid AMOLED,"AnTuTu Score 541,522","₹37,999"
Lava Z3,MediaTek,3 GB RAM | 32 GB Storage,8 MP + 0.08 MP Rear Camera,5 MP Front Camera,5000 mAh,6.51 inches (16.54 cm) | IPS LCD,,"₹8,499"
Xiaomi Redmi 9i Sport,MediaTek Helio G25,4 GB RAM | 64 GB Storage,13 MP Rear Camera,5 MP Front Camera,5000 mAh | 10W,6.53 inches (16.59 cm) | IPS LCD,"AnTuTu Score 102,000","₹8,999"
I Kall Z5,,3 GB RAM | 16 GB Storage,8 MP Rear Camera,5 MP Front Camera,3000 mAh,5.45 inches (13.84 cm) | IPS LCD,,"₹4,699"
Xiaomi Redmi 9 Activ 128GB,MediaTek Helio G35,6 GB RAM | 128 GB Storage,13 MP + 2 MP Rear Camera,5 MP Front Camera,5000 mAh | 10W,6.53 inches (16.59 cm) | IPS LCD,"AnTuTu Score 203,078","₹15,490"
Snexian Rock R4,,,1.3 MP Rear Camera,,3000 mAh,2.8 inches (7.11 cm) | TFT,,₹799
realme 8i 128GB,MediaTek Helio G96,6 GB RAM | 128 GB Storage,50 MP + 2 MP + 2 MP Rear Camera,16 MP Front Camera,5000 mAh | 18W Quick Charging,6.6 inches (16.76 cm) | IPS LCD,"AnTuTu Score 341,987","₹13,499"
vivo Y12G 64GB,Snapdragon 439,3 GB RAM | 64 GB Storage,13 MP + 2 MP Rear Camera,8 MP Front Camera,5000 mAh,6.51 inches (16.54 cm) | IPS LCD,,"₹11,982"
I Kall Z3,,4 GB RAM | 32 GB Storage,8 MP Rear Camera,5 MP Front Camera,4000 mAh,6.0 inches (15.24 cm) | IPS LCD,,"₹5,799"
Xiaomi Redmi Note 10T 128GB,MediaTek Dimensity 700,6 GB RAM | 128 GB Storage,48 MP + 2 MP + 2 MP Rear Camera,8 MP Front Camera,5000 mAh | 18W Fast Charging,6.5 inches (16.51 cm) | IPS LCD,"AnTuTu Score 359,003","₹13,490"
POCO F3 GT 256GB,MediaTek Dimensity 1200,8 GB RAM | 256 GB Storage,64 MP + 8 MP + 2 MP Rear Camera,16 MP Front Camera,5065 mAh | 67W Sonic Charging,6.67 inches (16.94 cm) | AMOLED,"AnTuTu Score 538,911","₹30,999"
Samsung Galaxy F22 128GB,MediaTek Helio G80,6 GB RAM | 128 GB Storage,48 MP + 8 MP + 2 MP + 2 MP Rear Camera,13 MP Front Camera,6000 mAh | 15W Fast Charging,6.4 inches (16.26 cm) | Super AMOLED,"AnTuTu Score 183,262","₹11,999"
OnePlus Nord CE 5G 256GB,Snapdragon 750G,12 GB RAM | 256 GB Storage,64 MP + 8 MP + 2 MP Rear Camera,16 MP Front Camera,4500 mAh | 30W Warp Charging,6.43 inches (16.33 cm) | Fluid AMOLED,"AnTuTu Score 392,543","₹26,999"
POCO M3 Pro 5G 128GB,MediaTek Dimensity 700,6 GB RAM | 128 GB Storage,48 MP + 2 MP + 2 MP Rear Camera,8 MP Front Camera,5000 mAh | 18W Fast Charging,6.5 inches (16.51 cm) | IPS LCD,"AnTuTu Score 259,120","₹16,499"
Infinix Hot 10S,MediaTek Helio G85,4 GB RAM | 64 GB Storage,48 MP + 2 MP Rear Camera,8 MP Front Camera,6000 mAh | 10W,6.82 inches (17.32 cm) | IPS LCD,"AnTuTu Score 197,888","₹9,999"
Lava Z2 Max,MediaTek Helio A20,2 GB RAM | 32 GB Storage,13 MP + 2 MP Rear Camera,8 MP Front Camera,6000 mAh,7.0 inches (17.78 cm) | IPS LCD,,"₹8,449"
Infinix Hot 10 Play,MediaTek Helio G35,4 GB RAM | 64 GB Storage,13 MP + 0.08 MP Rear Camera,8 MP Front Camera,6000 mAh | 10W,6.82 inches (17.32 cm) | IPS LCD,"AnTuTu Score 103,809","₹9,499"
Xiaomi Mi 11X Pro 256GB,Snapdragon 888,8 GB RAM | 256 GB Storage,108 MP + 8 MP + 5 MP Rear Camera,20 MP Front Camera,4520 mAh | 33W Fast Charging,6.67 inches (16.94 cm) | AMOLED,"AnTuTu Score 771,717","₹29,999"
POCO M2 4GB RAM,MediaTek Helio G80,4 GB RAM | 64 GB Storage,13 MP + 8 MP + 5 MP + 2 MP Rear Camera,8 MP Front Camera,5000 mAh | 18W Fast Charging,6.53 inches (16.59 cm) | IPS LCD,"AnTuTu Score 251,390","₹9,999"
vivo X60 256GB,Snapdragon 870,12 GB RAM | 256 GB Storage,48 MP + 13 MP + 13 MP Rear Camera,32 MP Front Camera,4300 mAh | 33W Flash Charging,6.56 inches (16.66 cm) | AMOLED,"AnTuTu Score 628,050","₹46,990"
Moto G30,Snapdragon 662,4 GB RAM | 64 GB Storage,64 MP + 8 MP + 2 MP + 2 MP Rear Camera,13 MP Front Camera,5000 mAh | 20W Turbo Power Charging,6.5 inches (16.51 cm) | IPS LCD,"AnTuTu Score 172,667","₹14,999"
Gfive i1,,,0.3 MP Rear Camera,,2500 mAh,1.8 inches (4.57 cm) | TFT,,₹816
LG W41,MediaTek Helio G35,4 GB RAM | 64 GB Storage,48 MP + 8 MP + 5 MP + 2 MP Rear Camera,8 MP Front Camera,5000 mAh,6.5 inches (16.51 cm) | IPS LCD,,"₹13,999"
LG W41 Plus,MediaTek Helio G35,4 GB RAM | 128 GB Storage,48 MP + 8 MP + 5 MP + 2 MP Rear Camera,8 MP Front Camera,5000 mAh,6.5 inches (16.51 cm) | IPS LCD,,"₹18,000"
Moto E7 Power,MediaTek Helio G25,2 GB RAM | 32 GB Storage,13 MP + 2 MP Rear Camera,5 MP Front Camera,5000 mAh | 10W,6.5 inches (16.51 cm) | IPS LCD,"AnTuTu Score 104,632","₹9,999"
Samsung Galaxy M02 3GB RAM,MediaTek MT6739,3 GB RAM | 32 GB Storage,13 MP + 2 MP Rear Camera,5 MP Front Camera,5000 mAh,6.5 inches (16.51 cm) | PLS TFT LCD,,"₹7,999"
Lava Z6,MediaTek Helio G35,6 GB RAM | 64 GB Storage,13 MP + 5 MP + 2 MP Rear Camera,16 MP Front Camera,5000 mAh,6.51 inches (16.54 cm) | IPS LCD,"AnTuTu Score 106,551","₹9,299"
Infinix Smart HD 2021,MediaTek Helio A20,2 GB RAM | 32 GB Storage,8 MP Rear Camera,5 MP Front Camera,5000 mAh,6.1 inches (15.49 cm) | IPS LCD,"AnTuTu Score 72,821","₹6,499"
I Kall K666,,,2 MP Rear Camera,,3000 mAh,2.8 inches (7.11 cm) | TFT,,"₹1,780"
Moto G9 Power,Snapdragon 662,4 GB RAM | 64 GB Storage,64 MP + 2 MP + 2 MP Rear Camera,16 MP Front Camera,6000 mAh | 20W Turbo Power Charging,6.8 inches (17.27 cm) | IPS LCD,"AnTuTu Score 169,608","₹15,999"
Tecno Pova,MediaTek Helio G80,4 GB RAM | 64 GB Storage,16 MP + 2 MP + 2 MP Rear Camera,8 MP Front Camera,6000 mAh | 18W Flash Charging,6.8 inches (17.27 cm) | IPS LCD,"AnTuTu Score 195,498","₹10,449"
Micromax IN Note 1,MediaTek Helio G85,4 GB RAM | 64 GB Storage,48 MP + 5 MP + 2 MP + 2 MP Rear Camera,16 MP Front Camera,5000 mAh | 18W Fast Charging,6.67 inches (16.94 cm) | IPS LCD,"AnTuTu Score 197,441","₹15,499"
Lava Flip,,,0.08 MP Rear Camera,,1200 mAh,2.4 inches (6.1 cm) | TFT,,"₹1,974"
Gionee F8 Neo,Unisoc SC9863A,2 GB RAM | 32 GB Storage,8 MP Rear Camera,5 MP Front Camera,3000 mAh | 10W,5.45 inches (13.84 cm) | IPS LCD,,"₹5,554"
Samsung Galaxy A21s 128GB,Samsung Exynos 8 Octa 850,6 GB RAM | 128 GB Storage,48 MP + 8 MP + 2 MP + 2 MP Rear Camera,13 MP Front Camera,5000 mAh | 15W Fast Charging,6.5 inches (16.51 cm) | PLS TFT LCD,"AnTuTu Score 121,139","₹16,999"
Itel A48,,2 GB RAM | 32 GB Storage,5 MP Rear Camera,5 MP Front Camera,3000 mAh,6.1 inches (15.49 cm) | IPS LCD,,"₹5,999"
vivo V20 256GB,Snapdragon 720G,8 GB RAM | 256 GB Storage,64 MP + 8 MP + 2 MP Rear Camera,44 MP Front Camera,4000 mAh | 33W Flash Charging,6.44 inches (16.36 cm) | AMOLED,"AnTuTu Score 282,796","₹23,999"
Samsung Galaxy F41 128GB,Samsung Exynos 9 Octa 9611,6 GB RAM | 128 GB Storage,64 MP + 8 MP + 5 MP Rear Camera,32 MP Front Camera,6000 mAh | 15W Fast Charging,6.4 inches (16.26 cm) | Super AMOLED,"AnTuTu Score 186,675","₹20,999"
POCO X3 128GB,Snapdragon 732G,6 GB RAM | 128 GB Storage,64 MP + 13 MP + 2 MP + 2 MP Rear Camera,20 MP Front Camera,6000 mAh | 33W Quick Charging,6.67 inches (16.94 cm) | IPS LCD,"AnTuTu Score 282,092","₹16,990"
Samsung Galaxy Z Fold 2,Snapdragon 865 Plus,12 GB RAM | 256 GB Storage,12 MP + 12 MP + 12 MP Rear Camera,10 MP + 10 MP Front Camera,4500 mAh | 25W Fast Charging,7.6 inches (19.3 cm) | Dynamic AMOLED (Main Display),"AnTuTu Score 587,152","₹189,999"
Tecno Spark Go 2020,MediaTek Helio A20,2 GB RAM | 32 GB Storage,13 MP + 0.08 MP Rear Camera,8 MP Front Camera,5000 mAh,6.52 inches (16.56 cm) | TFT,,"₹6,999"
realme 7 Pro 8GB RAM,Snapdragon 720G,8 GB RAM | 128 GB Storage,64 MP + 8 MP + 2 MP + 2 MP Rear Camera,32 MP Front Camera,4500 mAh | 65W Super Dart Charging,6.4 inches (16.26 cm) | Super AMOLED,"AnTuTu Score 288,727","₹22,999"
Xiaomi Redmi 9,MediaTek Helio G35,4 GB RAM | 64 GB Storage,13 MP + 2 MP Rear Camera,5 MP Front Camera,5000 mAh | 10W,6.53 inches (16.59 cm) | IPS LCD,,"₹8,935"
Moto G9,Snapdragon 662,4 GB RAM | 64 GB Storage,48 MP + 2 MP + 2 MP Rear Camera,8 MP Front Camera,5000 mAh | 20W Turbo Power Charging,6.5 inches (16.51 cm) | IPS LCD,"AnTuTu Score 176,500","₹14,999"
Lava A9 2020,,,1.3 MP Rear Camera,,1700 mAh | 2.96W,2.8 inches (7.11 cm) | TFT,,"₹1,899"
Asus ROG Phone 3 256GB,Snapdragon 865 Plus,12 GB RAM | 256 GB Storage,64 MP + 13 MP + 5 MP Rear Camera,24 MP Front Camera,6000 mAh | 30W Hyper Charging,6.59 inches (16.74 cm) | AMOLED,"AnTuTu Score 614,628","₹65,999"
realme 6i 6GB RAM,MediaTek Helio G90T,6 GB RAM | 64 GB Storage,48 MP + 8 MP + 2 MP + 2 MP Rear Camera,16 MP Front Camera,4300 mAh | 30W Flash Charging,6.5 inches (16.51 cm) | IPS LCD,"AnTuTu Score 284,550","₹7,999"
Infinix Smart 4 Plus,MediaTek Helio A25,3 GB RAM | 32 GB Storage,13 MP Rear Camera,8 MP Front Camera,6000 mAh | 10W,6.82 inches (17.32 cm) | IPS LCD,AnTuTu Score 0,"₹7,990"
vivo X50,Snapdragon 730,8 GB RAM | 128 GB Storage,48 MP + 13 MP + 8 MP + 5 MP Rear Camera,32 MP Front Camera,4200 mAh | 33W Flash Charging,6.56 inches (16.66 cm) | AMOLED,"AnTuTu Score 281,854","₹39,990"
Infinix Hot 9,MediaTek Helio P22,4 GB RAM | 64 GB Storage,13 MP + 2 MP + 2 MP Rear Camera,8 MP Front Camera,5000 mAh | 10W,6.6 inches (16.76 cm) | IPS LCD,"AnTuTu Score 103,181","₹11,999"
Samsung Galaxy J2 Core 2020,Samsung Exynos 7 Quad 7570,1 GB RAM | 16 GB Storage,8 MP Rear Camera,5 MP Front Camera,2600 mAh,5.0 inches (12.7 cm) | PLS TFT LCD,,"₹6,999"
Samsung Galaxy M11 64GB,Snapdragon 450,4 GB RAM | 64 GB Storage,13 MP + 5 MP + 2 MP Rear Camera,8 MP Front Camera,5000 mAh | 15W Fast Charging,6.4 inches (16.26 cm) | PLS TFT LCD,,"₹9,999"
Samsung Galaxy M31 8GB RAM,Samsung Exynos 9 Octa 9611,8 GB RAM | 128 GB Storage,64 MP + 8 MP + 5 MP + 5 MP Rear Camera,32 MP Front Camera,6000 mAh | 15W Fast Charging,6.4 inches (16.26 cm) | Super AMOLED,"AnTuTu Score 194,497","₹18,999"
Honor 9X Pro,HiSilicon Kirin,6 GB RAM | 256 GB Storage,48 MP + 8 MP + 2 MP Rear Camera,16 MP Front Camera,4000 mAh | 10W,6.59 inches (16.74 cm) | IPS LCD,,"₹18,490"
realme 5i 128GB,Snapdragon 665,4 GB RAM | 128 GB Storage,12 MP + 8 MP + 2 MP + 2 MP Rear Camera,8 MP Front Camera,5000 mAh | 10W,6.5 inches (16.51 cm) | IPS LCD,"AnTuTu Score 172,716","₹11,999"
Tecno Camon 15 Pro,MediaTek Helio P35,6 GB RAM | 128 GB Storage,48 MP + 5 MP + 2 MP Rear Camera,32 MP Front Camera,4000 mAh,6.53 inches (16.59 cm) | IPS LCD,"AnTuTu Score 118,467","₹16,999"
Honor 9X 6GB RAM,HiSilicon Kirin,6 GB RAM | 128 GB Storage,48 MP + 8 MP + 2 MP Rear Camera,16 MP Front Camera,4000 mAh,6.59 inches (16.74 cm) | IPS LCD,"AnTuTu Score 187,409","₹19,999"
Micromax X750,,,0.3 MP Rear Camera,,2500 mAh | 4.9W,2.4 inches (6.1 cm) | TFT,,"₹1,771"
realme 5s 128GB,Snapdragon 665,4 GB RAM | 128 GB Storage,48 MP + 8 MP + 2 MP + 2 MP Rear Camera,13 MP Front Camera,5000 mAh | 10W,6.5 inches (16.51 cm) | IPS LCD,"AnTuTu Score 168,989","₹12,999"
Tecno Spark Power,MediaTek Helio P22,4 GB RAM | 64 GB Storage,13 MP + 8 MP + 2 MP Rear Camera,13 MP Front Camera,6000 mAh,6.35 inches (16.13 cm) | AMOLED,"AnTuTu Score 96,849","₹10,499"
Infinix S5 Lite,MediaTek Helio P22,4 GB RAM | 64 GB Storage,16 MP + 2 MP Rear Camera,16 MP Front Camera,4000 mAh,6.6 inches (16.76 cm) | IPS LCD,"AnTuTu Score 91,086","₹9,999"
vivo Z1x 4GB RAM,Snapdragon 712,4 GB RAM | 128 GB Storage,48 MP + 8 MP + 2 MP Rear Camera,32 MP Front Camera,4500 mAh | 22.5W Flash Charging,6.38 inches (16.21 cm) | Super AMOLED,"AnTuTu Score 186,499","₹15,990"
Moto G8 Plus,Snapdragon 665,4 GB RAM | 64 GB Storage,48 MP + 16 MP + 5 MP Rear Camera,25 MP Front Camera,4000 mAh | 15W Turbo Charging,6.3 inches (16 cm) | IPS LCD,"AnTuTu Score 167,968","₹9,040"
LG W30 Pro,Snapdragon 632,4 GB RAM | 64 GB Storage,13 MP + 8 MP + 5 MP Rear Camera,16 MP Front Camera,4050 mAh Fast Charging,6.21 inches (15.77 cm) | IPS LCD,,"₹9,289"
Xiaomi Redmi Note 8 128GB,Snapdragon 665,6 GB RAM | 128 GB Storage,48 MP + 8 MP + 2 MP + 2 MP Rear Camera,13 MP Front Camera,4000 mAh | 18W Fast Charging,6.3 inches (16 cm) | IPS LCD,"AnTuTu Score 171,024","₹11,699"
Xiaomi Redmi Note 8 Pro 8GB RAM,MediaTek Helio G90T,8 GB RAM | 128 GB Storage,64 MP + 8 MP + 2 MP + 2 MP Rear Camera,20 MP Front Camera,4500 mAh | 18W Fast Charging,6.53 inches (16.59 cm) | IPS LCD,"AnTuTu Score 286,100","₹19,999"
Lenovo Z6 Pro,Snapdragon 855,8 GB RAM | 128 GB Storage,48 MP + 16 MP + 8 MP + 2 MP Rear Camera,32 MP Front Camera,4000 mAh | 18W Fast Charging,6.39 inches (16.23 cm) | AMOLED,,"₹39,999"
Samsung Galaxy A10s 3GB RAM,MediaTek Helio P22,3 GB RAM | 32 GB Storage,13 MP + 2 MP Rear Camera,8 MP Front Camera,4000 mAh,6.2 inches (15.75 cm) | PLS TFT LCD,,"₹11,000"
Gionee F9,Unisoc SC9863,3 GB RAM | 32 GB Storage,13 MP Rear Camera,8 MP Front Camera,3520 mAh,5.71 inches (14.5 cm) | IPS LCD,,"₹7,900"
OPPO A9,MediaTek Helio P70,4 GB RAM | 128 GB Storage,16 MP + 2 MP Rear Camera,16 MP Front Camera,4020 mAh Fast Charging,6.53 inches (16.59 cm) | IPS LCD,"AnTuTu Score 146,944","₹16,990"
Tecno Phantom 9,MediaTek Helio P35,6 GB RAM | 128 GB Storage,16 MP + 8 MP + 2 MP Rear Camera,32 MP Front Camera,3500 mAh,6.4 inches (16.26 cm) | AMOLED,"AnTuTu Score 87,730","₹16,999"
Nokia 9,Snapdragon 845,6 GB RAM | 128 GB Storage,12 MP + 12 MP + 12 MP + 12 MP Rear Camera,20 MP Front Camera,3320 mAh Fast Charging,5.99 inches (15.21 cm) | P-OLED,,"₹56,299"
Coolpad Cool 3 Plus,MediaTek Helio A22,2 GB RAM | 16 GB Storage,13 MP Rear Camera,8 MP Front Camera,3000 mAh,5.71 inches (14.5 cm) | IPS LCD,"AnTuTu Score 65,899","₹6,490"
Karbonn Platinum P9 2018,,2 GB RAM | 16 GB Storage,8 MP + 2 MP Rear Camera,8 MP Front Camera,2500 mAh,5.45 inches (13.84 cm) | IPS LCD,,"₹3,999"
vivo Y12,MediaTek Helio P22,4 GB RAM | 32 GB Storage,13 MP + 8 MP + 2 MP Rear Camera,8 MP Front Camera,5000 mAh,6.35 inches (16.13 cm) | IPS LCD,"AnTuTu Score 79,317","₹14,990"
realme C2 32GB,MediaTek Helio P22,3 GB RAM | 32 GB Storage,13 MP + 2 MP Rear Camera,5 MP Front Camera,4000 mAh,6.1 inches (15.49 cm) | IPS LCD,"AnTuTu Score 77,126","₹8,999"
realme C2 2GB RAM,MediaTek Helio P22,2 GB RAM | 32 GB Storage,13 MP + 2 MP Rear Camera,5 MP Front Camera,4000 mAh,6.1 inches (15.49 cm) | IPS LCD,"AnTuTu Score 77,126","₹7,999"
XOLO ZX 128GB,MediaTek Helio P22,6 GB RAM | 128 GB Storage,13 MP + 5 MP Rear Camera,16 MP Front Camera,3260 mAh,6.22 inches (15.8 cm) | IPS LCD,,"₹16,999"
Itel Magic 1,,,0.3 MP Rear Camera,0.3 MP Front Camera,1200 mAh,2.4 inches (6.1 cm) | TFT,,"₹1,348"
Xiaomi Redmi Note 7 Pro 128GB,Snapdragon 675,6 GB RAM | 128 GB Storage,48 MP + 5 MP Rear Camera,13 MP Front Camera,4000 mAh Quick Charging,6.3 inches (16 cm) | IPS LCD,"AnTuTu Score 181,423","₹17,999"
XOLO Era 5X,MediaTek Helio A22,3 GB RAM | 32 GB Storage,13 MP Rear Camera,13 MP Front Camera,3000 mAh,5.7 inches (14.48 cm) | IPS LCD,,"₹8,999"
Samsung Galaxy A10,Samsung Exynos 7 Octa 7884,2 GB RAM | 32 GB Storage,13 MP Rear Camera,5 MP Front Camera,3400 mAh,6.2 inches (15.75 cm) | TFT,,"₹8,700"
Panasonic P110,MediaTek MT6739,1 GB RAM | 16 GB Storage,5 MP Rear Camera,5 MP Front Camera,2300 mAh,5.34 inches (13.56 cm) | IPS LCD,,"₹4,999"
realme C1 2019 3GB RAM,Snapdragon 450,3 GB RAM | 32 GB Storage,13 MP + 2 MP Rear Camera,5 MP Front Camera,4230 mAh,6.2 inches (15.75 cm) | IPS LCD,,"₹9,999"
Itel it5605,,,0.3 MP Rear Camera,,2500 mAh,1.8 inches (4.57 cm) | TFT,,"₹1,117"
Coolpad Mega 5M,Spreadtrum SC9832A,1 GB RAM | 16 GB Storage,5 MP Rear Camera,2 MP Front Camera,2000 mAh,5.0 inches (12.7 cm) | IPS LCD,,"₹3,449"
Itel it2190,,,0.3 MP Rear Camera,,1000 mAh | 2W,1.8 inches (4.57 cm) | TFT,,"₹1,125"
Panasonic Eluga Z1 Pro,MediaTek Helio P22,4 GB RAM | 64 GB Storage,13 MP + 2 MP Rear Camera,8 MP Front Camera,4000 mAh,6.19 inches (15.72 cm) | IPS LCD,,"₹12,990"
Lava Z81,MediaTek Helio A22,3 GB RAM | 32 GB Storage,13 MP Rear Camera,13 MP Front Camera,3000 mAh,5.7 inches (14.48 cm) | IPS LCD,,"₹11,500"
Lenovo A5,MediaTek MT6739,2 GB RAM | 16 GB Storage,13 MP Rear Camera,8 MP Front Camera,4000 mAh,5.45 inches (13.84 cm) | IPS LCD,,"₹6,999"
Apple iPhone XR 128GB,Apple A12 Bionic,3 GB RAM | 128 GB Storage,12 MP Rear Camera,7 MP Front Camera,2942 mAh Fast Charging,6.1 inches (15.49 cm) | IPS LCD,"AnTuTu Score 366,895","₹44,999"
realme C1,Snapdragon 450,2 GB RAM | 16 GB Storage,13 MP + 2 MP Rear Camera,5 MP Front Camera,4230 mAh,6.2 inches (15.75 cm) | IPS LCD,,"₹8,990"
Motorola One Power (P30 Note),Snapdragon 636,4 GB RAM | 64 GB Storage,16 MP + 5 MP Rear Camera,12 MP Front Camera,5000 mAh Turbo Power Charging,6.2 inches (15.75 cm) | IPS LCD,,"₹18,999"
Lava Gem,,,0.3 MP Rear Camera,,1750 mAh | 1W,2.8 inches (7.11 cm) | TFT,,"₹1,899"
Ulefone X,MediaTek MT6763T,4 GB RAM | 64 GB Storage,13 MP + 5 MP Rear Camera,8 MP Front Camera,3300 mAh,5.85 inches (14.86 cm) | IPS LCD,,"₹12,999"
Lava One,,,0.3 MP Rear Camera,,1000 mAh | 3.7W,2.4 inches (6.1 cm) | TFT,,"₹1,194"
Nokia 3.1 32GB,MediaTek MT6750,3 GB RAM | 32 GB Storage,13 MP Rear Camera,8 MP Front Camera,2990 mAh,5.2 inches (13.21 cm) | IPS LCD,,"₹9,800"
Honor Play 6GB RAM,HiSilicon Kirin,6 GB RAM | 64 GB Storage,16 MP + 2 MP Rear Camera,16 MP Front Camera,3750 mAh Fast Charging,6.3 inches (16 cm) | IPS LCD,,"₹25,999"
Easyfone Udaan,,,0.3 MP Rear Camera,,1000 mAh,1.77 inches (4.5 cm) | TFT,,"₹2,100"
Asus Zenfone Max Pro M1 6GB RAM,Snapdragon 636,6 GB RAM | 64 GB Storage,16 MP + 5 MP Rear Camera,16 MP Front Camera,5000 mAh | 10W Fast Charging,5.99 inches (15.21 cm) | IPS LCD,,"₹17,999"
vivo Y71i,Snapdragon 425,2 GB RAM | 16 GB Storage,8 MP Rear Camera,5 MP Front Camera,3360 mAh,6.0 inches (15.24 cm) | IPS LCD,,"₹9,990"
Intex Indie 5,MediaTek MT6737,2 GB RAM | 16 GB Storage,8 MP Rear Camera,8 MP Front Camera,4000 mAh,5 inches (12.7 cm) | IPS LCD,,"₹7,299"
Itel it5070,,,0.3 MP Rear Camera,,1000 mAh,2.4 inches (6.1 cm) | TFT,,"₹1,810"
Nokia 6.1 (Nokia 6 2018) 64GB,Snapdragon 630,4 GB RAM | 64 GB Storage,16 MP Rear Camera,8 MP Front Camera,3000 mAh Fast Charging,5.5 inches (13.97 cm) | IPS LCD,,"₹20,095"
Panasonic P95,Snapdragon 212,1 GB RAM | 16 GB Storage,8 MP Rear Camera,5 MP Front Camera,2300 mAh,5.0 inches (12.7 cm) | IPS LCD,,"₹6,490"
Coolpad Note 6,Snapdragon 435,4 GB RAM | 32 GB Storage,13 MP Rear Camera,8 MP + 5 MP Front Camera,4070 mAh,5.5 inches (13.97 cm) | IPS LCD,,"₹9,499"
Gionee S11 Lite,Snapdragon 430,4 GB RAM | 32 GB Storage,13 MP + 2 MP Rear Camera,16 MP Front Camera,3030 mAh,5.7 inches (14.48 cm) | IPS LCD,,"₹15,490"
Nokia 6.1 (Nokia 6 2018),Snapdragon 630,3 GB RAM | 32 GB Storage,16 MP Rear Camera,8 MP Front Camera,3000 mAh Fast Charging,5.5 inches (13.97 cm) | IPS LCD,,"₹17,979"
InFocus Hero Play M1,,32 MB RAM | 32 MB Storage,0.3 MP Rear Camera,,1800 mAh,1.8 inches (4.57 cm) | TFT,,"₹1,099"
Karbonn K444 Shakti,,,0.3 MP Rear Camera,,4000 mAh,2.4 inches (6.1 cm) | TFT,,"₹1,489"
InFocus Vision 3,MediaTek MT6737,2 GB RAM | 16 GB Storage,13 MP + 5 MP Rear Camera,8 MP Front Camera,4000 mAh,5.7 inches (14.48 cm) | IPS LCD,,"₹7,999"
LG V30 Plus,Snapdragon 835,4 GB RAM | 128 GB Storage,16 MP + 13 MP Rear Camera,5 MP Front Camera,3300 mAh Quick Charging,6.0 inches (15.24 cm) | OLED,,"₹60,000"
Spice Z301,,,0.3 MP Rear Camera,,1500 mAh,2.8 inches (7.11 cm) | TFT,,"₹1,690"
Nokia 8,Snapdragon 835,4 GB RAM | 64 GB Storage,13 MP + 13 MP Rear Camera,13 MP Front Camera,3090 mAh Quick Charging,5.3 inches (13.46 cm) | IPS LCD,,"₹29,082"
Micromax Bharat 2 Plus,Spreadtrum SC9832A,1 GB RAM | 8 GB Storage,5 MP Rear Camera,2 MP Front Camera,1600 mAh,4.0 inches (10.16 cm) | TFT,,"₹3,599"
vivo V7 Plus,Snapdragon 450,4 GB RAM | 64 GB Storage,16 MP Rear Camera,24 MP Front Camera,3225 mAh,5.99 inches (15.21 cm) | IPS LCD,,"₹22,221"
Xiaomi Mi A1,Snapdragon 625,4 GB RAM | 64 GB Storage,12 MP + 12 MP Rear Camera,5 MP Front Camera,3080 mAh,5.5 inches (13.97 cm) | IPS LCD,,"₹12,999"
Micromax Canvas Infinity,Snapdragon 425,3 GB RAM | 32 GB Storage,13 MP Rear Camera,16 MP Front Camera,2900 mAh,5.7 inches (14.48 cm) | IPS LCD,,"₹9,297"
Peace P4,,,0.3 MP Rear Camera,,850 mAh,1.8 inches (4.57 cm) | TFT,,₹596
Swipe Konnect Power,Spreadtrum SC9832A,2 GB RAM | 16 GB Storage,8 MP Rear Camera,5 MP Front Camera,3000 mAh,5.0 inches (12.7 cm) | IPS LCD,,"₹4,066"
Gfive Leo,,,0.3 MP Rear Camera,,1000 mAh,1.8 inches (4.57 cm) | TFT,,₹846
Yu Yunique 2,MediaTek MT6737,2 GB RAM | 16 GB Storage,13 MP Rear Camera,5 MP Front Camera,2500 mAh,5.0 inches (12.7 cm) | IPS LCD,,"₹5,999"
Gionee A1 Plus,MediaTek MT6757CD,4 GB RAM | 64 GB Storage,13 MP + 5 MP Rear Camera,20 MP Front Camera,4550 mAh Fast Charging,6.0 inches (15.24 cm) | IPS LCD,,"₹14,990"
Sony Xperia XA1 Ultra,MediaTek MT6757,4 GB RAM | 64 GB Storage,23 MP Rear Camera,16 MP Front Camera,2700 mAh Fast Charging,6.0 inches (15.24 cm) | IPS LCD,,"₹22,990"
Itel it2131,,,,,1000 mAh,1.8 inches (4.57 cm) | TFT,,₹749
Zen Power 102,,,1.3 MP Rear Camera,,3000 mAh,1.8 inches (4.57 cm) | TFT,,"₹1,028"
Samsung Galaxy J3 Pro,Spreadtrum SC9830i,2 GB RAM | 16 GB Storage,8 MP Rear Camera,5 MP Front Camera,2600 mAh,5.0 inches (12.7 cm) | Super AMOLED,,"₹8,490"
Lava X41 Plus,,2 GB RAM | 32 GB Storage,8 MP Rear Camera,5 MP Front Camera,2500 mAh,5.0 inches (12.7 cm) | IPS LCD,,"₹4,999"
Lenovo Phab 2 Pro,Snapdragon 652,4 GB RAM | 64 GB Storage,16 MP Rear Camera,8 MP Front Camera,4050 mAh Fast Charging,6.4 inches (16.26 cm) | IPS LCD,,"₹30,000"
Black Bear i7,,,0.3 MP Rear Camera,,1450 mAh,2.4 inches (6.1 cm) | TFT,,"₹1,749"
Lenovo K6 Power 32GB,Snapdragon 430,3 GB RAM | 32 GB Storage,13 MP Rear Camera,8 MP Front Camera,4000 mAh,5.0 inches (12.7 cm) | IPS LCD,,"₹9,999"
Lyf F8,Snapdragon 210,1 GB RAM | 8 GB Storage,8 MP Rear Camera,5 MP Front Camera,2000 mAh,4.5 inches (11.43 cm) | TFT,,"₹4,699"
Lyf F1,Snapdragon 617,3 GB RAM | 32 GB Storage,16 MP Rear Camera,8 MP Front Camera,3200 mAh,5.5 inches (13.97 cm) | IPS LCD,,"₹4,999"
Honor 8,HiSilicon Kirin,4 GB RAM | 32 GB Storage,12 MP + 12 MP Rear Camera,8 MP Front Camera,3000 mAh Fast Charging,5.2 inches (13.21 cm) | IPS LCD,,"₹29,999"
Apple iPhone 7 Plus 128GB,Apple A10 Fusion,3 GB RAM | 128 GB Storage,12 MP + 12 MP Rear Camera,7 MP Front Camera,2900 mAh,5.5 inches (13.97 cm) | IPS LCD,,"₹42,900"
Apple iPhone 6s 32GB,Apple A9,2 GB RAM | 32 GB Storage,12 MP Rear Camera,5 MP Front Camera,1715 mAh,4.7 inches (11.94 cm) | IPS LCD,,"₹29,900"
Asus Zenfone 3 ZE552KL,Snapdragon 625,4 GB RAM | 64 GB Storage,16 MP Rear Camera,8 MP Front Camera,3000 mAh,5.5 inches (13.97 cm) | IPS LCD,,"₹28,999"
Itel it5611,,,0.3 MP Rear Camera,,2500 mAh,2.4 inches (6.1 cm) | TFT,,"₹1,275"
LG X screen,Snapdragon 410,2 GB RAM | 16 GB Storage,13 MP Rear Camera,8 MP Front Camera,2300 mAh,4.93 inches (12.52 cm) | IPS LCD (Main Display),,"₹8,200"
Samsung Galaxy On7 Pro,Snapdragon 410,2 GB RAM | 16 GB Storage,13 MP Rear Camera,5 MP Front Camera,3000 mAh,5.5 inches (13.97 cm) | TFT,,"₹8,490"
Intex Aqua 3G Pro Q,Spreadtrum SC7731,512 MB RAM | 4 GB Storage,2 MP Rear Camera,0.3 MP Front Camera,1300 mAh,4.0 inches (10.16 cm) | TFT,,"₹3,390"
HTC Desire 628 Dual SIM,MediaTek MT6753,3 GB RAM | 32 GB Storage,13 MP Rear Camera,5 MP Front Camera,2200 mAh Fast Charging,5.0 inches (12.7 cm) | S-LCD,,"₹15,400"
Panasonic Eluga I3,MediaTek MT6735,2 GB RAM | 16 GB Storage,13 MP Rear Camera,5 MP Front Camera,2700 mAh,5.5 inches (13.97 cm) | IPS LCD,,"₹5,549"
Gionee M5 Lite CDMA,MediaTek MT6735,3 GB RAM | 32 GB Storage,8 MP Rear Camera,5 MP Front Camera,4000 mAh,5.0 inches (12.7 cm) | IPS LCD,,"₹13,649"
HTC Desire 626 Dual SIM,MediaTek MT6752,2 GB RAM | 16 GB Storage,13 MP Rear Camera,5 MP Front Camera,2000 mAh,5.0 inches (12.7 cm) | IPS LCD,,"₹11,810"
Lava Arc Magic Plus,,,0.3 MP Rear Camera,,800 mAh,1.8 inches (4.57 cm) | TFT,,"₹1,099"
Google Nexus 6P 32GB,Snapdragon 810,3 GB RAM | 32 GB Storage,12.3 MP Rear Camera,8 MP Front Camera,3450 mAh Fast Charging,5.7 inches (14.48 cm) | AMOLED,,"₹39,999"
Apple iPhone 6s 64GB,Apple A9,2 GB RAM | 64 GB Storage,12 MP Rear Camera,5 MP Front Camera,1715 mAh,4.7 inches (11.94 cm) | IPS LCD,,"₹72,000"
Micromax Canvas Blaze 4G Q400,Snapdragon 210,1 GB RAM | 8 GB Storage,5 MP Rear Camera,2 MP Front Camera,2000 mAh,4.5 inches (11.43 cm) | IPS LCD,,"₹4,928"
Nuvo Flash NF24,,,1.3 MP Rear Camera,,1000 mAh,2.4 inches (6.1 cm) | TFT,,₹899
UNI N6100,,64 MB RAM | 128 MB Storage,5 MP Rear Camera,,1400 mAh,4.0 inches (10.16 cm) | TFT,,"₹1,802"
Sony Xperia Z3+,Snapdragon 810,3 GB RAM | 32 GB Storage,20.7 MP Rear Camera,5.1 MP Front Camera,2930 mAh,5.2 inches (13.21 cm) | IPS LCD,,"₹55,990"
Lenovo A6000 Plus,Snapdragon 410,2 GB RAM | 16 GB Storage,8 MP Rear Camera,2 MP Front Camera,2300 mAh,5.0 inches (12.7 cm) | IPS LCD,,"₹7,499"
Lava KKT 40 Power,,,0.3 MP Rear Camera,,2700 mAh,2.4 inches (6.1 cm) | TFT,,"₹1,950"
Yu Yureka,Snapdragon 615,2 GB RAM | 16 GB Storage,13 MP Rear Camera,5 MP Front Camera,2500 mAh,5.5 inches (13.97 cm) | IPS LCD,,"₹10,999"
HTC Desire Eye,Snapdragon 801,2 GB RAM | 16 GB Storage,13 MP Rear Camera,13 MP Front Camera,2400 mAh,5.2 inches (13.21 cm) | S-LCD 3,,"₹35,500"
Asus PadFone Mini PF400CG,Intel Atom,1 GB RAM | 8 GB Storage,8 MP Rear Camera,2 MP Front Camera,1200 mAh,4.0 inches (10.16 cm) | IPS LCD (Main Display),,"₹12,999"
Lava Iris 500,,512 MB RAM | 4 GB Storage,5 MP Rear Camera,0.3 MP Front Camera,1800 mAh,5.0 inches (12.7 cm) | IPS LCD,,"₹5,499"
Apple iPhone 6 Plus 128GB,Apple A8,1 GB RAM | 128 GB Storage,8 MP Rear Camera,1.2 MP Front Camera,2915 mAh,5.5 inches (13.97 cm) | IPS LCD,,"₹48,999"
Lenovo Vibe Z2 Pro (K920),Snapdragon 801,3 GB RAM | 32 GB Storage,16 MP Rear Camera,5 MP Front Camera,4000 mAh,6.0 inches (15.24 cm) | IPS LCD,,"₹29,999"
Lenovo A536,MediaTek MT6582M,1 GB RAM | 8 GB Storage,5 MP Rear Camera,2 MP Front Camera,2000 mAh,5.0 inches (12.7 cm) | LCD,,"₹9,999"
XOLO Q1000s Plus,MediaTek MT6589T,2 GB RAM | 32 GB Storage,13 MP Rear Camera,5 MP Front Camera,3000 mAh,5.0 inches (12.7 cm) | IPS LCD,,"₹15,499"
XOLO A550s IPS,MediaTek MT6572M,512 MB RAM | 4 GB Storage,5 MP Rear Camera,0.3 MP Front Camera,1400 mAh,4.0 inches (10.16 cm) | IPS LCD,,"₹6,799"
"Asus Zenfone 5 (8GB, 1.6GHz)",Intel Atom,2 GB RAM | 8 GB Storage,8 MP Rear Camera,2 MP Front Camera,2110 mAh,5.0 inches (12.7 cm) | IPS LCD,,"₹8,499"
MTS Blaze 5.0,Snapdragon S4 Play,1 GB RAM | 4 GB Storage,8 MP Rear Camera,0.3 MP Front Camera,2500 mAh,5.0 inches (12.7 cm) | IPS LCD,,"₹13,999"
XOLO Q600S,Broadcom BCM23550,1 GB RAM | 4 GB Storage,5 MP Rear Camera,0.3 MP Front Camera,2000 mAh,4.5 inches (11.43 cm) | IPS LCD,,"₹7,999"
LG G Pro 2,Snapdragon 800,3 GB RAM | 16 GB Storage,13 MP Rear Camera,2.1 MP Front Camera,3200 mAh,5.9 inches (14.99 cm) | IPS LCD,,"₹42,021"
XOLO Q2500,,1 GB RAM | 4 GB Storage,8 MP Rear Camera,2 MP Front Camera,3000 mAh,6.0 inches (15.24 cm) | IPS LCD,,"₹14,999"
MTS Blaze 4.0,Snapdragon S4 Play,512 MB RAM | 4 GB Storage,3.2 MP Rear Camera,,1400 mAh,4.0 inches (10.16 cm) | LCD,,"₹7,999"
Nokia 220 Dual SIM,,8 MB RAM,2 MP Rear Camera,,1100 mAh,2.4 inches (6.1 cm) | TFT,,"₹2,999"
Lava Iris 405 Plus,,512 MB RAM | 4 GB Storage,5 MP Rear Camera,0.3 MP Front Camera,1400 mAh,4.0 inches (10.16 cm) | IPS LCD,,"₹6,999"
Lenovo Vibe X,MediaTek MT6589,2 GB RAM | 16 GB Storage,13 MP Rear Camera,5 MP Front Camera,2000 mAh,5.0 inches (12.7 cm) | IPS LCD,,"₹25,999"
Lava Iris 354e,,256 MB RAM | 2 GB Storage,2 MP Rear Camera,0.3 MP Front Camera,1400 mAh,3.5 inches (8.89 cm) | TFT,,"₹4,499"
LG G2 32GB,Snapdragon 800,2 GB RAM | 32 GB Storage,13 MP Rear Camera,2.1 MP Front Camera,3000 mAh,5.2 inches (13.21 cm) | IPS LCD,,"₹31,971"
Videocon A24,,512 MB RAM | 4 GB Storage,3.2 MP Rear Camera,0.3 MP Front Camera,1450 mAh,4 inches (10.16 cm) | TFT,,"₹4,790"
Maxx AX8 Race,MediaTek MTK6575,512 MB RAM | 4 GB Storage,8 MP Rear Camera,0.3 MP Front Camera,2300 mAh,5 inches (12.7 cm),,"₹9,999"
Videocon A30,,512 MB RAM | 4 GB Storage,5 MP Rear Camera,0.3 MP Front Camera,1500 mAh,4 inches (10.16 cm) | LCD,,"₹7,699"
Mitashi MIT-07,,,0.3 MP Rear Camera,0.3 MP Front Camera,1000 mAh,2.8 inches (7.11 cm) | LCD,,"₹2,990"
Nokia 100,,8 MB RAM,,,850 mAh,1.8 inches (4.57 cm) | TFT,,"₹1,399"
Nokia C5-05,,128 MB RAM | 256 MB Storage,2 MP Rear Camera,,1000 mAh,3.2 inches (8.13 cm) | LCD,,"₹7,959"
Nokia 101,,8 MB RAM,,,800 mAh,1.8 inches (4.57 cm) | TFT,,"₹1,900"
Spice Blueberry Aura,,6.9 MB Storage,2 MP Rear Camera,,1000 mAh,2.6 inches (6.6 cm) | LCD,,"₹4,099"
Spice M-5700 Flo,,100 KB Storage,1.3 MP Rear Camera,,1000 mAh,3.0 inches (7.62 cm) | TFT,,"₹3,699"
Lava ARC 01,,,,,1000 mAh,1.5 inches (3.81 cm) | LCD,,"₹1,349"
Blackberry Bold 9780,Marvell PXA930,512 MB RAM | 256 MB Storage,5 MP Rear Camera,,1500 mAh,2.4 inches (6.1 cm) | TFT,,"₹27,990"
LG Cookie T300,,20 MB Storage,1.3 MP Rear Camera,,900 mAh,2.4 inches (6.1 cm) | LCD,,"₹4,990"
Apple iPhone 4 8GB,Apple A4,512 MB RAM | 8 GB Storage,5 MP Rear Camera,0.3 MP Front Camera,1420 mAh,3.5 inches (8.89 cm) | IPS LCD,,"₹22,900"
Nokia 6700 Slide,,60 MB Storage,5 MP Rear Camera,,860 mAh,2.2 inches (5.59 cm) | LCD,,"₹11,049"
Blackberry Curve 8900,,,3.2 MP Rear Camera,,1400 mAh,| LCD,,"₹18,990"
Lava C31,,45 KB Storage,1.3 MP Rear Camera,,1000 mAh,2.6 inches (6.6 cm) | LCD,,"₹2,499"
LG T585,,50 MB Storage,2 MP Rear Camera,,950 mAh,3.2 inches (8.13 cm) | TFT,,"₹4,699"
vivo Y19s,Unisoc T612,6 GB RAM | 128 GB Storage,50 MP + 0.08 MP Rear Camera,5 MP Front Camera,5500 mAh | 15W Fast Charging,6.68 inches (16.97 cm) | IPS LCD,,"₹13,499"
Motorola Razr Fold 16GB 512GB RAM,Snapdragon 8 Gen 5,16 GB RAM | 512 GB Storage,50 MP + 50 MP + 50 MP Rear Camera,32 MP + 20 MP Front Camera,6000 mAh | 80W Turbo Power Charging,8.1 inches (20.57 cm) | LTPO AMOLED (Main Display),"AnTuTu Score 2,786,560","₹159,999"
Lava Storm Play 256GB 8GB RAM,MediaTek Dimensity 7060,8 GB RAM | 256 GB Storage,50 MP + 2 MP Rear Camera,8 MP Front Camera,5000 mAh | 18W Fast Charging,6.75 inches (17.15 cm) | IPS LCD,,"₹15,499"
Ai+ Nova 8GB,Unisoc T8200,8 GB RAM | 128 GB Storage,50 MP Rear Camera,5 MP Front Camera,5000 mAh | 18W Fast Charging,6.7 inches (17.02 cm) | LCD,,"₹12,999"
OPPO Reno14 512GB,MediaTek Dimensity 8350,12 GB RAM | 512 GB Storage,50 MP + 8 MP + 50 MP Rear Camera,50 MP Front Camera,6000 mAh | 80W Super VOOC Charging,6.59 inches (16.74 cm) | LTPS OLED,"AnTuTu Score 1,405,935","₹47,999"
OPPO A5 5G 8GB RAM,MediaTek Dimensity 6300,8 GB RAM | 128 GB Storage,50 MP + 2 MP Rear Camera,8 MP Front Camera,6000 mAh | 45W Super VOOC Charging,6.67 inches (16.94 cm) | LCD,,"₹17,899"
Itel A80,Unisoc T603,4 GB RAM | 128 GB Storage,50 MP Rear Camera,8 MP Front Camera,5000 mAh | 10W,6.67 inches (16.94 cm) | IPS LCD,"AnTuTu Score 157,831","₹7,040"
Lava Yuva 4,Unisoc T606,4 GB RAM | 64 GB Storage,50 MP Rear Camera,8 MP Front Camera,5000 mAh | 10W,6.56 inches (16.66 cm) | IPS LCD,,"₹6,999"
realme P1 Speed 5G 256GB,MediaTek Dimensity 7300 Energy,12 GB RAM | 256 GB Storage,50 MP + 2 MP Rear Camera,16 MP Front Camera,5000 mAh | 45W Fast Charging,6.67 inches (16.94 cm) | OLED,,"₹16,499"
Lava O3,Unisoc 9863A,3 GB RAM | 64 GB Storage,13 MP Rear Camera,5 MP Front Camera,5000 mAh,6.75 inches (17.15 cm) | IPS LCD,,"₹6,223"
Lava O3 4GB RAM,Unisoc 9863A,4 GB RAM | 64 GB Storage,13 MP Rear Camera,5 MP Front Camera,5000 mAh,6.75 inches (17.15 cm) | IPS LCD,,"₹6,199"
Tecno Spark Go 1,Unisoc T615,3 GB RAM | 64 GB Storage,13 MP Rear Camera,8 MP Front Camera,5000 mAh | 15W Fast Charging,6.67 inches (16.94 cm) | IPS LCD,,"₹6,899"
realme 13 Pro Plus 12GB RAM,Snapdragon 7s Gen 2,12 GB RAM | 256 GB Storage,50 MP + 8 MP + 50 MP Rear Camera,32 MP Front Camera,5200 mAh | 80W Super VOOC Charging,6.7 inches (17.02 cm) | OLED,"AnTuTu Score 617,481","₹26,999"
vivo Y28s 8GB RAM,MediaTek Dimensity 6300,8 GB RAM | 128 GB Storage,50 MP + 0.08 MP Rear Camera,8 MP Front Camera,5000 mAh | 15W,6.56 inches (16.66 cm) | LCD,,"₹15,197"
realme P1 Pro 12GB RAM,Snapdragon 6 Gen 1,12 GB RAM | 256 GB Storage,50 MP + 8 MP Rear Camera,16 MP Front Camera,5000 mAh | 45W Super VOOC Charging,6.7 inches (17.02 cm) | OLED,,"₹17,998"
realme Narzo 70 8GB RAM,MediaTek Dimensity 7050,8 GB RAM | 128 GB Storage,50 MP + 2 MP Rear Camera,16 MP Front Camera,5000 mAh | 45W Super VOOC Charging,6.67 inches (16.94 cm) | AMOLED,"AnTuTu Score 584,952","₹15,575"
Samsung Galaxy F15 8GB RAM,MediaTek Dimensity 6100 Plus,8 GB RAM | 128 GB Storage,50 MP + 5 MP + 2 MP Rear Camera,13 MP Front Camera,6000 mAh | 25W Fast Charging,6.5 inches (16.51 cm) | Super AMOLED,,"₹16,499"
realme Narzo 70 Pro 256GB,MediaTek Dimensity 7050,8 GB RAM | 256 GB Storage,50 MP + 8 MP + 2 MP Rear Camera,16 MP Front Camera,5000 mAh | 67W Super VOOC Charging,6.67 inches (16.94 cm) | AMOLED,,"₹18,791"
Nokia G42 4GB RAM,Snapdragon 480 Plus,4 GB RAM | 128 GB Storage,50 MP + 2 MP + 2 MP Rear Camera,8 MP Front Camera,5000 mAh | 20W Fast Charging,6.56 inches (16.66 cm) | IPS LCD,,"₹11,999"
vivo V30 12GB RAM,Snapdragon 7 Gen 3,12 GB RAM | 256 GB Storage,50 MP + 50 MP Rear Camera,50 MP Front Camera,5000 mAh | 80W Flash Charging,6.78 inches (17.22 cm) | AMOLED,,"₹33,991"
Itel P55T,Unisoc T606,4 GB RAM | 128 GB Storage,50 MP + 0.08 MP Rear Camera,8 MP Front Camera,6000 mAh | 18W Fast Charging,6.56 inches (16.66 cm) | IPS LCD,,"₹7,261"
Gfive Rose 310,,,0.3 MP Rear Camera,,1000 mAh,1.8 inches (4.57 cm) | TFT,,"₹1,599"
Infinix Smart 8,MediaTek Helio G36,4 GB RAM | 64 GB Storage,50 MP Rear Camera,8 MP Front Camera,5000 mAh | 10W,6.6 inches (16.76 cm) | IPS LCD,"AnTuTu Score 142,347","₹7,299"
Xiaomi Redmi Note 13 Pro 256GB,Snapdragon 7s Gen 2,8 GB RAM | 256 GB Storage,200 MP + 8 MP + 2 MP Rear Camera,16 MP Front Camera,5100 mAh | 67W Turbo Charging,6.67 inches (16.94 cm) | AMOLED,"AnTuTu Score 580,250","₹30,999"
Xiaomi Redmi Note 13 Pro 12GB RAM,Snapdragon 7s Gen 2,12 GB RAM | 256 GB Storage,200 MP + 8 MP + 2 MP Rear Camera,16 MP Front Camera,5100 mAh | 67W Turbo Charging,6.67 inches (16.94 cm) | AMOLED,"AnTuTu Score 580,250","₹32,999"
vivo Y28 5G 8GB RAM,MediaTek Dimensity 6020,8 GB RAM | 128 GB Storage,50 MP + 2 MP Rear Camera,8 MP Front Camera,5000 mAh | 15W,6.56 inches (16.66 cm) | IPS LCD,,"₹13,999"
Itel A70 256GB,Unisoc T603,4 GB RAM | 256 GB Storage,13 MP Rear Camera,8 MP Front Camera,5000 mAh,6.6 inches (16.76 cm) | IPS LCD,"AnTuTu Score 155,087","₹8,074"
vivo X100 512GB,MediaTek Dimensity 9300,16 GB RAM | 512 GB Storage,50 MP + 50 MP + 64 MP Rear Camera,32 MP Front Camera,5000 mAh | 120W Flash Charging,6.78 inches (17.22 cm) | LTPO AMOLED,"AnTuTu Score 2,038,916","₹69,999"
POCO M6 256GB,MediaTek Dimensity 6100 Plus,8 GB RAM | 256 GB Storage,50 MP + 0.08 MP Rear Camera,5 MP Front Camera,5000 mAh | 18W Fast Charging,6.74 inches (17.12 cm) | IPS LCD,,"₹13,499"
POCO M6 64GB,MediaTek Dimensity 6100 Plus,4 GB RAM | 64 GB Storage,50 MP + 0.08 MP Rear Camera,5 MP Front Camera,5000 mAh | 18W Fast Charging,6.74 inches (17.12 cm) | IPS LCD,,"₹8,999"
Lava Yuva 3 Pro,Unisoc T616,8 GB RAM | 128 GB Storage,50 MP Rear Camera,8 MP Front Camera,5000 mAh | 18W Fast Charging,6.5 inches (16.51 cm) | IPS LCD,,"₹9,999"
POCO M6 Pro 5G 256GB,Snapdragon 4 Gen 2,8 GB RAM | 256 GB Storage,50 MP + 2 MP Rear Camera,8 MP Front Camera,5000 mAh | 18W Fast Charging,6.79 inches (17.25 cm) | IPS LCD,,"₹14,999"
Reliance Jio Bharat B1,,,0.3 MP Rear Camera,,2000 mAh,2.4 inches (6.1 cm) | TFT,,"₹2,599"
vivo V29 Pro 12GB RAM,MediaTek Dimensity 8200,12 GB RAM | 256 GB Storage,50 MP + 8 MP + 12 MP Rear Camera,50 MP Front Camera,4600 mAh | 80W Flash Charging,6.78 inches (17.22 cm) | AMOLED,"AnTuTu Score 903,196","₹36,999"
vivo T2 Pro 256GB,MediaTek Dimensity 7200,8 GB RAM | 256 GB Storage,64 MP + 2 MP Rear Camera,16 MP Front Camera,4600 mAh | 66W Flash Charging,6.78 inches (17.22 cm) | AMOLED,,"₹23,999"
Apple iPhone 15 Plus 512GB,Apple A16 Bionic,6 GB RAM | 512 GB Storage,48 MP + 12 MP Rear Camera,12 MP Front Camera,4383 mAh | 20W Fast Charging,6.7 inches (17.02 cm) | Super Retina XDR,"AnTuTu Score 1,302,867","₹99,900"
Infinix Zero 30 12GB RAM,MediaTek Dimensity 8020,12 GB RAM | 256 GB Storage,108 MP + 13 MP + 2 MP Rear Camera,50 MP Front Camera,5000 mAh | 68W Super Charging,6.78 inches (17.22 cm) | AMOLED,,"₹24,999"
Itel S23 4GB RAM,Unisoc T606,4 GB RAM | 128 GB Storage,50 MP + 0.08 MP Rear Camera,8 MP Front Camera,5000 mAh | 10W,6.6 inches (16.76 cm) | IPS LCD,,"₹6,990"
realme C53 128GB,Unisoc T612,4 GB RAM | 128 GB Storage,108 MP Rear Camera,8 MP Front Camera,5000 mAh | 18W Quick Charging,6.74 inches (17.12 cm) | IPS LCD,AnTuTu Score 0,"₹9,999"
Infinix Hot 30 5G,MediaTek Dimensity 6020,4 GB RAM | 128 GB Storage,50 MP Rear Camera,8 MP Front Camera,6000 mAh | 18W Fast Charging,6.78 inches (17.22 cm) | IPS LCD,,"₹12,499"
Itel Ace 2 Power,,4 MB RAM | 4 MB Storage,,,2500 mAh,1.8 inches (4.57 cm) | TFT,,"₹1,388"
vivo Y56 4GB RAM,MediaTek Dimensity 700,4 GB RAM | 128 GB Storage,50 MP + 2 MP Rear Camera,16 MP Front Camera,5000 mAh | 18W Fast Charging,6.58 inches (16.71 cm) | IPS LCD,,"₹15,999"
Nokia C32 128GB,Unisoc SC9863A1,4 GB RAM | 128 GB Storage,50 MP + 2 MP Rear Camera,8 MP Front Camera,5000 mAh | 10W,6.51 inches (16.54 cm) | IPS LCD,"AnTuTu Score 116,762","₹10,999"
Snexian Rock R7,,,0.3 MP Rear Camera,,1000 mAh,1.77 inches (4.5 cm) | TFT,,₹898
Tecno Spark 10 5G 256GB,MediaTek Dimensity 6020,8 GB RAM | 256 GB Storage,50 MP + 0.08 MP Rear Camera,8 MP Front Camera,5000 mAh | 18W Flash Charging,6.6 inches (16.76 cm) | IPS LCD,,"₹15,999"
Lava Hero 600 Plus Lite,,,,,620 mAh,1.8 inches (4.57 cm) | TFT,,"₹1,199"
Itel it6163s,,,,,1200 mAh,1.8 inches (4.57 cm) | TFT,,"₹1,340"
Tecno Spark 10 Pro,MediaTek Helio G88,8 GB RAM | 128 GB Storage,50 MP + 0.08 MP + 0.3 MP Rear Camera,32 MP Front Camera,5000 mAh | 18W Fast Charging,6.78 inches (17.22 cm) | IPS LCD,,"₹11,099"
Nokia C12 Pro,Unisoc SC9863A1,2 GB RAM | 64 GB Storage,8 MP Rear Camera,5 MP Front Camera,4000 mAh | 10W,6.3 inches (16 cm) | IPS LCD,"AnTuTu Score 104,714","₹6,299"
vivo V27 Pro 256GB,MediaTek Dimensity 8200,8 GB RAM | 256 GB Storage,50 MP + 8 MP + 2 MP Rear Camera,50 MP Front Camera,4600 mAh | 66W Flash Charging,6.78 inches (17.22 cm) | AMOLED,AnTuTu Score 0,"₹39,950"
Infinix Zero 5G 2023 Turbo,MediaTek Dimensity 1080,8 GB RAM | 256 GB Storage,50 MP + 2 MP + 2 MP Rear Camera,16 MP Front Camera,5000 mAh | 33W Fast Charging,6.78 inches (17.22 cm) | IPS LCD,"AnTuTu Score 501,552","₹19,999"
Mafe Virat Plus,,,0.3 MP Rear Camera,,2400 mAh,2.8 inches (7.11 cm) | TFT,,"₹2,199"
realme 10 128GB,MediaTek Helio G99,8 GB RAM | 128 GB Storage,50 MP + 2 MP Rear Camera,16 MP Front Camera,5000 mAh | 33W Super VOOC Charging,6.4 inches (16.26 cm) | Super AMOLED,"AnTuTu Score 383,657","₹12,999"
Samsung Galaxy A04s 128GB,Samsung Exynos 850,4 GB RAM | 128 GB Storage,50 MP + 2 MP + 2 MP Rear Camera,5 MP Front Camera,5000 mAh | 15W Fast Charging,6.5 inches (16.51 cm) | PLS LCD,,"₹8,999"
Samsung Galaxy F04,MediaTek Helio P35,4 GB RAM | 64 GB Storage,13 MP + 2 MP Rear Camera,5 MP Front Camera,5000 mAh | 15W,6.5 inches (16.51 cm) | PLS LCD,,"₹11,499"
Xiaomi Redmi Note 12 6GB RAM,Snapdragon 4 Gen 1,6 GB RAM | 128 GB Storage,48 MP + 8 MP + 2 MP Rear Camera,13 MP Front Camera,5000 mAh | 33W Fast Charging,6.67 inches (16.94 cm) | Super AMOLED,"AnTuTu Score 366,146","₹15,299"
Xiaomi Redmi Note 12 Pro 5G 256GB,MediaTek Dimensity 1080,8 GB RAM | 256 GB Storage,50 MP + 8 MP + 2 MP Rear Camera,16 MP Front Camera,5000 mAh | 67W Turbo Charging,6.67 inches (16.94 cm) | AMOLED,"AnTuTu Score 513,980","₹23,499"
Infinix Zero 20,MediaTek Helio G99,8 GB RAM | 128 GB Storage,108 MP + 13 MP + 2 MP Rear Camera,60 MP Front Camera,4500 mAh | 45W Super Charging,6.7 inches (17.02 cm) | AMOLED,"AnTuTu Score 373,725","₹17,999"
realme 10 Pro 5G 8GB RAM,Snapdragon 695,8 GB RAM | 128 GB Storage,108 MP + 2 MP Rear Camera,16 MP Front Camera,5000 mAh | 33W Super VOOC Charging,6.72 inches (17.07 cm) | IPS LCD,"AnTuTu Score 409,133","₹19,999"
Nokia C31 64GB,Unisoc SC9863A,4 GB RAM | 64 GB Storage,13 MP + 2 MP + 2 MP Rear Camera,5 MP Front Camera,5050 mAh | 10W,6.7 inches (17.02 cm) | IPS LCD,,"₹7,399"
Infinix Hot 20 Play,MediaTek Helio G37,4 GB RAM | 64 GB Storage,13 MP + 0.08 MP Rear Camera,8 MP Front Camera,6000 mAh | 18W Fast Charging,6.82 inches (17.32 cm) | IPS LCD,"AnTuTu Score 125,391","₹8,999"
Itel Power 110 Neo,,32 MB RAM | 32 MB Storage,0.3 MP Rear Camera,,2500 mAh,1.8 inches (4.57 cm) | TFT,,"₹1,299"
Moto E22s,MediaTek Helio G37,4 GB RAM | 64 GB Storage,16 MP + 2 MP Rear Camera,8 MP Front Camera,5000 mAh | 10W,6.5 inches (16.51 cm) | IPS LCD,"AnTuTu Score 122,150","₹7,499"
Motorola Edge 30 Ultra 5G 256GB,Snapdragon 8 Plus Gen 1,12 GB RAM | 256 GB Storage,200 MP + 50 MP + 12 MP Rear Camera,60 MP Front Camera,4610 mAh | 125W Turbo Power Charging,6.67 inches (16.94 cm) | P-OLED,,"₹74,999"
Samsung Galaxy M32 Prime Edition 128GB,MediaTek Helio G80,6 GB RAM | 128 GB Storage,64 MP + 8 MP + 2 MP + 2 MP Rear Camera,20 MP Front Camera,6000 mAh | 15W Fast Charging,6.4 inches (16.26 cm) | Super AMOLED,,"₹17,998"
Tecno Spark 9 3GB RAM,MediaTek Helio G37,3 GB RAM | 64 GB Storage,13 MP + 0.08 MP Rear Camera,8 MP Front Camera,5000 mAh,6.6 inches (16.76 cm) | IPS LCD,,"₹9,990"
Samsung Galaxy A04s,Samsung Exynos 850,4 GB RAM | 64 GB Storage,50 MP + 2 MP + 2 MP Rear Camera,5 MP Front Camera,5000 mAh | 15W Fast Charging,6.5 inches (16.51 cm) | PLS LCD,,"₹7,399"
realme C30s,Unisoc SC9863A,2 GB RAM | 32 GB Storage,8 MP Rear Camera,5 MP Front Camera,5000 mAh | 10W,6.5 inches (16.51 cm) | IPS LCD,,"₹6,899"
vivo V25 5G 256GB,MediaTek Dimensity 900,12 GB RAM | 256 GB Storage,64 MP + 8 MP + 2 MP Rear Camera,50 MP Front Camera,4500 mAh | 44W Flash Charging,6.44 inches (16.36 cm) | AMOLED,AnTuTu Score 0,"₹26,999"
vivo Y22 2022 128GB,MediaTek Helio G70,6 GB RAM | 128 GB Storage,50 MP + 2 MP Rear Camera,8 MP Front Camera,5000 mAh | 18W Fast Charging,6.55 inches (16.64 cm) | IPS LCD,,"₹15,491"
Itel Vision 3 Turbo,Unisoc SC9863A,3 GB RAM | 64 GB Storage,8 MP + 0.08 MP Rear Camera,5 MP Front Camera,5000 mAh | 18W Fast Charging,6.6 inches (16.76 cm) | IPS LCD,,"₹6,999"
Lava Blaze Pro,MediaTek Helio G37,4 GB RAM | 64 GB Storage,50 MP + 2 MP + 0.3 MP Rear Camera,8 MP Front Camera,5000 mAh,6.5 inches (16.51 cm) | IPS LCD,"AnTuTu Score 119,127","₹12,999"
Gfive Guru Plus,,,0.3 MP Rear Camera,,1050 mAh,1.8 inches (4.57 cm) | TFT,,₹691
Nokia 5710 Xpress Audio,Unisoc T107,48 MB RAM | 128 MB Storage,0.3 MP Rear Camera,,1450 mAh,2.4 inches (6.1 cm) | TFT,,"₹4,599"
Apple iPhone 14 512GB,Apple A15 Bionic,6 GB RAM | 512 GB Storage,12 MP + 12 MP Rear Camera,12 MP Front Camera,3279 mAh | 20W Fast Charging,6.1 inches (15.49 cm) | Super Retina XDR,"AnTuTu Score 1,286,140","₹89,900"
Apple iPhone 14 Pro 512GB,Apple A16 Bionic,6 GB RAM | 512 GB Storage,48 MP + 12 MP + 12 MP Rear Camera,12 MP Front Camera,3200 mAh | 20W Fast Charging,6.1 inches (15.49 cm) | Super Retina XDR,,"₹149,900"
OPPO A77 2022 128GB,MediaTek Helio G35,4 GB RAM | 128 GB Storage,50 MP + 2 MP Rear Camera,8 MP Front Camera,5000 mAh | 33W Super VOOC Charging,6.56 inches (16.66 cm) | IPS LCD,,"₹19,999"
realme 9i 5G 128GB,MediaTek Dimensity 810,6 GB RAM | 128 GB Storage,50 MP + 2 MP + 2 MP Rear Camera,8 MP Front Camera,5000 mAh | 18W Fast Charging,6.6 inches (16.76 cm) | IPS LCD,"AnTuTu Score 394,519","₹16,800"
Infinix Hot 12,MediaTek Helio G37,4 GB RAM | 64 GB Storage,50 MP + 2 MP Rear Camera,8 MP Front Camera,6000 mAh | 18W Fast Charging,6.82 inches (17.32 cm) | IPS LCD,"AnTuTu Score 127,076","₹9,999"
Samsung Galaxy Z Fold 4 5G 512GB,Snapdragon 8 Plus Gen 1,12 GB RAM | 512 GB Storage,50 MP + 12 MP + 10 MP Rear Camera,10 MP + 4 MP Front Camera,4400 mAh | 25W Fast Charging,7.6 inches (19.3 cm) | Dynamic AMOLED 2x (Main Display),"AnTuTu Score 1,024,312","₹94,999"
Infinix Hot 12 Pro 128GB,Unisoc T616,8 GB RAM | 128 GB Storage,50 MP + 0.08 MP Rear Camera,8 MP Front Camera,5000 mAh | 18W Fast Charging,6.6 inches (16.76 cm) | IPS LCD,"AnTuTu Score 258,473","₹12,999"
Infinix Smart 6 HD,MediaTek Helio A22,2 GB RAM | 32 GB Storage,8 MP Rear Camera,5 MP Front Camera,5000 mAh | 10W,6.6 inches (16.76 cm) | TFT,"AnTuTu Score 89,745","₹6,999"
Itel A23S,Unisoc SC9832E,2 GB RAM | 32 GB Storage,2 MP Rear Camera,0.3 MP Front Camera,3020 mAh,5.0 inches (12.7 cm) | TFT,,"₹4,999"
Nokia C21 Plus 64GB,Unisoc SC9863A,4 GB RAM | 64 GB Storage,13 MP + 2 MP Rear Camera,5 MP Front Camera,5050 mAh | 10W,6.5 inches (16.51 cm) | IPS LCD,"AnTuTu Score 102,317","₹12,999"
realme C35 6GB RAM,Unisoc T616,6 GB RAM | 128 GB Storage,50 MP + 2 MP + 0.3 MP Rear Camera,8 MP Front Camera,5000 mAh | 18W Quick Charging,6.6 inches (16.76 cm) | IPS LCD,,"₹11,999"
POCO F4 5G 8GB RAM,Snapdragon 870,8 GB RAM | 128 GB Storage,64 MP + 8 MP + 2 MP Rear Camera,20 MP Front Camera,4500 mAh | 67W Sonic Charging,6.67 inches (16.94 cm) | AMOLED,,"₹22,699"
Moto E32s 64GB,MediaTek Helio G37,4 GB RAM | 64 GB Storage,16 MP + 2 MP + 2 MP Rear Camera,8 MP Front Camera,5000 mAh | 15W Fast Charging,6.5 inches (16.51 cm) | IPS LCD,AnTuTu Score 0,"₹7,499"
Xiaomi Redmi 10 Prime 2022,MediaTek Helio G88,4 GB RAM | 64 GB Storage,50 MP + 8 MP + 2 MP + 2 MP Rear Camera,8 MP Front Camera,6000 mAh | 18W Fast Charging,6.5 inches (16.51 cm) | IPS LCD,,"₹8,999"
vivo Y15c,MediaTek Helio P35,3 GB RAM | 32 GB Storage,13 MP + 2 MP Rear Camera,8 MP Front Camera,5000 mAh | 10W,6.51 inches (16.54 cm) | IPS LCD,,"₹9,499"
vivo Y01,MediaTek Helio P35,2 GB RAM | 32 GB Storage,8 MP Rear Camera,5 MP Front Camera,5000 mAh | 10W,6.51 inches (16.54 cm) | IPS LCD,,"₹7,991"
vivo T1 Pro 5G,Snapdragon 778G,6 GB RAM | 128 GB Storage,64 MP + 8 MP + 2 MP Rear Camera,16 MP Front Camera,4700 mAh | 66W Flash Charging,6.44 inches (16.36 cm) | AMOLED,,"₹23,999"
vivo T1 44W 6GB RAM,Snapdragon 680,6 GB RAM | 128 GB Storage,50 MP + 2 MP + 2 MP Rear Camera,16 MP Front Camera,5000 mAh | 44W Flash Charging,6.44 inches (16.36 cm) | AMOLED,AnTuTu Score 0,"₹15,999"
I Kall K59,,,0.3 MP Rear Camera,,1000 mAh,1.8 inches (4.57 cm) | TFT,,₹802
realme Narzo 50A Prime,Unisoc T612,4 GB RAM | 64 GB Storage,50 MP + 2 MP + 0.3 MP Rear Camera,8 MP Front Camera,5000 mAh | 18W Quick Charging,6.6 inches (16.76 cm) | IPS LCD,"AnTuTu Score 219,145","₹8,899"
Infinix Smart 6,MediaTek Helio A22,2 GB RAM | 64 GB Storage,8 MP + 0.8 MP Rear Camera,5 MP Front Camera,5000 mAh | 10W,6.6 inches (16.76 cm) | IPS LCD,"AnTuTu Score 94,855","₹7,499"
Micromax IN 2C,Unisoc T610,3 GB RAM | 32 GB Storage,8 MP + 0.3 MP Rear Camera,5 MP Front Camera,5000 mAh | 10W,6.52 inches (16.56 cm) | IPS LCD,"AnTuTu Score 184,259","₹5,999"
Samsung Galaxy A13 4G 128GB,Samsung Exynos 8 Octa 850,4 GB RAM | 128 GB Storage,50 MP + 5 MP + 2 MP + 2 MP Rear Camera,8 MP Front Camera,5000 mAh | 25W Fast Charging,6.6 inches (16.76 cm) | PLS TFT LCD,,"₹19,990"
Samsung Galaxy A13 4G 6GB RAM,Samsung Exynos 8 Octa 850,6 GB RAM | 128 GB Storage,50 MP + 5 MP + 2 MP + 2 MP Rear Camera,8 MP Front Camera,5000 mAh | 25W Fast Charging,6.6 inches (16.76 cm) | PLS TFT LCD,,"₹11,999"
Kechao K28 Pro,,,0.3 MP Rear Camera,,3000 mAh,2.4 inches (6.1 cm) | TFT,,"₹1,399"
Moto A10,,,,,1750 mAh,1.8 inches (4.57 cm) | TFT,,"₹1,630"
POCO M4 Pro 8GB RAM,MediaTek Helio G96,8 GB RAM | 128 GB Storage,64 MP + 8 MP + 2 MP Rear Camera,16 MP Front Camera,5000 mAh | 33W Fast Charging,6.43 inches (16.33 cm) | AMOLED,"AnTuTu Score 309,983","₹10,999"
realme 9 Pro 8GB RAM,Snapdragon 695,8 GB RAM | 128 GB Storage,64 MP + 8 MP + 2 MP Rear Camera,16 MP Front Camera,5000 mAh | 33W Dart Charging,6.6 inches (16.76 cm) | IPS LCD,,"₹18,000"
OnePlus Nord CE 2 5G 8GB RAM,MediaTek Dimensity 900,8 GB RAM | 128 GB Storage,64 MP + 8 MP + 2 MP Rear Camera,16 MP Front Camera,4500 mAh | 65W Super VOOC Charging,6.43 inches (16.33 cm) | Fluid AMOLED,AnTuTu Score 0,"₹20,999"
realme 9 Pro Plus 256GB,MediaTek Dimensity 920,8 GB RAM | 256 GB Storage,50 MP + 8 MP + 2 MP Rear Camera,16 MP Front Camera,4500 mAh | 60W Super Dart Charging,6.4 inches (16.26 cm) | Super AMOLED,"AnTuTu Score 505,838","₹22,999"
I Kall Z7 Ultra,,4 GB RAM | 32 GB Storage,13 MP Rear Camera,8 MP Front Camera,4000 mAh,6.26 inches (15.9 cm) | IPS LCD,,"₹5,889"
Asus ROG Phone 5s 5G 256GB,Snapdragon 888 Plus,12 GB RAM | 256 GB Storage,64 MP + 13 MP + 5 MP Rear Camera,24 MP Front Camera,6000 mAh | 65W Fast Charging,6.78 inches (17.22 cm) | AMOLED,AnTuTu Score 0,"₹63,999"
Itel A27,Unisoc SC9832E,2 GB RAM | 32 GB Storage,5 MP Rear Camera,2 MP Front Camera,4000 mAh,5.45 inches (13.84 cm) | IPS LCD,,"₹5,080"
Xiaomi Redmi Note 11 4G 128GB,Snapdragon 680,6 GB RAM | 128 GB Storage,50 MP + 8 MP + 2 MP + 2 MP Rear Camera,13 MP Front Camera,5000 mAh | 33W Fast Charging,6.43 inches (16.33 cm) | AMOLED,"AnTuTu Score 269,010","₹12,499"
Infinix Hot 11S 128GB,MediaTek Helio G88,4 GB RAM | 128 GB Storage,50 MP + 2 MP Rear Camera,8 MP Front Camera,5000 mAh | 18W Fast Charging,6.78 inches (17.22 cm) | IPS LCD,"AnTuTu Score 176,856","₹11,999"
Lava Z1s,,2 GB RAM | 16 GB Storage,5 MP Rear Camera,2 MP Front Camera,3100 mAh,5.0 inches (12.7 cm) | IPS LCD,,"₹5,299"
vivo V23 5G 256GB,MediaTek Dimensity 920,12 GB RAM | 256 GB Storage,64 MP + 8 MP + 2 MP Rear Camera,50 MP + 8 MP Front Camera,4200 mAh | 44W Flash Charging,6.44 inches (16.36 cm) | AMOLED,AnTuTu Score 0,"₹34,982"
vivo Y21T,Snapdragon 680,4 GB RAM | 128 GB Storage,50 MP + 2 MP + 2 MP Rear Camera,8 MP Front Camera,5000 mAh | 18W Fast Charging,6.58 inches (16.71 cm) | IPS LCD,,"₹15,200"
Lava Z6 128GB,MediaTek Helio G35,6 GB RAM | 128 GB Storage,13 MP + 5 MP + 2 MP Rear Camera,16 MP Front Camera,5000 mAh,6.51 inches (16.54 cm) | IPS LCD,,"₹11,499"
Karbonn K8 Star,,,0.3 MP Rear Camera,,1800 mAh,1.8 inches (4.57 cm) | TFT,,"₹1,050"
Xiaomi Redmi Note 10S 8GB RAM,MediaTek Helio G95,8 GB RAM | 128 GB Storage,64 MP + 8 MP + 2 MP + 2 MP Rear Camera,13 MP Front Camera,5000 mAh | 33W Fast Charging,6.43 inches (16.33 cm) | AMOLED,"AnTuTu Score 324,498","₹18,499"
Itel U20,,4 MB RAM | 32 MB Storage,0.3 MP Rear Camera,,1000 mAh,1.8 inches (4.57 cm) | TFT,,"₹1,449"
Moto A50,,4 MB RAM | 4 MB Storage,0.3 MP Rear Camera,,1750 mAh,1.8 inches (4.57 cm) | TFT,,"₹1,350"
Lava Agni 5G,MediaTek Dimensity 810,8 GB RAM | 128 GB Storage,64 MP + 5 MP + 2 MP + 2 MP Rear Camera,16 MP Front Camera,5000 mAh | 30W Fast Charging,6.78 inches (17.22 cm) | IPS LCD,"AnTuTu Score 379,571","₹23,999"
Samsung Galaxy A32 4G 8GB RAM,MediaTek Helio G80,8 GB RAM | 128 GB Storage,64 MP + 8 MP + 5 MP + 5 MP Rear Camera,20 MP Front Camera,5000 mAh | 15W Fast Charging,6.4 inches (16.26 cm) | Super AMOLED,"AnTuTu Score 157,215","₹27,999"
vivo Y3s,MediaTek Helio P35,2 GB RAM | 32 GB Storage,13 MP Rear Camera,5 MP Front Camera,5000 mAh | 10W,6.51 inches (16.54 cm) | IPS LCD,,"₹9,482"
vivo Y20T,Snapdragon 662,6 GB RAM | 64 GB Storage,13 MP + 2 MP + 2 MP Rear Camera,8 MP Front Camera,5000 mAh | 18W Fast Charging,6.51 inches (16.54 cm) | IPS LCD,,"₹15,482"
Gfive A2 Plus,,,0.3 MP Rear Camera,,1000 mAh,1.8 inches (4.57 cm) | TFT,,₹629
Apple iPhone 13 Pro 512GB,Apple A15 Bionic,6 GB RAM | 512 GB Storage,12 MP + 12 MP + 12 MP Rear Camera,12 MP Front Camera,3095 mAh | 20W Fast Charging,6.1 inches (15.49 cm) | Super Retina XDR,"AnTuTu Score 819,845","₹149,900"
Apple iPhone 13 Pro Max 1TB,Apple A15 Bionic,6 GB RAM | 1 TB Storage,12 MP + 12 MP + 12 MP Rear Camera,12 MP Front Camera,4352 mAh | 20W Fast Charging,6.7 inches (17.02 cm) | Super Retina XDR,"AnTuTu Score 846,870","₹179,900"
Itel Vision 2S,Unisoc SC9863A,2 GB RAM | 32 GB Storage,8 MP + 0.3 MP Rear Camera,5 MP Front Camera,5000 mAh,6.52 inches (16.56 cm) | IPS LCD,,"₹5,490"
Samsung Galaxy A03s 64GB,MediaTek Helio P35,4 GB RAM | 64 GB Storage,13 MP + 2 MP + 2 MP Rear Camera,5 MP Front Camera,5000 mAh,6.5 inches (16.51 cm) | PLS TFT LCD,"AnTuTu Score 119,526","₹7,999"
Easyfone Shield,,32 MB RAM | 32 MB Storage,2 MP Rear Camera,,2500 mAh,2.8 inches (7.11 cm) | TFT,,"₹6,499"
Kechao K20 New,,,0.3 MP Rear Camera,,800 mAh,1.54 inches (3.91 cm) | TFT,,"₹1,399"
Nokia C20 Plus 3GB RAM,Unisoc SC9863A,3 GB RAM | 32 GB Storage,8 MP + 2 MP Rear Camera,5 MP Front Camera,4950 mAh | 10W,6.5 inches (16.51 cm) | IPS LCD,"AnTuTu Score 96,683","₹11,099"
Micromax IN 2B,Unisoc T610,4 GB RAM | 64 GB Storage,13 MP + 2 MP Rear Camera,5 MP Front Camera,5000 mAh | 10W,6.52 inches (16.56 cm) | IPS LCD,"AnTuTu Score 166,035","₹10,499"
OnePlus Nord 2 256GB,MediaTek Dimensity 1200,12 GB RAM | 256 GB Storage,50 MP + 8 MP + 2 MP Rear Camera,32 MP Front Camera,4500 mAh | 65W Warp Charging,6.43 inches (16.33 cm) | Fluid AMOLED,"AnTuTu Score 541,522","₹29,992"
Lava Z2 3GB RAM,MediaTek Helio G35,3 GB RAM | 32 GB Storage,13 MP + 2 MP Rear Camera,8 MP Front Camera,5000 mAh,6.51 inches (16.54 cm) | IPS LCD,,"₹8,999"
Lava Z2s,MediaTek Helio G35,2 GB RAM | 32 GB Storage,8 MP Rear Camera,5 MP Front Camera,5000 mAh,6.51 inches (16.54 cm) | IPS LCD,,"₹7,999"
Kechao K90,,,1.3 MP Rear Camera,,5000 mAh,3.5 inches (8.89 cm) | TFT,,"₹1,399"
iQOO Z3 256GB,Snapdragon 768G,8 GB RAM | 256 GB Storage,64 MP + 8 MP + 2 MP Rear Camera,16 MP Front Camera,4400 mAh | 55W Flash Charging,6.58 inches (16.71 cm) | IPS LCD,"AnTuTu Score 379,927","₹22,990"
LG W11,MediaTek Helio P22,3 GB RAM | 32 GB Storage,13 MP + 2 MP Rear Camera,8 MP Front Camera,4000 mAh,6.52 inches (16.56 cm) | IPS LCD,,"₹7,990"
Xiaomi Redmi Note 10S 128GB,MediaTek Helio G95,6 GB RAM | 128 GB Storage,64 MP + 8 MP + 2 MP + 2 MP Rear Camera,13 MP Front Camera,5000 mAh | 33W Fast Charging,6.43 inches (16.33 cm) | AMOLED,"AnTuTu Score 324,498","₹16,499"
LG W31 Plus,MediaTek Helio G25,4 GB RAM | 128 GB Storage,13 MP + 5 MP + 2 MP Rear Camera,8 MP Front Camera,4000 mAh,6.52 inches (16.56 cm) | IPS LCD,,"₹15,000"
Samsung Galaxy M42 5G 8GB RAM,Snapdragon 750G,8 GB RAM | 128 GB Storage,48 MP + 8 MP + 5 MP + 5 MP Rear Camera,20 MP Front Camera,5000 mAh | 15W Fast Charging,6.6 inches (16.76 cm) | Super AMOLED,AnTuTu Score 0,"₹21,999"
Itel Vision 2,,2 GB RAM | 32 GB Storage,13 MP + 2 MP Rear Camera,8 MP Front Camera,4000 mAh,6.6 inches (16.76 cm) | IPS LCD,,"₹8,488"
realme C25 128GB,MediaTek Helio G70,4 GB RAM | 128 GB Storage,13 MP + 2 MP + 2 MP Rear Camera,8 MP Front Camera,6000 mAh | 18W Quick Charging,6.5 inches (16.51 cm) | IPS LCD,"AnTuTu Score 195,041","₹11,999"
realme C20,MediaTek Helio G35,2 GB RAM | 32 GB Storage,8 MP Rear Camera,5 MP Front Camera,5000 mAh | 10W,6.5 inches (16.51 cm) | IPS LCD,"AnTuTu Score 121,181","₹6,499"
realme 8 8GB RAM,MediaTek Helio G95,8 GB RAM | 128 GB Storage,64 MP + 8 MP + 2 MP + 2 MP Rear Camera,16 MP Front Camera,5000 mAh | 30W Dart Charging,6.4 inches (16.26 cm) | Super AMOLED,"AnTuTu Score 297,216","₹10,799"
Micromax IN 1,MediaTek Helio G80,4 GB RAM | 64 GB Storage,48 MP + 2 MP + 2 MP Rear Camera,8 MP Front Camera,5000 mAh | 18W Fast Charging,6.67 inches (16.94 cm) | IPS LCD,"AnTuTu Score 192,373","₹14,999"
Asus ROG Phone 5,Snapdragon 888,8 GB RAM | 128 GB Storage,64 MP + 13 MP + 5 MP Rear Camera,24 MP Front Camera,6000 mAh | 65W Hyper Charging,6.78 inches (17.22 cm) | AMOLED,"AnTuTu Score 722,427","₹55,999"
vivo V20 2021 256GB,Snapdragon 730,8 GB RAM | 256 GB Storage,64 MP + 8 MP + 2 MP Rear Camera,44 MP Front Camera,4000 mAh | 33W Flash Charging,6.44 inches (16.36 cm) | AMOLED,,"₹30,990"
Lava 34 Ultra,,,0.8 MP Rear Camera,,2575 mAh,2.4 inches (6.1 cm) | TFT,,"₹1,599"
Moto E7 Power 64GB,MediaTek Helio G25,4 GB RAM | 64 GB Storage,13 MP + 2 MP Rear Camera,5 MP Front Camera,5000 mAh | 10W,6.5 inches (16.51 cm) | IPS LCD,"AnTuTu Score 104,632","₹6,999"
Infinix Smart 5,MediaTek Helio G25,2 GB RAM | 32 GB Storage,13 MP + 0.08 MP Rear Camera,8 MP Front Camera,6000 mAh | 10W,6.82 inches (17.32 cm) | IPS LCD,"AnTuTu Score 85,208","₹7,499"
POCO M3 128GB,Snapdragon 662,6 GB RAM | 128 GB Storage,48 MP + 2 MP + 2 MP Rear Camera,8 MP Front Camera,6000 mAh | 18W Fast Charging,6.53 inches (16.59 cm) | IPS LCD,AnTuTu Score 0,"₹12,999"
Gionee F11,,3 GB RAM | 32 GB Storage,13 MP + 0.3 MP Rear Camera,5 MP Front Camera,5000 mAh,6.1 inches (15.49 cm) | IPS LCD,,"₹7,499"
LG K42,MediaTek Helio P22,3 GB RAM | 64 GB Storage,13 MP + 5 MP + 2 MP + 2 MP Rear Camera,8 MP Front Camera,4000 mAh | 10W,6.6 inches (16.76 cm) | IPS LCD,,"₹14,000"
Samsung Galaxy M02s 64GB,Snapdragon 450,4 GB RAM | 64 GB Storage,13 MP + 2 MP + 2 MP Rear Camera,5 MP Front Camera,5000 mAh | 15W Fast Charging,6.5 inches (16.51 cm) | PLS TFT LCD,"AnTuTu Score 93,583","₹11,499"
Lava Z1,MediaTek Helio A20,2 GB RAM | 16 GB Storage,5 MP Rear Camera,5 MP Front Camera,3100 mAh | 10W,5.0 inches (12.7 cm) | TFT,,"₹6,249"
LG W31,MediaTek Helio P22,4 GB RAM | 64 GB Storage,13 MP + 5 MP + 2 MP Rear Camera,8 MP Front Camera,4000 mAh,6.52 inches (16.56 cm) | IPS LCD,,"₹9,999"
vivo Y51 2020,Snapdragon 665,8 GB RAM | 128 GB Storage,48 MP + 8 MP + 2 MP Rear Camera,16 MP Front Camera,5000 mAh | 18W Fast Charging,6.58 inches (16.71 cm) | IPS LCD,,"₹21,990"
vivo Y1s,MediaTek Helio P35,2 GB RAM | 32 GB Storage,13 MP Rear Camera,5 MP Front Camera,4030 mAh,6.22 inches (15.8 cm) | IPS LCD,,"₹9,290"
Micromax IN 1B,MediaTek Helio G35,2 GB RAM | 32 GB Storage,13 MP + 2 MP Rear Camera,8 MP Front Camera,5000 mAh | 10W,6.52 inches (16.56 cm) | IPS LCD,"AnTuTu Score 106,210","₹8,999"
Micromax IN Note 1 128GB,MediaTek Helio G85,4 GB RAM | 128 GB Storage,48 MP + 5 MP + 2 MP + 2 MP Rear Camera,16 MP Front Camera,5000 mAh | 18W Fast Charging,6.67 inches (16.94 cm) | IPS LCD,"AnTuTu Score 197,441","₹16,999"
realme C15 Qualcomm Edition 64GB,Snapdragon 460,4 GB RAM | 64 GB Storage,13 MP + 8 MP + 2 MP + 2 MP Rear Camera,8 MP Front Camera,6000 mAh | 18W Quick Charging,6.5 inches (16.51 cm) | IPS LCD,,"₹12,999"
iAir S2,,,0.3 MP Rear Camera,,2800 mAh,2.4 inches (6.1 cm) | TFT,,₹799
Apple iPhone 12 Mini 256GB,Apple A14 Bionic,6 GB RAM | 256 GB Storage,12 MP + 12 MP Rear Camera,12 MP Front Camera,2227 mAh | 20W Fast Charging,5.4 inches (13.72 cm) | Super Retina XDR,"AnTuTu Score 630,403","₹74,900"
Apple iPhone 12 256GB,Apple A14 Bionic,4 GB RAM | 256 GB Storage,12 MP + 12 MP Rear Camera,12 MP Front Camera,2815 mAh | 20W Fast Charging,6.1 inches (15.49 cm) | Super Retina XDR,"AnTuTu Score 621,879","₹64,900"
Infinix Hot 10,MediaTek Helio G70,6 GB RAM | 128 GB Storage,16 MP + 2 MP + 2 MP Rear Camera,8 MP Front Camera,5200 mAh,6.78 inches (17.22 cm) | IPS LCD,AnTuTu Score 0,"₹13,999"
Samsung Galaxy M31 Prime,Samsung Exynos 9 Octa 9611,6 GB RAM | 128 GB Storage,64 MP + 8 MP + 5 MP + 5 MP Rear Camera,32 MP Front Camera,6000 mAh | 15W Fast Charging,6.4 inches (16.26 cm) | Super AMOLED,,"₹17,499"
Micromax X752,,,0.3 MP Rear Camera,,1800 mAh,2.4 inches (6.1 cm) | TFT,,"₹1,999"
Itel it2173,,,0.3 MP Rear Camera,,1000 mAh,1.8 inches (4.57 cm) | TFT,,"₹1,099"
Gfive W1 New,,,0.3 MP Rear Camera,,2500 mAh,2.4 inches (6.1 cm) | TFT,,"₹2,999"
Itel U10,,,0.3 MP Rear Camera,,1000 mAh,1.8 inches (4.57 cm) | TFT,,₹895
InFocus Hero 1,,,,,800 mAh,1.77 inches (4.5 cm) | TFT,,₹875
Nokia C3 2020,Unisoc SC9863A,2 GB RAM | 16 GB Storage,8 MP Rear Camera,5 MP Front Camera,3040 mAh,5.99 inches (15.21 cm) | IPS LCD,,"₹8,499"
Lenovo A7 64GB,Unisoc SC9863,4 GB RAM | 64 GB Storage,13 MP + 2 MP Rear Camera,5 MP Front Camera,4000 mAh,6.09 inches (15.47 cm) | IPS LCD,,"₹7,139"
realme 7 128GB,MediaTek Helio G95,8 GB RAM | 128 GB Storage,64 MP + 8 MP + 2 MP + 2 MP Rear Camera,16 MP Front Camera,5000 mAh | 30W Super Dart Charging,6.5 inches (16.51 cm) | IPS LCD,AnTuTu Score 0,"₹11,999"
I Kall K19 Car,,,0.3 MP Rear Camera,,800 mAh,1.8 inches (4.57 cm) | TFT,,"₹1,305"
Lava Z66,,3 GB RAM | 32 GB Storage,13 MP + 5 MP Rear Camera,13 MP Front Camera,3950 mAh,6.08 inches (15.44 cm) | IPS LCD,,"₹8,499"
vivo X50 256GB,Snapdragon 730,8 GB RAM | 256 GB Storage,48 MP + 13 MP + 8 MP + 5 MP Rear Camera,32 MP Front Camera,4200 mAh | 33W Flash Charging,6.56 inches (16.66 cm) | AMOLED,"AnTuTu Score 281,854","₹44,990"
Lava Z61 Pro,,2 GB RAM | 16 GB Storage,8 MP Rear Camera,5 MP Front Camera,3100 mAh,5.45 inches (13.84 cm) | IPS LCD,,"₹5,399"
realme X3 8GB RAM,Snapdragon 855 Plus,8 GB RAM | 128 GB Storage,64 MP + 12 MP + 8 MP + 2 MP Rear Camera,16 MP + 8 MP Front Camera,4200 mAh | 30W Super Dart Charging,6.6 inches (16.76 cm) | IPS LCD,"AnTuTu Score 506,631","₹27,999"
Samsung Galaxy A21s 6GB RAM,Samsung Exynos 8 Octa 850,6 GB RAM | 64 GB Storage,48 MP + 8 MP + 2 MP + 2 MP Rear Camera,13 MP Front Camera,5000 mAh | 15W Fast Charging,6.5 inches (16.51 cm) | PLS TFT LCD,"AnTuTu Score 121,139","₹15,000"
Samsung Galaxy A51 8GB RAM,Samsung Exynos 9 Octa 9611,8 GB RAM | 128 GB Storage,48 MP + 12 MP + 5 MP + 5 MP Rear Camera,32 MP Front Camera,4000 mAh | 15W Fast Charging,6.5 inches (16.51 cm) | Super AMOLED,"AnTuTu Score 171,285","₹22,500"
realme 6 Pro 8GB RAM,Snapdragon 720G,8 GB RAM | 128 GB Storage,64 MP + 8 MP + 12 MP + 2 MP Rear Camera,16 MP + 8 MP Front Camera,4300 mAh | 30W Flash Charging,6.6 inches (16.76 cm) | IPS LCD,"AnTuTu Score 285,167","₹15,999"
Xiaomi Redmi 8A Dual 3GB RAM,Snapdragon 439,3 GB RAM | 32 GB Storage,13 MP + 2 MP Rear Camera,8 MP Front Camera,5000 mAh | 18W Fast Charging,6.22 inches (15.8 cm) | IPS LCD,,"₹8,999"
realme C3 64GB,MediaTek Helio G70,4 GB RAM | 64 GB Storage,12 MP + 2 MP Rear Camera,5 MP Front Camera,5000 mAh | 10W,6.5 inches (16.51 cm) | IPS LCD,"AnTuTu Score 191,814","₹7,999"
Lava Z53,Unisoc SC9832E,1 GB RAM | 16 GB Storage,8 MP Rear Camera,5 MP Front Camera,4120 mAh | 7.5W Fast Charging,6.1 inches (15.49 cm) | TFT,,"₹5,499"
Kechao K66 Plus,,,0.3 MP Rear Camera,,400 mAh,1.77 inches (4.5 cm) | TFT,,"₹1,120"
Micromax X421,,,0.08 MP Rear Camera,,1800 mAh,1.77 inches (4.5 cm) | TFT,,"₹1,799"
Gfive A1,,,0.3 MP Rear Camera,,1000 mAh,1.8 inches (4.57 cm) | TFT,,₹619
Panasonic Eluga I8,,3 GB RAM | 32 GB Storage,13 MP Rear Camera,8 MP Front Camera,4000 mAh,6.2 inches (15.75 cm) | IPS LCD,,"₹8,989"
realme X2 8GB RAM,Snapdragon 730G,8 GB RAM | 128 GB Storage,64 MP + 8 MP + 2 MP + 2 MP Rear Camera,32 MP Front Camera,4000 mAh | 30W VOOC Charging,6.4 inches (16.26 cm) | Super AMOLED,"AnTuTu Score 266,028","₹18,999"
I Kall K43,,,,,800 mAh,1.8 inches (4.57 cm) | TFT,,₹849
Gionee F10,,3 GB RAM | 32 GB Storage,13 MP + 2 MP Rear Camera,8 MP Front Camera,3550 mAh,6.09 inches (15.47 cm) | IPS LCD,,"₹7,990"
Xiaomi Redmi Note 8 3GB RAM,Snapdragon 665,3 GB RAM | 32 GB Storage,48 MP + 8 MP + 2 MP + 2 MP Rear Camera,13 MP Front Camera,4000 mAh | 18W Fast Charging,6.3 inches (16 cm) | IPS LCD,"AnTuTu Score 171,024","₹7,999"
Lava Z41,Unisoc SC9832E,1 GB RAM | 16 GB Storage,5 MP Rear Camera,2 MP Front Camera,2500 mAh,5.0 inches (12.7 cm) | TFT,,"₹4,799"
Asus ROG Phone 2,Snapdragon 855 Plus,8 GB RAM | 128 GB Storage,48 MP + 13 MP Rear Camera,24 MP Front Camera,6000 mAh Hyper Charging,6.59 inches (16.74 cm) | AMOLED,"AnTuTu Score 353,469","₹40,999"
Lava Hero 600,,,,,600 mAh | 2.96W,1.8 inches (4.57 cm) | TFT,,₹749
Lenovo K10 Plus,Snapdragon 632,4 GB RAM | 64 GB Storage,13 MP + 8 MP + 5 MP Rear Camera,16 MP Front Camera,4050 mAh,6.22 inches (15.8 cm) | IPS LCD,,"₹13,999"
Apple iPhone 11 Pro 512GB,Apple A13 Bionic,4 GB RAM | 512 GB Storage,12 MP + 12 MP + 12 MP Rear Camera,12 MP Front Camera,3046 mAh | 18W Fast Charging,5.8 inches (14.73 cm) | Super Retina XDR,"AnTuTu Score 461,219","₹140,300"
realme XT 128GB,Snapdragon 712,8 GB RAM | 128 GB Storage,64 MP + 8 MP + 2 MP + 2 MP Rear Camera,16 MP Front Camera,4000 mAh | 20W VOOC Charging,6.4 inches (16.26 cm) | Super AMOLED,"AnTuTu Score 180,514","₹19,999"
Itel it2163,,,,,1000 mAh | 2W,1.8 inches (4.57 cm) | TFT,,"₹1,026"
Jivi N9030,,,0.3 MP Rear Camera,,3000 mAh,2.8 inches (7.11 cm) | TFT,,"₹1,599"
Itel Muzik 400,,,0.3 MP Rear Camera,,3000 mAh | 3.7W,2.4 inches (6.1 cm) | TFT,,"₹1,850"
Micromax X741,,,0.3 MP Rear Camera,,1750 mAh | 4.9W,2.4 inches (6.1 cm) | TFT,,"₹2,499"
Xiaomi Redmi K20 128GB,Snapdragon 730,6 GB RAM | 128 GB Storage,48 MP + 13 MP + 8 MP Rear Camera,20 MP Front Camera,4000 mAh | 18W Quick Charging,6.39 inches (16.23 cm) | AMOLED,"AnTuTu Score 209,539","₹24,999"
STK Life Plus S,,3 GB RAM | 32 GB Storage,8 MP Rear Camera,5 MP Front Camera,2800 mAh,5.5 inches (13.97 cm) | IPS LCD,,"₹6,999"
Coolpad Cool 3 Plus 32GB,MediaTek Helio A22,3 GB RAM | 32 GB Storage,13 MP Rear Camera,8 MP Front Camera,3000 mAh,5.71 inches (14.5 cm) | IPS LCD,"AnTuTu Score 65,899","₹6,899"
Lava Z62,MediaTek Helio A22,2 GB RAM | 16 GB Storage,8 MP Rear Camera,5 MP Front Camera,3380 mAh,6.0 inches (15.24 cm) | IPS LCD,,"₹7,399"
Asus 6Z 256GB,Snapdragon 855,8 GB RAM | 256 GB Storage,48 MP + 13 MP Rear Camera,48 MP + 13 MP Front Camera,5000 mAh Quick Charging,6.4 inches (16.26 cm) | IPS LCD,"AnTuTu Score 357,773","₹43,999"
vivo Y12 64GB,MediaTek Helio P22,3 GB RAM | 64 GB Storage,13 MP + 8 MP + 2 MP Rear Camera,8 MP Front Camera,5000 mAh,6.35 inches (16.13 cm) | IPS LCD,"AnTuTu Score 79,317","₹13,990"
Nokia 2.2 32GB,MediaTek Helio A22,3 GB RAM | 32 GB Storage,13 MP Rear Camera,5 MP Front Camera,3000 mAh,5.71 inches (14.5 cm) | IPS LCD,"AnTuTu Score 65,184","₹9,599"
Jivi N300 New,,,0.3 MP Rear Camera,,1000 mAh,2.4 inches (6.1 cm) | TFT,,"₹1,199"
I Kall K4,,2 GB RAM | 16 GB Storage,5 MP Rear Camera,2 MP Front Camera,2500 mAh,5.45 inches (13.84 cm) | TFT,,"₹4,427"
Meizu M6T,MediaTek MT6750,3 GB RAM | 32 GB Storage,13 MP + 2 MP Rear Camera,8 MP Front Camera,3300 mAh,5.7 inches (14.48 cm) | IPS LCD,,"₹8,999"
Alcatel 5V,MediaTek Helio P22,3 GB RAM | 32 GB Storage,16 MP + 2 MP Rear Camera,13 MP Front Camera,4000 mAh,6.2 inches (15.75 cm) | IPS LCD,,"₹3,799"
Xiaomi Redmi Go,Snapdragon 425,1 GB RAM | 8 GB Storage,8 MP Rear Camera,5 MP Front Camera,3000 mAh,5.0 inches (12.7 cm) | IPS LCD,,"₹5,999"
Lava Z40,,1 GB RAM | 8 GB Storage,2 MP Rear Camera,2 MP Front Camera,2250 mAh,4.0 inches (10.16 cm) | IPS LCD,,"₹4,500"
vivo Y91i,MediaTek Helio P22,2 GB RAM | 16 GB Storage,13 MP Rear Camera,5 MP Front Camera,4030 mAh,6.22 inches (15.8 cm) | IPS LCD,,"₹8,990"
Xiaomi Redmi Note 7 64GB,Snapdragon 660,4 GB RAM | 64 GB Storage,12 MP + 2 MP Rear Camera,13 MP Front Camera,4000 mAh Quick Charging,6.3 inches (16 cm) | IPS LCD,"AnTuTu Score 250,302","₹9,617"
Jivi R21 Plus,,,0.3 MP Rear Camera,,1000 mAh,1.8 inches (4.57 cm) | TFT,,"₹1,125"
Nokia 6.1 Plus 6GB RAM,Snapdragon 636,6 GB RAM | 64 GB Storage,16 MP + 5 MP Rear Camera,16 MP Front Camera,3060 mAh Fast Charging,5.8 inches (14.73 cm) | IPS LCD,"AnTuTu Score 168,464","₹14,990"
LG Q7 Plus,MediaTek MT6750,4 GB RAM | 64 GB Storage,16 MP Rear Camera,5 MP Front Camera,3000 mAh Fast Charging,5.5 inches (13.97 cm) | IPS LCD,,"₹20,996"
XOLO Era 4X,MediaTek MT6739,1 GB RAM | 16 GB Storage,8 MP Rear Camera,5 MP Front Camera,3000 mAh,5.45 inches (13.84 cm) | IPS LCD,,"₹6,199"
vivo Y93 64GB,MediaTek Helio P22,3 GB RAM | 64 GB Storage,13 MP + 2 MP Rear Camera,8 MP Front Camera,4030 mAh,6.22 inches (15.8 cm) | IPS LCD,,"₹14,990"
vivo Y93,MediaTek Helio P22,4 GB RAM | 32 GB Storage,13 MP + 2 MP Rear Camera,8 MP Front Camera,4030 mAh,6.22 inches (15.8 cm) | IPS LCD,,"₹15,990"
Honor 8C,Snapdragon 632,4 GB RAM | 32 GB Storage,13 MP + 2 MP Rear Camera,8 MP Front Camera,4000 mAh,6.26 inches (15.9 cm) | IPS LCD,,"₹12,999"
Lava Prime Z,,,1.3 MP Rear Camera,,1200 mAh,2.4 inches (6.1 cm) | TFT,,"₹1,448"
Asus ROG Phone,Snapdragon 845,8 GB RAM | 128 GB Storage,12 MP + 8 MP Rear Camera,8 MP Front Camera,4000 mAh | 30W Hyper Charging,6.0 inches (15.24 cm) | AMOLED,,"₹83,999"
Karbonn K9 Smart Plus,,1 GB RAM | 8 GB Storage,5 MP Rear Camera,5 MP Front Camera,2800 mAh,5.45 inches (13.84 cm) | IPS LCD,,"₹3,499"
Micromax Bharat 4 Diwali Edition,,1 GB RAM | 8 GB Storage,5 MP Rear Camera,2 MP Front Camera,2000 mAh,5.0 inches (12.7 cm) | TFT,,"₹4,999"
Google Pixel 3 XL,Snapdragon 845,4 GB RAM | 64 GB Storage,12.2 MP Rear Camera,8 MP + 8 MP Front Camera,3430 mAh Fast Charging,6.3 inches (16 cm) | OLED,"AnTuTu Score 336,610","₹83,000"
Google Pixel 3 128GB,Snapdragon 845,4 GB RAM | 128 GB Storage,12.2 MP Rear Camera,8 MP + 8 MP Front Camera,2915 mAh Fast Charging,5.5 inches (13.97 cm) | OLED,,"₹80,000"
Lenovo K9,MediaTek Helio P22,3 GB RAM | 32 GB Storage,13 MP + 5 MP Rear Camera,13 MP + 5 MP Front Camera,3000 mAh Fast Charging,5.7 inches (14.48 cm) | IPS LCD,,"₹9,999"
Apple iPhone XR 256GB,Apple A12 Bionic,3 GB RAM | 256 GB Storage,12 MP Rear Camera,7 MP Front Camera,2942 mAh Fast Charging,6.1 inches (15.49 cm) | IPS LCD,"AnTuTu Score 366,895","₹91,900"
Honor 8X 6GB RAM,HiSilicon Kirin,6 GB RAM | 64 GB Storage,20 MP + 2 MP Rear Camera,16 MP Front Camera,3750 mAh,6.5 inches (16.51 cm) | IPS LCD,,"₹19,999"
LG G7 ThinQ,Snapdragon 845,4 GB RAM | 64 GB Storage,16 MP + 16 MP Rear Camera,8 MP Front Camera,3000 mAh Quick Charging,6.1 inches (15.49 cm) | IPS LCD,,"₹50,000"
Panasonic Eluga X1 Pro,MediaTek Helio P60,6 GB RAM | 128 GB Storage,16 MP + 5 MP Rear Camera,16 MP Front Camera,3000 mAh,6.18 inches (15.7 cm) | IPS LCD,,"₹29,999"
Yu Ace,MediaTek MT6739,2 GB RAM | 16 GB Storage,13 MP Rear Camera,5 MP Front Camera,4000 mAh,5.45 inches (13.84 cm) | IPS LCD,,"₹7,999"
LG Q Stylus Plus,MediaTek MT6750,4 GB RAM | 64 GB Storage,16 MP Rear Camera,8 MP Front Camera,3300 mAh Fast Charging,6.2 inches (15.75 cm) | IPS LCD,,"₹24,000"
LG Q7,MediaTek MT6750,3 GB RAM | 32 GB Storage,13 MP Rear Camera,8 MP Front Camera,3000 mAh Fast Charging,5.5 inches (13.97 cm) | IPS LCD,,"₹16,996"
Lava Z60s,,1 GB RAM | 16 GB Storage,5 MP Rear Camera,5 MP Front Camera,2500 mAh,5.0 inches (12.7 cm) | IPS LCD,,"₹5,990"
Coolpad Mega 5A,Spreadtrum SC9850,2 GB RAM | 16 GB Storage,8 MP + 0.3 MP Rear Camera,5 MP Front Camera,2500 mAh,5.45 inches (13.84 cm) | IPS LCD,,"₹6,399"
LG G7 Plus ThinQ,Snapdragon 845,6 GB RAM | 128 GB Storage,16 MP + 16 MP Rear Camera,8 MP Front Camera,3000 mAh Quick Charging,6.1 inches (15.49 cm) | IPS LCD,,"₹55,000"
Asus Zenfone 5Z,Snapdragon 845,6 GB RAM | 64 GB Storage,12 MP + 8 MP Rear Camera,8 MP Front Camera,3300 mAh Quick Charging,6.2 inches (15.75 cm) | IPS LCD,,"₹32,999"
Doogee S60 Lite,MediaTek MT6750T,4 GB RAM | 32 GB Storage,16 MP Rear Camera,8 MP Front Camera,5580 mAh Fast Charging,5.2 inches (13.21 cm) | IPS LCD,,"₹21,999"
Panasonic P90,MediaTek MT6737,1 GB RAM | 16 GB Storage,5 MP Rear Camera,5 MP Front Camera,2400 mAh,5.0 inches (12.7 cm) | IPS LCD,,"₹4,999"
Lephone W10,,1 GB RAM | 8 GB Storage,5 MP Rear Camera,2 MP Front Camera,2000 mAh,5.0 inches (12.7 cm) | IPS LCD,,"₹4,299"
Moto G6 64GB,Snapdragon 450,4 GB RAM | 64 GB Storage,12 MP + 5 MP Rear Camera,16 MP Front Camera,3000 mAh Turbo Power Charging,5.7 inches (14.48 cm) | IPS LCD,,"₹15,999"
Alcatel 3V,MediaTek MT8735A,3 GB RAM | 32 GB Storage,16 MP + 5 MP Rear Camera,8 MP Front Camera,3000 mAh,6.0 inches (15.24 cm) | IPS LCD,,"₹5,999"
Honor 7C,Snapdragon 450,3 GB RAM | 32 GB Storage,13 MP + 2 MP Rear Camera,8 MP Front Camera,3000 mAh,5.99 inches (15.21 cm) | IPS LCD,,"₹12,999"
Panasonic P101,MediaTek MT6739,2 GB RAM | 16 GB Storage,8 MP Rear Camera,5 MP Front Camera,2500 mAh,5.45 inches (13.84 cm) | IPS LCD,,"₹7,999"
Lava Z50,MediaTek MT6737,1 GB RAM | 8 GB Storage,5 MP Rear Camera,5 MP Front Camera,2000 mAh,4.5 inches (11.43 cm) | TFT,,"₹5,999"
Celkon UniQ,,3 GB RAM | 32 GB Storage,16 MP Rear Camera,8 MP Front Camera,2700 mAh,5.0 inches (12.7 cm) | IPS LCD,,"₹8,449"
HTC U11 Plus,Snapdragon 835,6 GB RAM | 128 GB Storage,12 MP Rear Camera,8 MP Front Camera,3930 mAh Quick Charging,6 inches (15.24 cm) | S-LCD 6,,"₹56,990"
Lava Prime X,,,0.3 MP Rear Camera,,800 mAh,1.8 inches (4.57 cm) | TFT,,"₹1,340"
iVooMi i1,MediaTek MT6737,2 GB RAM | 16 GB Storage,13 MP + 2 MP Rear Camera,8 MP Front Camera,3000 mAh,5.45 inches (13.84 cm) | IPS LCD,,"₹7,499"
VOTO V2i,Spreadtrum SC9832A,2 GB RAM | 32 GB Storage,13 MP Rear Camera,8 MP Front Camera,3000 mAh,5.0 inches (12.7 cm) | IPS LCD,,"₹4,444"
Itel A42 plus,,2 GB RAM | 16 GB Storage,8 MP Rear Camera,5 MP Front Camera,2700 mAh,5.0 inches (12.7 cm) | TFT,,"₹6,090"
Honor 7X 64GB,HiSilicon Kirin,4 GB RAM | 64 GB Storage,16 MP + 2 MP Rear Camera,8 MP Front Camera,3340 mAh,5.93 inches (15.06 cm) | IPS LCD,,"₹16,500"
I Kall K3312,,32 MB RAM | 64 MB Storage,0.3 MP Rear Camera,,1000 mAh,1.8 inches (4.57 cm) | TFT,,₹899
Micromax Canvas Infinity Pro,Snapdragon 430,4 GB RAM | 64 GB Storage,16 MP Rear Camera,20 MP + 8 MP Front Camera,3000 mAh,5.7 inches (14.48 cm) | IPS LCD,,"₹13,999"
Karbonn K7 Power,,,0.3 MP Rear Camera,,2700 mAh | 4W,1.8 inches (4.57 cm) | TFT,,₹899
Micromax Bharat 4,MediaTek MT6737,1 GB RAM | 16 GB Storage,5 MP Rear Camera,5 MP Front Camera,2500 mAh,5.0 inches (12.7 cm) | IPS LCD,,"₹5,999"
Panasonic P91,MediaTek MT6737M,1 GB RAM | 16 GB Storage,8 MP Rear Camera,5 MP Front Camera,2500 mAh,5.0 inches (12.7 cm) | TFT,,"₹7,990"
Xiaomi Redmi Y1,Snapdragon 435,4 GB RAM | 64 GB Storage,13 MP Rear Camera,16 MP Front Camera,3080 mAh,5.5 inches (13.97 cm) | IPS LCD,,"₹10,999"
Moto X4 64GB,Snapdragon 630,4 GB RAM | 64 GB Storage,12 MP + 8 MP Rear Camera,16 MP Front Camera,3000 mAh Turbo Power Charging,5.2 inches (13.21 cm) | IPS LCD,,"₹23,999"
Panasonic Eluga I5,MediaTek MT6737,2 GB RAM | 16 GB Storage,13 MP Rear Camera,5 MP Front Camera,2500 mAh,5.0 inches (12.7 cm) | IPS LCD,,"₹8,990"
Itel S21,MediaTek MT6580M,1 GB RAM | 16 GB Storage,8 MP Rear Camera,5 MP Front Camera,2700 mAh,5 inches (12.7 cm) | TFT,,"₹5,399"
Yu Yunique 2 Plus,MediaTek MT6737,3 GB RAM | 16 GB Storage,13 MP Rear Camera,5 MP Front Camera,2500 mAh,5.0 inches (12.7 cm) | IPS LCD,,"₹7,999"
XOLO Era 3X,MediaTek MT6737,3 GB RAM | 16 GB Storage,13 MP Rear Camera,13 MP Front Camera,3000 mAh,5.0 inches (12.7 cm) | IPS LCD,,"₹8,499"
Lava Z70,MediaTek MT6737,2 GB RAM | 16 GB Storage,8 MP Rear Camera,5 MP Front Camera,2500 mAh,5.0 inches (12.7 cm) | IPS LCD,,"₹8,599"
Lava Z90,MediaTek MT6737M,3 GB RAM | 32 GB Storage,8 MP Rear Camera,8 MP Front Camera,2750 mAh,5.2 inches (13.21 cm) | IPS LCD,,"₹12,499"
Apple iPhone 8 256GB,Apple A11 Bionic,2 GB RAM | 256 GB Storage,12 MP Rear Camera,7 MP Front Camera,1821 mAh Fast Charging,4.7 inches (11.94 cm) | IPS LCD,"AnTuTu Score 355,121","₹77,000"
Apple iPhone 8 Plus 256GB,Apple A11 Bionic,3 GB RAM | 256 GB Storage,12 MP + 12 MP Rear Camera,7 MP Front Camera,2675 mAh Fast Charging,5.5 inches (13.97 cm) | IPS LCD,"AnTuTu Score 396,963","₹84,900"
Ziox Astra Young Pro,,1 GB RAM | 8 GB Storage,5 MP Rear Camera,2 MP Front Camera,2200 mAh,5 inches (12.7 cm) | TFT,,"₹3,800"
Lenovo K8 Plus 4GB RAM,MediaTek MT6757CD,4 GB RAM | 32 GB Storage,13 MP + 5 MP Rear Camera,8 MP Front Camera,4000 mAh,5.2 inches (13.21 cm) | IPS LCD,,"₹11,999"
Panasonic Eluga Ray 500,MediaTek MT6737,3 GB RAM | 32 GB Storage,13 MP + 8 MP Rear Camera,5 MP Front Camera,4000 mAh,5.0 inches (12.7 cm) | IPS LCD,,"₹11,990"
Itel Selfiepro S41,MediaTek MT6737,3 GB RAM | 16 GB Storage,8 MP Rear Camera,8 MP Front Camera,2700 mAh,5.0 inches (12.7 cm) | IPS LCD,,"₹7,000"
Yu Yureka 2,Snapdragon 625,4 GB RAM | 64 GB Storage,16 MP Rear Camera,8 MP Front Camera,3930 mAh Quick Charging,5.5 inches (13.97 cm) | IPS LCD,,"₹13,999"
Lenovo K8,MediaTek MT6757,3 GB RAM | 32 GB Storage,13 MP Rear Camera,8 MP Front Camera,4000 mAh,5.2 inches (13.21 cm) | IPS LCD,,"₹7,958"
iVooMi Me3,MediaTek MT6737,2 GB RAM | 16 GB Storage,8 MP Rear Camera,8 MP Front Camera,3000 mAh,5.2 inches (13.21 cm) | IPS LCD,,"₹6,800"
iVooMi Me3S,MediaTek MT6737,3 GB RAM | 32 GB Storage,13 MP Rear Camera,8 MP Front Camera,3000 mAh,5.2 inches (13.21 cm) | IPS LCD,,"₹7,800"
Mafe Energy,,,0.3 MP Rear Camera,,3000 mAh,1.8 inches (4.57 cm) | TFT,,₹799
vivo Y69,MediaTek MT6750,3 GB RAM | 32 GB Storage,13 MP Rear Camera,16 MP Front Camera,3000 mAh,5.5 inches (13.97 cm) | IPS LCD,,"₹14,990"
Spice Z101,,,0.3 MP Rear Camera,,2500 mAh,1.8 inches (4.57 cm) | TFT,,"₹1,099"
Nokia 130 Dual SIM 2017,,4 MB RAM | 8 MB Storage,0.3 MP Rear Camera,,1020 mAh | 3.77W,1.8 inches (4.57 cm) | TFT,,"₹1,099"
Salora Zing Plus,,,1.3 MP Rear Camera,,1800 mAh,2.4 inches (6.1 cm) | TFT,,₹899
Intex Ultra 2400 Plus,,,0.3 MP Rear Camera,,2400 mAh,2.4 inches (6.1 cm) | TFT,,"₹1,310"
Lenovo K8 Note 32GB,MediaTek MT6797D,3 GB RAM | 32 GB Storage,13 MP + 5 MP Rear Camera,13 MP Front Camera,4000 mAh Turbo Charging,5.5 inches (13.97 cm) | IPS LCD,,"₹8,999"
Gionee A1 Lite,MediaTek MT6753,3 GB RAM | 32 GB Storage,13 MP Rear Camera,20 MP Front Camera,4000 mAh,5.3 inches (13.46 cm) | IPS LCD,,"₹11,499"
Panasonic Eluga A3,MediaTek MT6737,3 GB RAM | 16 GB Storage,13 MP Rear Camera,8 MP Front Camera,4000 mAh,5.2 inches (13.21 cm) | IPS LCD,,"₹11,490"
Swipe Elite VR,MediaTek MT6737,1 GB RAM | 8 GB Storage,13 MP Rear Camera,5 MP Front Camera,3000 mAh,5.5 inches (13.97 cm) | IPS LCD,,"₹5,999"
Gfive Rock,,,0.3 MP Rear Camera,,1200 mAh,1.8 inches (4.57 cm) | TFT,,₹830
Nokia 105 Dual SIM 2017,,4 MB Storage,,,800 mAh | 2.96W,1.8 inches (4.57 cm) | TFT,,"₹1,099"
XOLO Era 1X Pro,Spreadtrum SC9832A,2 GB RAM | 16 GB Storage,8 MP Rear Camera,5 MP Front Camera,2500 mAh,5.0 inches (12.7 cm) | IPS LCD,,"₹6,888"
Honor 8 Pro,HiSilicon Kirin,6 GB RAM | 128 GB Storage,12 MP + 12 MP Rear Camera,8 MP Front Camera,4000 mAh Fast Charging,5.7 inches (14.48 cm) | IPS LCD,,"₹29,999"
Karbonn A40 Indian,,1 GB RAM | 8 GB Storage,2 MP Rear Camera,0.3 MP Front Camera,1400 mAh,4.0 inches (10.16 cm) | TFT,,"₹3,499"
Sony Xperia XZ Premium,Snapdragon 835,4 GB RAM | 64 GB Storage,19 MP Rear Camera,13 MP Front Camera,3230 mAh Quick Charging,5.5 inches (13.97 cm) | IPS LCD,,"₹49,990"
Zen Admire Buzz,Spreadtrum SC9832A,768 MB RAM | 8 GB Storage,5 MP Rear Camera,2 MP Front Camera,2000 mAh,5.0 inches (12.7 cm) | TFT,,"₹3,299"
Lava A97 IPS,Spreadtrum SC9832A,1 GB RAM | 8 GB Storage,5 MP Rear Camera,5 MP Front Camera,2350 mAh,5.0 inches (12.7 cm) | IPS LCD,,"₹4,299"
Panasonic P85,MediaTek MT6735P,2 GB RAM | 16 GB Storage,8 MP Rear Camera,2 MP Front Camera,4000 mAh,5.0 inches (12.7 cm) | IPS LCD,,"₹6,499"
OPPO F3,MediaTek MT6750T,4 GB RAM | 64 GB Storage,13 MP Rear Camera,16 MP + 8 MP Front Camera,3200 mAh,5.5 inches (13.97 cm) | IPS LCD,,"₹20,990"
LG G6,Snapdragon 821,4 GB RAM | 64 GB Storage,13 MP + 13 MP Rear Camera,5 MP Front Camera,3300 mAh Quick Charging,5.7 inches (14.48 cm) | IPS LCD,,"₹55,000"
Nokia 150 Dual SIM,,,0.3 MP Rear Camera,,1020 mAh,2.4 inches (6.1 cm) | TFT,,"₹1,787"
Samsung Galaxy A7 2017,Samsung Exynos 7 Octa 7880,3 GB RAM | 32 GB Storage,16 MP Rear Camera,16 MP Front Camera,3600 mAh Quick Charging,5.7 inches (14.48 cm) | Super AMOLED,,"₹25,900"
Itel it1409,,512 MB RAM | 8 GB Storage,2 MP Rear Camera,0.3 MP Front Camera,1500 mAh,4.0 inches (10.16 cm) | TFT,,"₹2,999"
Swipe Elite 3,Spreadtrum SC9832A,2 GB RAM | 16 GB Storage,8 MP Rear Camera,5 MP Front Camera,2500 mAh,5.0 inches (12.7 cm) | IPS LCD,,"₹5,999"
Lenovo K6 Power 4GB RAM,Snapdragon 430,4 GB RAM | 32 GB Storage,13 MP Rear Camera,8 MP Front Camera,4000 mAh,5.0 inches (12.7 cm) | IPS LCD,,"₹10,999"
Karbonn K2 Boom Box,,,0.3 MP Rear Camera,,1000 mAh | 4W,1.8 inches (4.57 cm) | TFT,,"₹1,090"
Zen Cinemax Click,,1 GB RAM | 8 GB Storage,8 MP Rear Camera,5 MP Front Camera,2700 mAh,5.5 inches (13.97 cm) | IPS LCD,,"₹3,899"
iBall 2.4H Supremo B3,,,0.3 MP Rear Camera,,1800 mAh,2.4 inches (6.1 cm) | TFT,,"₹1,070"
Lyf Wind 7S,Snapdragon 210,2 GB RAM | 16 GB Storage,8 MP Rear Camera,5 MP Front Camera,2250 mAh,5.0 inches (12.7 cm) | IPS LCD,,"₹7,000"
Lenovo Phab 2,MediaTek MT8735,3 GB RAM | 32 GB Storage,13 MP Rear Camera,5 MP Front Camera,4050 mAh,6.4 inches (16.26 cm) | IPS LCD,,"₹12,000"
Coolpad Mega 3,MediaTek MT6737,2 GB RAM | 16 GB Storage,8 MP Rear Camera,8 MP Front Camera,3050 mAh,5.5 inches (13.97 cm) | IPS LCD,,"₹7,999"
Lava X50 Plus,MediaTek MT6735,2 GB RAM | 32 GB Storage,8 MP Rear Camera,5 MP Front Camera,2800 mAh,5.5 inches (13.97 cm) | IPS LCD,,"₹9,199"
Coolpad Note 3S,Snapdragon 415,3 GB RAM | 32 GB Storage,13 MP Rear Camera,5 MP Front Camera,2500 mAh,5.5 inches (13.97 cm) | IPS LCD,,"₹7,999"
MU Phone M230i,,,0.3 MP Rear Camera,,1800 mAh,2.4 inches (6.1 cm) | TFT,,"₹1,100"
Philips E181,,,0.3 MP Rear Camera,,3100 mAh,2.4 inches (6.1 cm) | TFT,,"₹1,899"
Kechao K55,,,,,400 mAh,1.4 inches (3.56 cm) | TFT,,"₹1,050"
Lyf Water 9,MediaTek MT6753,2 GB RAM | 16 GB Storage,13 MP Rear Camera,5 MP Front Camera,2800 mAh,5.5 inches (13.97 cm) | IPS LCD,,"₹8,999"
Lyf Wind 4S,Snapdragon 210,2 GB RAM | 16 GB Storage,8 MP Rear Camera,5 MP Front Camera,4000 mAh,5.0 inches (12.7 cm) | IPS LCD,,"₹4,199"
Asus Zenfone 3 Laser ZC551KL,Snapdragon 430,4 GB RAM | 32 GB Storage,13 MP Rear Camera,8 MP Front Camera,3000 mAh,5.5 inches (13.97 cm) | IPS LCD,,"₹19,999"
Apple iPhone 7 Plus 256GB,Apple A10 Fusion,3 GB RAM | 256 GB Storage,12 MP + 12 MP Rear Camera,7 MP Front Camera,2900 mAh,5.5 inches (13.97 cm) | IPS LCD,,"₹85,400"
Lenovo Z2 Plus 64GB (Zuk Z2),Snapdragon 820,4 GB RAM | 64 GB Storage,13 MP Rear Camera,8 MP Front Camera,3500 mAh Quick Charging,5.0 inches (12.7 cm) | IPS LCD,,"₹19,999"
Jivi N3,,,0.3 MP Rear Camera,,1500 mAh,2.4 inches (6.1 cm) | TFT,,"₹1,399"
Xiaomi Redmi 3S,Snapdragon 430,2 GB RAM | 16 GB Storage,13 MP Rear Camera,5 MP Front Camera,4100 mAh Fast Charging,5.0 inches (12.7 cm) | IPS LCD,,"₹6,999"
Karbonn K451 Power,,,0.3 MP Rear Camera,,3000 mAh | 5W,2.4 inches (6.1 cm) | TFT,,"₹1,199"
Gionee F103 Pro,MediaTek MT6735,3 GB RAM | 16 GB Storage,13 MP Rear Camera,5 MP Front Camera,2400 mAh,5.0 inches (12.7 cm) | IPS LCD,,"₹10,999"
Itel it5020,,,2 MP Rear Camera,,1000 mAh,2.4 inches (6.1 cm) | TFT,,"₹1,150"
LeEco Le Max 2 32GB,Snapdragon 820,4 GB RAM | 32 GB Storage,21 MP Rear Camera,8 MP Front Camera,3100 mAh Quick Charging,5.7 inches (14.48 cm) | LCD,,"₹17,999"
Karbonn K-Flip,,,0.3 MP Rear Camera,,800 mAh,2.4 inches (6.1 cm) | TFT,,"₹1,229"
HTC Desire 630,Snapdragon 400,2 GB RAM | 16 GB Storage,13 MP Rear Camera,5 MP Front Camera,2200 mAh,5.0 inches (12.7 cm) | S-LCD,,"₹13,570"
Lava X81,MediaTek MT6735,3 GB RAM | 16 GB Storage,13 MP Rear Camera,5 MP Front Camera,2700 mAh,5.0 inches (12.7 cm) | IPS LCD,,"₹11,500"
Swipe Elite Plus,Snapdragon 615,2 GB RAM | 16 GB Storage,13 MP Rear Camera,8 MP Front Camera,3050 mAh,5.0 inches (12.7 cm) | IPS LCD,,"₹6,999"
Motorola Moto G Turbo Virat Kohli Edition,Snapdragon 615,2 GB RAM | 16 GB Storage,13 MP Rear Camera,5 MP Front Camera,2470 mAh Turbo Charging,5.0 inches (12.7 cm) | IPS LCD,,"₹16,999"
Kenxinda R7,,1 GB RAM | 8 GB Storage,5 MP Rear Camera,2 MP Front Camera,2500 mAh,5.5 inches (13.97 cm) | IPS LCD,,"₹3,699"
Gionee M5 Marathon Plus,MediaTek MT6753,3 GB RAM | 64 GB Storage,13 MP Rear Camera,5 MP Front Camera,5020 mAh Fast Charging,6.0 inches (15.24 cm) | AMOLED,,"₹26,999"
Swipe Elite Note,MediaTek MT6735,3 GB RAM | 16 GB Storage,13 MP Rear Camera,5 MP Front Camera,3000 mAh,5.5 inches (13.97 cm) | IPS LCD,,"₹7,500"
Karbonn K24 Plus,,,0.3 MP Rear Camera,,1800 mAh | 4W,2.4 inches (6.1 cm) | TFT,,"₹1,390"
Lyf Flame 1,Snapdragon 210,1 GB RAM | 8 GB Storage,5 MP Rear Camera,5 MP Front Camera,2000 mAh,4.5 inches (11.43 cm) | TFT,,"₹3,139"
Gionee Elife S6,MediaTek MT6753,3 GB RAM | 32 GB Storage,13 MP Rear Camera,5 MP Front Camera,3150 mAh,5.5 inches (13.97 cm) | AMOLED,,"₹19,999"
Lyf Water 1,Snapdragon 615,2 GB RAM | 16 GB Storage,13 MP Rear Camera,5 MP Front Camera,2600 mAh,5.0 inches (12.7 cm) | IPS LCD,,"₹9,000"
LG Spirit LTE,Snapdragon 410,1 GB RAM | 8 GB Storage,8 MP Rear Camera,1 MP Front Camera,2100 mAh,4.7 inches (11.94 cm) | IPS LCD,,"₹12,500"
Zen Cinemax 2,,1 GB RAM | 8 GB Storage,5 MP Rear Camera,2 MP Front Camera,2900 mAh,5.5 inches (13.97 cm) | IPS LCD,,"₹4,199"
Lava KKT 40 Power Plus,,,1.3 MP Rear Camera,,3000 mAh,2.4 inches (6.1 cm) | TFT,,"₹1,579"
Intex Aqua Super,MediaTek MT6735P,3 GB RAM | 16 GB Storage,8 MP Rear Camera,2 MP Front Camera,2150 mAh,5.0 inches (12.7 cm) | IPS LCD,,"₹9,699"
Alcatel One Touch Flash 2,MediaTek MT6753,2 GB RAM | 16 GB Storage,13 MP Rear Camera,5 MP Front Camera,3000 mAh,5.0 inches (12.7 cm) | IPS LCD,,"₹9,999"
Lenovo A1000,Spreadtrum SC7731,1 GB RAM | 8 GB Storage,5 MP Rear Camera,0.3 MP Front Camera,2000 mAh,4.0 inches (10.16 cm) | TFT,,"₹4,300"
Apple iPhone 6s Plus 16GB,Apple A9,2 GB RAM | 16 GB Storage,12 MP Rear Camera,5 MP Front Camera,2750 mAh,5.5 inches (13.97 cm) | IPS LCD,,"₹49,999"
Panasonic Love T35,Spreadtrum SC7731G,512 MB RAM | 4 GB Storage,2 MP Rear Camera,0.3 MP Front Camera,1400 mAh,4.0 inches (10.16 cm) | TFT,,"₹2,200"
Lenovo A2010,MediaTek MT6735M,1 GB RAM | 8 GB Storage,5 MP Rear Camera,2 MP Front Camera,2000 mAh,4.5 inches (11.43 cm) | TFT,,"₹4,990"
Intex Eco 105,,20 KB Storage,0.3 MP Rear Camera,,800 mAh | 2.96W,1.8 inches (4.57 cm) | TFT,,₹900
Panasonic Eluga Z,MediaTek MT6592M,2 GB RAM | 16 GB Storage,13 MP Rear Camera,5 MP Front Camera,2050 mAh,5.0 inches (12.7 cm) | AMOLED,,"₹5,299"
Lenovo K3 Note,MediaTek MT6752,2 GB RAM | 16 GB Storage,13 MP Rear Camera,5 MP Front Camera,2900 mAh,5.5 inches (13.97 cm) | IPS LCD,,"₹9,999"
Lava Iris X1 Atom S,,512 MB RAM | 8 GB Storage,5 MP Rear Camera,0.3 MP Front Camera,1400 mAh,4.0 inches (10.16 cm) | TFT,,"₹4,149"
Panasonic Eluga S Mini,MediaTek MT6592M,1 GB RAM | 8 GB Storage,8 MP Rear Camera,5 MP Front Camera,1980 mAh,4.7 inches (11.94 cm) | IPS LCD,,"₹4,799"
Panasonic Eluga L 4G,Snapdragon 410,1 GB RAM | 8 GB Storage,8 MP Rear Camera,5 MP Front Camera,2000 mAh,5.0 inches (12.7 cm) | IPS LCD,,"₹5,800"
Yu Yuphoria,Snapdragon 410,2 GB RAM | 16 GB Storage,8 MP Rear Camera,5 MP Front Camera,2230 mAh Fast Charging,5.0 inches (12.7 cm) | IPS LCD,,"₹8,999"
Asus Zenfone 2 4GB RAM 64GB 2.3Ghz,Intel Atom,4 GB RAM | 64 GB Storage,13 MP Rear Camera,5 MP Front Camera,3000 mAh Fast Charging,5.5 inches (13.97 cm) | IPS LCD,,"₹22,999"
Lava Iris X1 Atom 4GB,,512 MB RAM | 4 GB Storage,5 MP Rear Camera,0.3 MP Front Camera,1750 mAh,4.0 inches (10.16 cm) | TFT,,"₹4,500"
Xiaomi Mi4i,Snapdragon 615,2 GB RAM | 16 GB Storage,13 MP Rear Camera,5 MP Front Camera,3120 mAh Quick Charging,5.0 inches (12.7 cm) | IPS LCD,,"₹12,999"
Lenovo A7000,MediaTek MT6752M,2 GB RAM | 8 GB Storage,8 MP Rear Camera,5 MP Front Camera,2900 mAh,5.5 inches (13.97 cm) | IPS LCD,,"₹8,790"
Honor 6 Plus,HiSilicon Kirin,3 GB RAM | 32 GB Storage,8 MP + 8 MP Rear Camera,8 MP Front Camera,3600 mAh,5.5 inches (13.97 cm) | TFT,,"₹26,499"
Lava Arc 12 Plus,,,0.3 MP Rear Camera,,1000 mAh,2.4 inches (6.1 cm) | TFT,,"₹1,399"
Lava Iris 465,,512 MB RAM | 4 GB Storage,3.2 MP Rear Camera,0.3 MP Front Camera,1750 mAh,4.5 inches (11.43 cm) | TFT,,"₹4,439"
Lava Iris Fuel 60,MediaTek MT6582,1 GB RAM | 8 GB Storage,10 MP Rear Camera,2 MP Front Camera,4000 mAh,5.0 inches (12.7 cm) | IPS LCD,,"₹9,250"
Lava Arc Magic,,,0.3 MP Rear Camera,,800 mAh,1.8 inches (4.57 cm) | TFT,,"₹1,099"
XOLO One,MediaTek MT6582M,1 GB RAM | 8 GB Storage,5 MP Rear Camera,0.3 MP Front Camera,1700 mAh,4.5 inches (11.43 cm) | IPS LCD,,"₹6,599"
Nokia Lumia 930,Snapdragon 800,2 GB RAM | 32 GB Storage,20 MP Rear Camera,1.2 MP Front Camera,2420 mAh,5.0 inches (12.7 cm) | AMOLED,,"₹37,999"
Lava Arc Lite Plus,,,0.3 MP Rear Camera,,900 mAh,1.8 inches (4.57 cm) | TFT,,"₹1,099"
Lenovo A328,MediaTek MT6582M,1 GB RAM | 4 GB Storage,5 MP Rear Camera,2 MP Front Camera,2000 mAh,4.8 inches (12.19 cm) | LCD,,"₹7,499"
Sony Xperia E3,Snapdragon 400,1 GB RAM | 4 GB Storage,5 MP Rear Camera,0.3 MP Front Camera,2330 mAh,4.5 inches (11.43 cm) | IPS LCD,,"₹10,490"
Karbonn Sparkle V,MediaTek MT6582,1 GB RAM | 4 GB Storage,5 MP Rear Camera,2 MP Front Camera,1700 mAh,4.5 inches (11.43 cm) | IPS LCD,,"₹6,590"
Lava Iris 352 Flair,,256 MB RAM | 2 GB Storage,2 MP Rear Camera,0.3 MP Front Camera,1200 mAh,3.5 inches (8.89 cm) | LCD,,"₹3,999"
Jivi JV 12M,,,,,800 mAh | 4W,1.8 inches (4.57 cm) | TFT,,₹899
Xiaomi Redmi 1S,Snapdragon 400,1 GB RAM | 8 GB Storage,8 MP Rear Camera,1.6 MP Front Camera,2000 mAh,4.7 inches (11.94 cm) | IPS LCD,,"₹5,999"
Spice Fire One Mi-FX1,,,2 MP Rear Camera,1.3 MP Front Camera,,3.5 inches (8.89 cm) | LCD,,"₹2,090"
Sony Xperia C3 Dual SIM,Snapdragon 400,1 GB RAM | 8 GB Storage,8 MP Rear Camera,5 MP Front Camera,2500 mAh,5.5 inches (13.97 cm) | IPS LCD,,"₹10,490"
Lenovo S850,MediaTek MT6582,1 GB RAM | 16 GB Storage,13 MP Rear Camera,5 MP Front Camera,2150 mAh,5.0 inches (12.7 cm) | TFT,,"₹15,999"
Xiaomi Mi3,Snapdragon 800,2 GB RAM | 16 GB Storage,13 MP Rear Camera,2 MP Front Camera,3050 mAh,5 inches (12.7 cm) | IPS LCD,,"₹16,999"
Asus Zenfone 6 16GB,Intel Atom,2 GB RAM | 16 GB Storage,13 MP Rear Camera,2 MP Front Camera,3300 mAh,6.0 inches (15.24 cm) | IPS LCD,,"₹17,999"
HTC Desire 616,MediaTek MT6592,1 GB RAM | 4 GB Storage,8 MP Rear Camera,2 MP Front Camera,2000 mAh,5.0 inches (12.7 cm) | LCD,,"₹17,200"
XOLO Play 6X 1000,MediaTek,2 GB RAM | 8 GB Storage,8 MP Rear Camera,2 MP Front Camera,2100 mAh,5.0 inches (12.7 cm) | IPS LCD,,"₹14,499"
Lava Magnum X604,,1 GB RAM | 8 GB Storage,8 MP Rear Camera,2 MP Front Camera,2800 mAh,6.0 inches (15.24 cm) | IPS LCD,,"₹11,999"
XOLO Q2000L,Broadcom BCM23550,1 GB RAM | 8 GB Storage,8 MP Rear Camera,2 MP Front Camera,2500 mAh,5.5 inches (13.97 cm) | IPS LCD,,"₹10,999"
Karbonn A101,,512 MB RAM | 4 GB Storage,5 MP Rear Camera,0.3 MP Front Camera,1500 mAh,4.0 inches (10.16 cm) | LCD,,"₹5,490"
Karbonn Smart A50S,MediaTek,256 MB RAM | 2 GB Storage,2 MP Rear Camera,0.3 MP Front Camera,1100 mAh,3.5 inches (8.89 cm) | LCD,,"₹2,790"
Nokia X Plus,Snapdragon S4 Play,768 MB RAM | 4 GB Storage,3 MP Rear Camera,,1500 mAh,4.0 inches (10.16 cm) | IPS LCD,,"₹9,499"
Karbonn A25 Plus,,512 MB RAM | 4 GB Storage,5 MP Rear Camera,0.3 MP Front Camera,1800 mAh,5.0 inches (12.7 cm) | LCD,,"₹5,990"
Lava Iris Pro 20,MediaTek MT6589,1 GB RAM | 4 GB Storage,8 MP Rear Camera,0.3 MP Front Camera,2000 mAh,4.7 inches (11.94 cm) | IPS LCD,,"₹11,700"
Karbonn Titanium S1 Plus,,1 GB RAM | 4 GB Storage,5 MP Rear Camera,0.3 MP Front Camera,1500 mAh,4.0 inches (10.16 cm) | LCD,,"₹5,990"
Sony Xperia Z2,Snapdragon 801,3 GB RAM | 16 GB Storage,20.7 MP Rear Camera,2.2 MP Front Camera,3200 mAh,5.2 inches (13.21 cm) | IPS LCD,,"₹35,990"
Lava KKT Uno,,,0.3 MP Rear Camera,,1500 mAh,2.4 inches (6.1 cm) | TFT,,"₹1,800"
Lenovo A526,MediaTek MT6582M,1 GB RAM | 4 GB Storage,5 MP Rear Camera,0.3 MP Front Camera,2000 mAh,4.5 inches (11.43 cm) | LCD,,"₹4,113"
LG L70 Dual,Snapdragon 200,1 GB RAM | 4 GB Storage,5 MP Rear Camera,0.3 MP Front Camera,2100 mAh,4.5 inches (11.43 cm) | IPS LCD,,"₹12,791"
Motorola Moto X 16GB,Snapdragon S4 Pro,2 GB RAM | 16 GB Storage,10 MP Rear Camera,2 MP Front Camera,2200 mAh,4.7 inches (11.94 cm) | AMOLED,"AnTuTu Score 16,000","₹15,622"
Lava ARC 12i,,32 MB Storage,0.3 MP Rear Camera,,1000 mAh,2.8 inches (7.11 cm) | TFT,,"₹1,749"
Lava ARC 4 Star,,,0.3 MP Rear Camera,,1000 mAh,1.8 inches (4.57 cm) | TFT,,"₹1,399"
Karbonn A52,,256 MB RAM | 512 MB Storage,3 MP Rear Camera,0.3 MP Front Camera,1400 mAh,3.5 inches (8.89 cm) | LCD,,"₹4,999"
Sony Xperia Z1 Compact,Snapdragon 800,2 GB RAM | 16 GB Storage,20.7 MP Rear Camera,2 MP Front Camera,2300 mAh,4.3 inches (10.92 cm) | IPS LCD,,"₹25,990"
XOLO Q3000,MediaTek MT6589,2 GB RAM | 16 GB Storage,13 MP Rear Camera,5 MP Front Camera,4000 mAh,5.7 inches (14.48 cm) | IPS LCD,,"₹21,999"
XOLO Q1000 Opus,Broadcom BCM23550,1 GB RAM | 4 GB Storage,5 MP Rear Camera,0.3 MP Front Camera,2000 mAh,5.0 inches (12.7 cm) | LCD,,"₹9,999"
Google LG Nexus 5 16GB,Snapdragon 800,2 GB RAM | 16 GB Storage,8 MP Rear Camera,1.3 MP Front Camera,2300 mAh,4.95 inches (12.57 cm) | IPS LCD,,"₹29,990"
Nokia Asha 503,,128 MB RAM,5 MP Rear Camera,,1200 mAh,3.0 inches (7.62 cm) | LCD,,"₹7,399"
Lenovo A850,MediaTek MT6582M,1 GB RAM | 4 GB Storage,5 MP Rear Camera,0.3 MP Front Camera,2250 mAh,5.5 inches (13.97 cm) | IPS LCD,,"₹15,999"
Lenovo A516,MediaTek MT6572,512 MB RAM | 4 GB Storage,5 MP Rear Camera,0.3 MP Front Camera,2000 mAh,4.5 inches (11.43 cm) | IPS LCD,,"₹10,499"
Sony Xperia M,Snapdragon S4 Plus,1 GB RAM | 4 GB Storage,5 MP Rear Camera,0.3 MP Front Camera,1750 mAh,4 inches (10.16 cm) | TFT,,"₹9,990"
Lava Iris 402,MediaTek MT6572,256 MB RAM | 512 MB Storage,3 MP Rear Camera,0.3 MP Front Camera,1500 mAh,4 inches (10.16 cm) | TFT,,"₹5,499"
Panasonic P51,MediaTek MT6589,1 GB RAM | 4 GB Storage,8 MP Rear Camera,1.3 MP Front Camera,2500 mAh,5 inches (12.7 cm) | IPS LCD,,"₹22,390"
Nokia Lumia 520,Snapdragon S4 Plus,512 MB RAM | 8 GB Storage,5 MP Rear Camera,,1430 mAh,4 inches (10.16 cm) | IPS LCD,,"₹7,800"
Videocon A15,,256 MB RAM | 512 MB Storage,3.2 MP Rear Camera,0.3 MP Front Camera,1400 mAh,3.5 inches (8.89 cm) | TFT,,"₹3,499"
Nokia Asha 310,,64 MB RAM | 128 MB Storage,2 MP Rear Camera,,1100 mAh,3 inches (7.62 cm) | LCD,,"₹6,299"
LG Optimus L5 II,MediaTek MT6575,512 MB RAM | 4 MB Storage,5 MP Rear Camera,,1700 mAh,4 inches (10.16 cm) | IPS LCD,,"₹10,199"
Maxx AX3,MediaTek MT6515,256 MB RAM | 512 MB Storage,2 MP Rear Camera,0.3 MP Front Camera,1800 mAh,4.7 inches (11.94 cm) | LCD,,"₹14,999"
Spice Mi-351 Smart Flo,,256 MB RAM | 512 MB Storage,3.2 MP Rear Camera,0.3 MP Front Camera,1600 mAh,3.5 inches (8.89 cm),,"₹4,499"
Byond Tech Phablet II,,1 GB RAM | 4 GB Storage,8 MP Rear Camera,3 MP Front Camera,2500 mAh,5.7 inches (14.48 cm) | IPS LCD,,"₹16,499"
Karbonn A2,,256 MB RAM | 202 MB Storage,3 MP Rear Camera,0.3 MP Front Camera,1750 mAh,4 inches (10.16 cm) | Super PLS LCD,,"₹5,990"
Karbonn K65,,,2 MP Rear Camera,,1200 mAh,3.5 inches (8.89 cm) | LCD,,"₹2,645"
Nokia Asha 311,,128 MB RAM | 256 MB Storage,3.2 MP Rear Camera,,1110 mAh,3 inches (7.62 cm) | TFT,,"₹7,089"
Videocon V1531 Plus,,,1.3 MP Rear Camera,,1500 mAh,2.4 inches (6.1 cm) | LCD,,"₹1,900"
iBall Andi 3e,,,3.2 MP Rear Camera,0.3 MP Front Camera,1400 mAh,3.2 inches (8.13 cm) | LCD,,"₹12,024"
LG Optimus 3D Max,TI OMAP,1 GB RAM | 8 GB Storage,5 MP Rear Camera,0.3 MP Front Camera,1520 mAh,4.3 inches (10.92 cm) | LCD,,"₹24,439"
iBall Glam3,,,2 MP Rear Camera,,1100 mAh,2.6 inches (6.6 cm),,"₹3,999"
Nokia Lumia 900,Snapdragon S2,512 MB RAM | 16 GB Storage,8 MP Rear Camera,1 MP Front Camera,1830 mAh,4.3 inches (10.92 cm) | AMOLED,,"₹32,999"
iBall Elegance,,,2 MP Rear Camera,,1300 mAh,2.6 inches (6.6 cm) | LCD,,"₹3,499"
Mitashi MIT02,,145 KB Storage,0.3 MP Rear Camera,,1000 mAh,1.8 inches (4.57 cm) | LCD,,"₹2,290"
Mitashi MIT04,,45 KB Storage,1.3 MP Rear Camera,,1000 mAh,2.2 inches (5.59 cm) | LCD,,"₹3,490"
Spice Carnival,,145 KB Storage,1.3 MP Rear Camera,,950 mAh,2.2 inches (5.59 cm) | LCD,,"₹2,999"
Spice M-4262,,,,,1000 mAh,1.8 inches (4.57 cm) | LCD,,"₹1,500"
Alcatel OT-990 One Touch,,200 MB Storage,5 MP Rear Camera,0.3 MP Front Camera,1300 mAh,3.5 inches (8.89 cm) | LCD,,"₹11,990"
LG T515,,50 MB Storage,2 MP Rear Camera,,1100 mAh,2.8 inches (7.11 cm) | LCD,,"₹4,699"
Alcatel OT-506,,2 MB Storage,2 MP Rear Camera,,650 mAh,1.77 inches (4.5 cm) | LCD,,"₹2,490"
Salora SM401,,,1.3 MP Rear Camera,,1200 mAh,2.2 inches (5.59 cm) | LCD,,"₹2,399"
Spice M-6800,,43.8 MB Storage,3.2 MP Rear Camera,,1000 mAh,3.20 inches (8.13 cm),,"₹4,999"
Lava KKT 34 Plus,,,0.3 MP Rear Camera,,1800 mAh,2.4 inches (6.1 cm) | LCD,,"₹1,729"
Onida V102,,,,,700 mAh,1.4 inches (3.56 cm) | LCD,,"₹1,750"
Beetel GT415,,,0.3 MP Rear Camera,,1000 mAh,2 inches (5.08 cm) | LCD,,"₹5,099"
Nokia C6,,200 MB Storage,5 MP Rear Camera,0.1 MP Front Camera,1200 mAh,3.2 inches (8.13 cm) | LCD,,"₹13,799"
Lemon Duo 339,,190 KB Storage,0.3 MP Rear Camera,,2000 mAh,2 inches (5.08 cm) | LCD,,"₹4,599"
LG LG6300,,21 MB Storage,2 MP Rear Camera,,1100 mAh,2 inches (5.08 cm) | LCD,,"₹7,250"
LG GS155,,1 MB Storage,0.3 MP Rear Camera,,950 mAh,1.5 inches (3.81 cm) | LCD,,"₹2,099"
Sony Ericsson Xperia X10,Snapdragon S1,384 MB RAM | 1 GB Storage,8.1 MP Rear Camera,,1500 mAh,4 inches (10.16 cm) | LCD,,"₹35,795"
Samsung B310,,4 MB Storage,,,,1.77 inches (4.5 cm),,"₹2,899"
Nokia 5130 XpressMusic,,30 MB Storage,2 MP Rear Camera,,1020 mAh,2 inches (5.08 cm) | LCD,,"₹5,579"
Sony Ericsson W705,,120 MB Storage,3.2 MP Rear Camera,,950 mAh,2.4 inches (6.1 cm) | LCD,,"₹15,645"
Beetel GT1800,,,1.3 MP Rear Camera,,1800 mAh,2.2 inches (5.59 cm) | LCD,,"₹2,990"
Beetel GD 570,,,1.3 MP Rear Camera,,1400 mAh,2.6 inches (6.6 cm),,"₹3,999"
iBall i180,,,0.3 MP Rear Camera,,1800 mAh,1.77 inches (4.5 cm) | LCD,,"₹1,699"
Alcatel OT-5020E,,512 MB RAM | 4 GB Storage,5 MP Rear Camera,0.3 MP Front Camera,1500 mAh,4 inches (10.16 cm),,"₹7,699"
Karbonn A18 Plus,,512 MB RAM | 4 GB Storage,5 MP Rear Camera,,2000 mAh,5.0 inches (12.7 cm) | IPS LCD,,"₹8,290"
Lava Spark 246,,,1.3 MP Rear Camera,,1100 mAh,2.4 inches (6.1 cm) | TFT,,"₹1,999"
Itel Zeno 20 Max 4GB RAM,Unisoc T7100,4 GB RAM | 64 GB Storage,13 MP Rear Camera,5 MP Front Camera,5000 mAh | 15W Fast Charging,6.6 inches (16.76 cm) | IPS LCD,,"₹7,990"
Lava Bold N1 5G 128GB,Unisoc T765,4 GB RAM | 128 GB Storage,13 MP Rear Camera,5 MP Front Camera,5000 mAh | 18W Fast Charging,6.75 inches (17.15 cm) | IPS LCD,"AnTuTu Score 516,090","₹9,999"
Lava Bold N1 Lite,Unisoc SC9863A,3 GB RAM | 64 GB Storage,13 MP Rear Camera,5 MP Front Camera,5000 mAh,6.75 inches (17.15 cm) | IPS LCD,,"₹6,699"
Lava Play Ultra 8GB RAM,MediaTek Dimensity 7300,8 GB RAM | 128 GB Storage,64 MP + 5 MP Rear Camera,13 MP Front Camera,5000 mAh | 33W Fast Charging,6.67 inches (16.94 cm) | AMOLED,"AnTuTu Score 690,352","₹17,989"
Itel Zeno 20 128GB 4GB RAM,Unisoc T7100,4 GB RAM | 128 GB Storage,13 MP Rear Camera,5 MP Front Camera,5000 mAh | 15W Fast Charging,6.6 inches (16.76 cm) | IPS LCD,,"₹7,641"
Lava Bold 6GB RAM,MediaTek Dimensity 6300,6 GB RAM | 128 GB Storage,64 MP + 2 MP Rear Camera,16 MP Front Camera,5000 mAh | 33W Fast Charging,6.67 inches (16.94 cm) | AMOLED,,"₹16,999"
Lava Bold 8GB RAM,MediaTek Dimensity 6300,8 GB RAM | 128 GB Storage,64 MP + 2 MP Rear Camera,16 MP Front Camera,5000 mAh | 33W Fast Charging,6.67 inches (16.94 cm) | AMOLED,,"₹16,321"
Lava Shark,Unisoc T606,4 GB RAM | 64 GB Storage,50 MP Rear Camera,8 MP Front Camera,5000 mAh | 18W Fast Charging,6.67 inches (16.94 cm) | IPS LCD,,"₹7,355"
JMAX J30,,,0.3 MP Rear Camera,,2500 mAh,1.77 inches (4.5 cm) | TFT,,₹699
JMAX J06,,,0.3 MP Rear Camera,,2500 mAh,1.77 inches (4.5 cm) | TFT,,₹492
JMAX Pops 6,,,0.3 MP Rear Camera,,2500 mAh,1.77 inches (4.5 cm) | TFT,,₹450
Lava Yuva Smart,Unisoc SC9863A,3 GB RAM | 64 GB Storage,13 MP Rear Camera,5 MP Front Camera,5000 mAh | 10W,6.75 inches (17.15 cm) | IPS LCD,,"₹6,499"
Samsung Galaxy S25 512GB,Snapdragon 8 Elite,12 GB RAM | 512 GB Storage,50 MP + 12 MP + 10 MP Rear Camera,12 MP Front Camera,4000 mAh | 25W Fast Charging,6.2 inches (15.75 cm) | Dynamic AMOLED 2x,"AnTuTu Score 2,185,567","₹82,999"
Itel Zeno 10 4GB RAM,Unisoc T603,4 GB RAM | 64 GB Storage,8 MP Rear Camera,5 MP Front Camera,5000 mAh,6.6 inches (16.76 cm) | IPS LCD,,"₹6,098"
Lava Yuva 2 5G,Unisoc T760,4 GB RAM | 128 GB Storage,50 MP + 2 MP Rear Camera,8 MP Front Camera,5000 mAh | 18W Fast Charging,6.67 inches (16.94 cm) | IPS LCD,,"₹9,299"
Lava O3 Pro 128GB,Unisoc T606,4 GB RAM | 128 GB Storage,50 MP + 0.03 MP + 0.08 MP Rear Camera,8 MP Front Camera,5000 mAh,6.56 inches (16.66 cm) | IPS LCD,,"₹7,990"
I Kall K99 Pro 2024,,32 MB RAM | 32 MB Storage,0.3 MP Rear Camera,,2500 mAh,2.4 inches (6.1 cm) | TFT,,"₹1,359"
Karbonn K444R,,32 MB RAM | 42 MB Storage,0.5 MP Rear Camera,,1750 mAh,2.4 inches (6.1 cm) | TFT,,"₹1,215"
Lava Yuva 4 128GB,Unisoc T606,4 GB RAM | 128 GB Storage,50 MP Rear Camera,8 MP Front Camera,5000 mAh | 10W,6.56 inches (16.66 cm) | IPS LCD,,"₹8,399"
Itel Color Pro 5G 4GB RAM,MediaTek Dimensity 6080,4 GB RAM | 128 GB Storage,50 MP Rear Camera,8 MP Front Camera,5000 mAh | 18W Fast Charging,6.6 inches (16.76 cm) | IPS LCD,,"₹8,995"
Gfive A8-C,,32 MB RAM | 32 MB Storage,1 MP Rear Camera,,1000 mAh,1.8 inches (4.57 cm) | TFT,,₹599
Lava Blaze 3,MediaTek Dimensity 6300,6 GB RAM | 128 GB Storage,50 MP + 2 MP Rear Camera,8 MP Front Camera,5000 mAh | 18W Fast Charging,6.56 inches (16.66 cm) | IPS LCD,,"₹10,200"
Apple iPhone 16 Pro Max 512GB,Apple A18 Pro,8 GB RAM | 512 GB Storage,48 MP + 48 MP + 12 MP Rear Camera,12 MP Front Camera,4685 mAh | 20W Fast Charging,6.9 inches (17.53 cm) | Super Retina XDR,"AnTuTu Score 1,774,620","₹154,900"
Apple iPhone 16 Pro Max 1TB,Apple A18 Pro,8 GB RAM | 1 TB Storage,48 MP + 48 MP + 12 MP Rear Camera,12 MP Front Camera,4685 mAh | 20W Fast Charging,6.9 inches (17.53 cm) | Super Retina XDR,"AnTuTu Score 1,774,620","₹174,900"
realme 13 Plus 5G 256GB,MediaTek Dimensity 7300 Energy,8 GB RAM | 256 GB Storage,50 MP + 2 MP Rear Camera,16 MP Front Camera,5000 mAh | 80W Fast Charging,6.67 inches (16.94 cm) | OLED,"AnTuTu Score 739,074","₹24,999"
realme C63 5G 8GB RAM,MediaTek Dimensity 6300,8 GB RAM | 128 GB Storage,32 MP Rear Camera,8 MP Front Camera,5000 mAh | 10W,6.67 inches (16.94 cm) | IPS LCD,,"₹12,999"
I Kall K24 Pro,,32 MB RAM | 32 MB Storage,0.3 MP Rear Camera,,2500 mAh,2.4 inches (6.1 cm) | TFT,,₹845
Google Pixel 9 Pro XL 512GB,Google Tensor G4,16 GB RAM | 512 GB Storage,50 MP + 48 MP + 48 MP Rear Camera,42 MP Front Camera,5060 mAh | 37W Fast Charging,6.8 inches (17.27 cm) | LTPO OLED,"AnTuTu Score 1,323,184","₹139,999"
realme 13 Pro 256GB,Snapdragon 7s Gen 2,8 GB RAM | 256 GB Storage,50 MP + 8 MP + 2 MP Rear Camera,32 MP Front Camera,5200 mAh | 45W Super VOOC Charging,6.7 inches (17.02 cm) | AMOLED,"AnTuTu Score 664,130","₹21,999"
I Kall K999 New,,32 MB RAM | 32 MB Storage,0.3 MP Rear Camera,,2000 mAh Fast Charging,3.36 inches (8.53 cm) | TFT,,"₹1,826"
Lava A1 Copper,,,0.3 MP Rear Camera,,1000 mAh,1.77 inches (4.5 cm) | TFT,,"₹1,220"
Tecno Spark 20 Pro 5G,MediaTek Dimensity 6080,8 GB RAM | 128 GB Storage,108 MP + 2 MP Rear Camera,8 MP Front Camera,5000 mAh | 33W Flash Charging,6.78 inches (17.22 cm) | LTPS LCD,,"₹17,999"
vivo Y28e 128GB,MediaTek Dimensity 6300,4 GB RAM | 128 GB Storage,13 MP + 0.08 MP Rear Camera,5 MP Front Camera,5000 mAh | 15W,6.56 inches (16.66 cm) | LCD,,"₹12,499"
realme Narzo N63 128GB,Unisoc T612,4 GB RAM | 128 GB Storage,50 MP Rear Camera,8 MP Front Camera,5000 mAh | 45W Super VOOC Charging,6.74 inches (17.12 cm) | IPS LCD,"AnTuTu Score 254,459","₹8,202"
Lava Yuva 5G,Unisoc T750,4 GB RAM | 64 GB Storage,50 MP + 2 MP Rear Camera,8 MP Front Camera,5000 mAh | 18W Fast Charging,6.52 inches (16.56 cm) | IPS LCD,,"₹11,490"
Ringme Ninja,,,0.3 MP Rear Camera,,3000 mAh,2.4 inches (6.1 cm) | TFT,,₹799
Tecno Camon 30 5G 512GB,MediaTek Dimensity 7020,12 GB RAM | 512 GB Storage,50 MP + 2 MP Rear Camera,50 MP Front Camera,5000 mAh | 70W Flash Charging,6.78 inches (17.23 cm) | LTPS AMOLED,"AnTuTu Score 513,359","₹32,990"
Lava A1 Clear,,,0.3 MP Rear Camera,,1000 mAh,1.77 inches (4.5 cm) | TFT,,₹999
realme P1 256GB,MediaTek Dimensity 7050,8 GB RAM | 256 GB Storage,50 MP + 2 MP Rear Camera,16 MP Front Camera,5000 mAh | 45W Super VOOC Charging,6.67 inches (16.94 cm) | AMOLED,"AnTuTu Score 418,175","₹15,999"
Samsung Galaxy M15 6GB RAM,MediaTek Dimensity 6100 Plus,6 GB RAM | 128 GB Storage,50 MP + 5 MP + 2 MP Rear Camera,13 MP Front Camera,6000 mAh | 25W Fast Charging,6.5 inches (16.51 cm) | Super AMOLED,,"₹11,877"
iQOO Neo 9 Pro 128GB,Snapdragon 8 Gen 2,8 GB RAM | 128 GB Storage,50 MP + 8 MP Rear Camera,16 MP Front Camera,5160 mAh | 120W Flash Charging,6.78 inches (17.22 cm) | AMOLED,,"₹39,999"
Snexian Guru 315,,,0.3 MP Rear Camera,,1000 mAh,1.8 inches (4.57 cm) | TFT,,₹441
Lava Blaze Curve 5G 256GB,MediaTek Dimensity 7050,8 GB RAM | 256 GB Storage,64 MP + 8 MP + 2 MP Rear Camera,32 MP Front Camera,5000 mAh | 33W Fast Charging,6.67 inches (16.94 cm) | AMOLED,,"₹19,917"
Caul X2 Plus,,,0.3 MP Rear Camera,,2750 mAh,1.77 inches (4.5 cm) | TFT,,"₹1,599"
vivo V30 256GB,Snapdragon 7 Gen 3,8 GB RAM | 256 GB Storage,50 MP + 50 MP Rear Camera,50 MP Front Camera,5000 mAh | 80W Flash Charging,6.78 inches (17.22 cm) | AMOLED,,"₹31,991"
Samsung Galaxy F15 6GB RAM,MediaTek Dimensity 6100 Plus,6 GB RAM | 128 GB Storage,50 MP + 5 MP + 2 MP Rear Camera,13 MP Front Camera,6000 mAh | 25W Fast Charging,6.5 inches (16.51 cm) | Super AMOLED,,"₹13,399"
Xiaomi Redmi A3 6GB RAM,MediaTek Helio G36,6 GB RAM | 128 GB Storage,8 MP + 0.08 MP Rear Camera,5 MP Front Camera,5000 mAh | 10W,6.7 inches (17.02 cm) | IPS LCD,,"₹8,399"
Lava Yuva 3,Unisoc T606,4 GB RAM | 64 GB Storage,13 MP Rear Camera,5 MP Front Camera,5000 mAh | 18W Fast Charging,6.5 inches (16.51 cm) | IPS LCD,,"₹6,449"
Lava Yuva 3 128GB,Unisoc T606,4 GB RAM | 128 GB Storage,13 MP Rear Camera,5 MP Front Camera,5000 mAh | 18W Fast Charging,6.5 inches (16.51 cm) | IPS LCD,,"₹8,786"
Karbonn K109i,,50 MB RAM | 32 MB Storage,,,1000 mAh,1.77 inches (4.5 cm) | TFT,,₹865
Lava Storm 5G,MediaTek Dimensity 6080,8 GB RAM | 128 GB Storage,50 MP + 8 MP Rear Camera,16 MP Front Camera,5000 mAh | 33W Fast Charging,6.78 inches (17.22 cm) | IPS LCD,"AnTuTu Score 430,601","₹14,699"
POCO M6 6GB RAM,MediaTek Dimensity 6100 Plus,6 GB RAM | 128 GB Storage,50 MP + 0.08 MP Rear Camera,5 MP Front Camera,5000 mAh | 18W Fast Charging,6.74 inches (17.12 cm) | IPS LCD,,"₹11,499"
Itel A05s 64GB,Unisoc SC9863A,4 GB RAM | 64 GB Storage,5 MP Rear Camera,5 MP Front Camera,4000 mAh | 10W,6.6 inches (16.76 cm) | IPS LCD,,"₹6,590"
Snexian Bold 80,,,0.3 MP Rear Camera,,2500 mAh,1.8 inches (4.57 cm) | TFT,,₹592
Itel P40 128GB,Unisoc SC9863A,4 GB RAM | 128 GB Storage,13 MP + 0.3 MP Rear Camera,5 MP Front Camera,6000 mAh | 18W Fast Charging,6.6 inches (16.76 cm) | IPS LCD,,"₹6,699"
iAir D7 Mini,,32 MB RAM | 32 MB Storage,3 MP Rear Camera,,1200 mAh,1.8 inches (4.57 cm) | TFT,,₹745
Lava Blaze 2 Pro,Unisoc T616,8 GB RAM | 128 GB Storage,50 MP + 2 MP + 2 MP Rear Camera,8 MP Front Camera,5000 mAh | 18W Fast Charging,6.5 inches (16.51 cm) | IPS LCD,,"₹7,990"
Snexian Bold 888,,32 MB RAM | 32 MB Storage,1.3 MP Rear Camera,,1000 mAh,1.44 inches (3.66 cm) | TFT,,₹999
Apple iPhone 15 512GB,Apple A16 Bionic,6 GB RAM | 512 GB Storage,48 MP + 12 MP Rear Camera,12 MP Front Camera,3349 mAh | 20W Fast Charging,6.1 inches (15.49 cm) | Super Retina XDR,,"₹87,900"
Apple iPhone 15 Pro 256GB,Apple A17 Pro,8 GB RAM | 256 GB Storage,48 MP + 12 MP + 12 MP Rear Camera,12 MP Front Camera,3274 mAh | 20W Fast Charging,6.1 inches (15.49 cm) | Super Retina XDR,,"₹144,900"
Apple iPhone 15 Pro Max 512GB,Apple A17 Pro,8 GB RAM | 512 GB Storage,48 MP + 12 MP + 12 MP Rear Camera,12 MP Front Camera,4441 mAh | 20W Fast Charging,6.7 inches (17.02 cm) | Super Retina XDR,"AnTuTu Score 1,545,034","₹179,900"
POCO M6 Pro 5G 4GB RAM,Snapdragon 4 Gen 2,4 GB RAM | 128 GB Storage,50 MP + 2 MP Rear Camera,8 MP Front Camera,5000 mAh | 18W Fast Charging,6.79 inches (17.25 cm) | IPS LCD,"AnTuTu Score 430,900","₹11,999"
I Kall S2 Pro,,6 GB RAM | 128 GB Storage,13 MP + 5 MP + 2 MP Rear Camera,8 MP Front Camera,5000 mAh Fast Charging,6.8 inches (17.27 cm) | IPS LCD,,"₹9,300"
Samsung Galaxy Z Fold5 1TB,Snapdragon 8 Gen 2,12 GB RAM | 1 TB Storage,50 MP + 12 MP + 10 MP Rear Camera,10 MP + 4 MP Front Camera,4400 mAh | 25W Fast Charging,7.6 inches (19.3 cm) | Dynamic AMOLED 2x (Main Display),"AnTuTu Score 1,492,136","₹184,999"
Lava Yuva,MediaTek Helio G25,2 GB RAM | 32 GB Storage,8 MP Rear Camera,5 MP Front Camera,4000 mAh | 10W,6.5 inches (16.51 cm) | IPS LCD,,"₹7,999"
Itel A60S 128GB,Unisoc SC9863A1,4 GB RAM | 128 GB Storage,8 MP + 0.08 MP Rear Camera,5 MP Front Camera,5000 mAh | 10W,6.6 inches (16.76 cm) | IPS LCD,,"₹6,999"
Itel A60S,Unisoc SC9863A1,4 GB RAM | 64 GB Storage,8 MP + 0.08 MP Rear Camera,5 MP Front Camera,5000 mAh | 10W,6.6 inches (16.76 cm) | IPS LCD,,"₹6,300"
Itel P40 Plus,Unisoc T606,4 GB RAM | 128 GB Storage,13 MP + 0.3 MP Rear Camera,8 MP Front Camera,7000 mAh | 18W Fast Charging,6.8 inches (17.27 cm) | IPS LCD,,"₹6,690"
realme Narzo 60 Pro 5G 256GB,MediaTek Dimensity 7050,12 GB RAM | 256 GB Storage,100 MP + 2 MP Rear Camera,16 MP Front Camera,5000 mAh | 67W Super VOOC Charging,6.7 inches (17.02 cm) | AMOLED,"AnTuTu Score 569,173","₹23,488"
Itel U30,,32 MB RAM | 32 MB Storage,0.3 MP Rear Camera,,1200 mAh,1.8 inches (4.57 cm) | TFT,,"₹1,695"
Cellecor D9,,,0.8 MP Rear Camera,,2000 mAh,2.8 inches (7.11 cm),,"₹1,899"
Lava Blaze 1X 5G,MediaTek Dimensity 700,6 GB RAM | 128 GB Storage,50 MP + 2 MP + 0.3 MP Rear Camera,8 MP Front Camera,5000 mAh | 15W,6.5 inches (16.51 cm) | IPS LCD,,"₹9,299"
Itel S23,Unisoc T606,8 GB RAM | 128 GB Storage,50 MP + 0.08 MP Rear Camera,8 MP Front Camera,5000 mAh | 10W,6.6 inches (16.76 cm) | IPS LCD,,"₹9,499"
realme 11 Pro 12GB RAM,MediaTek Dimensity 7050,12 GB RAM | 256 GB Storage,100 MP + 2 MP Rear Camera,16 MP Front Camera,5000 mAh | 67W Super VOOC Charging,6.7 inches (17.02 cm) | AMOLED,AnTuTu Score 0,"₹27,999"
Tecno Spark 10,MediaTek Helio G37,8 GB RAM | 128 GB Storage,50 MP + 0.08 MP Rear Camera,8 MP Front Camera,5000 mAh | 18W Fast Charging,6.6 inches (16.76 cm) | IPS LCD,,"₹13,200"
Nokia C32,Unisoc SC9863A1,4 GB RAM | 64 GB Storage,50 MP + 2 MP Rear Camera,8 MP Front Camera,5000 mAh | 10W,6.51 inches (16.54 cm) | IPS LCD,"AnTuTu Score 116,762","₹10,499"
iQOO Z7s 5G,Snapdragon 695,6 GB RAM | 128 GB Storage,64 MP + 2 MP Rear Camera,16 MP Front Camera,4500 mAh | 44W Flash Charging,6.38 inches (16.21 cm) | AMOLED,,"₹19,490"
Samsung Galaxy A14 128GB,Samsung Exynos 8 Octa 850,4 GB RAM | 128 GB Storage,50 MP + 5 MP + 2 MP Rear Camera,13 MP Front Camera,5000 mAh | 10W,6.6 inches (16.76 cm) | PLS LCD,,"₹13,999"
I Kall Z19 Pro Ultra,,6 GB RAM | 128 GB Storage,13 MP + 2 MP Rear Camera,8 MP Front Camera,5000 mAh,6.5 inches (16.51 cm) | IPS LCD,,"₹7,292"
Easyfone Udaan Plus,,32 MB RAM | 32 MB Storage,0.8 MP Rear Camera,,800 mAh,1.8 inches (4.57 cm) | TFT,,"₹2,650"
Nokia C22 4GB RAM,Unisoc SC9863A,4 GB RAM | 64 GB Storage,13 MP + 2 MP Rear Camera,8 MP Front Camera,5000 mAh | 10W,6.5 inches (16.51 cm) | IPS LCD,,"₹6,559"
Caul CP1860,,,0.3 MP Rear Camera,,2750 mAh,1.77 inches (4.5 cm) | TFT,,"₹1,149"
Caul C1840,,,0.3 MP Rear Camera,,1000 mAh,1.77 inches (4.5 cm) | TFT,,"₹1,025"
Caul C11,,,,,1000 mAh,1.77 inches (4.5 cm) | TFT,,₹899
Caul CP1870,,,0.3 MP Rear Camera,,2750 mAh,1.77 inches (4.5 cm) | TFT,,"₹1,149"
Caul C22,,,0.3 MP Rear Camera,,1000 mAh,1.8 inches (4.57 cm) | TFT,,₹949
Caul C2430,,,0.3 MP Rear Camera,,2000 mAh,2.4 inches (6.1 cm) | TFT,,"₹1,199"
Cellecor X4,,,0.3 MP Rear Camera,,2500 mAh,1.8 inches (4.57 cm) | TFT,,"₹1,199"
Cellecor E4 Plus,,,0.3 MP Rear Camera,,2000 mAh,2.4 inches (6.1 cm) | TFT,,"₹1,199"
Lava Hero 1800,,,,,1800 mAh,1.8 inches (4.57 cm) | TFT,,"₹1,149"
Lava Hero 600i Lite,,,,,620 mAh,1.8 inches (4.57 cm) | TFT,,₹807
Tecno Spark Go 2023 64GB,MediaTek Helio A22,3 GB RAM | 64 GB Storage,13 MP + 0.08 MP Rear Camera,5 MP Front Camera,5000 mAh | 10W,6.56 inches (16.66 cm) | IPS LCD,,"₹6,800"
realme Narzo N55 128GB,MediaTek Helio G88,6 GB RAM | 128 GB Storage,64 MP + 2 MP Rear Camera,8 MP Front Camera,5000 mAh | 33W Super VOOC Charging,6.72 inches (17.07 cm) | IPS LCD,"AnTuTu Score 249,120","₹10,999"
Caul C10 Pro,,,,,1000 mAh,1.77 inches (4.5 cm) | TFT,,₹899
Infinix Hot 30i 64GB,MediaTek Helio G37,4 GB RAM | 64 GB Storage,50 MP + 0.08 MP Rear Camera,5 MP Front Camera,5000 mAh | 10W,6.6 inches (16.76 cm) | IPS LCD,,"₹8,399"
Good One G115,,,2 MP Rear Camera,,800 mAh,1.44 inches (3.66 cm) | TFT,,₹930
Tecno Spark 10 5G,MediaTek Dimensity 6020,4 GB RAM | 64 GB Storage,50 MP + 0.08 MP Rear Camera,8 MP Front Camera,5000 mAh | 18W Flash Charging,6.6 inches (16.76 cm) | IPS LCD,,"₹8,498"
Gfive Rose 316,,32 MB RAM | 64 MB Storage,0.3 MP Rear Camera,,950 mAh,1.8 inches (4.57 cm) | TFT,,"₹1,149"
BlackZone Heaven,,,0.3 MP Rear Camera,,1100 mAh,1.8 inches (4.57 cm) | TFT,,₹899
realme C55 6GB RAM,MediaTek Helio G88,6 GB RAM | 64 GB Storage,64 MP + 2 MP Rear Camera,8 MP Front Camera,5000 mAh | 33W Super VOOC Charging,6.72 inches (17.07 cm) | IPS LCD,AnTuTu Score 0,"₹8,999"
Snexian Rock 310,,,0.3 MP Rear Camera,,1000 mAh,1.77 inches (4.5 cm) | TFT,,₹495
iQOO Z7 8GB RAM,MediaTek Dimensity 920,8 GB RAM | 128 GB Storage,64 MP + 2 MP Rear Camera,16 MP Front Camera,4500 mAh | 44W Flash Charging,6.38 inches (16.21 cm) | AMOLED,"AnTuTu Score 438,554","₹21,999"
Nokia C12 Pro 3GB RAM,Unisoc SC9863A1,3 GB RAM | 64 GB Storage,8 MP Rear Camera,5 MP Front Camera,4000 mAh | 10W,6.3 inches (16 cm) | IPS LCD,AnTuTu Score 0,"₹7,124"
Itel P40 32GB,Unisoc SC9863A,3 GB RAM | 32 GB Storage,13 MP + 0.3 MP Rear Camera,5 MP Front Camera,6000 mAh | 18W Fast Charging,6.6 inches (16.76 cm) | IPS LCD,,"₹5,499"
Itel P40 4GB RAM,Unisoc SC9863A,4 GB RAM | 64 GB Storage,13 MP + 0.3 MP Rear Camera,5 MP Front Camera,6000 mAh | 18W Fast Charging,6.6 inches (16.76 cm) | IPS LCD,,"₹6,490"
vivo V27 256GB,MediaTek Dimensity 7200,12 GB RAM | 256 GB Storage,50 MP + 8 MP + 2 MP Rear Camera,50 MP Front Camera,4600 mAh | 66W Flash Charging,6.78 inches (17.22 cm) | AMOLED,"AnTuTu Score 705,685","₹36,999"
Kechao K7,,,,,,2.4 inches (6.1 cm) | LCD,,"₹1,762"
realme C33 2023 128GB,Unisoc T612,4 GB RAM | 128 GB Storage,50 MP + 0.3 MP Rear Camera,5 MP Front Camera,5000 mAh | 10W,6.5 inches (16.51 cm) | IPS LCD,,"₹10,499"
I Kall Z19 64GB,,4 GB RAM | 64 GB Storage,20 MP Rear Camera,13 MP Front Camera,5000 mAh,6.5 inches (16.51 cm) | IPS LCD,,"₹5,899"
Itel A60,Unisoc SC9832E,2 GB RAM | 32 GB Storage,8 MP Rear Camera,5 MP Front Camera,5000 mAh,6.6 inches (16.76 cm) | IPS LCD,"AnTuTu Score 51,537","₹5,790"
vivo V27 Pro 12GB RAM,MediaTek Dimensity 8200,12 GB RAM | 256 GB Storage,50 MP + 8 MP + 2 MP Rear Camera,50 MP Front Camera,4600 mAh | 66W Flash Charging,6.78 inches (17.22 cm) | AMOLED,"AnTuTu Score 819,083","₹39,950"
Saregama Carvaan Don M12,,,,,800 mAh,1.8 inches (4.57 cm) | TFT,,₹999
Infinix Smart 7,Unisoc SC9863A,4 GB RAM | 64 GB Storage,13 MP + 0.3 MP Rear Camera,5 MP Front Camera,6000 mAh | 10W,6.6 inches (16.76 cm) | IPS LCD,"AnTuTu Score 116,893","₹7,499"
Mafe A5 Plus,,32 MB RAM | 32 MB Storage,0.3 MP Rear Camera,,2400 mAh,2.4 inches (6.1 cm) | TFT,,"₹1,399"
Infinix Smart 7 128GB,Unisoc SC9863A,4 GB RAM | 128 GB Storage,13 MP + 0.3 MP Rear Camera,5 MP Front Camera,6000 mAh | 10W,6.6 inches (16.76 cm) | IPS LCD,,"₹7,799"
MTR M2300,,32 MB RAM | 32 MB Storage,0.3 MP Rear Camera,,3000 mAh,1.77 inches (4.5 cm) | TFT,,₹990
iQOO Neo 7 256GB,MediaTek Dimensity 8200,12 GB RAM | 256 GB Storage,64 MP + 2 MP + 2 MP Rear Camera,16 MP Front Camera,5000 mAh | 120W Flash Charging,6.78 inches (17.22 cm) | AMOLED,"AnTuTu Score 859,629","₹38,999"
OPPO Find N2 Flip,MediaTek Dimensity 9000 Plus,8 GB RAM | 256 GB Storage,50 MP + 8 MP Rear Camera,32 MP Front Camera,4300 mAh | 44W Super VOOC Charging,6.8 inches (17.27 cm) | AMOLED (Main Display),"AnTuTu Score 723,705","₹62,866"
realme 10 Pro 5G Coca Cola Edition,Snapdragon 695,8 GB RAM | 128 GB Storage,108 MP + 2 MP Rear Camera,16 MP Front Camera,5000 mAh | 33W Super VOOC Charging,6.72 inches (17.07 cm) | IPS LCD,,"₹20,999"
Mafe X9,,,0.3 MP Rear Camera,,1050 mAh,1.8 inches (4.57 cm) | TFT,,"₹1,199"
MTR M2200,,,0.3 MP Rear Camera,,3000 mAh,1.77 inches (4.5 cm) | TFT,,₹920
Mafe X4,,,0.3 MP Rear Camera,,1050 mAh,1.8 inches (4.57 cm) | TFT,,₹902
Mafe Neos,,,0.3 MP Rear Camera,,2400 mAh,1.8 inches (4.57 cm) | TFT,,"₹1,299"
Mafe Color Plus,,,0.3 MP Rear Camera,,1050 mAh,2.4 inches (6.1 cm) | TFT,,"₹1,399"
Infinix Note 12i 2022,MediaTek Helio G85,4 GB RAM | 64 GB Storage,50 MP + 2 MP Rear Camera,8 MP Front Camera,5000 mAh | 33W Super Charging,6.7 inches (17.02 cm) | AMOLED,,"₹10,999"
Karbonn KU3i,,,,,1000 mAh,1.8 inches (4.57 cm) | TFT,,"₹1,159"
Infinix Note 12i,MediaTek Helio G85,4 GB RAM | 64 GB Storage,50 MP + 2 MP Rear Camera,8 MP Front Camera,5000 mAh | 33W Fast Charging,6.7 inches (17.02 cm) | AMOLED,"AnTuTu Score 204,484","₹10,999"
realme 10 Pro Plus 5G 256GB,MediaTek Dimensity 1080,8 GB RAM | 256 GB Storage,108 MP + 8 MP + 2 MP Rear Camera,16 MP Front Camera,5000 mAh | 67W Super VOOC Charging,6.7 inches (17.02 cm) | AMOLED,"AnTuTu Score 514,842","₹22,999"
Snexian Bold 12K,,32 MB RAM | 32 MB Storage,0.3 MP Rear Camera,,2500 mAh,2.8 inches (7.11 cm) | TFT,,₹809
Infinix Hot 20 5G 128GB,MediaTek Dimensity 810,6 GB RAM | 128 GB Storage,50 MP + 0.08 MP Rear Camera,8 MP Front Camera,5000 mAh | 18W Fast Charging,6.6 inches (16.76 cm) | IPS LCD,,"₹15,321"
Xiaomi Redmi Note 12 Pro Plus 5G 12GB RAM,MediaTek Dimensity 1080,12 GB RAM | 256 GB Storage,200 MP + 8 MP + 2 MP Rear Camera,16 MP Front Camera,4980 mAh | 120W Hyper Charging,6.67 inches (16.94 cm) | AMOLED,AnTuTu Score 0,"₹30,499"
MTR M2100 Plus,,32 MB RAM | 32 MB Storage,0.3 MP Rear Camera,,3000 mAh,1.77 inches (4.5 cm) | TFT,,₹890
Itel Power 200,,32 MB RAM | 32 MB Storage,0.3 MP Rear Camera,,2500 mAh,1.8 inches (4.57 cm) | TFT,,"₹1,499"
I Kall Z19 Pro,,4 GB RAM | 64 GB Storage,13 MP Rear Camera,8 MP Front Camera,5000 mAh,6.5 inches (16.51 cm) | IPS LCD,,"₹6,164"
MTR M7,,32 MB RAM | 32 MB Storage,0.3 MP Rear Camera,,,1.44 inches (3.66 cm) | TFT,,"₹1,090"
Samsung Galaxy A04 128GB,MediaTek Helio P35,4 GB RAM | 128 GB Storage,50 MP + 2 MP Rear Camera,5 MP Front Camera,5000 mAh,6.5 inches (16.51 cm) | PLS LCD,,"₹8,499"
I Kall K88 Pro 4G,,48 MB RAM | 128 MB Storage,0.3 MP Rear Camera,,1800 mAh,2.4 inches (6.1 cm) | TFT,,"₹1,204"
Nokia C31,Unisoc SC9863A,3 GB RAM | 32 GB Storage,13 MP + 2 MP + 2 MP Rear Camera,5 MP Front Camera,5050 mAh | 10W,6.7 inches (17.02 cm) | IPS LCD,,"₹7,399"
realme 10 Pro Plus 5G 8GB RAM,MediaTek Dimensity 1080,8 GB RAM | 128 GB Storage,108 MP + 8 MP + 2 MP Rear Camera,16 MP Front Camera,5000 mAh | 67W Super VOOC Charging,6.7 inches (17.02 cm) | AMOLED,"AnTuTu Score 514,842","₹22,990"
Snexian Guru 1282,,,2 MP Rear Camera,,1000 mAh,1.8 inches (4.57 cm) | TFT,,₹565
Telefono T1 Tulip,,,1.3 MP Rear Camera,,3000 mAh,2.4 inches (6.1 cm) | TFT,,₹899
Snexian Bold 123,,,0.3 MP Rear Camera,,2500 mAh,2.8 inches (7.11 cm) | TFT,,"₹1,299"
Karbonn KX6i,,32 MB RAM | 32 MB Storage,0.3 MP Rear Camera,,1000 mAh,1.8 inches (4.57 cm) | TFT,,₹953
Karbonn K9 Punch,,,0.3 MP Rear Camera,,2500 mAh,2.4 inches (6.1 cm) | TFT,,"₹1,569"
Xiaomi Redmi A1 Plus,MediaTek Helio A22,2 GB RAM | 32 GB Storage,8 MP + 0.08 MP Rear Camera,5 MP Front Camera,5000 mAh | 10W,6.52 inches (16.56 cm) | IPS LCD,"AnTuTu Score 51,697","₹9,999"
Xiaomi Redmi A1 Plus 3GB RAM,MediaTek Helio A22,3 GB RAM | 32 GB Storage,8 MP + 0.08 MP Rear Camera,5 MP Front Camera,5000 mAh | 10W,6.52 inches (16.56 cm) | IPS LCD,AnTuTu Score 0,"₹10,999"
Samsung Galaxy M32 Prime Edition,MediaTek Helio G80,4 GB RAM | 64 GB Storage,64 MP + 8 MP + 2 MP + 2 MP Rear Camera,20 MP Front Camera,6000 mAh | 15W Fast Charging,6.4 inches (16.26 cm) | Super AMOLED,,"₹10,999"
Lava Yuva Pro,MediaTek Helio G25,3 GB RAM | 32 GB Storage,13 MP + 0.08 MP + 0.08 MP Rear Camera,8 MP Front Camera,5000 mAh | 10W,6.51 inches (16.54 cm) | IPS LCD,,"₹6,650"
Cellecor X1,,32 MB RAM | 32 MB Storage,0.8 MP Rear Camera,,1000 mAh,1.8 inches (4.57 cm) | TFT,,"₹1,149"
Nokia G11 Plus,Unisoc T606,4 GB RAM | 64 GB Storage,50 MP + 2 MP Rear Camera,8 MP Front Camera,5000 mAh | 10W,6.51 inches (16.54 cm) | IPS LCD,,"₹13,999"
I Kall K44 2022,,,,,1000 mAh,1.8 inches (4.57 cm) | TFT,,₹799
realme Narzo 50i Prime 64GB,Unisoc T612,4 GB RAM | 64 GB Storage,8 MP Rear Camera,5 MP Front Camera,5000 mAh | 10W,6.5 inches (16.51 cm) | IPS LCD,"AnTuTu Score 212,686","₹8,350"
MTR Dabang,,,0.8 MP Rear Camera,,3000 mAh,2.8 inches (7.11 cm) | TFT,,"₹1,080"
Snexian Guru 100,,,1.3 MP Rear Camera,,2500 mAh,2.4 inches (6.1 cm) | TFT,,₹615
realme C33 64GB,Unisoc T612,4 GB RAM | 64 GB Storage,50 MP + 0.3 MP Rear Camera,5 MP Front Camera,5000 mAh | 10W,6.5 inches (16.51 cm) | IPS LCD,"AnTuTu Score 210,119","₹9,989"
Apple iPhone 14 Plus 256GB,Apple A15 Bionic,6 GB RAM | 256 GB Storage,12 MP + 12 MP Rear Camera,12 MP Front Camera,4325 mAh | 20W Fast Charging,6.7 inches (17.02 cm) | Super Retina XDR,"AnTuTu Score 854,468","₹79,900"
Apple iPhone 14 Pro 1TB,Apple A16 Bionic,6 GB RAM | 1 TB Storage,48 MP + 12 MP + 12 MP Rear Camera,12 MP Front Camera,3200 mAh | 20W Fast Charging,6.1 inches (15.49 cm) | Super Retina XDR,,"₹169,900"
Apple iPhone 14 Pro Max 256GB,Apple A16 Bionic,6 GB RAM | 256 GB Storage,48 MP + 12 MP + 12 MP Rear Camera,12 MP Front Camera,4323 mAh | 20W Fast Charging,6.7 inches (17.02 cm) | Super Retina XDR,"AnTuTu Score 945,794","₹144,900"
Apple iPhone 14 Pro Max 512GB,Apple A16 Bionic,6 GB RAM | 512 GB Storage,48 MP + 12 MP + 12 MP Rear Camera,12 MP Front Camera,4323 mAh | 20W Fast Charging,6.7 inches (17.02 cm) | Super Retina XDR,"AnTuTu Score 945,794","₹149,900"
Apple iPhone 14 Pro Max 1TB,Apple A16 Bionic,6 GB RAM | 1 TB Storage,48 MP + 12 MP + 12 MP Rear Camera,12 MP Front Camera,4323 mAh | 20W Fast Charging,6.7 inches (17.02 cm) | Super Retina XDR,"AnTuTu Score 945,794","₹184,900"
MTR S1100,,,0.3 MP Rear Camera,,3000 mAh,2.4 inches (6.1 cm) | TFT,,"₹1,050"
Tork X88,,,1.3 MP Rear Camera,,2500 mAh,1.8 inches (4.57 cm) | TFT,,"₹1,498"
Itel Power 430,,,0.3 MP Rear Camera,,2500 mAh,2.4 inches (6.1 cm) | TFT,,"₹1,399"
Snexian Guru 5071,,,1.3 MP Rear Camera,,2500 mAh,1.8 inches (4.57 cm) | TFT,,₹738
Tork T3X,,,1.3 MP Rear Camera,,2500 mAh,1.8 inches (4.57 cm) | TFT,,"₹1,049"
Cellecor X50 Plus,,32 MB RAM | 32 MB Storage,0.8 MP Rear Camera,,2750 mAh,2.8 inches (7.11 cm) | TFT,,"₹1,399"
Infinix Smart 6 Plus,MediaTek Helio G25,3 GB RAM | 64 GB Storage,8 MP + 0.3 MP Rear Camera,5 MP Front Camera,5000 mAh | 10W,6.82 inches (17.32 cm) | IPS LCD,"AnTuTu Score 111,029","₹8,299"
Mafe Amaze Plus,,,0.3 MP Rear Camera,,1050 mAh,1.8 inches (4.57 cm) | TFT,,"₹1,055"
Itel Ace 2 Star,,,,,1000 mAh,1.8 inches (4.57 cm) | TFT,,₹925
Mafe Nitro Plus,,32 MB RAM | 64 MB Storage,0.3 MP Rear Camera,,2400 mAh,1.8 inches (4.57 cm) | TFT,,"₹1,155"
Mafe Ace Plus,,32 MB RAM | 64 MB Storage,0.3 MP Rear Camera,,2400 mAh,1.8 inches (4.57 cm) | TFT,,"₹1,105"
OnePlus 10T 256GB,Snapdragon 8 Plus Gen 1,12 GB RAM | 256 GB Storage,50 MP + 8 MP + 2 MP Rear Camera,16 MP Front Camera,4800 mAh | 150W Super VOOC Charging,6.7 inches (17.02 cm) | Fluid AMOLED,"AnTuTu Score 820,175","₹35,999"
iQOO 9T 5G,Snapdragon 8 Plus Gen 1,8 GB RAM | 128 GB Storage,50 MP + 13 MP + 12 MP Rear Camera,16 MP Front Camera,4700 mAh | 120W Flash Charging,6.78 inches (17.22 cm) | AMOLED,AnTuTu Score 0,"₹45,799"
iQOO 9T 5G 256GB,Snapdragon 8 Plus Gen 1,12 GB RAM | 256 GB Storage,50 MP + 13 MP + 12 MP Rear Camera,16 MP Front Camera,4700 mAh | 120W Flash Charging,6.78 inches (17.22 cm) | AMOLED,"AnTuTu Score 1,087,055","₹38,999"
I Kall Z3 New,,4 GB RAM | 64 GB Storage,16 MP Rear Camera,13 MP Front Camera,4000 mAh,6.26 inches (15.9 cm) | IPS LCD,,"₹5,549"
Cellecor E6,,,0.8 MP Rear Camera,,2750 mAh,1.8 inches (4.57 cm) | TFT,,"₹1,224"
Cellecor E5,,,1 MP Rear Camera,,2750 mAh,1.8 inches (4.57 cm) | TFT,,"₹1,159"
Tork Max 2 Pro,,,1.3 MP Rear Camera,,2500 mAh,2.8 inches (7.11 cm) | TFT,,"₹1,498"
Tork Nexo,,,1.3 MP Rear Camera,,2500 mAh,2.4 inches (6.1 cm) | TFT,,"₹1,350"
Tork T09i,,,1.3 MP Rear Camera,,2500 mAh,2.4 inches (6.1 cm) | TFT,,"₹1,435"
Good One 5026,,,2 MP Rear Camera,,2500 mAh,1.8 inches (4.57 cm) | TFT,,₹918
OTHO OT250,,,2 MP Rear Camera,,2500 mAh,2.4 inches (6.1 cm) | TFT,,"₹1,595"
vivo T1x 4G 128GB,Snapdragon 680,4 GB RAM | 128 GB Storage,50 MP + 2 MP Rear Camera,8 MP Front Camera,5000 mAh | 18W Fast Charging,6.58 inches (16.71 cm) | IPS LCD,,"₹12,999"
vivo T1x 4G 6GB RAM,Snapdragon 680,6 GB RAM | 128 GB Storage,50 MP + 2 MP Rear Camera,8 MP Front Camera,5000 mAh | 18W Fast Charging,6.58 inches (16.71 cm) | IPS LCD,,"₹14,999"
Xiaomi Redmi 10A Sport,MediaTek Helio G25,6 GB RAM | 128 GB Storage,13 MP Rear Camera,5 MP Front Camera,5000 mAh | 10W,6.53 inches (16.59 cm) | IPS LCD,,"₹8,499"
Good One 2192,,,2 MP Rear Camera,,2500 mAh,1.8 inches (4.57 cm) | TFT,,₹984
Infinix Note 12 5G,MediaTek Dimensity 810,6 GB RAM | 64 GB Storage,50 MP + 2 MP Rear Camera,16 MP Front Camera,5000 mAh | 33W Fast Charging,6.7 inches (17.02 cm) | AMOLED,,"₹15,999"
MTR S900,,,0.8 MP Rear Camera,,3000 mAh,2.4 inches (6.1 cm) | TFT,,"₹1,050"
Karbonn KU3 Power,,,0.3 MP Rear Camera,,800 mAh,1.8 inches (4.57 cm) | TFT,,"₹1,049"
Cellecor E10,,,0.8 MP Rear Camera,,2750 mAh,2.4 inches (6.1 cm) | TFT,,"₹1,249"
Cellecor E6 Plus,,,0.8 MP Rear Camera,,2750 mAh,1.8 inches (4.57 cm) | TFT,,"₹1,199"
Cellecor E9,,,,,1000 mAh,1.8 inches (4.57 cm) | TFT,,₹899
Nokia C21 Plus,Unisoc SC9863A,3 GB RAM | 32 GB Storage,13 MP + 2 MP Rear Camera,5 MP Front Camera,5050 mAh | 10W,6.5 inches (16.51 cm) | IPS LCD,AnTuTu Score 0,"₹11,999"
Cellecor E8,,,0.8 MP Rear Camera,,2750 mAh,2.4 inches (6.1 cm) | TFT,,"₹1,249"
Cellecor A30 Plus,,,0.8 MP Rear Camera,,2750 mAh,2.4 inches (6.1 cm) | TFT,,"₹1,199"
Cellecor E4,,,0.8 MP Rear Camera,,2750 mAh,1.8 inches (4.57 cm) | TFT,,"₹1,157"
vivo Y15c 64GB,MediaTek Helio P35,3 GB RAM | 64 GB Storage,13 MP + 2 MP Rear Camera,8 MP Front Camera,5000 mAh | 10W,6.51 inches (16.54 cm) | IPS LCD,,"₹10,999"
Cellecor E3,,,0.8 MP Rear Camera,,1000 mAh,1.8 inches (4.57 cm) | TFT,,"₹1,002"
Kechao K99 2022,,,0.3 MP Rear Camera,,2500 mAh,1.8 inches (4.57 cm) | TFT,,₹990
Kechao K105 2022,,,0.3 MP Rear Camera,,2500 mAh,2.4 inches (6.1 cm) | TFT,,"₹1,099"
Kechao K116 New,,,1.3 MP Rear Camera,,400 mAh,1.8 inches (4.57 cm) | TFT,,"₹1,085"
Kechao K16 New,,,0.3 MP Rear Camera,,2500 mAh,2.4 inches (6.1 cm) | TFT,,₹990
Snexian Bold 1K,,,0.3 MP Rear Camera,,850 mAh,1.44 inches (3.66 cm) | TFT,,₹682
iAir D25,,,0.3 MP Rear Camera,,1200 mAh,1.7 inches (4.32 cm) | TFT,,"₹1,649"
MTR Cool,,,0.8 MP Rear Camera,,1100 mAh,1.77 inches (4.5 cm) | TFT,,₹749
MTR M5,,,0.3 MP Rear Camera,,1100 mAh,1.44 inches (3.66 cm) | TFT,,"₹1,020"
Snexian Rock R3,,,0.3 MP Rear Camera,,3000 mAh,2.8 inches (7.11 cm) | TFT,,₹578
Telefono T1 Curve,,,0.3 MP Rear Camera,,1000 mAh,1.8 inches (4.57 cm) | TFT,,₹658
KXD M22,,,0.3 MP Rear Camera,,2500 mAh,2.4 inches (6.1 cm) | TFT,,"₹1,523"
MU Phone M5,,,2 MP Rear Camera,,2500 mAh,1.8 inches (4.57 cm) | TFT,,"₹1,451"
Infinix Note 12 128GB,MediaTek Helio G88,6 GB RAM | 128 GB Storage,50 MP + 2 MP Rear Camera,16 MP Front Camera,5000 mAh | 33W Fast Charging,6.7 inches (17.02 cm) | AMOLED,,"₹12,999"
Infinix Note 12 Turbo,MediaTek Helio G96,8 GB RAM | 128 GB Storage,50 MP + 2 MP Rear Camera,16 MP Front Camera,5000 mAh | 33W Fast Charging,6.7 inches (17.02 cm) | AMOLED,"AnTuTu Score 349,257","₹14,999"
realme Narzo 50 Pro 5G 8GB RAM,MediaTek Dimensity 920,8 GB RAM | 128 GB Storage,48 MP + 8 MP + 2 MP Rear Camera,16 MP Front Camera,5000 mAh | 33W Dart Charging,6.4 inches (16.26 cm) | Super AMOLED,"AnTuTu Score 505,479","₹23,999"
realme Narzo 50 5G 128GB,MediaTek Dimensity 810,4 GB RAM | 128 GB Storage,48 MP + 2 MP Rear Camera,8 MP Front Camera,5000 mAh | 33W Dart Charging,6.6 inches (16.76 cm) | IPS LCD,"AnTuTu Score 388,714","₹12,970"
realme Narzo 50 5G 6GB RAM,MediaTek Dimensity 810,6 GB RAM | 128 GB Storage,48 MP + 2 MP Rear Camera,8 MP Front Camera,5000 mAh | 33W Dart Charging,6.6 inches (16.76 cm) | IPS LCD,AnTuTu Score 0,"₹19,999"
Xiaomi Redmi 10 Power,Snapdragon 680,8 GB RAM | 128 GB Storage,50 MP + 2 MP Rear Camera,5 MP Front Camera,6000 mAh | 18W Fast Charging,6.71 inches (17.04 cm) | IPS LCD,,"₹10,995"
OTHO OT195,,,3 MP Rear Camera,,2500 mAh,1.8 inches (4.57 cm) | TFT,,₹882
vivo T1 44W 8GB RAM,Snapdragon 680,8 GB RAM | 128 GB Storage,50 MP + 2 MP + 2 MP Rear Camera,16 MP Front Camera,5000 mAh | 44W Flash Charging,6.44 inches (16.36 cm) | AMOLED,"AnTuTu Score 285,476","₹17,999"
Itel it2175,,,0.3 MP Rear Camera,,1200 mAh,1.8 inches (4.57 cm) | TFT,,"₹1,099"
I Kall K40 2022,,,0.3 MP Rear Camera,,2500 mAh,1.8 inches (4.57 cm) | TFT,,₹699
Itel Ace Star,,4 MB RAM | 4 MB Storage,,,1000 mAh,1.8 inches (4.57 cm) | TFT,,₹999
realme GT 2 5G 256GB,Snapdragon 888,12 GB RAM | 256 GB Storage,50 MP + 8 MP + 2 MP Rear Camera,16 MP Front Camera,5000 mAh | 65W Super Dart Charging,6.62 inches (16.81 cm) | AMOLED,"AnTuTu Score 812,162","₹28,999"
Nokia 105 Plus Dual SIM,,4 MB RAM | 4 MB Storage,,,1000 mAh,1.77 inches (4.5 cm) | TFT,,"₹1,223"
realme Narzo 50A Prime 128GB,Unisoc T612,4 GB RAM | 128 GB Storage,50 MP + 2 MP + 0.3 MP Rear Camera,8 MP Front Camera,5000 mAh | 18W Quick Charging,6.6 inches (16.76 cm) | IPS LCD,"AnTuTu Score 219,145","₹11,499"
Xiaomi Redmi 10A 64GB,MediaTek Helio G25,4 GB RAM | 64 GB Storage,13 MP Rear Camera,5 MP Front Camera,5000 mAh | 10W,6.53 inches (16.59 cm) | IPS LCD,AnTuTu Score 0,"₹8,563"
Infinix Hot 11 2022,Unisoc T610,4 GB RAM | 64 GB Storage,13 MP + 2 MP Rear Camera,8 MP Front Camera,5000 mAh | 10W,6.7 inches (17.02 cm) | IPS LCD,"AnTuTu Score 192,063","₹9,999"
Ringme P40 Pro,,2 GB RAM | 32 GB Storage,8 MP Rear Camera,5 MP Front Camera,3000 mAh,6.5 inches (16.51 cm) | IPS LCD,,"₹4,699"
Ringme 2153,,,0.3 MP Rear Camera,,1000 mAh,1.7 inches (4.32 cm) | TFT,,₹600
Ringme 2183,,,0.3 MP Rear Camera,,1000 mAh,1.7 inches (4.32 cm) | TFT,,₹690
iAir D23,,,0.8 MP Rear Camera,,1200 mAh,1.7 inches (4.32 cm) | TFT,,₹717
Snexian GURU 310,,,1.3 MP Rear Camera,,1000 mAh,1.8 inches (4.57 cm) | TFT,,₹441
Kechao K55 Pro,,,1.3 MP Rear Camera,,400 mAh,1.8 inches (4.57 cm) | TFT,,"₹1,099"
Snexian Bold 600,,,1.3 MP Rear Camera,,3000 mAh,2.4 inches (6.1 cm) | TFT,,"₹1,099"
Snexian Guru 2163,,,1 MP Rear Camera,,850 mAh,1.77 inches (4.5 cm) | TFT,,₹499
iAir D40,,,0.8 MP Rear Camera,,1200 mAh,2.0 inches (5.08 cm) | TFT,,₹745
iAir D41,,,0.8 MP Rear Camera,,1200 mAh,2.0 inches (5.08 cm) | TFT,,₹749
Good One Air,,,2 MP Rear Camera,,2500 mAh,2.4 inches (6.1 cm) | TFT,,"₹1,099"
Cellecor E1,,,0.8 MP Rear Camera,,1000 mAh,1.8 inches (4.57 cm) | TFT,,"₹1,100"
Snexian Bold Tri,,32 MB RAM | 32 MB Storage,0.3 MP Rear Camera,,2500 mAh,2.8 inches (7.11 cm) | TFT,,₹850
Xiaomi Redmi 10 128GB,Snapdragon 680,6 GB RAM | 128 GB Storage,50 MP + 2 MP Rear Camera,5 MP Front Camera,6000 mAh | 18W Fast Charging,6.7 inches (17.02 cm) | IPS LCD,AnTuTu Score 0,"₹10,999"
Itel Vision 3,Unisoc SC9863A,3 GB RAM | 64 GB Storage,8 MP + 0.08 MP Rear Camera,5 MP Front Camera,5000 mAh | 18W Fast Charging,6.6 inches (16.76 cm) | IPS LCD,,"₹5,790"
iQOO Z6 5G 6GB RAM,Snapdragon 695,6 GB RAM | 128 GB Storage,50 MP + 2 MP + 2 MP Rear Camera,16 MP Front Camera,5000 mAh | 18W Fast Charging,6.58 inches (16.71 cm) | IPS LCD,AnTuTu Score 0,"₹15,500"
iQOO Z6 5G 8GB RAM,Snapdragon 695,8 GB RAM | 128 GB Storage,50 MP + 2 MP + 2 MP Rear Camera,16 MP Front Camera,5000 mAh | 18W Fast Charging,6.58 inches (16.71 cm) | IPS LCD,AnTuTu Score 0,"₹17,999"
Lava A7 Star,,24 MB RAM | 32 MB Storage,0.3 MP Rear Camera,,1800 mAh,2.4 inches (6.1 cm) | TFT,,"₹1,849"
Snexian Bold 50,,,1.3 MP Rear Camera,,2500 mAh,1.8 inches (4.57 cm) | TFT,,₹655
Snexian Guru 107,,,1.3 MP Rear Camera,,1000 mAh,1.8 inches (4.57 cm) | TFT,,₹699
Itel A49,Unisoc SC9832E,2 GB RAM | 32 GB Storage,5 MP + 0.3 MP Rear Camera,5 MP Front Camera,4000 mAh,6.6 inches (16.76 cm) | IPS LCD,,"₹6,500"
Kechao K115 Pro,,,0.3 MP Rear Camera,,850 mAh,1.44 inches (3.66 cm) | TFT,,₹994
Apple iPhone SE 2022 128GB,Apple A15 Bionic,4 GB RAM | 128 GB Storage,12 MP Rear Camera,7 MP Front Camera,2018 mAh | 20W Fast Charging,4.7 inches (11.94 cm) | IPS LCD,"AnTuTu Score 762,983","₹52,600"
Apple iPhone SE 2022 256GB,Apple A15 Bionic,4 GB RAM | 256 GB Storage,12 MP Rear Camera,7 MP Front Camera,2018 mAh | 20W Fast Charging,4.7 inches (11.94 cm) | IPS LCD,"AnTuTu Score 762,983","₹62,600"
realme Narzo 50 128GB,MediaTek Helio G96,6 GB RAM | 128 GB Storage,50 MP + 2 MP + 2 MP Rear Camera,16 MP Front Camera,5000 mAh | 33W Dart Charging,6.6 inches (16.76 cm) | IPS LCD,"AnTuTu Score 348,006","₹12,999"
Kechao K77 Mini,,,0.3 MP Rear Camera,,2500 mAh,1.8 inches (4.57 cm) | TFT,,₹989
Samsung Galaxy S22 256GB,Snapdragon 8 Gen 1,8 GB RAM | 256 GB Storage,50 MP + 12 MP + 10 MP Rear Camera,10 MP Front Camera,3700 mAh | 25W Fast Charging,6.1 inches (15.49 cm) | Dynamic AMOLED 2x,"AnTuTu Score 842,080","₹68,001"
Samsung Galaxy A03 64GB,Unisoc T606,4 GB RAM | 64 GB Storage,48 MP + 2 MP Rear Camera,5 MP Front Camera,5000 mAh | 10W,6.5 inches (16.51 cm) | PLS TFT LCD,"AnTuTu Score 177,815","₹13,999"
POCO M4 Pro 5G 128GB,MediaTek Dimensity 810,6 GB RAM | 128 GB Storage,50 MP + 8 MP Rear Camera,16 MP Front Camera,5000 mAh | 33W Fast Charging,6.6 inches (16.76 cm) | IPS LCD,,"₹12,999"
MBO M30,,,3 MP Rear Camera,,3000 mAh,2.4 inches (6.1 cm) | TFT,,"₹1,200"
Xtouch F10,,32 MB RAM | 24 MB Storage,1.3 MP Rear Camera,,800 mAh,1.77 inches (4.5 cm) | TFT,,₹965
Xtouch F40,,32 MB RAM | 32 MB Storage,1.3 MP Rear Camera,,800 mAh,1.77 inches (4.5 cm) | TFT,,"₹1,957"
vivo T1 6GB RAM,Snapdragon 695,6 GB RAM | 128 GB Storage,50 MP + 2 MP + 2 MP Rear Camera,16 MP Front Camera,5000 mAh | 18W Fast Charging,6.58 inches (16.71 cm) | IPS LCD,"AnTuTu Score 409,989","₹16,990"
TMB T10,,32 MB RAM | 32 MB Storage,1.3 MP Rear Camera,,1050 mAh,1.8 inches (4.57 cm) | TFT,,₹997
TMB T9,,32 MB RAM | 64 MB Storage,1.3 MP Rear Camera,,2400 mAh,1.8 inches (4.57 cm) | TFT,,₹979
TMB T7,,32 MB RAM | 64 MB Storage,1.3 MP Rear Camera,,1050 mAh,1.8 inches (4.57 cm) | TFT,,₹999
TMB T8,,,1.3 MP Rear Camera,,1000 mAh,1.8 inches (4.57 cm) | TFT,,₹949
TMB T1,,,1.3 MP Rear Camera,,1050 mAh,1.8 inches (4.57 cm) | TFT,,₹995
Kechao K61,,32 MB RAM | 64 MB Storage,0.3 MP Rear Camera,,2500 mAh,2.8 inches (7.11 cm) | TFT,,"₹1,490"
Kechao K121,,32 MB RAM | 64 MB Storage,0.3 MP Rear Camera,,2500 mAh,2.4 inches (6.1 cm) | TFT,,"₹1,149"
Tork X7 Joy,,32 MB RAM | 32 MB Storage,,,1000 mAh,1.8 inches (4.57 cm) | TFT,,₹899
Infinix Note 11 128GB,MediaTek Helio G88,6 GB RAM | 128 GB Storage,50 MP + 2 MP Rear Camera,16 MP Front Camera,5000 mAh | 33W Fast Charging,6.7 inches (17.02 cm) | AMOLED,,"₹14,499"
Karbonn K9 Junior,,,3 MP Rear Camera,,1000 mAh,1.8 inches (4.57 cm) | TFT,,"₹1,155"
BlackZone Star,,3 GB RAM | 32 GB Storage,13 MP Rear Camera,8 MP Front Camera,5000 mAh,6.3 inches (16 cm) | IPS LCD,,"₹5,699"
Karbonn K31 Star,,,0.3 MP Rear Camera,,1800 mAh,2.4 inches (6.1 cm) | TFT,,"₹1,199"
Infinix Note 11S,MediaTek Helio G96,6 GB RAM | 64 GB Storage,50 MP + 2 MP + 2 MP Rear Camera,16 MP Front Camera,5000 mAh | 33W Fast Charging,6.95 inches (17.65 cm) | IPS LCD,"AnTuTu Score 333,474","₹13,999"
I Kall K99 2021,,32 MB RAM | 32 MB Storage,0.3 MP Rear Camera,,2500 mAh,2.4 inches (6.1 cm) | TFT,,"₹1,199"
MBO 5626,,,0.3 MP Rear Camera,,3000 mAh,1.8 inches (4.57 cm) | TFT,,₹961
Karbonn KX6,,,0.3 MP Rear Camera,,2500 mAh,1.8 inches (4.57 cm) | TFT,,"₹1,326"
Tork X1i,,,0.3 MP Rear Camera,,1000 mAh,1.8 inches (4.57 cm) | TFT,,₹949
Cellecor A30i,,,0.8 MP Rear Camera,,2000 mAh,2.4 inches (6.1 cm) | TFT,,"₹1,304"
Cellecor C60 Plus,,,0.3 MP Rear Camera,,2750 mAh,1.8 inches (4.57 cm) | TFT,,"₹1,199"
Lava A1500,,24 MB RAM | 32 MB Storage,0.3 MP Rear Camera,,1800 mAh,2.4 inches (6.1 cm) | TFT,,"₹1,829"
MBO M40,,,0.3 MP Rear Camera,,3000 mAh,2.4 inches (6.1 cm) | TFT,,"₹1,838"
iAir S19,,,0.8 MP Rear Camera,,2800 mAh,2.4 inches (6.1 cm) | TFT,,₹807
Intex Turbo 220 Plus,,,0.3 MP Rear Camera,,2500 mAh,2.4 inches (6.1 cm) | TFT,,"₹1,505"
Lava A3 Power,,,0.3 MP Rear Camera,,2575 mAh,1.8 inches (4.57 cm) | TFT,,"₹1,499"
Tork X11 Hero,,,,,1000 mAh,1.8 inches (4.57 cm) | TFT,,₹739
realme GT Neo 2 5G 256GB,Snapdragon 870,12 GB RAM | 256 GB Storage,64 MP + 8 MP + 2 MP Rear Camera,16 MP Front Camera,5000 mAh | 65W Super Dart Charging,6.62 inches (16.81 cm) | AMOLED,"AnTuTu Score 720,150","₹26,999"
i-smart i1 Infinity,,2 GB RAM | 16 GB Storage,5 MP Rear Camera,8 MP Front Camera,3000 mAh,5.5 inches (13.97 cm) | IPS LCD,,"₹4,899"
i-smart Bold,,2 GB RAM | 16 GB Storage,8 MP Rear Camera,5 MP Front Camera,3000 mAh,5.5 inches (13.97 cm) | TFT,,"₹4,349"
realme Narzo 50i 64GB,Unisoc SC9863A,4 GB RAM | 64 GB Storage,8 MP Rear Camera,5 MP Front Camera,5000 mAh | 10W,6.5 inches (16.51 cm) | IPS LCD,"AnTuTu Score 121,181","₹8,999"
iQOO Z5 5G 256GB,Snapdragon 778G,12 GB RAM | 256 GB Storage,64 MP + 8 MP + 2 MP Rear Camera,16 MP Front Camera,5000 mAh | 44W Flash Charging,6.67 inches (16.94 cm) | IPS LCD,"AnTuTu Score 557,775","₹31,990"
Xiaomi Redmi Note 10 Lite,Snapdragon 720G,4 GB RAM | 64 GB Storage,48 MP + 8 MP + 5 MP + 2 MP Rear Camera,16 MP Front Camera,5020 mAh | 18W Fast Charging,6.67 inches (16.94 cm) | IPS LCD,"AnTuTu Score 307,976","₹9,999"
Xiaomi Redmi Note 10 Lite 128GB,Snapdragon 720G,4 GB RAM | 128 GB Storage,48 MP + 8 MP + 5 MP + 2 MP Rear Camera,16 MP Front Camera,5020 mAh | 18W Fast Charging,6.67 inches (16.94 cm) | IPS LCD,"AnTuTu Score 307,976","₹10,999"
Xiaomi Redmi Note 10 Lite 6GB RAM,Snapdragon 720G,6 GB RAM | 128 GB Storage,48 MP + 8 MP + 5 MP + 2 MP Rear Camera,16 MP Front Camera,5020 mAh | 18W Fast Charging,6.67 inches (16.94 cm) | IPS LCD,"AnTuTu Score 307,976","₹10,899"
vivo X70 Pro 256GB,MediaTek Dimensity 1200,8 GB RAM | 256 GB Storage,50 MP + 12 MP + 12 MP + 8 MP Rear Camera,32 MP Front Camera,4450 mAh | 44W Flash Charging,6.56 inches (16.66 cm) | AMOLED,"AnTuTu Score 675,722","₹49,990"
vivo X70 Pro 12GB RAM,MediaTek Dimensity 1200,12 GB RAM | 256 GB Storage,50 MP + 12 MP + 12 MP + 8 MP Rear Camera,32 MP Front Camera,4450 mAh | 44W Flash Charging,6.56 inches (16.66 cm) | AMOLED,AnTuTu Score 0,"₹52,990"
MBO 5605,,,0.3 MP Rear Camera,,3000 mAh,1.8 inches (4.57 cm) | TFT,,₹744
BlackZone Prithvi,,,,,1100 mAh,1.44 inches (3.66 cm) | TFT,,₹892
Xiaomi Redmi 9A Sport,MediaTek Helio G25,2 GB RAM | 32 GB Storage,13 MP Rear Camera,5 MP Front Camera,5000 mAh | 10W,6.53 inches (16.59 cm) | IPS LCD,"AnTuTu Score 102,778","₹7,221"
Xiaomi Redmi 9A Sport 3GB RAM,MediaTek Helio G25,3 GB RAM | 32 GB Storage,13 MP Rear Camera,5 MP Front Camera,5000 mAh | 10W,6.53 inches (16.59 cm) | IPS LCD,"AnTuTu Score 102,778","₹7,268"
Micromax X708,,,0.3 MP Rear Camera,,1450 mAh,2.4 inches (6.1 cm) | TFT,,"₹1,434"
Kechao K113 2021,,,0.3 MP Rear Camera,,3000 mAh,2.8 inches (7.11 cm) | TFT,,"₹1,221"
iAir S50,,,0.8 MP Rear Camera,,2800 mAh,2.4 inches (6.1 cm) | TFT,,₹999
Xiaomi Redmi 9 Activ,MediaTek Helio G35,4 GB RAM | 64 GB Storage,13 MP + 2 MP Rear Camera,5 MP Front Camera,5000 mAh | 10W,6.53 inches (16.59 cm) | IPS LCD,"AnTuTu Score 203,078","₹8,999"
Infinix Hot 11S,MediaTek Helio G88,4 GB RAM | 64 GB Storage,50 MP + 2 MP Rear Camera,8 MP Front Camera,5000 mAh | 18W Fast Charging,6.78 inches (17.22 cm) | IPS LCD,"AnTuTu Score 176,856","₹10,999"
realme C25Y,Unisoc T610,4 GB RAM | 128 GB Storage,50 MP + 2 MP + 2 MP Rear Camera,8 MP Front Camera,5000 mAh | 18W Quick Charging,6.5 inches (16.51 cm) | IPS LCD,"AnTuTu Score 195,157","₹9,999"
Apple iPhone 13 Mini 512GB,Apple A15 Bionic,4 GB RAM | 512 GB Storage,12 MP + 12 MP Rear Camera,12 MP Front Camera,2406 mAh | 20W Fast Charging,5.4 inches (13.72 cm) | Super Retina XDR,"AnTuTu Score 776,629","₹94,900"
Apple iPhone 13 Pro 256GB,Apple A15 Bionic,6 GB RAM | 256 GB Storage,12 MP + 12 MP + 12 MP Rear Camera,12 MP Front Camera,3095 mAh | 20W Fast Charging,6.1 inches (15.49 cm) | Super Retina XDR,"AnTuTu Score 819,845","₹129,900"
Apple iPhone 13 Pro 1TB,Apple A15 Bionic,6 GB RAM | 1 TB Storage,12 MP + 12 MP + 12 MP Rear Camera,12 MP Front Camera,3095 mAh | 20W Fast Charging,6.1 inches (15.49 cm) | Super Retina XDR,"AnTuTu Score 819,845","₹169,900"
Apple iPhone 13 Pro Max 512GB,Apple A15 Bionic,6 GB RAM | 512 GB Storage,12 MP + 12 MP + 12 MP Rear Camera,12 MP Front Camera,4352 mAh | 20W Fast Charging,6.7 inches (17.02 cm) | Super Retina XDR,"AnTuTu Score 846,870","₹159,900"
Snexian Guru 312,,,0.3 MP Rear Camera,,800 mAh,1.8 inches (4.57 cm) | TFT,,₹565
Nokia C01 Plus,Unisoc SC9863A,2 GB RAM | 16 GB Storage,5 MP Rear Camera,5 MP Front Camera,3000 mAh,5.45 inches (13.84 cm) | IPS LCD,"AnTuTu Score 93,633","₹6,999"
realme 8s 5G 8GB RAM,MediaTek Dimensity 810,8 GB RAM | 128 GB Storage,64 MP + 2 MP + 2 MP Rear Camera,16 MP Front Camera,5000 mAh | 33W Dart Charging,6.5 inches (16.51 cm) | IPS LCD,"AnTuTu Score 385,942","₹19,999"
Samsung Galaxy A12 6GB RAM,MediaTek Helio P35,6 GB RAM | 128 GB Storage,48 MP + 5 MP + 2 MP + 2 MP Rear Camera,8 MP Front Camera,5000 mAh | 15W Fast Charging,6.5 inches (16.51 cm) | PLS TFT LCD,"AnTuTu Score 109,789","₹13,064"
Snexian Guru 5620,,,1 MP Rear Camera,,2500 mAh,1.8 inches (4.57 cm) | TFT,,₹705
Snexian Guru 2173,,,1.3 MP Rear Camera,,850 mAh,1.8 inches (4.57 cm) | TFT,,₹441
ANEE Marathon Plus,,,4 MP Rear Camera,,2400 mAh,2.4 inches (6.1 cm) | TFT,,"₹1,382"
realme GT Master Edition 5G 8GB RAM,Snapdragon 778G,8 GB RAM | 128 GB Storage,64 MP + 8 MP + 2 MP Rear Camera,32 MP Front Camera,4300 mAh | 65W Super Dart Charging,6.43 inches (16.33 cm) | Super AMOLED,"AnTuTu Score 539,766","₹23,999"
realme GT 5G 256GB,Snapdragon 888,12 GB RAM | 256 GB Storage,64 MP + 8 MP + 2 MP Rear Camera,16 MP Front Camera,4500 mAh | 65W Super Dart Charging,6.43 inches (16.33 cm) | Super AMOLED,"AnTuTu Score 825,131","₹27,999"
Samsung Galaxy Z Fold 3 512GB,Snapdragon 888,12 GB RAM | 512 GB Storage,12 MP + 12 MP + 12 MP Rear Camera,10 MP + 4 MP Front Camera,4400 mAh | 25W Fast Charging,7.6 inches (19.3 cm) | Dynamic AMOLED (Main Display),"AnTuTu Score 752,498","₹179,999"
realme Narzo 30 5G 64GB,MediaTek Dimensity 700,4 GB RAM | 64 GB Storage,48 MP + 2 MP + 2 MP Rear Camera,16 MP Front Camera,5000 mAh | 18W Quick Charging,6.5 inches (16.51 cm) | IPS LCD,"AnTuTu Score 304,710","₹15,999"
Lava A1 Super 21,,,0.3 MP Rear Camera,,800 mAh,1.77 inches (4.5 cm) | TFT,,"₹1,340"
Tork XS,,,1.3 MP + 1.2 MP Rear Camera,,1000 mAh,2.0 inches (5.08 cm) | TFT,,₹799
Samsung Galaxy A12 Exynos 850,Samsung Exynos 8 Octa 850,4 GB RAM | 64 GB Storage,48 MP + 5 MP + 2 MP + 2 MP Rear Camera,8 MP Front Camera,5000 mAh | 15W Fast Charging,6.5 inches (16.51 cm) | PLS TFT LCD,,"₹13,468"
Samsung Galaxy A12 Exynos 850 128GB,Samsung Exynos 8 Octa 850,6 GB RAM | 128 GB Storage,48 MP + 5 MP + 2 MP + 2 MP Rear Camera,8 MP Front Camera,5000 mAh | 15W Fast Charging,6.5 inches (16.51 cm) | PLS TFT LCD,,"₹15,999"
Kechao K70 New,,,1.3 MP Rear Camera,,2500 mAh,3.5 inches (8.89 cm) | TFT,,"₹1,549"
Kechao K56 New,,,0.3 MP Rear Camera,,1400 mAh,2.8 inches (7.11 cm) | TFT,,"₹1,267"
Kechao K30 New,,,0.3 MP Rear Camera,,800 mAh,1.54 inches (3.91 cm) | TFT,,"₹1,165"
Nokia C20 Plus,Unisoc SC9863A,2 GB RAM | 32 GB Storage,8 MP + 2 MP Rear Camera,5 MP Front Camera,4950 mAh | 10W,6.5 inches (16.51 cm) | IPS LCD,"AnTuTu Score 96,683","₹10,499"
Infinix Smart 5A,MediaTek Helio A20,2 GB RAM | 32 GB Storage,8 MP Rear Camera,8 MP Front Camera,5000 mAh | 10W,6.52 inches (16.56 cm) | IPS LCD,"AnTuTu Score 72,320","₹7,199"
Micromax IN 2B 6GB RAM,Unisoc T610,6 GB RAM | 64 GB Storage,13 MP + 2 MP Rear Camera,5 MP Front Camera,5000 mAh | 10W,6.52 inches (16.56 cm) | IPS LCD,AnTuTu Score 0,"₹9,999"
realme Narzo 30 6GB RAM,MediaTek Helio G95,6 GB RAM | 64 GB Storage,48 MP + 2 MP + 2 MP Rear Camera,16 MP Front Camera,5000 mAh | 30W Dart Charging,6.5 inches (16.51 cm) | IPS LCD,"AnTuTu Score 305,495","₹11,999"
vivo Y12G,Snapdragon 439,3 GB RAM | 32 GB Storage,13 MP + 2 MP Rear Camera,8 MP Front Camera,5000 mAh,6.51 inches (16.54 cm) | IPS LCD,,"₹10,982"
Forme Mini 2,,,0.3 MP Rear Camera,,1800 mAh,2.4 inches (6.1 cm) | TFT,,"₹1,120"
I Kall K570,,4 GB RAM | 64 GB Storage,13 MP Rear Camera,8 MP Front Camera,4000 mAh,6.5 inches (16.51 cm) | IPS LCD,,"₹6,499"
OnePlus Nord 2 8GB RAM,MediaTek Dimensity 1200,8 GB RAM | 128 GB Storage,50 MP + 8 MP + 2 MP Rear Camera,32 MP Front Camera,4500 mAh | 65W Warp Charging,6.43 inches (16.33 cm) | Fluid AMOLED,"AnTuTu Score 541,522","₹25,999"
I Kall K20 2021,,,0.3 MP Rear Camera,,2500 mAh,1.8 inches (4.57 cm) | TFT,,₹931
I Kall K24 2021,,,0.3 MP Rear Camera,,2500 mAh,2.4 inches (6.1 cm) | TFT,,"₹1,052"
POCO F3 GT 8GB RAM,MediaTek Dimensity 1200,8 GB RAM | 128 GB Storage,64 MP + 8 MP + 2 MP Rear Camera,16 MP Front Camera,5065 mAh | 67W Sonic Charging,6.67 inches (16.94 cm) | AMOLED,"AnTuTu Score 538,911","₹28,999"
Infinix Hot 10 Play 3GB RAM,MediaTek Helio G35,3 GB RAM | 32 GB Storage,13 MP + 0.08 MP Rear Camera,8 MP Front Camera,6000 mAh | 10W,6.82 inches (17.32 cm) | IPS LCD,"AnTuTu Score 103,809","₹8,299"
Forme R9,,,0.3 MP Rear Camera,,1800 mAh,1.8 inches (4.57 cm) | TFT,,₹899
POCO M3 4GB RAM,Snapdragon 662,4 GB RAM | 64 GB Storage,48 MP + 2 MP + 2 MP Rear Camera,8 MP Front Camera,6000 mAh | 18W Fast Charging,6.53 inches (16.59 cm) | IPS LCD,"AnTuTu Score 178,246","₹10,999"
Kechao K120,,,1.3 MP Rear Camera,,2500 mAh,2.8 inches (7.11 cm) | TFT,,"₹1,150"
DIZO Star 300,Spreadtrum SC6531E,32 MB RAM | 32 MB Storage,0.08 MP Rear Camera,,2550 mAh,1.77 inches (4.5 cm) | TFT,,₹999
realme Narzo 30 5G,MediaTek Dimensity 700,6 GB RAM | 128 GB Storage,48 MP + 2 MP + 2 MP Rear Camera,16 MP Front Camera,5000 mAh | 18W Quick Charging,6.5 inches (16.51 cm) | IPS LCD,"AnTuTu Score 304,710","₹16,990"
Mafe Atom Plus,,,0.3 MP Rear Camera,,2400 mAh,1.8 inches (4.57 cm) | TFT,,"₹1,049"
realme Narzo 30 128GB,MediaTek Helio G95,6 GB RAM | 128 GB Storage,48 MP + 2 MP + 2 MP Rear Camera,16 MP Front Camera,5000 mAh | 30W Dart Charging,6.5 inches (16.51 cm) | IPS LCD,"AnTuTu Score 305,495","₹10,999"
Hotline H6700,,,0.3 MP Rear Camera,,1000 mAh,1.8 inches (4.57 cm) | TFT,,₹548
iAir D19,,,0.8 MP Rear Camera,,1200 mAh,1.77 inches (4.5 cm) | TFT,,₹699
iAir D17,,,,,1200 mAh,1.77 inches (4.5 cm) | TFT,,₹685
Karbonn K9 Max,,,2 MP Rear Camera,,2500 mAh,2.6 inches (6.6 cm) | TFT,,"₹1,425"
Karbonn X21,Unisoc SC9863,2 GB RAM | 32 GB Storage,8 MP Rear Camera,5 MP Front Camera,3000 mAh,5.45 inches (13.84 cm) | IPS LCD,,"₹6,990"
vivo Y1s 3GB RAM,MediaTek Helio P35,3 GB RAM | 32 GB Storage,13 MP Rear Camera,5 MP Front Camera,4030 mAh,6.22 inches (15.8 cm) | IPS LCD,,"₹9,274"
Infinix Note 10 Pro,MediaTek Helio G95,8 GB RAM | 256 GB Storage,64 MP + 8 MP + 2 MP + 2 MP Rear Camera,16 MP Front Camera,5000 mAh | 33W Fast Charging,6.95 inches (17.65 cm) | IPS LCD,"AnTuTu Score 312,940","₹16,999"
Infinix Note 10 128GB,MediaTek Helio G85,6 GB RAM | 128 GB Storage,48 MP + 2 MP + 2 MP Rear Camera,16 MP Front Camera,5000 mAh | 18W Fast Charging,6.95 inches (17.65 cm) | IPS LCD,"AnTuTu Score 204,003","₹12,499"
realme C11 2021 64GB,Unisoc SC9863A,4 GB RAM | 64 GB Storage,8 MP Rear Camera,5 MP Front Camera,5000 mAh | 10W,6.5 inches (16.51 cm) | IPS LCD,"AnTuTu Score 105,251","₹7,190"
TMB A7,,,0.3 MP Rear Camera,,1050 mAh,2.4 inches (6.1 cm) | TFT,,₹899
TMB T3,,,0.3 MP Rear Camera,,1050 mAh,1.8 inches (4.57 cm) | TFT,,"₹1,049"
TMB A2,,,0.3 MP Rear Camera,,2400 mAh,2.4 inches (6.1 cm) | TFT,,"₹1,398"
TMB T2i,,,0.3 MP Rear Camera,,1050 mAh,1.8 inches (4.57 cm) | TFT,,"₹1,049"
Kechao K06,,,1.3 MP Rear Camera,,1000 mAh,1.8 inches (4.57 cm) | TFT,,"₹1,149"
Kechao K66 The Music House 4,,,1.3 MP Rear Camera,,400 mAh,1.8 inches (4.57 cm) | TFT,,"₹1,097"
Itel A23 Pro,Unisoc SC9832E,1 GB RAM | 8 GB Storage,2 MP Rear Camera,0.3 MP Front Camera,2400 mAh,5.0 inches (12.7 cm) | TFT,,"₹4,499"
Infinix Hot 10S 6GB RAM,MediaTek Helio G85,6 GB RAM | 64 GB Storage,48 MP + 2 MP Rear Camera,8 MP Front Camera,6000 mAh | 10W,6.82 inches (17.32 cm) | IPS LCD,AnTuTu Score 0,"₹10,999"
realme 8 5G 64GB,MediaTek Dimensity 700,4 GB RAM | 64 GB Storage,48 MP + 2 MP + 2 MP Rear Camera,16 MP Front Camera,5000 mAh | 18W Quick Charging,6.5 inches (16.51 cm) | IPS LCD,"AnTuTu Score 354,859","₹15,499"
iQOO 7 256GB,Snapdragon 870,8 GB RAM | 256 GB Storage,48 MP + 13 MP + 2 MP Rear Camera,16 MP Front Camera,4400 mAh | 66W Flash Charging,6.62 inches (16.81 cm) | AMOLED,"AnTuTu Score 632,841","₹25,499"
Cellecor R50,,,1 MP Rear Camera,,2750 mAh,2.4 inches (6.1 cm) | TFT,,"₹1,249"
Cellecor A5,,,1 MP Rear Camera,,2750 mAh,1.8 inches (4.57 cm) | TFT,,"₹1,249"
Kechao K1 2021,,,1.3 MP Rear Camera,,2600 mAh,2.8 inches (7.11 cm) | TFT,,"₹1,399"
Micromax X389,,,0.3 MP Rear Camera,,1000 mAh,1.77 inches (4.5 cm) | TFT,,"₹1,990"
Samsung Galaxy M42 5G,Snapdragon 750G,6 GB RAM | 128 GB Storage,48 MP + 8 MP + 5 MP + 5 MP Rear Camera,20 MP Front Camera,5000 mAh | 15W Fast Charging,6.6 inches (16.76 cm) | Super AMOLED,"AnTuTu Score 234,617","₹21,450"
vivo V21 5G 256GB,MediaTek Dimensity 800U,8 GB RAM | 256 GB Storage,64 MP + 8 MP + 2 MP Rear Camera,44 MP Front Camera,4000 mAh | 33W Flash Charging,6.44 inches (16.36 cm) | AMOLED,"AnTuTu Score 311,308","₹30,982"
iAir Y57,,,0.3 MP Rear Camera,,2800 mAh,2.8 inches (7.11 cm) | TFT,,"₹1,111"
iAir Y56,,,0.3 MP Rear Camera,,2800 mAh,2.8 inches (7.11 cm) | TFT,,₹999
realme C25,MediaTek Helio G70,4 GB RAM | 64 GB Storage,13 MP + 2 MP + 2 MP Rear Camera,8 MP Front Camera,6000 mAh | 18W Quick Charging,6.5 inches (16.51 cm) | IPS LCD,"AnTuTu Score 195,041","₹10,999"
iAir D20,,,0.8 MP Rear Camera,,1200 mAh,1.77 inches (4.5 cm) | TFT,,₹790
Mafe X2,,,0.3 MP Rear Camera,,1050 mAh,1.8 inches (4.57 cm) | TFT,,₹999
iAir D15,,,0.8 MP Rear Camera,,2800 mAh,1.77 inches (4.5 cm) | TFT,,₹717
iAir D51,,,0.8 MP Rear Camera,,2800 mAh,1.77 inches (4.5 cm) | TFT,,₹799
iAir S12,,,0.8 MP Rear Camera,,2800 mAh,2.4 inches (6.1 cm) | TFT,,₹898
Itel it5626,,,0.3 MP Rear Camera,,2500 mAh,2.8 inches (7.11 cm) | TFT,,"₹1,999"
Micromax X418,,,0.3 MP Rear Camera,,2500 mAh,1.77 inches (4.5 cm) | TFT,,"₹1,849"
Black Bear B5 Hero,,,1.3 MP Rear Camera,,2200 mAh,1.8 inches (4.57 cm) | TFT,,₹999
Tork X7,,,0.3 MP Rear Camera,,1000 mAh,1.8 inches (4.57 cm) | TFT,,₹898
Samsung Galaxy F02s 64GB,Snapdragon 450,4 GB RAM | 64 GB Storage,13 MP + 2 MP + 2 MP Rear Camera,5 MP Front Camera,5000 mAh | 15W Fast Charging,6.5 inches (16.51 cm) | PLS TFT LCD,,"₹11,499"
Micromax IN 1 128GB,MediaTek Helio G80,6 GB RAM | 128 GB Storage,48 MP + 2 MP + 2 MP Rear Camera,8 MP Front Camera,5000 mAh | 18W Fast Charging,6.67 inches (16.94 cm) | IPS LCD,"AnTuTu Score 192,373","₹16,499"
realme 8 Pro 8GB RAM,Snapdragon 720G,8 GB RAM | 128 GB Storage,108 MP + 8 MP + 2 MP + 2 MP Rear Camera,16 MP Front Camera,4500 mAh | 50W Super Dart Charging,6.4 inches (16.26 cm) | Super AMOLED,"AnTuTu Score 286,454","₹19,999"
Samsung Galaxy A52 8GB RAM,Snapdragon 720G,8 GB RAM | 128 GB Storage,64 MP + 12 MP + 5 MP + 5 MP Rear Camera,32 MP Front Camera,4500 mAh | 25W Fast Charging,6.5 inches (16.51 cm) | Super AMOLED,AnTuTu Score 0,"₹31,999"
Xiaomi Redmi Note 10 Pro 8GB RAM,Snapdragon 732G,8 GB RAM | 128 GB Storage,64 MP + 8 MP + 5 MP + 2 MP Rear Camera,16 MP Front Camera,5020 mAh | 33W Fast Charging,6.67 inches (16.94 cm) | Super AMOLED,"AnTuTu Score 331,961","₹13,999"
I Kall K105,,,,,1000 mAh,1.8 inches (4.57 cm) | TFT,,"₹1,352"
I Kall K78,,,,,1000 mAh,1.8 inches (4.57 cm) | TFT,,"₹1,352"
Asus ROG Phone 5 256GB,Snapdragon 888,12 GB RAM | 256 GB Storage,64 MP + 13 MP + 5 MP Rear Camera,24 MP Front Camera,6000 mAh | 65W Hyper Charging,6.78 inches (17.22 cm) | AMOLED,"AnTuTu Score 722,427","₹63,999"
MU Phone M5000,,,1.3 MP Rear Camera,,2500 mAh,2.8 inches (7.11 cm) | TFT,,"₹1,179"
Kechao K300,,,0.3 MP Rear Camera,,800 mAh,1.3 inches (3.3 cm) | TFT,,₹995
Kechao K85,,,0.3 MP Rear Camera,,1000 mAh,1.8 inches (4.57 cm) | TFT,,"₹1,212"
realme Narzo 30A 64GB,MediaTek Helio G85,4 GB RAM | 64 GB Storage,13 MP + 2 MP Rear Camera,8 MP Front Camera,6000 mAh | 18W Fast Charging,6.5 inches (16.51 cm) | IPS LCD,"AnTuTu Score 202,855","₹10,999"
ANEE Knight,,,1 MP Rear Camera,,2000 mAh,2.4 inches (6.1 cm) | TFT,,"₹1,382"
i-smart i1 Supreme,,2 GB RAM | 32 GB Storage,8 MP Rear Camera,5 MP Front Camera,3000 mAh,6.26 inches (15.9 cm) | IPS LCD,,"₹4,699"
Tork T02,,,0.3 MP Rear Camera,,2500 mAh,2.4 inches (6.1 cm) | TFT,,₹943
Lava BeU,Unisoc SC9863A,2 GB RAM | 32 GB Storage,13 MP + 2 MP Rear Camera,8 MP Front Camera,4060 mAh,6.08 inches (15.44 cm) | IPS LCD,,"₹7,777"
Samsung Galaxy M02,MediaTek MT6739,2 GB RAM | 32 GB Storage,13 MP + 2 MP Rear Camera,5 MP Front Camera,5000 mAh,6.5 inches (16.51 cm) | PLS TFT LCD,,"₹7,365"
realme X7 8GB RAM,MediaTek Dimensity 800U,8 GB RAM | 128 GB Storage,64 MP + 8 MP + 2 MP Rear Camera,16 MP Front Camera,4310 mAh | 50W Super Dart Charging,6.4 inches (16.26 cm) | Super AMOLED,"AnTuTu Score 335,217","₹23,999"
Itel Vision 1 Pro,,2 GB RAM | 32 GB Storage,8 MP + 0.3 MP + 0.3 MP Rear Camera,5 MP Front Camera,4000 mAh,6.52 inches (16.56 cm) | IPS LCD,,"₹6,499"
Tork X11,,,0.3 MP Rear Camera,,1000 mAh,1.44 inches (3.66 cm) | TFT,,₹895
vivo Y20G 64GB,MediaTek Helio G80,4 GB RAM | 64 GB Storage,13 MP + 2 MP + 2 MP Rear Camera,8 MP Front Camera,5000 mAh | 18W Fast Charging,6.51 inches (16.54 cm) | IPS LCD,"AnTuTu Score 230,127","₹13,982"
realme C12 64GB,MediaTek Helio G35,4 GB RAM | 64 GB Storage,13 MP + 2 MP + 2 MP Rear Camera,5 MP Front Camera,6000 mAh | 10W,6.52 inches (16.56 cm) | IPS LCD,"AnTuTu Score 108,184","₹9,999"
Tecno Camon 16 Premier,MediaTek Helio G90T,8 GB RAM | 128 GB Storage,64 MP + 8 MP + 2 MP + 2 MP Rear Camera,48 MP + 8 MP Front Camera,4500 mAh | 18W Flash Charging,6.85 inches (17.4 cm) | IPS LCD,,"₹19,999"
Tork Max 1,,,0.3 MP Rear Camera,,2500 mAh,2.8 inches (7.11 cm) | TFT,,"₹1,297"
Lava Z2,MediaTek Helio G35,2 GB RAM | 32 GB Storage,13 MP + 2 MP Rear Camera,8 MP Front Camera,5000 mAh,6.51 inches (16.54 cm) | IPS LCD,,"₹8,499"
Lava Z4,MediaTek Helio G35,4 GB RAM | 64 GB Storage,13 MP + 5 MP + 2 MP Rear Camera,16 MP Front Camera,5000 mAh,6.51 inches (16.54 cm) | IPS LCD,"AnTuTu Score 107,310","₹9,999"
Xiaomi Mi 10i,Snapdragon 750G,6 GB RAM | 64 GB Storage,108 MP + 8 MP + 2 MP + 2 MP Rear Camera,16 MP Front Camera,4820 mAh | 33W Fast Charging,6.67 inches (16.94 cm) | IPS LCD,"AnTuTu Score 328,730","₹20,990"
iAir D10,,,0.3 MP Rear Camera,,1800 mAh,1.77 inches (4.5 cm) | TFT,,₹735
iAir D1,,,0.3 MP Rear Camera,,1200 mAh,1.8 inches (4.57 cm) | TFT,,₹699
vivo Y20A,Snapdragon 439,3 GB RAM | 64 GB Storage,13 MP + 2 MP + 2 MP Rear Camera,8 MP Front Camera,5000 mAh | 10W,6.51 inches (16.54 cm) | IPS LCD,,"₹12,509"
Tork T01,,,0.3 MP Rear Camera,,2800 mAh,2.4 inches (6.1 cm) | TFT,,₹999
Tork X3 Plus,,,0.3 MP Rear Camera,,1000 mAh,1.8 inches (4.57 cm) | TFT,,₹846
iAir S7,,,0.3 MP Rear Camera,,2800 mAh,2.4 inches (6.1 cm) | TFT,,₹803
vivo V20 2021,Snapdragon 730,8 GB RAM | 128 GB Storage,64 MP + 8 MP + 2 MP Rear Camera,44 MP Front Camera,4000 mAh | 33W Flash Charging,6.44 inches (16.36 cm) | AMOLED,,"₹22,999"
Kechao K22,,,0.3 MP Rear Camera,,1000 mAh,1.8 inches (4.57 cm) | TFT,,₹799
BlackZone Rafale,,,,,1000 mAh,1.77 inches (4.5 cm) | TFT,,₹767
Tork Hexa,,,1.3 MP Rear Camera,,2500 mAh,2.4 inches (6.1 cm) | TFT,,"₹1,299"
i-smart i1 Giant,,3 GB RAM | 32 GB Storage,8 MP Rear Camera,5 MP Front Camera,3500 mAh,6.4 inches (16.26 cm) | IPS LCD,,"₹4,661"
Kechao K106,,,0.3 MP Rear Camera,,1800 mAh,2.8 inches (7.11 cm) | TFT,,"₹1,499"
Kechao K200,,,0.3 MP Rear Camera,,400 mAh,1.3 inches (3.3 cm) | TFT,,₹999
Kechao K108,,,1.3 MP Rear Camera,,6000 mAh,3.5 inches (8.89 cm) | TFT,,"₹1,732"
Energizer Hardcase E100,,,0.3 MP Rear Camera,,1500 mAh,2.4 inches (6.1 cm) | TFT,,₹764
i-smart i1 Thunder,,2 GB RAM | 32 GB Storage,8 MP Rear Camera,5 MP Front Camera,3000 mAh,6.26 inches (15.9 cm) | IPS LCD,,"₹4,899"
Tork Max 2,,,0.3 MP Rear Camera,,2500 mAh,2.8 inches (7.11 cm) | TFT,,"₹1,238"
vivo Y30 6GB RAM,MediaTek Helio P35,6 GB RAM | 128 GB Storage,13 + 8 MP + 2 MP + 2 MP Rear Camera,8 MP Front Camera,5000 mAh,6.47 inches (16.43 cm) | IPS LCD,,"₹18,990"
Nokia 2.4,MediaTek Helio P22,3 GB RAM | 64 GB Storage,13 MP + 2 MP Rear Camera,5 MP Front Camera,4500 mAh,6.5 inches (16.51 cm) | IPS LCD,AnTuTu Score 0,"₹11,499"
Gfive WP89 New,,,0.3 MP Rear Camera,,1050 mAh,2.4 inches (6.1 cm) | TFT,,₹640
Lava Pulse 1,,,0.3 MP Rear Camera,,1800 mAh,2.4 inches (6.1 cm) | TFT,,"₹1,590"
Micromax IN 1B 64GB,MediaTek Helio G35,4 GB RAM | 64 GB Storage,13 MP + 2 MP Rear Camera,8 MP Front Camera,5000 mAh | 10W,6.52 inches (16.56 cm) | IPS LCD,"AnTuTu Score 106,210","₹10,499"
Itel it2192T,,,0.3 MP Rear Camera,,1000 mAh,1.8 inches (4.57 cm) | TFT,,"₹1,144"
Itel Muzik 400 Core,,,0.3 MP Rear Camera,,1900 mAh,2.4 inches (6.1 cm) | TFT,,"₹1,439"
Itel Power 410,,,0.08 MP Rear Camera,,2500 mAh,2.4 inches (6.1 cm) | TFT,,"₹1,449"
Nokia 215 2020,Unisoc UMS9117,64 MB RAM | 128 MB Storage,,,1150 mAh,2.4 inches (6.1 cm) | TFT,,"₹2,890"
Itel A25 Pro,,2 GB RAM | 32 GB Storage,2 MP Rear Camera,2 MP Front Camera,3020 mAh,5.0 inches (12.7 cm) | IPS LCD,,"₹5,999"
Infinix Smart 4,MediaTek Helio A22,2 GB RAM | 32 GB Storage,13 MP Rear Camera,8 MP Front Camera,6000 mAh | 10W,6.82 inches (17.32 cm) | IPS LCD,,"₹8,999"
Apple iPhone 12 Pro Max 512GB,Apple A14 Bionic,6 GB RAM | 512 GB Storage,12 MP + 12 MP + 12 MP Rear Camera,12 MP Front Camera,3687 mAh | 20W Fast Charging,6.7 inches (17.02 cm) | Super Retina XDR,"AnTuTu Score 651,459","₹149,900"
i-smart IS-104 Power,,,0.3 MP Rear Camera,,2800 mAh,1.8 inches (4.57 cm) | TFT,,"₹1,199"
KXD M9,,,1.3 MP Rear Camera,,1000 mAh,1.77 inches (4.5 cm) | TFT,,₹899
MBO 310,,,0.3 MP Rear Camera,,1050 mAh,1.8 inches (4.57 cm) | TFT,,₹707
Infinix Hot 10 64GB,MediaTek Helio G70,4 GB RAM | 64 GB Storage,16 MP + 2 MP + 2 MP Rear Camera,8 MP Front Camera,5200 mAh,6.78 inches (17.22 cm) | IPS LCD,,"₹11,999"
realme C15 Qualcomm Edition,Snapdragon 460,3 GB RAM | 32 GB Storage,13 MP + 8 MP + 2 MP + 2 MP Rear Camera,8 MP Front Camera,6000 mAh | 18W Quick Charging,6.5 inches (16.51 cm) | IPS LCD,,"₹8,853"
Itel Magic 2,,,1.3 MP Rear Camera,,1200 mAh,2.4 inches (6.1 cm) | TFT,,"₹1,599"
iAir D12,,,0.3 MP Rear Camera,,2800 mAh,1.8 inches (4.57 cm) | TFT,,₹799
iAir D9,,,0.3 MP Rear Camera,,2800 mAh,1.8 inches (4.57 cm) | TFT,,₹799
iAir S1,,,0.3 MP Rear Camera,,1000 mAh,2.4 inches (6.1 cm) | TFT,,₹790
iAir S4,,,0.3 MP Rear Camera,,2800 mAh,2.4 inches (6.1 cm) | TFT,,₹799
iAir S5,,,0.3 MP Rear Camera,,2800 mAh,2.4 inches (6.1 cm) | TFT,,₹795
iAir S6,,,0.3 MP Rear Camera,,2800 mAh,2.4 inches (6.1 cm) | TFT,,₹850
iAir X2,,,0.3 MP Rear Camera,,1000 mAh,1.8 inches (4.57 cm) | TFT,,₹599
iAir X3,,,0.3 MP Rear Camera,,1000 mAh,1.8 inches (4.57 cm) | TFT,,"₹1,090"
Apple iPhone 12 Pro 512GB,Apple A14 Bionic,6 GB RAM | 512 GB Storage,12 MP + 12 MP + 12 MP Rear Camera,12 MP Front Camera,2815 mAh | 20W Fast Charging,6.1 inches (15.49 cm) | Super Retina XDR,"AnTuTu Score 632,370","₹139,900"
Karbonn Titanium S9 Plus 32GB,,2 GB RAM | 32 GB Storage,8 MP + 2 MP Rear Camera,5 MP Front Camera,3000 mAh,6.1 inches (15.49 cm) | IPS LCD,,"₹5,899"
Karbonn Titanium S9 Plus 3GB RAM,,3 GB RAM | 32 GB Storage,8 MP + 2 MP Rear Camera,5 MP Front Camera,3000 mAh,6.1 inches (15.49 cm) | IPS LCD,,"₹6,299"
Nokia 225 2020,Unisoc UMS9117,64 MB RAM | 128 MB Storage,0.3 MP Rear Camera,,1150 mAh,2.4 inches (6.1 cm) | TFT,,"₹4,399"
Karbonn KX51,,,0.3 MP Rear Camera,,1800 mAh,2.4 inches (6.1 cm) | TFT,,"₹1,200"
Karbonn Kphone X,,,0.3 MP Rear Camera,,1900 mAh,2.4 inches (6.1 cm) | TFT,,"₹1,350"
Apple iPhone 12 128GB,Apple A14 Bionic,4 GB RAM | 128 GB Storage,12 MP + 12 MP Rear Camera,12 MP Front Camera,2815 mAh | 20W Fast Charging,6.1 inches (15.49 cm) | Super Retina XDR,AnTuTu Score 0,"₹54,900"
Apple iPhone 12 Pro 256GB,Apple A14 Bionic,6 GB RAM | 256 GB Storage,12 MP + 12 MP + 12 MP Rear Camera,12 MP Front Camera,2815 mAh | 20W Fast Charging,6.1 inches (15.49 cm) | Super Retina XDR,AnTuTu Score 0,"₹119,900"
Xiaomi Mi 10T 8GB RAM,Snapdragon 865,8 GB RAM | 128 GB Storage,64 MP + 13 MP + 5 MP Rear Camera,20 MP Front Camera,5000 mAh | 33W Fast Charging,6.67 inches (16.94 cm) | IPS LCD,"AnTuTu Score 592,540","₹17,499"
Itel Power 110,,,0.3 MP Rear Camera,,2500 mAh,1.8 inches (4.57 cm) | TFT,,"₹1,249"
Karbonn KX26i,,,,,1450 mAh,2.4 inches (6.1 cm) | TFT,,"₹1,256"
Tork T3 Pro,,,0.3 MP Rear Camera,,2500 mAh,1.8 inches (4.57 cm) | TFT,,₹899
Black Bear D103 Ultra,,,0.3 MP Rear Camera,,2000 mAh,2.8 inches (7.11 cm) | TFT,,"₹1,999"
Karbonn KX80,,,0.3 MP Rear Camera,,1450 mAh,2.8 inches (7.11 cm) | TFT,,"₹1,479"
Xiaomi Redmi 9 128GB,MediaTek Helio G35,4 GB RAM | 128 GB Storage,13 MP + 2 MP Rear Camera,5 MP Front Camera,5000 mAh | 10W,6.53 inches (16.59 cm) | IPS LCD,,"₹10,999"
Nokia C3 2020 32GB,Unisoc SC9863A,3 GB RAM | 32 GB Storage,8 MP Rear Camera,5 MP Front Camera,3040 mAh,5.99 inches (15.21 cm) | IPS LCD,,"₹9,999"
POCO X3 8GB RAM,Snapdragon 732G,8 GB RAM | 128 GB Storage,64 MP + 13 MP + 2 MP + 2 MP Rear Camera,20 MP Front Camera,6000 mAh | 33W Quick Charging,6.67 inches (16.94 cm) | IPS LCD,"AnTuTu Score 282,092","₹19,999"
Moto E7 Plus,Snapdragon 460,4 GB RAM | 64 GB Storage,48 MP + 2 MP Rear Camera,8 MP Front Camera,5000 mAh | 10W,6.5 inches (16.51 cm) | IPS LCD,"AnTuTu Score 141,552","₹12,999"
Karbonn KX4i,,,,,800 mAh,1.8 inches (4.57 cm) | TFT,,"₹1,040"
realme Narzo 20A,Snapdragon 665,3 GB RAM | 32 GB Storage,12 MP + 2 MP + 2 MP Rear Camera,8 MP Front Camera,5000 mAh | 10W,6.5 inches (16.51 cm) | IPS LCD,"AnTuTu Score 173,514","₹10,999"
realme Narzo 20A 64GB,Snapdragon 665,4 GB RAM | 64 GB Storage,12 MP + 2 MP + 2 MP Rear Camera,8 MP Front Camera,5000 mAh | 10W,6.5 inches (16.51 cm) | IPS LCD,AnTuTu Score 0,"₹11,999"
Infinix Note 7,MediaTek Helio G70,4 GB RAM | 64 GB Storage,48 MP + 2 MP + 2 MP Rear Camera,16 MP Front Camera,5000 mAh | 18W Fast Charging,6.95 inches (17.65 cm) | IPS LCD,"AnTuTu Score 175,945","₹14,999"
Lava Hero 600s,,,,,620 mAh,1.8 inches (4.57 cm) | TFT,,₹789
Xiaomi Redmi 9i 128GB,MediaTek Helio G25,4 GB RAM | 128 GB Storage,13 MP Rear Camera,5 MP Front Camera,5000 mAh | 10W,6.53 inches (16.59 cm) | IPS LCD,,"₹10,999"
I Kall K320,,4 GB RAM | 64 GB Storage,13 MP + 2 MP Rear Camera,8 MP Front Camera,4000 mAh,6.53 inches (16.59 cm) | IPS LCD,,"₹6,529"
Cellecor C9,,,,,1000 mAh,1.8 inches (4.57 cm) | TFT,,₹899
Itel Magic 2 Max,,,1.3 MP Rear Camera,,1900 mAh,2.8 inches (7.11 cm) | TFT,,"₹1,699"
Xiaomi Redmi 9A 3GB RAM,MediaTek Helio G25,3 GB RAM | 32 GB Storage,13 MP Rear Camera,5 MP Front Camera,5000 mAh | 10W,6.53 inches (16.59 cm) | IPS LCD,,"₹6,934"
Ziox Pearl,,,0.3 MP Rear Camera,,2500 mAh,2.4 inches (6.1 cm) | TFT,,"₹1,199"
Kechao A25,,,0.3 MP Rear Camera,,800 mAh,1.14 inches (2.9 cm) | TFT,,₹849
Kechao K50 2020,,,0.3 MP Rear Camera,,800 mAh,1.54 inches (3.91 cm) | TFT,,₹999
I Kall K12 Card,,,0.3 MP Rear Camera,,800 mAh,1.54 inches (3.91 cm) | TFT,,"₹1,349"
KXD M1,,,0.3 MP Rear Camera,,1000 mAh,1.77 inches (4.5 cm) | TFT,,₹699
Gionee Max,Unisoc SC9863A,2 GB RAM | 32 GB Storage,13 MP + 0.3 MP Rear Camera,5 MP Front Camera,5000 mAh,6.1 inches (15.49 cm) | IPS LCD,,"₹7,990"
BlackZone Ranger,,,,,1000 mAh,1.8 inches (4.57 cm) | TFT,,₹767
Lava A7 2020,,,0.3 MP Rear Camera,,1800 mAh | 1W,2.4 inches (6.1 cm) | TFT,,"₹1,749"
Nokia 125,,4 MB RAM | 4 MB Storage,,,1020 mAh,2.4 inches (6.1 cm) | TFT,,"₹1,599"
Nokia 150 2020,,4 MB RAM | 4 MB Storage,0.3 MP Rear Camera,,1020 mAh,2.4 inches (6.1 cm) | TFT,,"₹2,799"
Itel Muzik 110,,,0.3 MP Rear Camera,,1900 mAh,1.8 inches (4.57 cm) | TFT,,"₹1,299"
Tork T13 Banana,,,0.3 MP Rear Camera,,1000 mAh,2.4 inches (6.1 cm) | TFT,,₹949
I Kall K555,,,2 MP Rear Camera,,3000 mAh,2.8 inches (7.11 cm) | TFT,,"₹1,688"
InFocus Power 1,,,0.3 MP Rear Camera,,2500 mAh,1.8 inches (4.57 cm) | TFT,,₹975
Karbonn KX19,,,,,1750 mAh,1.8 inches (4.57 cm) | TFT,,₹949
Itel Vision 1 3GB RAM,Unisoc SC9863,3 GB RAM | 32 GB Storage,8 MP + 0.08 MP Rear Camera,5 MP Front Camera,4000 mAh,6.08 inches (15.44 cm) | IPS LCD,,"₹8,299"
I Kall K6300 New,,,2 MP Rear Camera,,3000 mAh,2.8 inches (7.11 cm) | TFT,,"₹1,699"
Samsung Galaxy M31s 8GB RAM,Samsung Exynos 9 Octa 9611,8 GB RAM | 128 GB Storage,64 MP + 12 MP + 5 MP + 5 MP Rear Camera,32 MP Front Camera,6000 mAh | 25W Fast Charging,6.5 inches (16.51 cm) | Super AMOLED,AnTuTu Score 0,"₹22,999"
Karbonn KX4,,,0.3 MP Rear Camera,,1000 mAh,1.8 inches (4.57 cm) | TFT,,"₹1,090"
Xiaomi Redmi Note 9 Pro 4GB RAM,Snapdragon 720G,4 GB RAM | 128 GB Storage,48 MP + 8 MP + 5 MP + 2 MP Rear Camera,16 MP Front Camera,5020 mAh | 18W Fast Charging,6.67 inches (16.94 cm) | IPS LCD,,"₹14,640"
Xiaomi Redmi Note 9 6GB RAM,MediaTek Helio G85,6 GB RAM | 128 GB Storage,48 MP + 8 MP + 2 MP + 2 MP Rear Camera,13 MP Front Camera,5020 mAh | 22.5W Fast Charging,6.53 inches (16.59 cm) | IPS LCD,"AnTuTu Score 200,953","₹12,899"
realme C11,MediaTek Helio G35,2 GB RAM | 32 GB Storage,13 MP + 2 MP Rear Camera,5 MP Front Camera,5000 mAh | 10W,6.52 inches (16.56 cm) | IPS LCD,"AnTuTu Score 105,251","₹8,000"
Samsung Galaxy M01s,MediaTek Helio P22,3 GB RAM | 32 GB Storage,13 MP + 2 MP Rear Camera,8 MP Front Camera,4000 mAh,6.2 inches (15.75 cm) | PLS TFT LCD,,"₹8,999"
POCO M2 Pro 6GB RAM,Snapdragon 720G,6 GB RAM | 64 GB Storage,48 MP + 8 MP + 5 MP + 2 MP Rear Camera,16 MP Front Camera,5000 mAh | 33W Fast Charging,6.67 inches (16.94 cm) | IPS LCD,"AnTuTu Score 276,927","₹14,999"
POCO M2 Pro 128GB,Snapdragon 720G,6 GB RAM | 128 GB Storage,48 MP + 8 MP + 5 MP + 2 MP Rear Camera,16 MP Front Camera,5000 mAh | 33W Fast Charging,6.67 inches (16.94 cm) | IPS LCD,"AnTuTu Score 276,927","₹16,999"
Karbonn KX1i,,,0.3 MP Rear Camera,,800 mAh,1.8 inches (4.57 cm) | TFT,,₹990
Micromax X419,,,0.08 MP Rear Camera,,1750 mAh,1.8 inches (4.57 cm) | TFT,,"₹1,264"
Karbonn KX5,,,0.3 MP Rear Camera,,2500 mAh,1.8 inches (4.57 cm) | TFT,,"₹1,240"
InFocus Vibe Plus,,,,,1000 mAh | 3.7W,1.8 inches (4.57 cm) | TFT,,₹899
Infinix Hot 9 Pro,MediaTek Helio P22,4 GB RAM | 64 GB Storage,48 MP + 2 MP + 2 MP Rear Camera,8 MP Front Camera,5000 mAh,6.6 inches (16.76 cm) | IPS LCD,"AnTuTu Score 103,704","₹10,499"
realme X3 SuperZoom Edition,Snapdragon 855 Plus,8 GB RAM | 128 GB Storage,64 MP + 8 MP + 8 MP + 2 MP Rear Camera,32 MP + 8 MP Front Camera,4200 mAh | 30W Super Dart Charging,6.6 inches (16.76 cm) | IPS LCD,"AnTuTu Score 476,587","₹29,999"
realme Narzo 10A 64GB,MediaTek Helio G70,4 GB RAM | 64 GB Storage,12 MP + 2 MP + 2 MP Rear Camera,5 MP Front Camera,5000 mAh | 10W,6.5 inches (16.51 cm) | IPS LCD,AnTuTu Score 0,"₹10,999"
Moto G8 Power Lite,MediaTek Helio P35,4 GB RAM | 64 GB Storage,16 MP + 2 MP + 2 MP Rear Camera,8 MP Front Camera,5000 mAh | 10W,6.5 inches (16.51 cm) | IPS LCD,,"₹9,999"
OnePlus 8 256GB,Snapdragon 865,12 GB RAM | 256 GB Storage,48 MP + 16 MP + 2 MP Rear Camera,16 MP Front Camera,4300 mAh | 30W Warp Charging,6.55 inches (16.64 cm) | Fluid AMOLED,"AnTuTu Score 579,239","₹29,899"
OnePlus 8 8GB RAM,Snapdragon 865,8 GB RAM | 128 GB Storage,48 MP + 16 MP + 2 MP Rear Camera,16 MP Front Camera,4300 mAh | 30W Warp Charging,6.55 inches (16.64 cm) | Fluid AMOLED,"AnTuTu Score 579,239","₹33,101"
Apple iPhone SE 2020 128GB,Apple A13 Bionic,3 GB RAM | 128 GB Storage,12 MP Rear Camera,7 MP Front Camera,1821 mAh Fast Charging,4.7 inches (11.94 cm) | IPS LCD,"AnTuTu Score 377,458","₹44,900"
Apple iPhone SE 2020 256GB,Apple A13 Bionic,3 GB RAM | 256 GB Storage,12 MP Rear Camera,7 MP Front Camera,1821 mAh Fast Charging,4.7 inches (11.94 cm) | IPS LCD,"AnTuTu Score 377,458","₹54,900"
Xiaomi Mi 10,Snapdragon 865,8 GB RAM | 128 GB Storage,108 MP + 13 MP + 2 MP + 2 MP Rear Camera,20 MP Front Camera,4780 mAh | 30W Quick Charging,6.67 inches (16.94 cm) | AMOLED,"AnTuTu Score 564,811","₹54,999"
realme Narzo 10,MediaTek Helio G80,4 GB RAM | 128 GB Storage,48 MP + 8 MP + 2 MP + 2 MP Rear Camera,16 MP Front Camera,5000 mAh | 18W Quick Charging,6.5 inches (16.51 cm) | IPS LCD,"AnTuTu Score 200,306","₹12,999"
Xiaomi Mi 10 256GB,Snapdragon 865,8 GB RAM | 256 GB Storage,108 MP + 13 MP + 2 MP + 2 MP Rear Camera,20 MP Front Camera,4780 mAh | 30W Quick Charging,6.67 inches (16.94 cm) | AMOLED,"AnTuTu Score 564,811","₹59,999"
vivo V19 256GB,Snapdragon 712,8 GB RAM | 256 GB Storage,48 MP + 8 MP + 2 MP + 2 MP Rear Camera,32 MP + 8 MP Front Camera,4500 mAh | 33W Flash Charging,6.44 inches (16.36 cm) | Super AMOLED,"AnTuTu Score 245,294","₹34,990"
Xiaomi Redmi Note 9 Pro Max 8GB RAM,Snapdragon 720G,8 GB RAM | 128 GB Storage,64 MP + 8 MP + 5 MP + 2 MP Rear Camera,32 MP Front Camera,5020 mAh | 33W Fast Charging,6.67 inches (16.94 cm) | IPS LCD,"AnTuTu Score 277,621","₹14,797"
i-smart i1-Dynamite,,2 GB RAM | 16 GB Storage,5 MP Rear Camera,5 MP Front Camera,3000 mAh,6.0 inches (15.24 cm) | LCD,,"₹5,199"
Samsung Galaxy M30s 4GB RAM,Samsung Exynos 9 Octa 9611,4 GB RAM | 128 GB Storage,48 MP + 8 MP + 5 MP Rear Camera,16 MP Front Camera,6000 mAh | 15W Fast Charging,6.4 inches (16.26 cm) | Super AMOLED,"AnTuTu Score 135,678","₹13,990"
Xiaomi Redmi Note 9 Pro 128GB,Snapdragon 720G,6 GB RAM | 128 GB Storage,48 MP + 8 MP + 5 MP + 2 MP Rear Camera,16 MP Front Camera,5020 mAh | 18W Fast Charging,6.67 inches (16.94 cm) | IPS LCD,,"₹13,699"
Infinix S5 Pro,MediaTek Helio P35,4 GB RAM | 64 GB Storage,48 MP + 2 MP Rear Camera,16 MP Front Camera,4000 mAh,6.53 inches (16.59 cm) | IPS LCD,"AnTuTu Score 117,475","₹11,999"
realme 6 128GB,MediaTek Helio G90T,6 GB RAM | 128 GB Storage,64 MP + 8 MP + 2 MP + 2 MP Rear Camera,16 MP Front Camera,4300 mAh | 30W Flash Charging,6.5 inches (16.51 cm) | IPS LCD,"AnTuTu Score 290,483","₹15,999"
realme 6 8GB RAM,MediaTek Helio G90T,8 GB RAM | 128 GB Storage,64 MP + 8 MP + 2 MP + 2 MP Rear Camera,16 MP Front Camera,4300 mAh | 30W Flash Charging,6.5 inches (16.51 cm) | IPS LCD,"AnTuTu Score 290,483","₹16,999"
Micromax X381,,,0.08 MP Rear Camera,,800 mAh,1.77 inches (4.5 cm) | TFT,,"₹1,499"
iQOO 3 256GB,Snapdragon 865,8 GB RAM | 256 GB Storage,48 MP + 13 MP + 13 MP + 2 MP Rear Camera,16 MP Front Camera,4440 mAh | 55W Super Flash Charging,6.44 inches (16.36 cm) | Super AMOLED,"AnTuTu Score 589,793","₹40,990"
iQOO 3 5G,Snapdragon 865,12 GB RAM | 256 GB Storage,48 MP + 13 MP + 13 MP + 2 MP Rear Camera,16 MP Front Camera,4440 mAh | 55W Super Flash Charging,6.44 inches (16.36 cm) | Super AMOLED,,"₹46,990"
Tecno Camon 15,MediaTek Helio P22,4 GB RAM | 64 GB Storage,48 MP + 2 MP + 2 MP Rear Camera,16 MP Front Camera,5000 mAh,6.55 inches (16.64 cm) | IPS LCD,,"₹10,449"
Intex Eco 105vx,,,0.3 MP Rear Camera,,1050 mAh,1.8 inches (4.57 cm) | TFT,,₹994
realme X50 Pro 256GB,Snapdragon 865,12 GB RAM | 256 GB Storage,64 MP + 12 MP + 8 MP + 2 MP Rear Camera,32 MP + 8 MP Front Camera,4200 mAh | 65W Super Dart Charging,6.44 inches (16.36 cm) | Super AMOLED,"AnTuTu Score 581,492","₹39,990"
Xiaomi Redmi 8A Dual,Snapdragon 439,2 GB RAM | 32 GB Storage,13 MP + 2 MP Rear Camera,8 MP Front Camera,5000 mAh | 18W Fast Charging,6.22 inches (15.8 cm) | IPS LCD,,"₹7,499"
BlackZone Everest,,,0.3 MP Rear Camera,,1000 mAh,1.8 inches (4.57 cm) | TFT,,₹859
Itel Vision 1,Unisoc SC9863,2 GB RAM | 32 GB Storage,8 MP + 0.08 MP Rear Camera,5 MP Front Camera,4000 mAh,6.08 inches (15.44 cm) | IPS LCD,,"₹5,690"
POCO X2 128GB,Snapdragon 730G,6 GB RAM | 128 GB Storage,64 MP + 8 MP + 2 MP + 2 MP Rear Camera,20 MP + 2 MP Front Camera,4500 mAh | 27W Fast Charging,6.67 inches (16.94 cm) | IPS LCD,"AnTuTu Score 279,444","₹15,999"
POCO X2 256GB,Snapdragon 730G,8 GB RAM | 256 GB Storage,64 MP + 8 MP + 2 MP + 2 MP Rear Camera,20 MP + 2 MP Front Camera,4500 mAh | 27W Fast Charging,6.67 inches (16.94 cm) | IPS LCD,"AnTuTu Score 279,444","₹20,999"
Intex Ultra G3 Plus,,,0.3 MP Rear Camera,,2200 mAh,2.8 inches (7.11 cm) | TFT,,"₹1,450"
MU Phone M3000,,,1.3 MP Rear Camera,,1800 mAh,2.4 inches (6.1 cm) | TFT,,₹802
Intex Ultra F5,,,0.3 MP Rear Camera,,1700 mAh,2.8 inches (7.11 cm) | TFT,,"₹1,590"
I Kall K60,,,0.3 MP Rear Camera,,1500 mAh,2.4 inches (6.1 cm) | TFT,,"₹2,349"
Nuvo NB24c,,,1.3 MP Rear Camera,,2500 mAh,2.4 inches (6.1 cm) | TFT,,₹816
I Kall K30,,,0.3 MP Rear Camera,,1000 mAh,2.4 inches (6.1 cm) | TFT,,₹841
Tork T3 Super,,,0.3 MP Rear Camera,,2800 mAh,2.4 inches (6.1 cm) | TFT,,"₹1,299"
Karbonn Titanium S9 Plus,,2 GB RAM | 16 GB Storage,8 MP + 2 MP Rear Camera,5 MP Front Camera,3000 mAh,6.1 inches (15.49 cm) | IPS LCD,,"₹5,299"
Lava Z71,MediaTek Helio A22,2 GB RAM | 32 GB Storage,13 MP + 2 MP Rear Camera,5 MP Front Camera,3200 mAh,5.7 inches (14.48 cm) | IPS LCD,,"₹6,999"
BlackZone Flip X,,,0.3 MP Rear Camera,,1000 mAh,1.77 inches (4.5 cm) | TFT,,"₹1,729"
Itel A25,,1 GB RAM | 16 GB Storage,5 MP Rear Camera,2 MP Front Camera,3020 mAh,5.0 inches (12.7 cm) | IPS LCD,,"₹4,800"
Micromax X749,,,0.3 MP Rear Camera,,1750 mAh | 12W,2.4 inches (6.1 cm) | TFT,,"₹2,499"
realme X2 Pro 6GB RAM,Snapdragon 855 Plus,6 GB RAM | 64 GB Storage,64 MP + 13 MP + 8 MP + 2 MP Rear Camera,16 MP Front Camera,4000 mAh | 50W VOOC Charging,6.5 inches (16.51 cm) | Super AMOLED,"AnTuTu Score 467,275","₹29,999"
MBO M10,,,0.3 MP Rear Camera,,3000 mAh,2.4 inches (6.1 cm) | TFT,,₹947
Gfive U873 2019,,,0.3 MP Rear Camera,,1000 mAh,1.8 inches (4.57 cm) | TFT,,₹799
Gfive U707 2019,,,0.3 MP Rear Camera,,950 mAh,1.8 inches (4.57 cm) | TFT,,₹699
i-smart i1-Epic,,2 GB RAM | 16 GB Storage,5 MP Rear Camera,5 MP Front Camera,2600 mAh,5.5 inches (13.97 cm) | IPS LCD,,"₹4,399"
Nokia 2.3,MediaTek Helio A22,2 GB RAM | 32 GB Storage,13 MP + 2 MP Rear Camera,5 MP Front Camera,4000 mAh,6.2 inches (15.75 cm) | IPS LCD,AnTuTu Score 0,"₹8,120"
Micromax X756,,,0.3 MP Rear Camera,,3000 mAh | 11.1W,2.4 inches (6.1 cm) | TFT,,"₹2,499"
Micromax X388,,,0.08 MP Rear Camera,,2500 mAh | 3W,1.77 inches (4.5 cm) | TFT,,₹996
realme X2 128GB,Snapdragon 730G,6 GB RAM | 128 GB Storage,64 MP + 8 MP + 2 MP + 2 MP Rear Camera,32 MP Front Camera,4000 mAh | 30W VOOC Charging,6.4 inches (16.26 cm) | Super AMOLED,"AnTuTu Score 266,028","₹17,999"
Itel Power 100,,,0.3 MP Rear Camera,,2500 mAh | 2W,1.7 inches (4.32 cm) | TFT,,"₹1,359"
Kechao K2 2019,,,0.3 MP Rear Camera,,1000 mAh,1.8 inches (4.57 cm) | TFT,,₹920
Black Bear A1 Pen,,,1.3 MP Rear Camera,,550 mAh,0.67 inches (1.7 cm) | TFT,,"₹2,999"
realme X2 Pro 256GB,Snapdragon 855 Plus,12 GB RAM | 256 GB Storage,64 MP + 13 MP + 8 MP + 2 MP Rear Camera,16 MP Front Camera,4000 mAh | 50W VOOC Charging,6.5 inches (16.51 cm) | Super AMOLED,"AnTuTu Score 467,275","₹25,999"
Black Bear C99 Stroke,,,0.3 MP Rear Camera,,2200 mAh,2.4 inches (6.1 cm) | TFT,,"₹3,110"
I Kall K112,,,0.3 MP Rear Camera,,1000 mAh,2.4 inches (6.1 cm) | TFT,,"₹1,059"
Micromax X748,,,0.08 MP Rear Camera,,2500 mAh | 6.47W,2.4 inches (6.1 cm) | TFT,,"₹1,795"
Black Bear B5 Nex,,,1.3 MP Rear Camera,,1050 mAh,1.8 inches (4.57 cm) | TFT,,₹770
Black Bear A1 Aura,,,2.4 MP Rear Camera,,2500 mAh,1.77 inches (4.5 cm) | TFT,,₹875
Micromax X378,,,0.3 MP Rear Camera,,800 mAh | 4.9W,1.8 inches (4.57 cm) | TFT,,₹820
Infinix S5,MediaTek Helio P22,4 GB RAM | 64 GB Storage,16 MP + 5 MP + 2 MP Rear Camera,32 MP Front Camera,4000 mAh,6.6 inches (16.76 cm) | IPS LCD,"AnTuTu Score 90,162","₹10,999"
Xiaomi Redmi Note 8 Pro 128GB,MediaTek Helio G90T,6 GB RAM | 128 GB Storage,64 MP + 8 MP + 2 MP + 2 MP Rear Camera,20 MP Front Camera,4500 mAh | 18W Fast Charging,6.53 inches (16.59 cm) | IPS LCD,"AnTuTu Score 286,100","₹17,435"
Nokia 110 2019,,4 MB RAM | 4 MB Storage,0.3 MP Rear Camera,,800 mAh | 3W,1.77 inches (4.5 cm) | TFT,,"₹1,590"
Lava A1200,,,0.3 MP Rear Camera,,1750 mAh | 1W,1.8 inches (4.57 cm) | TFT,,"₹1,299"
vivo Z1x 8GB RAM,Snapdragon 712,8 GB RAM | 128 GB Storage,48 MP + 8 MP + 2 MP Rear Camera,32 MP Front Camera,4500 mAh | 22.5W Flash Charging,6.38 inches (16.21 cm) | Super AMOLED,"AnTuTu Score 186,499","₹24,990"
Asus ROG Phone 2 512GB,Snapdragon 855 Plus,12 GB RAM | 512 GB Storage,48 MP + 13 MP Rear Camera,24 MP Front Camera,6000 mAh Hyper Charging,6.59 inches (16.74 cm) | AMOLED,"AnTuTu Score 353,469","₹62,999"
Lenovo K10 Note 128GB,Snapdragon 710,6 GB RAM | 128 GB Storage,16 MP + 8 MP + 5 MP Rear Camera,16 MP Front Camera,4050 mAh Fast Charging,6.39 inches (16.23 cm) | IPS LCD,"AnTuTu Score 169,246","₹18,999"
Samsung Galaxy A70s 8GB RAM,Snapdragon 675,8 GB RAM | 128 GB Storage,64 MP + 8 MP + 5 MP Rear Camera,32 MP Front Camera,4500 mAh | 25W Fast Charging,6.7 inches (17.02 cm) | Super AMOLED,"AnTuTu Score 204,400","₹33,100"
Karbonn KX26,,,0.3 MP Rear Camera,,1450 mAh,2.4 inches (6.1 cm) | TFT,,"₹1,290"
Tork X9,,,0.3 MP Rear Camera,0.3 MP Front Camera,1800 mAh,2.8 inches (7.11 cm) | TFT,,"₹1,199"
vivo U10 4GB RAM,Snapdragon 665,4 GB RAM | 64 GB Storage,13 MP + 8 MP + 2 MP Rear Camera,8 MP Front Camera,5000 mAh | 18W Fast Charging,6.35 inches (16.13 cm) | IPS LCD,"AnTuTu Score 168,654","₹13,990"
Xiaomi Redmi 8A 3GB RAM,Snapdragon 439,3 GB RAM | 32 GB Storage,12 MP Rear Camera,8 MP Front Camera,5000 mAh | 18W Fast Charging,6.22 inches (15.8 cm) | IPS LCD,"AnTuTu Score 85,703","₹8,999"
OnePlus 7T 256GB,Snapdragon 855 Plus,8 GB RAM | 256 GB Storage,48 MP + 16 MP + 12 MP Rear Camera,16 MP Front Camera,3800 mAh | 30W Warp Charging,6.55 inches (16.64 cm) | Fluid AMOLED,"AnTuTu Score 487,810","₹29,999"
I Kall K72 New,,,,,800 mAh,1.77 inches (4.5 cm) | TFT,,₹825
Black Bear B5 Bucket,,,2.4 MP Rear Camera,,1050 mAh,1.8 inches (4.57 cm) | TFT,,₹725
Nokia 7.2,Snapdragon 660,4 GB RAM | 64 GB Storage,48 MP + 8 MP + 5 MP Rear Camera,20 MP Front Camera,3500 mAh,6.39 inches (16.23 cm) | IPS LCD,"AnTuTu Score 173,149","₹19,999"
Nokia 7.2 6GB RAM,Snapdragon 660,6 GB RAM | 64 GB Storage,48 MP + 8 MP + 5 MP Rear Camera,20 MP Front Camera,3500 mAh,6.39 inches (16.23 cm) | IPS LCD,"AnTuTu Score 173,149","₹20,999"
Apple iPhone 11 128GB,Apple A13 Bionic,4 GB RAM | 128 GB Storage,12 MP + 12 MP Rear Camera,12 MP Front Camera,3110 mAh | 18W Fast Charging,6.1 inches (15.49 cm) | IPS LCD,"AnTuTu Score 451,844","₹48,900"
Apple iPhone 11 Pro 256GB,Apple A13 Bionic,4 GB RAM | 256 GB Storage,12 MP + 12 MP + 12 MP Rear Camera,12 MP Front Camera,3046 mAh | 18W Fast Charging,5.8 inches (14.73 cm) | Super Retina XDR,"AnTuTu Score 461,219","₹121,300"
Apple iPhone 11 Pro Max 256GB,Apple A13 Bionic,4 GB RAM | 256 GB Storage,12 MP + 12 MP + 12 MP Rear Camera,12 MP Front Camera,3969 mAh | 18W Fast Charging,6.5 inches (16.51 cm) | Super Retina XDR,"AnTuTu Score 608,363","₹131,900"
Apple iPhone 11 Pro Max 512GB,Apple A13 Bionic,4 GB RAM | 512 GB Storage,12 MP + 12 MP + 12 MP Rear Camera,12 MP Front Camera,3969 mAh | 18W Fast Charging,6.5 inches (16.51 cm) | Super Retina XDR,"AnTuTu Score 608,363","₹150,800"
Ziox Thunder Jumbo,,,0.3 MP Rear Camera,,4000 mAh,2.4 inches (6.1 cm) | TFT,,"₹1,499"
I Kall K44 New,,,0.3 MP Rear Camera,,800 mAh,1.8 inches (4.57 cm) | TFT,,₹999
Detel D1 Guru,,,0.3 MP Rear Camera,,1000 mAh,1.8 inches (4.57 cm) | TFT,,₹715
Infinix Hot 8,MediaTek Helio P22,4 GB RAM | 64 GB Storage,13 MP + 2 MP Rear Camera,8 MP Front Camera,5000 mAh,6.52 inches (16.56 cm) | IPS LCD,"AnTuTu Score 92,074","₹8,999"
realme 5 Pro 128GB,Snapdragon 712,8 GB RAM | 128 GB Storage,48 MP + 8 MP + 2 MP + 2 MP Rear Camera,16 MP Front Camera,4035 mAh | 20W VOOC Charging,6.3 inches (16 cm) | IPS LCD,"AnTuTu Score 180,355","₹16,999"
Gionee F9 Plus,Unisoc SC9863,3 GB RAM | 32 GB Storage,13 MP + 2 MP Rear Camera,13 MP Front Camera,4050 mAh,6.26 inches (15.9 cm) | IPS LCD,,"₹9,490"
Motorola One Action,Samsung Exynos 9 Octa 9609,4 GB RAM | 128 GB Storage,12 MP + 16 MP + 5 MP Rear Camera,12 MP Front Camera,3500 mAh | 10W,6.3 inches (16 cm) | IPS LCD,"AnTuTu Score 143,309","₹11,199"
realme 5 128GB,Snapdragon 665,4 GB RAM | 128 GB Storage,12 MP + 8 MP + 2 MP + 2 MP Rear Camera,13 MP Front Camera,5000 mAh,6.5 inches (16.51 cm) | IPS LCD,"AnTuTu Score 139,753","₹12,999"
HTC Wildfire X,MediaTek Helio P22,3 GB RAM | 32 GB Storage,12 MP + 8 MP + 5 MP Rear Camera,8 MP Front Camera,3300 mAh,6.22 inches (15.8 cm) | IPS LCD,,"₹12,999"
HTC Wildfire X 128GB,MediaTek Helio P22,4 GB RAM | 128 GB Storage,12 MP + 8 MP + 5 MP Rear Camera,8 MP Front Camera,3300 mAh,6.22 inches (15.8 cm) | IPS LCD,,"₹16,999"
Nokia 105 2019 Dual SIM,,4 MB RAM | 4 MB Storage,,,800 mAh | 3W,1.77 inches (4.5 cm) | TFT,,₹999
Micromax X516,,,0.3 MP Rear Camera,,1750 mAh | 4.9W,1.77 inches (4.5 cm) | TFT,,"₹1,999"
Micromax X807,,,0.3 MP Rear Camera,,1400 mAh | 4.9W,2.8 inches (7.11 cm) | TFT,,"₹1,795"
Infinix S4 64GB,MediaTek Helio P22,4 GB RAM | 64 GB Storage,13 MP + 8 MP + 2 MP Rear Camera,32 MP Front Camera,4000 mAh,6.21 inches (15.77 cm) | IPS LCD,"AnTuTu Score 74,768","₹10,999"
Salora Coral,,,1.3 MP Rear Camera,,1800 mAh,2.4 inches (6.1 cm) | TFT,,₹849
Lava A1 Buzz,,,0.3 MP Rear Camera,,800 mAh,1.8 inches (4.57 cm) | TFT,,"₹1,199"
realme 3i 64GB,MediaTek Helio P60,4 GB RAM | 64 GB Storage,13 MP + 2 MP Rear Camera,13 MP Front Camera,4230 mAh,6.22 inches (15.8 cm) | IPS LCD,"AnTuTu Score 133,123","₹10,999"
Infinix Hot 7,MediaTek MT6757CD,4 GB RAM | 64 GB Storage,13 MP + 2 MP Rear Camera,13 MP + 2 MP Front Camera,4000 mAh,6.19 inches (15.72 cm) | IPS LCD,"AnTuTu Score 87,230","₹9,999"
realme X 8GB RAM,Snapdragon 710,8 GB RAM | 128 GB Storage,48 MP + 5 MP Rear Camera,16 MP Front Camera,3765 mAh | 20W VOOC Charging,6.53 inches (16.59 cm) | AMOLED,"AnTuTu Score 156,669","₹20,999"
Xiaomi Redmi 7A 32GB,Snapdragon 439,2 GB RAM | 32 GB Storage,12 MP Rear Camera,5 MP Front Camera,4000 mAh,5.45 inches (13.84 cm) | IPS LCD,"AnTuTu Score 75,196","₹6,999"
STK Ace Plus,,2 GB RAM | 16 GB Storage,8 MP Rear Camera,5 MP Front Camera,2800 mAh,5.5 inches (13.97 cm) | IPS LCD,,"₹6,999"
vivo Z1 Pro 6GB RAM,Snapdragon 712,6 GB RAM | 64 GB Storage,16 MP + 8 MP + 2 MP Rear Camera,32 MP Front Camera,5000 mAh | 18W Fast Charging,6.53 inches (16.59 cm) | IPS LCD,"AnTuTu Score 109,750","₹17,990"
vivo Z1 Pro 128GB,Snapdragon 712,6 GB RAM | 128 GB Storage,16 MP + 8 MP + 2 MP Rear Camera,32 MP Front Camera,5000 mAh | 18W Fast Charging,6.53 inches (16.59 cm) | IPS LCD,"AnTuTu Score 109,750","₹20,990"
I Kall K39 New,,,0.3 MP Rear Camera,,1500 mAh,2.4 inches (6.1 cm) | TFT,,₹849
Asus 6Z,Snapdragon 855,6 GB RAM | 64 GB Storage,48 MP + 13 MP Rear Camera,48 MP + 13 MP Front Camera,5000 mAh Quick Charging,6.4 inches (16.26 cm) | IPS LCD,"AnTuTu Score 357,773","₹35,999"
Asus 6Z 128GB,Snapdragon 855,6 GB RAM | 128 GB Storage,48 MP + 13 MP Rear Camera,48 MP + 13 MP Front Camera,5000 mAh Quick Charging,6.4 inches (16.26 cm) | IPS LCD,"AnTuTu Score 357,773","₹38,999"
Coolpad Cool 3 64GB,Unisoc SC9863,4 GB RAM | 64 GB Storage,8 MP + 0.3 MP Rear Camera,5 MP Front Camera,3000 mAh,5.71 inches (14.5 cm) | IPS LCD,,"₹7,877"
Jivi JV 12M Plus,,,,,1000 mAh | 3.7W,1.8 inches (4.57 cm) | TFT,,₹899
Infinix S4,MediaTek Helio P22,3 GB RAM | 32 GB Storage,13 MP + 8 MP + 2 MP Rear Camera,32 MP Front Camera,4000 mAh,6.21 inches (15.77 cm) | IPS LCD,"AnTuTu Score 74,768","₹9,999"
Black Bear A1 Mini,,,2 MP Rear Camera,,550 mAh,2.8 inches (7.11 cm) | TFT,,"₹1,320"
Nokia 3.2,Snapdragon 429,2 GB RAM | 16 GB Storage,13 MP Rear Camera,5 MP Front Camera,4000 mAh,6.26 inches (15.9 cm) | TFT,,"₹10,199"
Xiaomi Redmi Note 7S 64GB,Snapdragon 660,4 GB RAM | 64 GB Storage,48 MP + 5 MP Rear Camera,13 MP Front Camera,4000 mAh Quick Charging,6.3 inches (16 cm) | IPS LCD,"AnTuTu Score 141,951","₹7,424"
Nokia 3.2 32GB,Snapdragon 429,3 GB RAM | 32 GB Storage,13 MP Rear Camera,5 MP Front Camera,4000 mAh,6.26 inches (15.9 cm) | TFT,,"₹12,300"
OnePlus 7 Pro 256GB,Snapdragon 855,8 GB RAM | 256 GB Storage,48 MP + 16 MP + 8 MP Rear Camera,16 MP Front Camera,4000 mAh | 30W Warp Charging,6.67 inches (16.94 cm) | Fluid AMOLED,"AnTuTu Score 371,812","₹50,152"
Nokia 4.2,Snapdragon 439,3 GB RAM | 32 GB Storage,13 MP + 2 MP Rear Camera,8 MP Front Camera,3000 mAh,5.71 inches (14.5 cm) | IPS LCD,,"₹13,699"
Lenovo K9 Note,Snapdragon 450,4 GB RAM | 64 GB Storage,16 MP + 2 MP Rear Camera,8 MP Front Camera,3760 mAh Fast Charging,5.99 inches (15.21 cm) | IPS LCD,,"₹11,999"
vivo V15 Pro 8GB RAM,Snapdragon 675,8 GB RAM | 128 GB Storage,48 MP + 8 MP + 5 MP Rear Camera,32 MP Front Camera,3700 mAh Fast Charging,6.39 inches (16.23 cm) | Super AMOLED,"AnTuTu Score 181,420","₹34,990"
Lava A7 Wave,,,0.3 MP Rear Camera,,1750 mAh | 1W,2.4 inches (6.1 cm) | TFT,,"₹1,799"
Karbonn KX23,,,0.3 MP Rear Camera,,1900 mAh,2.4 inches (6.1 cm) | TFT,,₹949
Karbonn K9 Mini,,,0.3 MP Rear Camera,,800 mAh,1.77 inches (4.5 cm) | TFT,,₹699
Intex Turbo 108,,,0.3 MP Rear Camera,,1050 mAh,2.4 inches (6.1 cm) | TFT,,"₹1,199"
realme 3 3GB RAM,MediaTek Helio P70,3 GB RAM | 64 GB Storage,13 MP + 2 MP Rear Camera,13 MP Front Camera,4230 mAh,6.2 inches (15.75 cm) | IPS LCD,"AnTuTu Score 138,129","₹11,999"
Karbonn K-Pebble,,,0.3 MP Rear Camera,,800 mAh | 3.7W,2.4 inches (6.1 cm) | TFT,,"₹1,190"
Xiaomi Redmi Y3,Snapdragon 632,3 GB RAM | 32 GB Storage,12 MP + 2 MP Rear Camera,32 MP Front Camera,4000 mAh | 10W,6.26 inches (15.9 cm) | IPS LCD,"AnTuTu Score 104,342","₹8,498"
Infinix Smart 3 Plus,MediaTek Helio A22,2 GB RAM | 32 GB Storage,13 MP + 2 MP Rear Camera,8 MP Front Camera,3500 mAh,6.21 inches (15.77 cm) | IPS LCD,,"₹7,999"
Xiaomi Redmi 7,Snapdragon 632,2 GB RAM | 32 GB Storage,12 MP + 2 MP Rear Camera,8 MP Front Camera,4000 mAh | 10W,6.26 inches (15.9 cm) | IPS LCD,"AnTuTu Score 57,184","₹6,899"
XOLO ZX,MediaTek Helio P22,4 GB RAM | 64 GB Storage,13 MP + 5 MP Rear Camera,16 MP Front Camera,3260 mAh,6.22 inches (15.8 cm) | IPS LCD,,"₹13,999"
Xiaomi Redmi Y3 64GB,Snapdragon 632,4 GB RAM | 64 GB Storage,12 MP + 2 MP Rear Camera,32 MP Front Camera,4000 mAh | 10W,6.26 inches (15.9 cm) | IPS LCD,"AnTuTu Score 104,342","₹7,749"
Xiaomi Redmi 7 3GB RAM,Snapdragon 632,3 GB RAM | 32 GB Storage,12 MP + 2 MP Rear Camera,8 MP Front Camera,4000 mAh | 10W,6.26 inches (15.9 cm) | IPS LCD,"AnTuTu Score 57,184","₹9,386"
Itel Power 400,,,0.3 MP Rear Camera,,2500 mAh,2.4 inches (6.1 cm) | TFT,,"₹1,282"
Karbonn K1 Prime,,,0.3 MP Rear Camera,,800 mAh,1.8 inches (4.57 cm) | TFT,,₹749
Forme Duos 1900,,32 MB RAM | 32 MB Storage,0.3 MP Rear Camera,,1900 mAh,2.8 inches (7.11 cm) | TFT,,"₹1,030"
Itel it2171,,,0.3 MP Rear Camera,,1000 mAh | 1W,1.77 inches (4.5 cm) | TFT,,₹999
Alcatel 1,MediaTek MT6739,1 GB RAM | 8 GB Storage,8 MP Rear Camera,5 MP Front Camera,2000 mAh,5.0 inches (12.7 cm) | IPS LCD,,"₹4,999"
Lava 34 Super,,,0.3 MP Rear Camera,,2500 mAh | 14W,2.4 inches (6.1 cm) | TFT,,"₹1,729"
Honor 10 Lite 32GB,HiSilicon Kirin,3 GB RAM | 32 GB Storage,13 MP + 2 MP Rear Camera,24 MP Front Camera,3400 mAh,6.21 inches (15.77 cm) | IPS LCD,,"₹13,999"
Mafe Style,,,0.3 MP Rear Camera,,2400 mAh,2.8 inches (7.11 cm) | TFT,,"₹1,069"
realme 3 64GB,MediaTek Helio P70,4 GB RAM | 64 GB Storage,13 MP + 2 MP Rear Camera,13 MP Front Camera,4230 mAh,6.2 inches (15.75 cm) | IPS LCD,"AnTuTu Score 138,129","₹12,999"
Gionee F205 Pro,MediaTek MT6739,2 GB RAM | 16 GB Storage,13 MP Rear Camera,5 MP Front Camera,3000 mAh,5.45 inches (13.84 cm) | IPS LCD,,"₹6,990"
Nokia 5.1 Plus 64GB,MediaTek Helio P60,4 GB RAM | 64 GB Storage,13 MP + 5 MP Rear Camera,8 MP Front Camera,3060 mAh Fast Charging,5.86 inches (14.88 cm) | IPS LCD,,"₹10,990"
Cellecor C1000,,,0.3 MP Rear Camera,,3000 mAh,2.8 inches (7.11 cm) | TFT,,"₹1,699"
Coolpad Cool 3,Unisoc SC9863,2 GB RAM | 16 GB Storage,8 MP + 0.3 MP Rear Camera,5 MP Front Camera,3000 mAh,5.71 inches (14.5 cm) | IPS LCD,,"₹5,999"
Lava Z92,MediaTek Helio P22,3 GB RAM | 32 GB Storage,13 MP Rear Camera,8 MP Front Camera,3260 mAh,6.22 inches (15.8 cm) | IPS LCD,,"₹6,999"
Honor 10 Lite 6GB RAM,HiSilicon Kirin,6 GB RAM | 64 GB Storage,13 MP + 2 MP Rear Camera,24 MP Front Camera,3400 mAh,6.21 inches (15.77 cm) | IPS LCD,,"₹18,999"
Mobiistar X1 Notch,MediaTek Helio A22,2 GB RAM | 16 GB Storage,13 MP Rear Camera,13 MP Front Camera,3020 mAh,5.7 inches (14.48 cm) | IPS LCD,,"₹5,181"
Kenxinda W55,Spreadtrum SC9832A,1 GB RAM | 8 GB Storage,8 MP Rear Camera,5 MP Front Camera,2500 mAh,5.5 inches (13.97 cm) | IPS LCD,,"₹4,299"
Kechao K55 Plus,,,0.3 MP Rear Camera,,400 mAh,1.77 inches (4.5 cm) | TFT,,"₹1,499"
Alcatel 3X,MediaTek MT6739,3 GB RAM | 32 GB Storage,13 MP + 5 MP Rear Camera,5 MP Front Camera,3000 mAh,5.7 inches (14.48 cm) | IPS LCD,,"₹9,999"
Karbonn KX1,,,0.3 MP Rear Camera,,800 mAh | 2.96W,1.8 inches (4.57 cm) | TFT,,₹798
Karbonn KX2,,,0.3 MP Rear Camera,,1000 mAh,1.8 inches (4.57 cm) | TFT,,₹899
Micromax Infinity N12,MediaTek Helio P22,3 GB RAM | 32 GB Storage,13 MP + 5 MP Rear Camera,16 MP Front Camera,4000 mAh,6.19 inches (15.72 cm) | IPS LCD,,"₹14,999"
Asus Zenfone Max M2,Snapdragon 632,3 GB RAM | 32 GB Storage,13 MP + 2 MP Rear Camera,8 MP Front Camera,4000 mAh,6.26 inches (15.9 cm) | IPS LCD,,"₹12,999"
Nokia 8.1,Snapdragon 710,4 GB RAM | 64 GB Storage,12 MP + 13 MP Rear Camera,20 MP Front Camera,3500 mAh | 18W Fast Charging,6.18 inches (15.7 cm) | IPS LCD,,"₹28,831"
Asus Zenfone Max M2 64GB,Snapdragon 632,4 GB RAM | 64 GB Storage,13 MP + 2 MP Rear Camera,8 MP Front Camera,4000 mAh,6.26 inches (15.9 cm) | IPS LCD,,"₹14,999"
Lava Z81 16GB,MediaTek Helio A22,2 GB RAM | 16 GB Storage,13 MP Rear Camera,13 MP Front Camera,3000 mAh,5.7 inches (14.48 cm) | IPS LCD,,"₹9,500"
Asus Zenfone Max Pro M2,Snapdragon 660,3 GB RAM | 32 GB Storage,12 MP + 5 MP Rear Camera,13 MP Front Camera,5000 mAh,6.26 inches (15.9 cm) | IPS LCD,,"₹15,999"
Asus Zenfone Max Pro M2 64GB,Snapdragon 660,4 GB RAM | 64 GB Storage,12 MP + 5 MP Rear Camera,13 MP Front Camera,5000 mAh,6.26 inches (15.9 cm) | IPS LCD,,"₹17,999"
Asus Zenfone Max Pro M2 6GB RAM,Snapdragon 660,6 GB RAM | 64 GB Storage,12 MP + 5 MP Rear Camera,13 MP Front Camera,5000 mAh,6.26 inches (15.9 cm) | IPS LCD,,"₹19,999"
OnePlus 6T McLaren Edition,Snapdragon 845,10 GB RAM | 256 GB Storage,16 MP + 20 MP Rear Camera,16 MP Front Camera,3700 mAh Warp Charging,6.41 inches (16.28 cm) | Optic AMOLED,,"₹49,999"
Karbonn K5 Plus,,,0.3 MP Rear Camera,,1750 mAh | 6.4W,1.8 inches (4.57 cm) | TFT,,₹999
Honor 8C 64GB,Snapdragon 632,4 GB RAM | 64 GB Storage,13 MP + 2 MP Rear Camera,8 MP Front Camera,4000 mAh,6.26 inches (15.9 cm) | IPS LCD,,"₹14,999"
Infinix Note 5 Stylus,MediaTek MT6763T,4 GB RAM | 64 GB Storage,16 MP Rear Camera,16 MP Front Camera,4000 mAh Fast Charging,5.93 inches (15.06 cm) | IPS LCD,,"₹16,999"
Kenxinda W50,Spreadtrum SC9832A,1 GB RAM | 8 GB Storage,8 MP Rear Camera,5 MP Front Camera,2100 mAh,5.0 inches (12.7 cm) | IPS LCD,,"₹4,099"
Easyfone Amico,,,0.3 MP Rear Camera,,1000 mAh,2.2 inches (5.59 cm) | TFT,,"₹2,349"
Honor 8X 128GB,HiSilicon Kirin,6 GB RAM | 128 GB Storage,20 MP + 2 MP Rear Camera,16 MP Front Camera,3750 mAh,6.5 inches (16.51 cm) | IPS LCD,,"₹15,999"
Xiaomi Redmi Note 6 Pro 6GB RAM,Snapdragon 636,6 GB RAM | 64 GB Storage,12 MP + 5 MP Rear Camera,20 MP + 2 MP Front Camera,4000 mAh Quick Charging,6.26 inches (15.9 cm) | IPS LCD,,"₹8,882"
Jivi X93 Grand,,,0.3 MP Rear Camera,,2750 mAh,1.8 inches (4.57 cm) | TFT,,"₹1,099"
LG Q Stylus,MediaTek MT6750,3 GB RAM | 32 GB Storage,16 MP Rear Camera,8 MP Front Camera,3300 mAh Fast Charging,6.2 inches (15.75 cm) | IPS LCD,,"₹20,000"
Itel it2162,,,0.3 MP Rear Camera,,1000 mAh,1.8 inches (4.57 cm) | TFT,,₹929
Panasonic Eluga Z1,MediaTek Helio P22,3 GB RAM | 32 GB Storage,13 MP + 2 MP Rear Camera,8 MP Front Camera,4000 mAh,6.19 inches (15.72 cm) | IPS LCD,,"₹10,990"
Lenovo A5 32GB,MediaTek MT6739,3 GB RAM | 32 GB Storage,13 MP Rear Camera,8 MP Front Camera,4000 mAh,5.45 inches (13.84 cm) | IPS LCD,,"₹7,999"
OnePlus 6T 8GB RAM,Snapdragon 845,8 GB RAM | 128 GB Storage,16 MP + 20 MP Rear Camera,16 MP Front Camera,3700 mAh Dash Charging,6.41 inches (16.28 cm) | Optic AMOLED,"AnTuTu Score 406,086","₹31,900"
Infinix Hot S3X,Snapdragon 430,3 GB RAM | 32 GB Storage,13 MP + 2 MP Rear Camera,16 MP Front Camera,4000 mAh,6.2 inches (15.75 cm) | IPS LCD,,"₹10,999"
Xiaomi Mi A2 128GB,Snapdragon 660,6 GB RAM | 128 GB Storage,12 MP + 20 MP Rear Camera,20 MP Front Camera,3010 mAh Quick Charging,5.99 inches (15.21 cm) | IPS LCD,,"₹10,259"
Lava A1,,,0.3 MP Rear Camera,,800 mAh | 1W,1.8 inches (4.57 cm) | TFT,,₹899
Micromax Spark Go,Unisoc SC9832E,1 GB RAM | 8 GB Storage,5 MP Rear Camera,2 MP Front Camera,2000 mAh,5.0 inches (12.7 cm) | IPS LCD,,"₹4,999"
Asus Zenfone Max M1,Snapdragon 430,3 GB RAM | 32 GB Storage,13 MP Rear Camera,8 MP Front Camera,4000 mAh Fast Charging,5.45 inches (13.84 cm) | IPS LCD,,"₹9,599"
Asus Zenfone Lite L1,Snapdragon 430,2 GB RAM | 16 GB Storage,13 MP Rear Camera,5 MP Front Camera,3000 mAh,5.45 inches (13.84 cm) | IPS LCD,,"₹7,199"
Karbonn Kphone 7,,,0.3 MP Rear Camera,,800 mAh,2.4 inches (6.1 cm) | TFT,,"₹1,060"
Kenxinda P1,,,0.3 MP Rear Camera,,1000 mAh,1.8 inches (4.57 cm) | TFT,,₹699
MU Phone M290,,,0.3 MP Rear Camera,,700 mAh,2.4 inches (6.1 cm) | TFT,,"₹1,083"
realme 2 Pro 6GB RAM,Snapdragon 660,6 GB RAM | 64 GB Storage,16 MP + 2 MP Rear Camera,16 MP Front Camera,3500 mAh,6.3 inches (16 cm) | IPS LCD,,"₹15,990"
realme 2 Pro 128GB,Snapdragon 660,8 GB RAM | 128 GB Storage,16 MP + 2 MP Rear Camera,16 MP Front Camera,3500 mAh,6.3 inches (16 cm) | IPS LCD,,"₹17,990"
Panasonic Eluga Ray 530,MediaTek MT6739,3 GB RAM | 32 GB Storage,13 MP Rear Camera,5 MP Front Camera,3000 mAh,5.7 inches (14.48 cm) | IPS LCD,,"₹8,999"
VOTO V12,Spreadtrum SC9832A,2 GB RAM | 16 GB Storage,13 MP Rear Camera,8 MP Front Camera,3000 mAh,5 inches (12.7 cm) | IPS LCD,,"₹4,444"
Nokia 5.1 Plus (Nokia X5),MediaTek Helio P60,3 GB RAM | 32 GB Storage,13 MP + 5 MP Rear Camera,8 MP Front Camera,3060 mAh Fast Charging,5.86 inches (14.88 cm) | IPS LCD,,"₹12,999"
Apple iPhone XS 256GB,Apple A12 Bionic,4 GB RAM | 256 GB Storage,12 MP + 12 MP Rear Camera,7 MP Front Camera,2658 mAh Fast Charging,5.8 inches (14.73 cm) | OLED,"AnTuTu Score 433,713","₹103,900"
Apple iPhone XS 512GB,Apple A12 Bionic,4 GB RAM | 512 GB Storage,12 MP + 12 MP Rear Camera,7 MP Front Camera,2658 mAh Fast Charging,5.8 inches (14.73 cm) | OLED,"AnTuTu Score 433,713","₹134,900"
Apple iPhone XS Max 256GB,Apple A12 Bionic,4 GB RAM | 256 GB Storage,12 MP + 12 MP Rear Camera,7 MP Front Camera,3174 mAh Fast Charging,6.5 inches (16.51 cm) | OLED,"AnTuTu Score 447,893","₹124,900"
Apple iPhone XS Max 512GB,Apple A12 Bionic,4 GB RAM | 512 GB Storage,12 MP + 12 MP Rear Camera,7 MP Front Camera,3174 mAh Fast Charging,6.5 inches (16.51 cm) | OLED,"AnTuTu Score 447,893","₹144,900"
Jivi Banana 6,,,0.3 MP Rear Camera,,1000 mAh | 3.7W,2.4 inches (6.1 cm) | TFT,,"₹1,125"
Samsung Galaxy J4 Plus,Snapdragon 425,2 GB RAM | 32 GB Storage,13 MP Rear Camera,5 MP Front Camera,3300 mAh,6.0 inches (15.24 cm) | IPS LCD,,"₹9,000"
Honor 7S (Play 7),MediaTek MT6739,2 GB RAM | 16 GB Storage,13 MP Rear Camera,5 MP Front Camera,3020 mAh,5.45 inches (13.84 cm) | IPS LCD,,"₹7,999"
Karbonn K Selfie,,,0.3 MP Rear Camera,0.3 MP Front Camera,1200 mAh,2.8 inches (7.11 cm) | TFT,,"₹1,499"
Lava Z61 2GB RAM,MediaTek MT6739,2 GB RAM | 16 GB Storage,8 MP Rear Camera,5 MP Front Camera,3000 mAh Fast Charging,5.45 inches (13.84 cm) | IPS LCD,,"₹5,499"
Tork T24 Smart,,,0.3 MP Rear Camera,,1800 mAh,2.4 inches (6.1 cm) | TFT,,₹950
Karbonn K99 Pro,,,0.3 MP Rear Camera,,3000 mAh,2.4 inches (6.1 cm) | TFT,,"₹1,449"
Yu Ace 32GB,MediaTek MT6739,3 GB RAM | 32 GB Storage,13 MP Rear Camera,5 MP Front Camera,4000 mAh,5.45 inches (13.84 cm) | IPS LCD,,"₹8,999"
realme 2 64GB,Snapdragon 450,4 GB RAM | 64 GB Storage,13 MP + 2 MP Rear Camera,8 MP Front Camera,4230 mAh,6.2 inches (15.75 cm) | IPS LCD,,"₹9,990"
Infinix Note 5,MediaTek MT6763T,3 GB RAM | 32 GB Storage,12 MP Rear Camera,16 MP Front Camera,4500 mAh Fast Charging,5.99 inches (15.21 cm) | IPS LCD,,"₹10,999"
Infinix Note 5 64GB,MediaTek MT6763T,4 GB RAM | 64 GB Storage,12 MP Rear Camera,16 MP Front Camera,4500 mAh Fast Charging,5.99 inches (15.21 cm) | IPS LCD,,"₹12,999"
POCO F1 Armoured Edition,Snapdragon 845,8 GB RAM | 256 GB Storage,12 MP + 5 MP Rear Camera,20 MP Front Camera,4000 mAh Quick Charging,6.18 inches (15.7 cm) | IPS LCD,"AnTuTu Score 267,207","₹30,990"
vivo Y83 Pro,MediaTek Helio P22,4 GB RAM | 64 GB Storage,13 MP + 2 MP Rear Camera,8 MP Front Camera,3260 mAh,6.22 inches (15.8 cm) | IPS LCD,,"₹16,990"
Xiaomi Mi A2 (Mi 6X),Snapdragon 660,4 GB RAM | 64 GB Storage,12 MP + 20 MP Rear Camera,20 MP Front Camera,3010 mAh Quick Charging,5.99 inches (15.21 cm) | IPS LCD,,"₹8,399"
Nokia 2.1,Snapdragon 425,1 GB RAM | 8 GB Storage,8 MP Rear Camera,5 MP Front Camera,4000 mAh,5.5 inches (13.97 cm) | IPS LCD,,"₹6,891"
Infinix Smart 2,MediaTek MT6739,2 GB RAM | 16 GB Storage,13 MP Rear Camera,8 MP Front Camera,3050 mAh,5.45 inches (13.84 cm) | IPS LCD,,"₹6,999"
Infinix Smart 2 32GB,MediaTek MT6739,3 GB RAM | 32 GB Storage,13 MP Rear Camera,8 MP Front Camera,3050 mAh,5.45 inches (13.84 cm) | IPS LCD,,"₹7,999"
Honor Play,HiSilicon Kirin,4 GB RAM | 64 GB Storage,16 MP + 2 MP Rear Camera,16 MP Front Camera,3750 mAh Fast Charging,6.3 inches (16 cm) | IPS LCD,,"₹21,999"
Celkon Selfie Plus,,,1.3 MP Rear Camera,,1700 mAh,1.8 inches (4.57 cm) | TFT,,"₹1,199"
Mobiistar X1 Dual,MediaTek MT6737,3 GB RAM | 32 GB Storage,13 MP Rear Camera,13 MP + 8 MP Front Camera,3000 mAh,5.7 inches (14.48 cm) | IPS LCD,,"₹8,199"
Mobiistar C1 Lite,MediaTek MT6739,1 GB RAM | 8 GB Storage,5 MP Rear Camera,5 MP Front Camera,2700 mAh,5.34 inches (13.56 cm) | TFT,,"₹5,498"
Mobiistar C1,MediaTek MT6739,2 GB RAM | 16 GB Storage,5 MP Rear Camera,8 MP Front Camera,3000 mAh,5.34 inches (13.56 cm) | TFT,,"₹4,160"
Mobiistar E1 Selfie,MediaTek MT6739,3 GB RAM | 32 GB Storage,13 MP Rear Camera,13 MP Front Camera,3000 mAh,5.45 inches (13.84 cm) | IPS LCD,,"₹6,790"
Honor 9N 64GB,HiSilicon Kirin,4 GB RAM | 64 GB Storage,13 MP + 2 MP Rear Camera,16 MP Front Camera,3000 mAh,5.84 inches (14.83 cm) | IPS LCD,,"₹15,999"
Honor 9N 128GB,HiSilicon Kirin,4 GB RAM | 128 GB Storage,13 MP + 2 MP Rear Camera,16 MP Front Camera,3000 mAh,5.84 inches (14.83 cm) | IPS LCD,,"₹19,999"
Asus Zenfone 5Z 256GB,Snapdragon 845,8 GB RAM | 256 GB Storage,12 MP + 8 MP Rear Camera,8 MP Front Camera,3300 mAh Quick Charging,6.2 inches (15.75 cm) | IPS LCD,,"₹43,999"
Kenxinda K19,,,0.3 MP Rear Camera,,1000 mAh,1.8 inches (4.57 cm) | TFT,,₹599
Lava Z61,MediaTek MT6739,1 GB RAM | 16 GB Storage,8 MP Rear Camera,5 MP Front Camera,3000 mAh Fast Charging,5.45 inches (13.84 cm) | IPS LCD,,"₹6,500"
Asus Zenfone 5Z 128GB,Snapdragon 845,6 GB RAM | 128 GB Storage,12 MP + 8 MP Rear Camera,8 MP Front Camera,3300 mAh Quick Charging,6.2 inches (15.75 cm) | IPS LCD,,"₹36,299"
Dazen 6A,MediaTek MT6737,3 GB RAM | 32 GB Storage,13 MP + 0.3 MP Rear Camera,5 MP Front Camera,3000 mAh,5.7 inches (14.48 cm) | IPS LCD,,"₹6,200"
ANEE Rodeo,,,0.3 MP Rear Camera,,2000 mAh,2.4 inches (6.1 cm) | TFT,,"₹1,249"
Samsung Galaxy On6,Samsung Exynos 7 Quad 7870,4 GB RAM | 64 GB Storage,13 MP Rear Camera,8 MP Front Camera,3000 mAh,5.6 inches (14.22 cm) | Super AMOLED,,"₹17,600"
Intex Turbo i7 Pro,,,0.3 MP Rear Camera,,1500 mAh,2.4 inches (6.1 cm) | TFT,,"₹1,450"
Kechao K10,,,,,300 mAh,0.66 inches (1.68 cm) | TFT,,"₹1,050"
Honor 7C 64GB,Snapdragon 450,4 GB RAM | 64 GB Storage,13 MP + 2 MP Rear Camera,8 MP Front Camera,3000 mAh,5.99 inches (15.21 cm) | IPS LCD,,"₹14,999"
realme 1 64GB,MediaTek Helio P60,4 GB RAM | 64 GB Storage,13 MP Rear Camera,8 MP Front Camera,3410 mAh,6.0 inches (15.24 cm) | IPS LCD,,"₹10,799"
Xiaomi Redmi Y2 64GB,Snapdragon 625,4 GB RAM | 64 GB Storage,12 MP + 5 MP Rear Camera,16 MP Front Camera,3080 mAh,5.99 inches (15.21 cm) | IPS LCD,,"₹13,499"
Samsung Galaxy J6 64GB,Samsung Exynos 7 Octa 7870,4 GB RAM | 64 GB Storage,13 MP Rear Camera,8 MP Front Camera,3000 mAh,5.6 inches (14.22 cm) | Super AMOLED,"AnTuTu Score 68,465","₹12,900"
Tork T3,,,0.3 MP Rear Camera,,2500 mAh,1.77 inches (4.5 cm) | TFT,,₹899
vivo X21,Snapdragon 660,6 GB RAM | 128 GB Storage,12 MP + 5 MP Rear Camera,12 MP Front Camera,3200 mAh Fast Charging,6.28 inches (15.95 cm) | Super AMOLED,,"₹36,990"
Honor 7A,Snapdragon 430,3 GB RAM | 32 GB Storage,13 MP + 2 MP Rear Camera,8 MP Front Camera,3000 mAh,5.7 inches (14.48 cm) | IPS LCD,,"₹10,499"
Mafe Blade,,,1.3 MP Rear Camera,,1800 mAh,2.4 inches (6.1 cm) | TFT,,₹888
ANEE Pride,,,0.3 MP Rear Camera,,1000 mAh,1.8 inches (4.57 cm) | TFT,,₹899
Easyfone Grand,,,2 MP Rear Camera,,1050 mAh,2.3 inches (5.84 cm) | TFT,,"₹4,990"
Tork T1,,,0.3 MP Rear Camera,0.3 MP Front Camera,1000 mAh,1.77 inches (4.5 cm) | TFT,,₹803
Karbonn Aura Power,,1 GB RAM | 8 GB Storage,8 MP Rear Camera,5 MP Front Camera,4000 mAh,5 inches (12.7 cm) | TFT,,"₹4,999"
Mafe Raga,,,0.3 MP Rear Camera,,1050 mAh,2.4 inches (6.1 cm) | TFT,,₹709
Honor 10,HiSilicon Kirin,6 GB RAM | 128 GB Storage,16 MP + 24 MP Rear Camera,24 MP Front Camera,3400 mAh Fast Charging,5.84 inches (14.83 cm) | IPS LCD,,"₹35,999"
Itel A44 Pro,MediaTek MT6737,2 GB RAM | 16 GB Storage,8 MP Rear Camera,5 MP Front Camera,2400 mAh,5.45 inches (13.84 cm) | IPS LCD,,"₹3,999"
Intex Eco Selfie 2,,,0.3 MP Rear Camera,0.3 MP Front Camera,800 mAh,1.8 inches (4.57 cm) | TFT,,"₹1,170"
Intex Aqua Lions T1 Plus,Spreadtrum SC9850,2 GB RAM | 16 GB Storage,8 MP Rear Camera,8 MP + 2 MP Front Camera,2400 mAh,5.0 inches (12.7 cm) | IPS LCD,,"₹8,499"
Asus Zenfone Max Pro M1,Snapdragon 636,3 GB RAM | 32 GB Storage,13 MP + 5 MP Rear Camera,8 MP Front Camera,5000 mAh | 10W Fast Charging,5.99 inches (15.21 cm) | IPS LCD,,"₹13,199"
Asus Zenfone Max Pro M1 64GB,Snapdragon 636,4 GB RAM | 64 GB Storage,13 MP + 5 MP Rear Camera,8 MP Front Camera,5000 mAh | 10W Fast Charging,5.99 inches (15.21 cm) | IPS LCD,,"₹15,599"
Karbonn K888 Metal,,,0.3 MP Rear Camera,0.3 MP Front Camera,3000 mAh,2.8 inches (7.11 cm) | TFT,,"₹1,339"
SSKY K3,,,1.3 MP Rear Camera,,1000 mAh,1.8 inches (4.57 cm) | TFT,,₹699
Coolpad Note 6 64GB,Snapdragon 435,4 GB RAM | 64 GB Storage,13 MP Rear Camera,8 MP + 5 MP Front Camera,4070 mAh,5.5 inches (13.97 cm) | IPS LCD,,"₹8,825"
Gionee F205,MediaTek MT6739,2 GB RAM | 16 GB Storage,8 MP Rear Camera,5 MP Front Camera,2670 mAh,5.45 inches (13.84 cm) | IPS LCD,,"₹8,479"
Karbonn K19 Rock,,,0.3 MP Rear Camera,,1750 mAh | 2W,1.8 inches (4.57 cm) | TFT,,"₹1,090"
Celkon CliQ 2,,3 GB RAM | 32 GB Storage,16 MP Rear Camera,8 MP Front Camera,3000 mAh,5.0 inches (12.7 cm) | IPS LCD,,"₹8,185"
Kechao K77,,,0.3 MP Rear Camera,,1700 mAh,2.4 inches (6.1 cm) | TFT,,"₹1,040"
Lava Z91,MediaTek MT6739,3 GB RAM | 32 GB Storage,13 MP Rear Camera,8 MP Front Camera,3000 mAh,5.7 inches (14.48 cm) | IPS LCD,,"₹12,499"
Reach Champ i3,,,0.3 MP Rear Camera,,1500 mAh,1.8 inches (4.57 cm) | TFT,,₹700
Kechao A7,,,0.3 MP Rear Camera,,1000 mAh,2.8 inches (7.11 cm) | TFT,,"₹1,499"
Kechao K88,,,0.3 MP Rear Camera,,1700 mAh,2.4 inches (6.1 cm) | TFT,,"₹1,280"
Panasonic Eluga Ray 550,MediaTek MT6737,3 GB RAM | 32 GB Storage,13 MP Rear Camera,8 MP Front Camera,3250 mAh,5.7 inches (14.48 cm) | IPS LCD,,"₹9,990"
Itel S42,Snapdragon 425,3 GB RAM | 16 GB Storage,13 MP Rear Camera,13 MP Front Camera,3000 mAh,5.65 inches (14.35 cm) | IPS LCD,,"₹6,499"
Xiaomi Redmi 5 64GB,Snapdragon 450,4 GB RAM | 64 GB Storage,12 MP Rear Camera,5 MP Front Camera,3300 mAh,5.7 inches (14.48 cm) | IPS LCD,,"₹8,486"
Xiaomi Redmi 5 32GB,Snapdragon 450,3 GB RAM | 32 GB Storage,12 MP Rear Camera,5 MP Front Camera,3300 mAh,5.7 inches (14.48 cm) | IPS LCD,,"₹11,990"
Micromax Bharat 5 Pro,MediaTek MT6737,3 GB RAM | 32 GB Storage,13 MP Rear Camera,5 MP Front Camera,5000 mAh,5.2 inches (13.21 cm) | IPS LCD,,"₹10,999"
Lephone W9,,1 GB RAM | 8 GB Storage,5 MP Rear Camera,2 MP Front Camera,2500 mAh,5.5 inches (13.97 cm) | IPS LCD,,"₹4,474"
Xiaomi Redmi Note 5 Pro 6GB RAM,Snapdragon 636,6 GB RAM | 64 GB Storage,12 MP + 5 MP Rear Camera,20 MP Front Camera,4000 mAh Quick Charging,5.99 inches (15.21 cm) | IPS LCD,,"₹8,999"
SSKY S700,,,1.3 MP Rear Camera,,1800 mAh,2.4 inches (6.1 cm) | TFT,,₹650
SSKY S70,,,1.3 MP Rear Camera,,2500 mAh,2.8 inches (7.11 cm) | TFT,,₹749
Infinix Hot S3,Snapdragon 430,3 GB RAM | 32 GB Storage,13 MP Rear Camera,20 MP Front Camera,4000 mAh,5.65 inches (14.35 cm) | IPS LCD,,"₹9,999"
Panasonic P100,MediaTek MT6737,1 GB RAM | 16 GB Storage,8 MP Rear Camera,5 MP Front Camera,2200 mAh,5.0 inches (12.7 cm) | IPS LCD,,"₹5,299"
Panasonic P100 2GB RAM,MediaTek MT6737,2 GB RAM | 16 GB Storage,8 MP Rear Camera,5 MP Front Camera,2200 mAh,5.0 inches (12.7 cm) | IPS LCD,,"₹5,999"
Celkon C410,,,1.3 MP Rear Camera,,1000 mAh,2.4 inches (6.1 cm) | TFT,,"₹1,249"
Honor 9 Lite 64GB,HiSilicon Kirin,4 GB RAM | 64 GB Storage,13 MP + 2 MP Rear Camera,13 MP + 2 MP Front Camera,3000 mAh,5.65 inches (14.35 cm) | IPS LCD,,"₹15,990"
Smartron t.phone P,Snapdragon 435,3 GB RAM | 32 GB Storage,13 MP Rear Camera,5 MP Front Camera,5000 mAh,5.2 inches (13.21 cm) | IPS LCD,,"₹7,999"
Zen Z28,,32 MB RAM | 32 MB Storage,1.3 MP Rear Camera,0.3 MP Front Camera,1800 mAh,2.8 inches (7.11 cm) | TFT,,"₹1,549"
Intex Eco i11,,34.5 KB Storage,0.3 MP Rear Camera,,800 mAh | 4W,1.8 inches (4.57 cm) | TFT,,₹910
Karbonn K9 Kavach 4G 16GB,MediaTek MT6737M,2 GB RAM | 16 GB Storage,5 MP Rear Camera,5 MP Front Camera,2300 mAh,5.0 inches (12.7 cm) | IPS LCD,,"₹7,490"
Zen Atom 103 Plus,,32 MB RAM | 32 MB Storage,1.3 MP Rear Camera,,800 mAh,1.8 inches (4.57 cm) | TFT,,₹787
VOTO V2,Spreadtrum SC9832A,2 GB RAM | 16 GB Storage,13 MP Rear Camera,8 MP Front Camera,3000 mAh,5.0 inches (12.7 cm) | IPS LCD,,"₹4,444"
Intex Ultra Magic,,,0.3 MP Rear Camera,,1800 mAh,2.8 inches (7.11 cm) | TFT,,"₹1,249"
Panasonic Eluga I9,MediaTek MT6737,3 GB RAM | 32 GB Storage,13 MP Rear Camera,5 MP Front Camera,2500 mAh,5.0 inches (12.7 cm) | IPS LCD,,"₹11,990"
Salora KT24 Plus Vishaal,,,0.3 MP Rear Camera,,2700 mAh,2.4 inches (6.1 cm) | TFT,,₹986
Micromax X1i Power,,,0.3 MP Rear Camera,0.3 MP Front Camera,1750 mAh | 9W,2.4 inches (6.1 cm) | TFT,,"₹1,099"
Honor 7X,HiSilicon Kirin,4 GB RAM | 32 GB Storage,16 MP + 2 MP Rear Camera,8 MP Front Camera,3340 mAh,5.93 inches (15.06 cm) | IPS LCD,,"₹14,500"
Xiaomi Redmi 5A 32GB,Snapdragon 425,3 GB RAM | 32 GB Storage,13 MP Rear Camera,5 MP Front Camera,3000 mAh,5.0 inches (12.7 cm) | IPS LCD,,"₹6,999"
Intex Aqua Lions N1,MediaTek MT6737V,1 GB RAM | 8 GB Storage,2 MP Rear Camera,0.3 MP Front Camera,1400 mAh,4.0 inches (10.16 cm) | TFT,,"₹3,199"
Lava Spark i8,,,1.3 MP Rear Camera,,1200 mAh | 3.7W,2.8 inches (7.11 cm) | TFT,,"₹1,899"
Micromax Spark 4G Prime,MediaTek MT6737,2 GB RAM | 16 GB Storage,8 MP Rear Camera,5 MP Front Camera,2500 mAh,5.0 inches (12.7 cm) | TFT,,"₹5,299"
Ziox Duopix F1,Spreadtrum SC9850,2 GB RAM | 16 GB Storage,8 MP Rear Camera,8 MP + 2 MP Front Camera,2500 mAh Fast Charging,5.0 inches (12.7 cm) | IPS LCD,,"₹4,199"
Gionee M7 Power,Snapdragon 435,4 GB RAM | 64 GB Storage,13 MP Rear Camera,8 MP Front Camera,5000 mAh Fast Charging,6.0 inches (15.24 cm) | IPS LCD,,"₹11,900"
Intex Aqua Lions X1 Plus,MediaTek MT6737,3 GB RAM | 32 GB Storage,13 MP Rear Camera,5 MP Front Camera,2800 mAh,5.2 inches (13.21 cm) | IPS LCD,,"₹6,199"
Meizu M3 Note 16GB,MediaTek MT6755,2 GB RAM | 16 GB Storage,13 MP Rear Camera,5 MP Front Camera,4100 mAh,5.5 inches (13.97 cm) | IPS LCD,,"₹10,299"
Coolpad Note 5 Lite 32GB,MediaTek MT6735CP,3 GB RAM | 32 GB Storage,13 MP Rear Camera,8 MP Front Camera,2500 mAh,5.0 inches (12.7 cm) | IPS LCD,,"₹7,998"
Karbonn K99 Rock,,,1.3 MP Rear Camera,,3000 mAh | 4.9W,2.8 inches (7.11 cm) | TFT,,"₹1,049"
Moto X4,Snapdragon 630,3 GB RAM | 32 GB Storage,12 MP + 8 MP Rear Camera,16 MP Front Camera,3000 mAh Turbo Power Charging,5.2 inches (13.21 cm) | IPS LCD,,"₹21,999"
Celkon Smart 4G,,1 GB RAM | 8 GB Storage,3.2 MP Rear Camera,2 MP Front Camera,1500 mAh,4.0 inches (10.16 cm) | TFT,,"₹4,343"
Xiaomi Redmi Y1 32GB,Snapdragon 435,3 GB RAM | 32 GB Storage,13 MP Rear Camera,16 MP Front Camera,3080 mAh,5.5 inches (13.97 cm) | IPS LCD,,"₹8,468"
Black Bear i7 Trio,,,0.8 MP Rear Camera,,1550 mAh,2.0 inches (5.08 cm) | TFT,,"₹1,799"
Karbonn K49,,,0.3 MP Rear Camera,,1450 mAh,2.4 inches (6.1 cm) | TFT,,"₹1,290"
Peace P3,,,0.3 MP Rear Camera,,850 mAh,1.8 inches (4.57 cm) | TFT,,₹499
Nokia 5 3GB RAM,Snapdragon 430,3 GB RAM | 16 GB Storage,13 MP Rear Camera,8 MP Front Camera,3000 mAh,5.2 inches (13.21 cm) | IPS LCD,,"₹15,999"
Gfive G9,,,1.3 MP Rear Camera,0.3 MP Front Camera,3000 mAh,2.8 inches (7.11 cm) | TFT,,"₹1,499"
Apple iPhone X 256GB,Apple A11 Bionic,3 GB RAM | 256 GB Storage,12 MP + 12 MP Rear Camera,7 MP Front Camera,2716 mAh Fast Charging,5.8 inches (14.73 cm) | OLED,"AnTuTu Score 364,586","₹106,900"
Tork T27 Power,,,0.3 MP Rear Camera,,2500 mAh,2.4 inches (6.1 cm) | TFT,,₹999
LG K7i,,2 GB RAM | 16 GB Storage,8 MP Rear Camera,5 MP Front Camera,2500 mAh,5.0 inches (12.7 cm) | TFT,,"₹9,990"
Intex Eco Music,,,0.3 MP Rear Camera,,1000 mAh,1.8 inches (4.57 cm) | TFT,,₹890
Karbonn Titanium Jumbo,MediaTek MT6737M,2 GB RAM | 16 GB Storage,13 MP Rear Camera,8 MP Front Camera,4000 mAh,5 inches (12.7 cm) | IPS LCD,,"₹7,490"
Xiaomi Mi Mix 2 128GB,Snapdragon 835,6 GB RAM | 128 GB Storage,12 MP Rear Camera,5 MP Front Camera,3400 mAh Quick Charging,5.99 inches (15.21 cm) | IPS LCD,,"₹37,999"
Asus Zenfone Zoom ZX551ML 64GB,Intel Atom,4 GB RAM | 64 GB Storage,13 MP Rear Camera,5 MP Front Camera,3000 mAh,5.5 inches (13.97 cm) | IPS LCD,,"₹37,999"
Honor 9i,HiSilicon Kirin,4 GB RAM | 64 GB Storage,16 MP + 2 MP Rear Camera,13 MP + 2 MP Front Camera,3340 mAh,5.9 inches (14.99 cm) | IPS LCD,,"₹19,999"
XOLO Era 3,MediaTek MT6737,1 GB RAM | 8 GB Storage,5 MP Rear Camera,8 MP Front Camera,2500 mAh,5.0 inches (12.7 cm) | IPS LCD,,"₹5,999"
XOLO Era 2V,MediaTek MT6737,2 GB RAM | 16 GB Storage,8 MP Rear Camera,13 MP Front Camera,3000 mAh,5.0 inches (12.7 cm) | IPS LCD,,"₹7,499"
Itel it5040,,,0.3 MP Rear Camera,,1900 mAh,2.4 inches (6.1 cm) | TFT,,"₹1,490"
Micromax Dual 4,Snapdragon 435,4 GB RAM | 64 GB Storage,13 MP + 2 MP Rear Camera,13 MP Front Camera,2730 mAh,5.2 inches (13.21 cm) | IPS LCD,,"₹19,999"
Micromax X725,,32 MB RAM | 32 MB Storage,0.3 MP Rear Camera,0.3 MP Front Camera,,2.4 inches (6.1 cm) | TFT,,"₹1,494"
Alcatel U5 HD,MediaTek MT6737,2 GB RAM | 16 GB Storage,13 MP Rear Camera,8 MP Front Camera,2200 mAh,5.0 inches (12.7 cm) | IPS LCD,,"₹6,499"
Comio C2,MediaTek MT6737,2 GB RAM | 16 GB Storage,8 MP Rear Camera,8 MP Front Camera,4000 mAh,5.0 inches (12.7 cm) | IPS LCD,,"₹5,099"
Lava Z80,MediaTek MT6737,3 GB RAM | 16 GB Storage,8 MP Rear Camera,5 MP Front Camera,2500 mAh,5.0 inches (12.7 cm) | IPS LCD,,"₹9,999"
Panasonic P99,MediaTek MT6737,2 GB RAM | 16 GB Storage,8 MP Rear Camera,5 MP Front Camera,2000 mAh,5 inches (12.7 cm) | IPS LCD,,"₹8,990"
Lava Z60,MediaTek MT6737,1 GB RAM | 16 GB Storage,5 MP Rear Camera,5 MP Front Camera,2500 mAh,5.0 inches (12.7 cm) | IPS LCD,,"₹6,499"
MU Phone M370,,,0.3 MP Rear Camera,,700 mAh,1.4 inches (3.56 cm) | TFT,,"₹1,188"
InFocus Snap 4,MediaTek MT6750,4 GB RAM | 64 GB Storage,13 MP + 8 MP Rear Camera,8 MP + 8 MP Front Camera,3000 mAh,5.2 inches (13.21 cm) | IPS LCD,,"₹8,718"
Karbonn K49 Rock,,34 MB RAM | 64 MB Storage,0.1 MP Rear Camera,,1450 mAh,2.4 inches (6.1 cm) | TFT,,"₹1,050"
Asus Zenfone 4 Selfie,Snapdragon 430,4 GB RAM | 64 GB Storage,16 MP Rear Camera,20 MP + 8 MP Front Camera,3000 mAh,5.5 inches (13.97 cm) | IPS LCD,,"₹15,999"
Asus ZenFone 4 Selfie Pro,Snapdragon 625,4 GB RAM | 64 GB Storage,16 MP Rear Camera,24 MP + 5 MP Front Camera,3000 mAh Fast Charging,5.5 inches (13.97 cm) | AMOLED,,"₹25,999"
Asus ZenFone 4 Selfie ZB553KL,Snapdragon 430,3 GB RAM | 32 GB Storage,13 MP Rear Camera,13 MP Front Camera,3000 mAh,5.5 inches (13.97 cm) | IPS LCD,,"₹10,999"
Karbonn K9 Smart Grand,,1 GB RAM | 8 GB Storage,8 MP Rear Camera,5 MP Front Camera,2300 mAh,5.2 inches (13.21 cm) | TFT,,"₹4,899"
Panasonic Eluga Ray 700,MediaTek MT6753,3 GB RAM | 32 GB Storage,13 MP Rear Camera,13 MP Front Camera,5000 mAh,5.5 inches (13.97 cm) | IPS LCD,,"₹13,990"
LG Q6 Plus,Snapdragon 435,4 GB RAM | 64 GB Storage,13 MP Rear Camera,5 MP Front Camera,3000 mAh,5.5 inches (13.97 cm) | IPS LCD,,"₹19,990"
Karbonn K9 Smart Eco,Spreadtrum SC7731G,1 GB RAM | 8 GB Storage,2 MP Rear Camera,2 MP Front Camera,2300 mAh,5.0 inches (12.7 cm) | TFT,,"₹3,450"
Celkon UFeel 4G 16GB,Spreadtrum SC9832A,2 GB RAM | 16 GB Storage,8 MP Rear Camera,5 MP Front Camera,2500 mAh,5.0 inches (12.7 cm) | IPS LCD,,"₹5,999"
Karbonn A1 Indian,,1 GB RAM | 8 GB Storage,3.2 MP Rear Camera,2 MP Front Camera,1500 mAh,4 inches (10.16 cm) | TFT,,"₹3,499"
MU Phone M360,,,0.3 MP Rear Camera,,800 mAh,1.4 inches (3.56 cm) | TFT,,₹899
Maxking M5,,,0.3 MP Rear Camera,,,2.4 inches (6.1 cm) | TFT,,₹999
Detel D1,,,,,650 mAh,1.4 inches (3.56 cm) | TFT,,₹399
Mafe Lite,,,0.3 MP Rear Camera,,1050 mAh,1.8 inches (4.57 cm) | TFT,,₹745
Jivi X57i Selfie,,,0.3 MP Rear Camera,0.3 MP Front Camera,1000 mAh,1.8 inches (4.57 cm) | TFT,,"₹1,028"
Jivi N201 Selfie,,,1.3 MP Rear Camera,0.3 MP Front Camera,800 mAh,2.4 inches (6.1 cm) | TFT,,"₹1,010"
Xiaomi Redmi 4A 32GB,Snapdragon 425,3 GB RAM | 32 GB Storage,13 MP Rear Camera,5 MP Front Camera,3120 mAh,5.0 inches (12.7 cm) | IPS LCD,,"₹6,999"
Panasonic P77 16GB,MediaTek MT6735P,1 GB RAM | 16 GB Storage,8 MP Rear Camera,2 MP Front Camera,2000 mAh,5.0 inches (12.7 cm) | IPS LCD,,"₹6,990"
Karbonn K31,,,0.3 MP Rear Camera,,1800 mAh,2.4 inches (6.1 cm) | TFT,,₹999
Karbonn K3 Boom Max,,,0.3 MP Rear Camera,,1800 mAh,2.4 inches (6.1 cm) | TFT,,"₹1,390"
Nokia 6,Snapdragon 430,3 GB RAM | 32 GB Storage,16 MP Rear Camera,8 MP Front Camera,3000 mAh,5.5 inches (13.97 cm) | IPS LCD,,"₹15,999"
LG K8 2017,MediaTek MT6735,2 GB RAM | 16 GB Storage,13 MP Rear Camera,5 MP Front Camera,2500 mAh,5.0 inches (12.7 cm) | IPS LCD,,"₹8,999"
Panasonic Eluga I2 Activ,MediaTek MT6737,1 GB RAM | 16 GB Storage,8 MP Rear Camera,5 MP Front Camera,2200 mAh,5.0 inches (12.7 cm) | IPS LCD,,"₹7,490"
Panasonic Eluga I2 Activ 2GB RAM,MediaTek MT6737,2 GB RAM | 16 GB Storage,8 MP Rear Camera,5 MP Front Camera,2200 mAh,5.0 inches (12.7 cm) | IPS LCD,,"₹8,490"
Karbonn K9 Smart Yuva,,1 GB RAM | 8 GB Storage,5 MP Rear Camera,2 MP Front Camera,2300 mAh,4.5 inches (11.43 cm) | TFT,,"₹5,043"
Gionee X1,MediaTek MT6737,2 GB RAM | 16 GB Storage,8 MP Rear Camera,8 MP Front Camera,3000 mAh,5.0 inches (12.7 cm) | IPS LCD,,"₹7,100"
Lenovo K8 Note,MediaTek MT6797D,4 GB RAM | 64 GB Storage,13 MP + 5 MP Rear Camera,13 MP Front Camera,4000 mAh Turbo Charging,5.5 inches (13.97 cm) | IPS LCD,,"₹8,499"
Asus Zenfone Zoom S,Snapdragon 625,4 GB RAM | 64 GB Storage,12 MP + 12 MP Rear Camera,13 MP Front Camera,5000 mAh Fast Charging,5.5 inches (13.97 cm) | AMOLED,,"₹26,999"
Intex Eco 106 Plus,,,0.3 MP Rear Camera,,1000 mAh | 3.7W,1.8 inches (4.57 cm) | TFT,,₹849
Asus ZenFone Go ZC500TG 16GB,MediaTek MT6580,2 GB RAM | 16 GB Storage,8 MP Rear Camera,2 MP Front Camera,2070 mAh,5.0 inches (12.7 cm) | IPS LCD,,"₹6,999"
Nokia 5,Snapdragon 430,2 GB RAM | 16 GB Storage,13 MP Rear Camera,8 MP Front Camera,3000 mAh,5.2 inches (13.21 cm) | IPS LCD,,"₹7,078"
Lava A97 2GB Plus,Spreadtrum SC9832A,2 GB RAM | 16 GB Storage,8 MP Rear Camera,5 MP Front Camera,2350 mAh,5.0 inches (12.7 cm) | TFT,,"₹7,699"
Intex Eco Selfie,,,0.3 MP Rear Camera,0.3 MP Front Camera,1800 mAh,1.8 inches (4.57 cm) | TFT,,₹950
Panasonic Eluga A3 Pro,MediaTek MT6753,3 GB RAM | 32 GB Storage,13 MP Rear Camera,8 MP Front Camera,4000 mAh,5.2 inches (13.21 cm) | IPS LCD,,"₹12,990"
LG Q6,Snapdragon 435,3 GB RAM | 32 GB Storage,13 MP Rear Camera,5 MP Front Camera,3000 mAh,5.5 inches (13.97 cm) | IPS LCD,,"₹16,990"
Karbonn A41 Power,,1 GB RAM | 8 GB Storage,2 MP Rear Camera,0.3 MP Front Camera,2300 mAh,4.0 inches (10.16 cm) | TFT,,"₹3,000"
InFocus F112,,,0.3 MP Rear Camera,0.3 MP Front Camera,1000 mAh,1.8 inches (4.57 cm) | TFT,,"₹1,149"
Infinix Hot 4 Pro,MediaTek MT6737,3 GB RAM | 16 GB Storage,13 MP Rear Camera,5 MP Front Camera,4000 mAh Fast Charging,5.5 inches (13.97 cm) | IPS LCD,,"₹7,499"
Infinix Note 4,MediaTek MT6753,3 GB RAM | 32 GB Storage,13 MP Rear Camera,8 MP Front Camera,4300 mAh Fast Charging,5.7 inches (14.48 cm) | IPS LCD,,"₹8,999"
Gfive Classic,,,0.3 MP Rear Camera,,1000 mAh,1.8 inches (4.57 cm) | TFT,,₹719
Celkon Diamond Mega 4G 2GB RAM,,2 GB RAM | 16 GB Storage,8 MP Rear Camera,5 MP Front Camera,2700 mAh,5.5 inches (13.97 cm) | IPS LCD,,"₹6,899"
Salora Volt 2,,,0.3 MP Rear Camera,,2000 mAh,1.8 inches (4.57 cm) | TFT,,₹749
SSKY S800 Glow,,,0.3 MP Rear Camera,,,2.4 inches (6.1 cm) | TFT,,₹699
MU Phone M330,,,1.3 MP Rear Camera,,2800 mAh,2.8 inches (7.11 cm) | TFT,,"₹1,499"
Xiaomi Mi Max 2,Snapdragon 625,4 GB RAM | 64 GB Storage,12 MP Rear Camera,5 MP Front Camera,5300 mAh Quick Charging,6.4 inches (16.26 cm) | IPS LCD,,"₹14,999"
Forme Mini 4,,,0.3 MP Rear Camera,,1200 mAh,2.4 inches (6.1 cm) | TFT,,"₹1,049"
iVooMi Me4,MediaTek MT6737M,1 GB RAM | 8 GB Storage,5 MP Rear Camera,5 MP Front Camera,2000 mAh,4.5 inches (11.43 cm) | TFT,,"₹3,855"
iVooMi Me5,Spreadtrum SC9832A,2 GB RAM | 16 GB Storage,8 MP Rear Camera,5 MP Front Camera,3000 mAh,5.0 inches (12.7 cm) | IPS LCD,,"₹3,798"
Intex Aqua Lions 3,MediaTek MT6737,2 GB RAM | 16 GB Storage,8 MP Rear Camera,8 MP Front Camera,4000 mAh,5.0 inches (12.7 cm) | IPS LCD,,"₹4,974"
Micromax Canvas1,MediaTek MT6737,2 GB RAM | 16 GB Storage,8 MP Rear Camera,5 MP Front Camera,2500 mAh,5.0 inches (12.7 cm) | IPS LCD,,"₹6,997"
Panasonic P55 Max,MediaTek MT6737,3 GB RAM | 16 GB Storage,13 MP Rear Camera,5 MP Front Camera,5000 mAh,5.5 inches (13.97 cm) | IPS LCD,,"₹8,499"
Asus Zenfone AR ZS571KL,Snapdragon 821,8 GB RAM | 128 GB Storage,23 MP Rear Camera,8 MP Front Camera,3300 mAh Quick Charging,5.7 inches (14.48 cm) | Super AMOLED,,"₹49,999"
Moto E4 Plus,MediaTek MT6737,3 GB RAM | 32 GB Storage,13 MP Rear Camera,5 MP Front Camera,5000 mAh Rapid Charging,5.5 inches (13.97 cm) | IPS LCD,,"₹9,999"
Samsung Galaxy On Max,MediaTek MT6757T,4 GB RAM | 32 GB Storage,13 MP Rear Camera,13 MP Front Camera,3300 mAh,5.7 inches (14.48 cm) | IPS LCD,,"₹19,900"
OnePlus 5 128GB,Snapdragon 835,8 GB RAM | 128 GB Storage,16 MP + 20 MP Rear Camera,16 MP Front Camera,3300 mAh Dash Charging,5.5 inches (13.97 cm) | Optic AMOLED,,"₹37,999"
Moto C Plus,MediaTek MT6737,2 GB RAM | 16 GB Storage,8 MP Rear Camera,2 MP Front Camera,4000 mAh,5.0 inches (12.7 cm) | IPS LCD,,"₹5,999"
Samsung Galaxy J7 Max,MediaTek MT6757,4 GB RAM | 32 GB Storage,13 MP Rear Camera,13 MP Front Camera,3300 mAh,5.7 inches (14.48 cm) | TFT,,"₹15,900"
Intex Aqua S3,Spreadtrum SC9832A,2 GB RAM | 16 GB Storage,8 MP Rear Camera,5 MP Front Camera,2450 mAh Fast Charging,5.0 inches (12.7 cm) | IPS LCD,,"₹6,649"
Nokia 3,MediaTek MT6737,2 GB RAM | 16 GB Storage,8 MP Rear Camera,8 MP Front Camera,2630 mAh,5.0 inches (12.7 cm) | IPS LCD,,"₹9,999"
Panasonic Eluga I3 Mega,MediaTek MT6735,3 GB RAM | 16 GB Storage,13 MP Rear Camera,5 MP Front Camera,4000 mAh,5.5 inches (13.97 cm) | IPS LCD,,"₹11,990"
Kechao K16,,,0.3 MP Rear Camera,,700 mAh,2.4 inches (6.1 cm) | TFT,,"₹1,399"
Itel it5233,,,1.3 MP Rear Camera,1.3 MP Front Camera,1900 mAh,2.4 inches (6.1 cm) | TFT,,"₹1,749"
Itel it5060,,,0.3 MP Rear Camera,,1500 mAh,2.4 inches (6.1 cm) | TFT,,"₹1,499"
Intex Elyt E7,MediaTek MT6737V,3 GB RAM | 32 GB Storage,13 MP Rear Camera,5 MP Front Camera,4020 mAh,5.2 inches (13.21 cm) | IPS LCD,,"₹6,990"
Yu Yureka Black,Snapdragon 430,4 GB RAM | 32 GB Storage,13 MP Rear Camera,8 MP Front Camera,3000 mAh,5.0 inches (12.7 cm) | IPS LCD,,"₹10,999"
Mafe Nemo,,,0.3 MP Rear Camera,,1050 mAh,1.8 inches (4.57 cm) | TFT,,₹999
Karbonn A12 Plus,Broadcom BCM21654G,512 MB RAM | 4 GB Storage,5 MP Rear Camera,0.3 MP Front Camera,1400 mAh,4.0 inches (10.16 cm) | IPS LCD,,"₹4,999"
Lava Z10 3GB RAM,MediaTek MT6735,3 GB RAM | 16 GB Storage,8 MP Rear Camera,5 MP Front Camera,2620 mAh,5.0 inches (12.7 cm) | IPS LCD,,"₹12,000"
Asus Zenfone Live 16GB,Snapdragon 400,2 GB RAM | 16 GB Storage,13 MP Rear Camera,5 MP Front Camera,2650 mAh,5.0 inches (12.7 cm) | IPS LCD,,"₹10,499"
BlackZone Hammer,,,0.3 MP Rear Camera,,800 mAh,1.8 inches (4.57 cm) | TFT,,₹859
Micromax X1i 2017,,,0.3 MP Rear Camera,,1300 mAh,2.4 inches (6.1 cm) | TFT,,"₹1,238"
Karbonn Aura Power 4G Plus,,1 GB RAM | 16 GB Storage,5 MP Rear Camera,5 MP Front Camera,4000 mAh,5.0 inches (12.7 cm) | IPS LCD,,"₹6,590"
Itel Wish A41 Plus,,2 GB RAM | 16 GB Storage,5 MP Rear Camera,5 MP Front Camera,2400 mAh,5.0 inches (12.7 cm) | TFT,,"₹4,490"
Meizu M5 32GB,MediaTek MT6750,3 GB RAM | 32 GB Storage,13 MP Rear Camera,5 MP Front Camera,3070 mAh,5.2 inches (13.21 cm) | IPS LCD,,"₹8,999"
Panasonic Eluga Ray,MediaTek MT6737,3 GB RAM | 16 GB Storage,13 MP Rear Camera,5 MP Front Camera,4000 mAh,5 inches (12.7 cm) | IPS LCD,,"₹7,999"
Asus ZenFone Go ZB552KL,Snapdragon 410,2 GB RAM | 16 GB Storage,13 MP Rear Camera,5 MP Front Camera,3000 mAh,5.5 inches (13.97 cm) | IPS LCD,,"₹8,999"
Karbonn K885 Metal,,,0.3 MP Rear Camera,,1800 mAh,2.8 inches (7.11 cm) | TFT,,"₹1,289"
Intex Aqua A4,Spreadtrum SC9832A,1 GB RAM | 8 GB Storage,5 MP Rear Camera,2 MP Front Camera,1750 mAh,4.0 inches (10.16 cm) | TFT,,"₹4,999"
Lephone W12,Spreadtrum SC9832A,1 GB RAM | 16 GB Storage,8 MP Rear Camera,2 MP Front Camera,2000 mAh,5.0 inches (12.7 cm) | IPS LCD,,"₹3,600"
Smartron srt.phone,Snapdragon 652,4 GB RAM | 32 GB Storage,13 MP Rear Camera,5 MP Front Camera,3000 mAh Quick Charging,5.5 inches (13.97 cm) | IPS LCD,,"₹13,999"
Kechao K35,,,0.3 MP Rear Camera,,1800 mAh,2.8 inches (7.11 cm) | TFT,,"₹1,199"
iVooMi ME1,,1 GB RAM | 8 GB Storage,5 MP Rear Camera,5 MP Front Camera,3000 mAh Fast Charging,5.0 inches (12.7 cm) | IPS LCD,,"₹4,999"
Samsung Galaxy On Nxt 64GB,Samsung Exynos 7 Octa 7870,3 GB RAM | 64 GB Storage,13 MP Rear Camera,8 MP Front Camera,3300 mAh,5.5 inches (13.97 cm) | TFT,,"₹17,900"
Alcatel Pixi 4 6,Snapdragon 210,1.5 GB RAM | 16 GB Storage,8 MP Rear Camera,5 MP Front Camera,2580 mAh,6.0 inches (15.24 cm) | IPS LCD,,"₹9,499"
Ziox Astra Force 4G,,1 GB RAM | 16 GB Storage,5 MP Rear Camera,5 MP Front Camera,3000 mAh,5.0 inches (12.7 cm) | TFT,,"₹4,299"
MU Phone M230,,,0.3 MP Rear Camera,,2800 mAh,2.8 inches (7.11 cm) | TFT,,"₹1,600"
Gionee A1,MediaTek MT6755,4 GB RAM | 64 GB Storage,13 MP Rear Camera,16 MP Front Camera,4010 mAh Fast Charging,5.5 inches (13.97 cm) | IPS LCD,,"₹21,499"
Ui Phones Selfie 3,,,0.3 MP Rear Camera,0.3 MP Front Camera,1800 mAh,2.8 inches (7.11 cm) | TFT,,₹849
Karbonn Titanium S4,,1 GB RAM | 4 GB Storage,13 MP Rear Camera,2 MP Front Camera,1800 mAh,4.7 inches (11.94 cm) | AMOLED,,"₹13,298"
Panasonic Eluga Ray Max,Snapdragon 430,4 GB RAM | 32 GB Storage,16 MP Rear Camera,8 MP Front Camera,3000 mAh Quick Charging,5.2 inches (13.21 cm) | IPS LCD,,"₹11,499"
Panasonic Eluga Ray X,MediaTek MT6737,3 GB RAM | 32 GB Storage,13 MP Rear Camera,5 MP Front Camera,4000 mAh,5.5 inches (13.97 cm) | IPS LCD,,"₹8,999"
Panasonic Eluga Ray Max 64GB,Snapdragon 430,4 GB RAM | 64 GB Storage,16 MP Rear Camera,8 MP Front Camera,3000 mAh Quick Charging,5.2 inches (13.21 cm) | IPS LCD,,"₹12,499"
Lava Z10,MediaTek MT6735,2 GB RAM | 16 GB Storage,8 MP Rear Camera,5 MP Front Camera,2620 mAh,5.0 inches (12.7 cm) | IPS LCD,,"₹11,500"
Coolpad Note 5 Lite,MediaTek MT6735CP,3 GB RAM | 16 GB Storage,13 MP Rear Camera,8 MP Front Camera,2500 mAh,5.0 inches (12.7 cm) | IPS LCD,,"₹8,599"
Moto G5 Plus 32GB,Snapdragon 625,4 GB RAM | 32 GB Storage,12 MP Rear Camera,5 MP Front Camera,3000 mAh Turbo Charging,5.2 inches (13.21 cm) | IPS LCD,,"₹16,999"
HTC U Ultra,Snapdragon 821,4 GB RAM | 64 GB Storage,12 MP Rear Camera,16 MP Front Camera,3000 mAh Quick Charging,5.7 inches (14.48 cm) | S-LCD 5 (Main Display),,"₹62,990"
Apple iPhone 6 32GB,Apple A8,1 GB RAM | 32 GB Storage,8 MP Rear Camera,1.2 MP Front Camera,1810 mAh,4.7 inches (11.94 cm) | IPS LCD,,"₹30,780"
Itel it5602,,,0.3 MP Rear Camera,,2500 mAh,1.8 inches (4.57 cm) | TFT,,"₹1,100"
Itel it2130,,,0.3 MP Rear Camera,,1000 mAh,1.8 inches (4.57 cm) | TFT,,₹890
Intex Eco 210 Plus,,,0.3 MP Rear Camera,,1800 mAh,1.8 inches (4.57 cm) | TFT,,"₹1,000"
Celkon UFeel 4G,,1 GB RAM | 8 GB Storage,5 MP Rear Camera,3.2 MP Front Camera,2500 mAh,5.0 inches (12.7 cm) | IPS LCD,,"₹4,949"
Lenovo K5 Note 64GB,MediaTek MT6755,4 GB RAM | 64 GB Storage,13 MP Rear Camera,8 MP Front Camera,3500 mAh,5.5 inches (13.97 cm) | IPS LCD,,"₹13,499"
Intex Aqua Lions 4G,Spreadtrum SC9832A,1 GB RAM | 8 GB Storage,5 MP Rear Camera,2 MP Front Camera,2000 mAh,5.0 inches (12.7 cm) | TFT,,"₹6,790"
Ziox Thunder Mega,,,0.3 MP Rear Camera,,4000 mAh,2.4 inches (6.1 cm) | TFT,,"₹1,144"
Micromax Vdeo 2,Spreadtrum SC9832A,1 GB RAM | 8 GB Storage,5 MP Rear Camera,2 MP Front Camera,1800 mAh,4.5 inches (11.43 cm) | TFT,,"₹4,990"
Forme Mini 1,,,0.3 MP Rear Camera,,1500 mAh,2.4 inches (6.1 cm) | TFT,,"₹1,225"
Asus Zenfone 3s Max,MediaTek MT6750,3 GB RAM | 32 GB Storage,13 MP Rear Camera,8 MP Front Camera,5000 mAh,5.2 inches (13.21 cm) | IPS LCD,,"₹14,999"
Honor 6X,HiSilicon Kirin,3 GB RAM | 32 GB Storage,12 MP + 2 MP Rear Camera,8 MP Front Camera,3340 mAh Fast Charging,5.5 inches (13.97 cm) | IPS LCD,,"₹11,999"
Honor 6X 64GB,HiSilicon Kirin,4 GB RAM | 64 GB Storage,12 MP + 2 MP Rear Camera,8 MP Front Camera,3340 mAh Fast Charging,5.5 inches (13.97 cm) | IPS LCD,,"₹13,999"
Karbonn Smart A5 Star,,256 MB RAM | 512 MB Storage,3.2 MP Rear Camera,0.3 MP Front Camera,1200 mAh,3.2 inches (8.13 cm) | TFT,,"₹4,299"
Intex Aqua Amaze Plus,Spreadtrum SC9832A,1 GB RAM | 8 GB Storage,5 MP Rear Camera,5 MP Front Camera,2000 mAh,4.7 inches (11.94 cm) | IPS LCD,,"₹6,890"
Xiaomi Redmi Note 4 32GB,Snapdragon 625,3 GB RAM | 32 GB Storage,13 MP Rear Camera,5 MP Front Camera,4100 mAh,5.5 inches (13.97 cm) | IPS LCD,,"₹10,649"
Lenovo P2,Snapdragon 625,4 GB RAM | 32 GB Storage,13 MP Rear Camera,5 MP Front Camera,5100 mAh Rapid Charging,5.5 inches (13.97 cm) | Super AMOLED,,"₹17,999"
Lenovo P2 3GB RAM,Snapdragon 625,3 GB RAM | 32 GB Storage,13 MP Rear Camera,5 MP Front Camera,5100 mAh Rapid Charging,5.5 inches (13.97 cm) | Super AMOLED,,"₹16,999"
XOLO Era 2X,MediaTek MT6737,3 GB RAM | 16 GB Storage,8 MP Rear Camera,5 MP Front Camera,2500 mAh,5 inches (12.7 cm) | IPS LCD,,"₹8,099"
XOLO Era 2X 2GB RAM,MediaTek MT6737,2 GB RAM | 16 GB Storage,8 MP Rear Camera,5 MP Front Camera,2500 mAh,5 inches (12.7 cm) | IPS LCD,,"₹7,499"
Swipe Konnect Grand,Spreadtrum SC7731,1 GB RAM | 8 GB Storage,5 MP Rear Camera,2 MP Front Camera,2500 mAh,5.0 inches (12.7 cm) | IPS LCD,,"₹3,999"
Asus ZenFone Go ZB450KL,Snapdragon 410,1 GB RAM | 8 GB Storage,8 MP Rear Camera,2 MP Front Camera,2070 mAh,4.5 inches (11.43 cm) | TFT,,"₹7,499"
Lyf Water 3,Snapdragon 616,2 GB RAM | 16 GB Storage,13 MP Rear Camera,5 MP Front Camera,3000 mAh,5.5 inches (13.97 cm) | TFT,,"₹6,599"
Lyf F1S,Snapdragon 652,3 GB RAM | 32 GB Storage,16 MP Rear Camera,5 MP Front Camera,3000 mAh,5.2 inches (13.21 cm) | IPS LCD,,"₹6,999"
Asus Zenfone 3 Max ZC553KL,Snapdragon 430,3 GB RAM | 32 GB Storage,16 MP Rear Camera,8 MP Front Camera,4100 mAh,5.5 inches (13.97 cm) | IPS LCD,,"₹18,999"
Lenovo K6 Note,Snapdragon 430,4 GB RAM | 32 GB Storage,16 MP Rear Camera,8 MP Front Camera,4000 mAh,5.5 inches (13.97 cm) | IPS LCD,,"₹8,505"
Lenovo K6 Note 3GB RAM,Snapdragon 430,3 GB RAM | 32 GB Storage,16 MP Rear Camera,8 MP Front Camera,4000 mAh,5.5 inches (13.97 cm) | IPS LCD,,"₹8,608"
Panasonic P88,MediaTek MT6737,2 GB RAM | 16 GB Storage,13 MP Rear Camera,5 MP Front Camera,2600 mAh,5.3 inches (13.46 cm) | IPS LCD,,"₹4,099"
Swipe Elite Star,,1 GB RAM | 8 GB Storage,5 MP Rear Camera,1.3 MP Front Camera,2000 mAh,4.0 inches (10.16 cm) | TFT,,"₹3,999"
Gionee P7,MediaTek MT6737,2 GB RAM | 16 GB Storage,8 MP Rear Camera,5 MP Front Camera,2300 mAh,5.0 inches (12.7 cm) | IPS LCD,,"₹9,999"
LG V20,Snapdragon 820,4 GB RAM | 64 GB Storage,16 MP + 8 MP Rear Camera,5 MP Front Camera,3200 mAh Quick Charging,5.7 inches (14.48 cm) | IPS LCD (Main Display),,"₹60,000"
Asus Zenfone 3 Deluxe,Snapdragon 820,6 GB RAM | 64 GB Storage,23 MP Rear Camera,8 MP Front Camera,3000 mAh Quick Charging,5.7 inches (14.48 cm) | Super AMOLED,,"₹50,999"
Asus Zenfone 3 Deluxe 256GB,Snapdragon 821,6 GB RAM | 256 GB Storage,23 MP Rear Camera,8 MP Front Camera,3000 mAh Quick Charging,5.7 inches (14.48 cm) | Super AMOLED,,"₹63,999"
Micromax Canvas Spark 4G,MediaTek MT6735M,1 GB RAM | 8 GB Storage,5 MP Rear Camera,2 MP Front Camera,2000 mAh,5.0 inches (12.7 cm) | IPS LCD,,"₹4,499"
Panasonic Eluga Mark 2,MediaTek MT6753,3 GB RAM | 32 GB Storage,13 MP Rear Camera,5 MP Front Camera,3000 mAh Quick Charging,5.5 inches (13.97 cm) | IPS LCD,,"₹13,990"
Panasonic Eluga Tapp,MediaTek,2 GB RAM | 16 GB Storage,8 MP Rear Camera,5 MP Front Camera,2800 mAh,5.0 inches (12.7 cm) | IPS LCD,,"₹6,500"
Kechao K60,,,0.3 MP Rear Camera,,5000 mAh,2.4 inches (6.1 cm) | TFT,,"₹1,850"
Asus Zenfone 3 Max,MediaTek MT6737,3 GB RAM | 32 GB Storage,13 MP Rear Camera,5 MP Front Camera,4100 mAh,5.2 inches (13.21 cm) | IPS LCD,,"₹13,999"
Lenovo Phab 2 Plus,MediaTek MT8783,3 GB RAM | 32 GB Storage,13 MP + 13 MP Rear Camera,8 MP Front Camera,4050 mAh,6.4 inches (16.26 cm) | IPS LCD,,"₹16,000"
XOLO Era 2,Spreadtrum SC9832A,1 GB RAM | 8 GB Storage,5 MP Rear Camera,5 MP Front Camera,2350 mAh,5.0 inches (12.7 cm) | IPS LCD,,"₹5,299"
Coolpad Note 5,Snapdragon 617,4 GB RAM | 32 GB Storage,13 MP Rear Camera,8 MP Front Camera,4010 mAh Quick Charging,5.5 inches (13.97 cm) | IPS LCD,,"₹11,999"
Intex Aqua 5.5 VR,MediaTek MT6737,1 GB RAM | 8 GB Storage,5 MP Rear Camera,5 MP Front Camera,2800 mAh,5.5 inches (13.97 cm) | IPS LCD,,"₹5,849"
Honor Holly 3,HiSilicon Kirin,2 GB RAM | 16 GB Storage,13 MP Rear Camera,8 MP Front Camera,3100 mAh,5.5 inches (13.97 cm) | IPS LCD,,"₹10,499"
Gionee P7 Max,MediaTek MT6595,3 GB RAM | 32 GB Storage,13 MP Rear Camera,5 MP Front Camera,3100 mAh,5.5 inches (13.97 cm) | IPS LCD,,"₹5,999"
Sony Xperia XZ,Snapdragon 820,3 GB RAM | 64 GB Storage,23 MP Rear Camera,13 MP Front Camera,2900 mAh Quick Charging,5.2 inches (13.21 cm) | IPS LCD,,"₹49,990"
Apple iPhone 7 128GB,Apple A10 Fusion,2 GB RAM | 128 GB Storage,12 MP Rear Camera,7 MP Front Camera,1960 mAh,4.7 inches (11.94 cm) | IPS LCD,,"₹34,900"
Apple iPhone 7 256GB,Apple A10 Fusion,2 GB RAM | 256 GB Storage,12 MP Rear Camera,7 MP Front Camera,1960 mAh,4.7 inches (11.94 cm) | IPS LCD,,"₹74,400"
Apple iPhone 6S Plus 32GB,Apple A9,2 GB RAM | 32 GB Storage,12 MP Rear Camera,5 MP Front Camera,2750 mAh,5.5 inches (13.97 cm) | IPS LCD,,"₹34,900"
Lenovo A6600,MediaTek MT6735P,1 GB RAM | 16 GB Storage,8 MP Rear Camera,2 MP Front Camera,2300 mAh,5.0 inches (12.7 cm) | IPS LCD,,"₹6,900"
Lenovo A7700,MediaTek MT6735P,2 GB RAM | 16 GB Storage,8 MP Rear Camera,2 MP Front Camera,2900 mAh,5.5 inches (13.97 cm) | IPS LCD,,"₹7,400"
Lava A97,Spreadtrum SC9832A,1 GB RAM | 8 GB Storage,5 MP Rear Camera,5 MP Front Camera,2350 mAh,5.0 inches (12.7 cm) | TFT,,"₹3,499"
Lenovo Z2 Plus 32GB (Zuk Z2),Snapdragon 820,3 GB RAM | 32 GB Storage,13 MP Rear Camera,8 MP Front Camera,3500 mAh Quick Charging,5.0 inches (12.7 cm) | IPS LCD,,"₹15,499"
Trio T6,,,0.3 MP Rear Camera,,800 mAh,2.4 inches (6.1 cm) | TFT,,₹769
Zen Z14 Flaunt,,,1.3 MP Rear Camera,,1200 mAh,2.4 inches (6.1 cm) | TFT,,₹900
XOLO Era 1X,Spreadtrum SC9832A,1 GB RAM | 8 GB Storage,8 MP Rear Camera,5 MP Front Camera,2500 mAh,5.0 inches (12.7 cm) | IPS LCD,,"₹5,149"
Karbonn K46 LED,,,0.3 MP Rear Camera,,1750 mAh | 4W,1.8 inches (4.57 cm) | TFT,,₹850
Samsung Z2,Spreadtrum SC9830A,1 GB RAM | 8 GB Storage,5 MP Rear Camera,0.3 MP Front Camera,1500 mAh,4.0 inches (10.16 cm) | TFT,,"₹4,790"
Lyf Water 10,MediaTek MT6753,3 GB RAM | 16 GB Storage,13 MP Rear Camera,5 MP Front Camera,2300 mAh,5.0 inches (12.7 cm) | IPS LCD,,"₹4,399"
Panasonic P55 Novo 3GB RAM,MediaTek MT6592M,3 GB RAM | 16 GB Storage,13 MP Rear Camera,5 MP Front Camera,2500 mAh,5.3 inches (13.46 cm) | IPS LCD,,"₹6,500"
Karbonn K9 Staar,,,0.3 MP Rear Camera,,1000 mAh | 4W,2.4 inches (6.1 cm) | TFT,,₹899
Coolpad Mega 2.5D,MediaTek MT6735P,3 GB RAM | 16 GB Storage,8 MP Rear Camera,8 MP Front Camera,2500 mAh,5.5 inches (13.97 cm) | IPS LCD,,"₹7,999"
Gionee S6s,MediaTek MT6753,3 GB RAM | 32 GB Storage,13 MP Rear Camera,8 MP Front Camera,3150 mAh,5.5 inches (13.97 cm) | IPS LCD,,"₹13,490"
Yu Yunique Plus,Snapdragon 410,2 GB RAM | 8 GB Storage,8 MP Rear Camera,2 MP Front Camera,2000 mAh,4.7 inches (11.94 cm) | IPS LCD,,"₹4,999"
Micromax Canvas 5 Lite Special Edition,MediaTek MT6735,3 GB RAM | 16 GB Storage,8 MP Rear Camera,5 MP Front Camera,2000 mAh,5.0 inches (12.7 cm) | IPS LCD,,"₹6,499"
Lyf Wind 7,Snapdragon 210,2 GB RAM | 16 GB Storage,8 MP Rear Camera,5 MP Front Camera,2250 mAh,5.0 inches (12.7 cm) | IPS LCD,,"₹3,499"
Asus Zenfone 3,Snapdragon 625,3 GB RAM | 32 GB Storage,16 MP Rear Camera,8 MP Front Camera,2650 mAh,5.2 inches (13.21 cm) | IPS LCD,,"₹22,999"
Lyf Flame 7,Spreadtrum SC9830A,1 GB RAM | 8 GB Storage,5 MP Rear Camera,2 MP Front Camera,1750 mAh,4.0 inches (10.16 cm) | TFT,,"₹3,499"
Lyf Flame 8,Snapdragon 210,1 GB RAM | 8 GB Storage,8 MP Rear Camera,5 MP Front Camera,2000 mAh,4.5 inches (11.43 cm) | TFT,,"₹4,199"
Yu Yureka S,Snapdragon 616,3 GB RAM | 16 GB Storage,13 MP Rear Camera,5 MP Front Camera,3000 mAh,5.2 inches (13.21 cm) | IPS LCD,,"₹14,999"
Lenovo Vibe K5 Plus 3GB RAM,Snapdragon 616,3 GB RAM | 16 GB Storage,13 MP Rear Camera,5 MP Front Camera,2750 mAh,5.0 inches (12.7 cm) | IPS LCD,,"₹7,999"
Lyf Wind 2,MediaTek MT6735M,2 GB RAM | 16 GB Storage,8 MP Rear Camera,2 MP Front Camera,2850 mAh,6.0 inches (15.24 cm) | IPS LCD,,"₹4,999"
Lenovo K5 Note 3GB RAM,MediaTek MT6755,3 GB RAM | 32 GB Storage,13 MP Rear Camera,8 MP Front Camera,3500 mAh,5.5 inches (13.97 cm) | IPS LCD,,"₹10,999"
Asus Zenfone Selfie 3GB RAM 16GB,Snapdragon 615,3 GB RAM | 16 GB Storage,13 MP Rear Camera,13 MP Front Camera,3000 mAh,5.5 inches (13.97 cm) | IPS LCD,,"₹9,999"
Panasonic T44 Lite,MediaTek MT6580,512 MB RAM | 8 GB Storage,2 MP Rear Camera,0.3 MP Front Camera,2400 mAh,4.0 inches (10.16 cm) | TFT,,"₹2,999"
Lava X50,MediaTek MT6735,2 GB RAM | 8 GB Storage,8 MP Rear Camera,5 MP Front Camera,2800 mAh,5.5 inches (13.97 cm) | IPS LCD,,"₹8,699"
Lyf Water 8,Snapdragon 615,3 GB RAM | 16 GB Storage,13 MP Rear Camera,5 MP Front Camera,2600 mAh,5.0 inches (12.7 cm) | AMOLED,,"₹10,999"
Zen Cinemax 3,,2 GB RAM | 16 GB Storage,5 MP Rear Camera,3.2 MP Front Camera,2900 mAh,5.5 inches (13.97 cm) | IPS LCD,,"₹3,299"
Sony Xperia XA Ultra Dual,MediaTek MT6755,3 GB RAM | 16 GB Storage,21.5 MP Rear Camera,16 MP Front Camera,2700 mAh,6.0 inches (15.24 cm) | IPS LCD,,"₹24,990"
Karbonn Aura Power 4G,MediaTek,1 GB RAM | 8 GB Storage,5 MP Rear Camera,2 MP Front Camera,4000 mAh,5.0 inches (12.7 cm) | IPS LCD,,"₹4,999"
Xiaomi Mi Max,Snapdragon 650,3 GB RAM | 32 GB Storage,16 MP Rear Camera,5 MP Front Camera,4850 mAh,6.4 inches (16.26 cm) | IPS LCD,,"₹14,999"
Lyf Earth 2,Snapdragon 615,3 GB RAM | 32 GB Storage,13 MP Rear Camera,13 MP Front Camera,2500 mAh,5.0 inches (12.7 cm) | IPS LCD,,"₹4,799"
Itel it5600,,,1.3 MP Rear Camera,,2500 mAh,1.8 inches (4.57 cm) | TFT,,"₹1,010"
Intex Polo,,,0.3 MP Rear Camera,,800 mAh,1.8 inches (4.57 cm) | TFT,,₹795
Sony Xperia XA Dual,MediaTek MT6755,2 GB RAM | 16 GB Storage,13 MP Rear Camera,8 MP Front Camera,2300 mAh Fast Charging,5.0 inches (12.7 cm) | IPS LCD,,"₹11,990"
Panasonic T30,,512 MB RAM | 4 GB Storage,5 MP Rear Camera,2 MP Front Camera,1400 mAh,4.0 inches (10.16 cm) | TFT,,"₹2,500"
Hyve Buzz,MediaTek MT6753,3 GB RAM | 16 GB Storage,13 MP Rear Camera,5 MP Front Camera,2500 mAh,5.5 inches (13.97 cm) | IPS LCD,,"₹13,999"
Videocon Graphite1 V45ED,MediaTek MT6735M,1 GB RAM | 8 GB Storage,5 MP Rear Camera,3.2 MP Front Camera,2000 mAh,4.5 inches (11.43 cm) | IPS LCD,,"₹3,171"
Panasonic T44,MediaTek MT6580,1 GB RAM | 8 GB Storage,5 MP Rear Camera,2 MP Front Camera,2400 mAh,4.0 inches (10.16 cm) | TFT,,"₹2,799"
HTC 10,Snapdragon 820,4 GB RAM | 32 GB Storage,12 MP Rear Camera,5 MP Front Camera,3000 mAh Quick Charging,5.2 inches (13.21 cm) | S-LCD 5,,"₹47,990"
Panasonic P75,MediaTek MT6580,1 GB RAM | 8 GB Storage,8 MP Rear Camera,5 MP Front Camera,5000 mAh,5.0 inches (12.7 cm) | IPS LCD,,"₹7,490"
Lava KKT Pearl,,,0.3 MP Rear Camera,,1750 mAh,2.4 inches (6.1 cm) | TFT,,"₹1,600"
Lyf Water 7,Snapdragon 616,2 GB RAM | 16 GB Storage,13 MP Rear Camera,5 MP Front Camera,3000 mAh,5.5 inches (13.97 cm) | IPS LCD,,"₹9,999"
Lyf Wind 1,Snapdragon 410,1 GB RAM | 16 GB Storage,8 MP Rear Camera,5 MP Front Camera,2300 mAh,5.0 inches (12.7 cm) | IPS LCD,,"₹3,250"
Xiaomi Mi5,Snapdragon 820,3 GB RAM | 32 GB Storage,16 MP Rear Camera,4 MP Front Camera,3000 mAh Quick Charging,5.15 inches (13.08 cm) | IPS LCD,,"₹24,999"
Kechao K116,,32 MB RAM,,,600 mAh,1.4 inches (3.56 cm) | TFT,,"₹1,030"
Intex Cloud Glory 4G,MediaTek MT6735M,1 GB RAM | 8 GB Storage,5 MP Rear Camera,2 Front Camera,1800 mAh,4.5 inches (11.43 cm) | IPS LCD,,"₹3,912"
Sony Xperia X Dual,Snapdragon 650,3 GB RAM | 64 GB Storage,23 MP Rear Camera,13 MP Front Camera,2620 mAh Quick Charging,5.0 inches (12.7 cm) | IPS LCD,,"₹38,990"
Peace P1,,,0.3 MP Rear Camera,,600 mAh,1.8 inches (4.57 cm) | TFT,,₹596
Meizu M3 Note,MediaTek MT6755,3 GB RAM | 32 GB Storage,13 MP Rear Camera,5 MP Front Camera,4100 mAh,5.5 inches (13.97 cm) | IPS LCD,,"₹10,499"
Coolpad Max,Snapdragon 617,4 GB RAM | 64 GB Storage,13 MP Rear Camera,5 MP Front Camera,2800 mAh Quick Charging,5.5 inches (13.97 cm) | IPS LCD,,"₹11,499"
Panasonic Eluga A2,MediaTek MT6735M,3 GB RAM | 16 GB Storage,8 MP Rear Camera,5 MP Front Camera,4000 mAh,5.0 inches (12.7 cm) | IPS LCD,,"₹6,799"
Intex Cloud String HD,Spreadtrum SC9832A,1 GB RAM | 8 GB Storage,8 MP Rear Camera,5 MP Front Camera,2200 mAh,5.0 inches (12.7 cm) | IPS LCD,,"₹5,599"
Yu Yureka Note,MediaTek MT6753T,3 GB RAM | 16 GB Storage,13 MP Rear Camera,8 MP Front Camera,4000 mAh Quick Charging,6 inches (15.24 cm) | IPS LCD,,"₹14,999"
Asus Zenfone Max 2016 3GB RAM,Snapdragon 615,3 GB RAM | 32 GB Storage,13 MP Rear Camera,5 MP Front Camera,5000 mAh,5.5 inches (13.97 cm) | IPS LED,,"₹14,499"
Asus Zenfone Max 2016 2GB RAM,Snapdragon 615,2 GB RAM | 32 GB Storage,13 MP Rear Camera,5 MP Front Camera,5000 mAh,5.5 inches (13.97 cm) | IPS LED,,"₹9,999"
Lyf Flame 2,MediaTek MT6735M,1 GB RAM | 8 GB Storage,5 MP Rear Camera,2 MP Front Camera,1500 mAh,4.0 inches (10.16 cm) | IPS LCD,,"₹5,000"
Micromax Canvas 6,MediaTek MT6753,3 GB RAM | 32 GB Storage,13 MP Rear Camera,8 MP Front Camera,3000 mAh,5.5 inches (13.97 cm) | IPS LCD,,"₹9,999"
Intex Eco Beats,,,0.3 MP Rear Camera,,800 mAh | 4.9W,1.8 inches (4.57 cm) | TFT,,₹811
Lava A52,MediaTek MT6572W,512 MB RAM | 4 GB Storage,2 MP Rear Camera,0.3 MP Front Camera,1200 mAh,4.0 inches (10.16 cm) | TFT,,"₹3,599"
Asus Zenfone Go 4.5 ZB452KG,Snapdragon 200,1 GB RAM | 8 GB Storage,5 MP Rear Camera,0.3 MP Front Camera,2070 mAh,4.5 inches (11.43 cm) | TFT,,"₹5,299"
Gionee P5 Mini,MediaTek MT6580M,1 GB RAM | 8 GB Storage,5 MP Rear Camera,2 MP Front Camera,1850 mAh,4.5 inches (11.43 cm) | IPS LCD,,"₹3,999"
Asus Zenfone Go 5.0 LTE T500,Snapdragon 410,2 GB RAM | 16 GB Storage,8 MP Rear Camera,5 MP Front Camera,2500 mAh,5.0 inches (12.7 cm) | IPS LCD,,"₹7,999"
Lenovo Vibe K5 Plus,Snapdragon 616,2 GB RAM | 16 GB Storage,13 MP Rear Camera,5 MP Front Camera,2750 mAh,5.0 inches (12.7 cm) | IPS LCD,,"₹8,499"
Panasonic T50,MediaTek MT6580M,1 GB RAM | 8 GB Storage,5 MP Rear Camera,2 MP Front Camera,1600 mAh,4.5 inches (11.43 cm) | IPS LCD,,"₹3,499"
Honor Holly 2 Plus,MediaTek MT6735P,2 GB RAM | 16 GB Storage,13 MP Rear Camera,5 MP Front Camera,4000 mAh Quick Charging,5.0 inches (12.7 cm) | IPS LCD,,"₹8,499"
Zen X45,,,1.3 MP Rear Camera,,1000 mAh,2.4 inches (6.1 cm) | TFT,,₹990
Panasonic P66 Mega,MediaTek MT6735,2 GB RAM | 16 GB Storage,8 MP Rear Camera,5 MP Front Camera,3200 mAh,5.0 inches (12.7 cm) | IPS LCD,,"₹5,999"
Intex Aqua Craze,MediaTek MT6735P,1 GB RAM | 8 GB Storage,8 MP Rear Camera,2 MP Front Camera,2500 mAh,5.0 inches (12.7 cm) | IPS LCD,,"₹4,999"
Trio T6 Star,,,1.3 MP Rear Camera,,1000 mAh,2.4 inches (6.1 cm) | TFT,,₹849
Spice Xlife 435Q,,512 MB RAM | 8 GB Storage,5 MP Rear Camera,2 MP Front Camera,1500 mAh,4.0 inches (10.16 cm) | TFT,,"₹4,100"
Honor 5X,Snapdragon 616,2 GB RAM | 16 GB Storage,13 MP Rear Camera,5 MP Front Camera,3000 mAh Quick Charging,5.5 inches (13.97 cm) | IPS LCD,,"₹12,999"
Gionee P5W,MediaTek MT6735,1 GB RAM | 16 GB Storage,5 MP Rear Camera,2 MP Front Camera,2000 mAh,5.0 inches (12.7 cm) | IPS LCD,,"₹4,599"
Panasonic Eluga Turbo,MediaTek MT6753,3 GB RAM | 32 GB Storage,13 MP Rear Camera,5 MP Front Camera,2350 mAh,5.0 inches (12.7 cm) | IPS LCD,,"₹8,999"
Asus Zenfone Zoom ZX551ML 128GB,Intel Atom,4 GB RAM | 128 GB Storage,13 MP Rear Camera,5 MP Front Camera,3000 mAh,5.5 inches (13.97 cm) | IPS LCD,,"₹37,999"
SSKY S900,,,2 MP Rear Camera,,,2.4 inches (6.1 cm) | TFT,,"₹2,698"
Lenovo A7000 Turbo,MediaTek MT6752,2 GB RAM | 16 GB Storage,13 MP Rear Camera,5 MP Front Camera,2900 mAh,5.5 inches (13.97 cm) | IPS LCD,,"₹11,100"
Gionee M5 Lite,MediaTek MT6735,3 GB RAM | 32 GB Storage,8 MP Rear Camera,5 MP Front Camera,4000 mAh,5.0 inches (12.7 cm) | IPS LCD,,"₹12,999"
Intex Cloud 4G Smart,Spreadtrum SC9830A,1 GB RAM | 8 GB Storage,5 MP Rear Camera,2 MP Front Camera,2000 mAh,5.0 inches (12.7 cm) | IPS LCD,,"₹5,999"
Karbonn K9 Smart,MediaTek MT6572,512 MB RAM | 8 GB Storage,3.2 MP Rear Camera,1.3 MP Front Camera,2300 mAh,5.0 inches (12.7 cm) | TFT,,"₹3,400"
Asus Zenfone Go ZC451TG,MediaTek MT6580,1 GB RAM | 8 GB Storage,5 MP Rear Camera,0.3 MP Front Camera,1600 mAh,4.5 inches (11.43 cm) | IPS LCD,,"₹5,299"
Intex Aqua Star 4G,MediaTek MT6735P,1 GB RAM | 8 GB Storage,8 MP Rear Camera,2 MP Front Camera,2000 mAh,5.0 inches (12.7 cm) | IPS LCD,,"₹6,299"
Karbonn K9 Spy,,,1.3 MP Rear Camera,1.3 MP Front Camera,1750 mAh | 5W,2.4 inches (6.1 cm) | TFT,,"₹1,399"
Google Nexus 6P Special Edition,Snapdragon 810,3 GB RAM | 64 GB Storage,12.3 MP Rear Camera,8 MP Front Camera,3450 mAh Fast Charging,5.7 inches (14.48 cm) | AMOLED,,"₹42,998"
Asus Zenfone 2 Laser ZE601KL,Snapdragon 616,3 GB RAM | 32 GB Storage,13 MP Rear Camera,5 MP Front Camera,3000 mAh,6.0 inches (15.24 cm) | IPS LCD,,"₹17,999"
Mafe AERO,,,0.3 MP Rear Camera,,1800 mAh,2.4 inches (6.1 cm) | TFT,,₹899
Intex Cloud Cube,Spreadtrum SC7731G,512 MB RAM | 8 GB Storage,2 MP Rear Camera,0.3 MP Front Camera,2000 mAh,4.5 inches (11.43 cm) | TFT,,"₹3,299"
Intex Aqua Q7,Spreadtrum SC7731,512 MB RAM | 8 GB Storage,2 MP Rear Camera,0.3 MP Front Camera,2000 mAh,4.5 inches (11.43 cm) | TFT,,"₹4,290"
Samsung Galaxy On7,Snapdragon 410,1.5 GB RAM | 8 GB Storage,13 MP Rear Camera,5 MP Front Camera,3000 mAh,5.5 inches (13.97 cm) | TFT,,"₹9,990"
Gionee Elife S Plus,MediaTek MT6753,3 GB RAM | 16 GB Storage,13 MP Rear Camera,5 MP Front Camera,3150 mAh Fast Charging,5.5 inches (13.97 cm) | AMOLED,,"₹12,999"
Lenovo Vibe P1m,MediaTek MT6735P,2 GB RAM | 16 GB Storage,8 MP Rear Camera,5 MP Front Camera,3900 mAh Quick Charging,5.0 inches (12.7 cm) | IPS LCD,,"₹6,999"
Lenovo Vibe P1,Snapdragon 615,2 GB RAM | 32 GB Storage,13 MP Rear Camera,5 MP Front Camera,5000 mAh Quick Charging,5.5 inches (13.97 cm) | IPS LCD,,"₹15,999"
Asus Zenfone 2 Laser ZE550KL 3GB RAM,Snapdragon 615,3 GB RAM | 16 GB Storage,13 MP Rear Camera,5 MP Front Camera,3000 mAh,5.5 inches (13.97 cm) | IPS LCD,,"₹12,999"
Google Nexus 6P 64GB,Snapdragon 810,3 GB RAM | 64 GB Storage,12.3 MP Rear Camera,8 MP Front Camera,3450 mAh Fast Charging,5.7 inches (14.48 cm) | AMOLED,,"₹42,999"
Google Nexus 5X 32GB,Snapdragon 808,2 GB RAM | 32 GB Storage,12.3 MP Rear Camera,5 MP Front Camera,2700 mAh Fast Charging,5.2 inches (13.21 cm) | IPS LCD,,"₹29,990"
Apple iPhone 6s 16GB,Apple A9,2 GB RAM | 16 GB Storage,12 MP Rear Camera,5 MP Front Camera,1715 mAh,4.7 inches (11.94 cm) | IPS LCD,,"₹62,000"
Apple iPhone 6s Plus 64GB,Apple A9,2 GB RAM | 64 GB Storage,12 MP Rear Camera,5 MP Front Camera,2750 mAh,5.5 inches (13.97 cm) | IPS LCD,,"₹59,999"
Apple iPhone 6s Plus 128GB,Apple A9,2 GB RAM | 128 GB Storage,12 MP Rear Camera,5 MP Front Camera,2750 mAh,5.5 inches (13.97 cm) | IPS LCD,,"₹70,000"
Honor 7,HiSilicon Kirin,3 GB RAM | 16 GB Storage,20 MP Rear Camera,8 MP Front Camera,3100 mAh Fast Charging,5.2 inches (13.21 cm) | IPS LCD,,"₹22,999"
Panasonic P50 Idol,Spreadtrum SC7731G,1 GB RAM | 8 GB Storage,8 MP Rear Camera,2 MP Front Camera,2150 mAh,5.0 inches (12.7 cm) | IPS LCD,,"₹4,199"
Lenovo Vibe Shot,Snapdragon 615,3 GB RAM | 32 GB Storage,16 MP Rear Camera,8 MP Front Camera,2900 mAh,5.0 inches (12.7 cm) | IPS LCD,,"₹12,890"
Intex Aqua Ace,MediaTek MT6735,3 GB RAM | 16 GB Storage,13 MP Rear Camera,5 MP Front Camera,2300 mAh,5 inches (12.7 cm) | Super AMOLED,,"₹9,830"
Asus Zenfone 2 ZE551ML 4GB RAM 16GB 1.8Ghz,Intel Atom,4 GB RAM | 16 GB Storage,13 MP Rear Camera,5 MP Front Camera,3000 mAh Fast Charging,5.5 inches (13.97 cm) | IPS LCD,,"₹16,999"
Asus Zenfone Go,MediaTek MT6580,2 GB RAM | 8 GB Storage,8 MP Rear Camera,2 MP Front Camera,2070 mAh,5.0 inches (12.7 cm) | IPS LCD,,"₹7,999"
Lava Pixel V2,MediaTek MT6735,2 GB RAM | 16 GB Storage,13 MP Rear Camera,8 MP Front Camera,2500 mAh,5.0 inches (12.7 cm) | IPS LCD,,"₹9,900"
Motorola Moto X Play 16GB,Snapdragon 615,2 GB RAM | 16 GB Storage,21 MP Rear Camera,5 MP Front Camera,3630 mAh,5.5 inches (13.97 cm) | IPS LCD,,"₹17,499"
Microsoft 105 Dual SIM,,4 MB RAM,,,800 mAh,1.4 inches (3.56 cm) | TFT,,"₹1,490"
Asus Zenfone 2 Laser ZE500KL,Snapdragon 410,2 GB RAM | 16 GB Storage,13 MP Rear Camera,5 MP Front Camera,2070 mAh,5.0 inches (12.7 cm) | IPS LCD,,"₹8,999"
Asus Zenfone 2 Laser ZE500KL 8GB,Snapdragon 410,2 GB RAM | 8 GB Storage,13 MP Rear Camera,5 MP Front Camera,2070 mAh,5.0 inches (12.7 cm) | IPS LCD,,"₹11,549"
Intex Aqua Trend,MediaTek MT6735,2 GB RAM | 16 GB Storage,13 MP Rear Camera,5 MP Front Camera,3000 mAh,5.0 inches (12.7 cm) | IPS LCD,,"₹8,880"
Karbonn K88,,,1.3 MP Rear Camera,,1800 mAh,2.4 inches (6.1 cm) | TFT,,₹999
Asus Zenfone 2 Laser ZE550KL,Snapdragon 410,2 GB RAM | 16 GB Storage,13 MP Rear Camera,5 MP Front Camera,3000 mAh,5.5 inches (13.97 cm) | IPS LCD,,"₹8,499"
Asus Zenfone 2 Deluxe 64GB,Intel Atom,4 GB RAM | 64 GB Storage,13 MP Rear Camera,5 MP Front Camera,3000 mAh,5.5 inches (13.97 cm) | IPS LCD,,"₹22,999"
Asus Zenfone Selfie 32GB,Snapdragon 615,3 GB RAM | 32 GB Storage,13 MP Rear Camera,13 MP Front Camera,3000 mAh,5.5 inches (13.97 cm) | IPS LCD,,"₹17,999"
Panasonic P55 Novo 16GB,MediaTek MT6592M,2 GB RAM | 16 GB Storage,13 MP Rear Camera,5 MP Front Camera,2500 mAh,5.3 inches (13.46 cm) | IPS LCD,,"₹6,699"
Micromax X610,,32 MB RAM | 32 MB Storage,0.3 MP Rear Camera,,1800 mAh,2.4 inches (6.1 cm) | TFT,,"₹1,218"
Karbonn Titanium Mach Five,MediaTek MT6582,2 GB RAM | 16 GB Storage,8 MP Rear Camera,5 MP Front Camera,2200 mAh,5.0 inches (12.7 cm) | IPS LCD,,"₹4,999"
Intex Cloud 4G Star,MediaTek MT6735,2 GB RAM | 16 GB Storage,13 MP Rear Camera,5 MP Front Camera,2300 mAh,5.0 inches (12.7 cm) | IPS LCD,,"₹7,999"
Xiaomi Mi4i 32GB,Snapdragon 615,2 GB RAM | 32 GB Storage,13 MP Rear Camera,5 MP Front Camera,3120 mAh Quick Charging,5.0 inches (12.7 cm) | IPS LCD,,"₹14,999"
Lava Pixel V1,MediaTek MT6582,2 GB RAM | 32 GB Storage,13 MP Rear Camera,8 MP Front Camera,2650 mAh,5.5 inches (13.97 cm) | IPS LCD,,"₹8,649"
Yu Yureka Plus,Snapdragon 615,2 GB RAM | 16 GB Storage,13 MP Rear Camera,5 MP Front Camera,2500 mAh,5.5 inches (13.97 cm) | IPS LCD,,"₹6,499"
Samsung Galaxy J7,Samsung Exynos 7 Octa 7580,1.5 GB RAM | 16 GB Storage,13 MP Rear Camera,5 MP Front Camera,3000 mAh,5.5 inches (13.97 cm) | Super AMOLED,,"₹8,999"
XOLO Black,Snapdragon 615,2 GB RAM | 16 GB Storage,13 MP + 2 MP Rear Camera,5 MP Front Camera,3200 mAh Quick Charging,5.5 inches (13.97 cm) | IPS LCD,,"₹11,936"
HTC Desire 820G+ Dual SIM,MediaTek MT6592,1 GB RAM | 16 GB Storage,13 MP Rear Camera,8 MP Front Camera,2600 mAh,5.5 inches (13.97 cm) | IPS LCD,,"₹11,490"
HTC Desire 326G Dual SIM,Spreadtrum SC7731G,1 GB RAM | 8 GB Storage,8 MP Rear Camera,2 MP Front Camera,2000 mAh,4.5 inches (11.43 cm) | TFT,,"₹9,590"
Sony Xperia C4 Dual,MediaTek MT6752,2 GB RAM | 16 GB Storage,13 MP Rear Camera,5 MP Front Camera,2600 mAh,5.5 inches (13.97 cm) | IPS LCD,,"₹19,699"
Intex Aqua 3G Pro,Spreadtrum SC7715,512 MB RAM | 4 GB Storage,2 MP Rear Camera,0.3 MP Front Camera,1400 mAh,4.0 inches (10.16 cm) | TFT,,"₹3,790"
Lava Flair P1,,256 MB RAM | 2 GB Storage,2 MP Rear Camera,0.3 MP Front Camera,1400 mAh,4.0 inches (10.16 cm) | TFT,,"₹3,399"
Intex Ultra 3000,,,0.3 MP Rear Camera,,3000 mAh,2.4 inches (6.1 cm) | TFT,,"₹1,399"
Sony Xperia M4 Aqua Dual 16GB,Snapdragon 615,2 GB RAM | 16 GB Storage,13 MP Rear Camera,5 MP Front Camera,2400 mAh,5.0 inches (12.7 cm) | IPS LCD,,"₹24,990"
Lava Arc Grand,,,1.3 MP Rear Camera,,1200 mAh,2.8 inches (7.11 cm) | TFT,,"₹1,799"
Honor 4C,HiSilicon Kirin,2 GB RAM | 8 GB Storage,13 MP Rear Camera,5 MP Front Camera,2550 mAh,5.0 inches (12.7 cm) | IPS LCD,,"₹8,999"
Karbonn Titanium S15 Plus,,512 MB RAM | 8 GB Storage,5 MP Rear Camera,0.3 MP Front Camera,1400 mAh,4.0 inches (10.16 cm) | IPS LCD,,"₹3,999"
Sony Xperia E4g Dual,MediaTek MT6732,1 GB RAM | 8 GB Storage,5 MP Rear Camera,2 MP Front Camera,2300 mAh,4.7 inches (11.94 cm) | IPS LCD,,"₹13,490"
Lenovo A5000,MediaTek MT6582,1 GB RAM | 8 GB Storage,8 MP Rear Camera,2 MP Front Camera,4000 mAh,5.0 inches (12.7 cm) | IPS LCD,,"₹9,999"
Asus Zenfone 2 ZE551ML 4GB RAM 128GB 2.3GHz,Intel Atom,4 GB RAM | 128 GB Storage,13 MP Rear Camera,5 MP Front Camera,3000 mAh,5.5 inches (13.97 cm) | IPS LCD,,"₹29,999"
"Asus Zenfone 2 ZE550ML (2GB RAM, HD, 16GB, 1.8GHz)",Intel Atom,2 GB RAM | 16 GB Storage,13 MP Rear Camera,5 MP Front Camera,3000 mAh,5.5 inches (13.97 cm) | IPS LCD,,"₹12,999"
"Asus Zenfone 2 ZE551ML (2GB RAM, Full HD, 16GB, 1.8GHz)",Intel Atom,2 GB RAM | 16 GB Storage,13 MP Rear Camera,5 MP Front Camera,3000 mAh Fast Charging,5.5 inches (13.97 cm) | IPS LCD,,"₹13,999"
Asus Zenfone 2 ZE551ML 4GB RAM 32GB 2.3GHz,Intel Atom,4 GB RAM | 32 GB Storage,13 MP Rear Camera,5 MP Front Camera,3000 mAh Fast Charging,5.5 inches (13.97 cm) | IPS LCD,,"₹18,999"
HTC Desire 626G Plus,MediaTek MT6752,1 GB RAM | 8 GB Storage,13 MP Rear Camera,5 MP Front Camera,2000 mAh,5.0 inches (12.7 cm) | IPS LCD,,"₹8,999"
HTC Desire 826,Snapdragon 615,2 GB RAM | 16 GB Storage,13 MP Rear Camera,13 MP Front Camera,2600 mAh,5.5 inches (13.97 cm) | S-LCD 3,,"₹18,249"
Honor 4X,Snapdragon 410,2 GB RAM | 8 GB Storage,13 MP Rear Camera,5 MP Front Camera,3000 mAh,5.5 inches (13.97 cm) | IPS LCD,,"₹9,999"
Sony Xperia E4 Dual,MediaTek MT6582,1 GB RAM | 8 GB Storage,5 MP Rear Camera,2 MP Front Camera,2300 mAh,5.0 inches (12.7 cm) | IPS LCD,,"₹9,599"
Lava Iris Fuel 25,MediaTek MT6572,512 MB RAM | 4 GB Storage,5 MP Rear Camera,0.3 MP Front Camera,3000 mAh,5.0 inches (12.7 cm) | TFT,,"₹5,699"
HTC Desire 820s Dual SIM,MediaTek MT6752,2 GB RAM | 16 GB Storage,13 MP Rear Camera,8 MP Front Camera,2600 mAh,5.5 inches (13.97 cm) | TFT,,"₹25,500"
Celkon C604,,,1.3 MP Rear Camera,,2000 mAh,1.8 inches (4.57 cm) | TFT,,"₹1,099"
Karbonn Titanium Mach Two S360,MediaTek MT6592M,1 GB RAM | 8 GB Storage,8 MP Rear Camera,8 MP Front Camera,1900 mAh,5.0 inches (12.7 cm) | IPS LCD,,"₹9,999"
Lava Iris 325 Style,,256 MB RAM | 512 MB Storage,2 MP Rear Camera,0.3 MP Front Camera,1350 mAh,3.5 inches (8.89 cm) | TFT,,"₹3,299"
Microsoft Nokia 215 Dual Sim,,8 MB Storage,0.3 MP Rear Camera,,1100 mAh,2.4 inches (6.1 cm) | LCD,,"₹1,850"
Lava KKT 14s,,,0.3 MP Rear Camera,,1750 mAh,1.8 inches (4.57 cm) | TFT,,"₹1,200"
Lava Iris X8,MediaTek MT6592M,2 GB RAM | 16 GB Storage,8 MP Rear Camera,3 MP Front Camera,2500 mAh,5.0 inches (12.7 cm) | IPS LCD,,"₹6,349"
Asus Zenfone C ZC451CG,Intel Atom,1 GB RAM | 8 GB Storage,5 MP Rear Camera,0.3 MP Front Camera,2100 mAh,4.5 inches (11.43 cm) | IPS LCD,,"₹6,299"
Lava Iris X1 Grand,MediaTek MT6582M,1 GB RAM | 8 GB Storage,8 MP Rear Camera,2 MP Front Camera,2200 mAh,5.0 inches (12.7 cm) | IPS LCD,,"₹7,499"
Lava Iris X1 Mini,,512 MB RAM | 4 GB Storage,5 MP Rear Camera,0.3 MP Front Camera,1750 mAh,4.0 inches (10.16 cm) | IPS LCD,,"₹4,499"
HTC Desire 816G 2015,,1 GB RAM | 16 GB Storage,13 MP Rear Camera,5 MP Front Camera,2600 mAh,5.5 inches (13.97 cm) | S-LCD 2,,"₹21,990"
HTC Desire 526G Plus 16GB,MediaTek MT6592,1 GB RAM | 16 GB Storage,8 MP Rear Camera,2 MP Front Camera,2000 mAh,4.7 inches (11.94 cm) | TFT,,"₹6,999"
HTC Desire 526G Plus 8GB,MediaTek MT6592,1 GB RAM | 8 GB Storage,8 MP Rear Camera,2 MP Front Camera,2000 mAh,4.7 inches (11.94 cm) | TFT,,"₹12,400"
Zopo ZP590,MediaTek MT6582,512 MB RAM | 4 GB Storage,5 MP Rear Camera,2 MP Front Camera,1700 mAh,4.5 inches (11.43 cm) | LCD,,"₹2,690"
"Asus Zenfone 5 A501CG (8GB, 1.2GHz)",Intel Atom,2 GB RAM | 8 GB Storage,8 MP Rear Camera,2 MP Front Camera,2110 mAh,5.0 inches (12.7 cm) | IPS LCD,,"₹8,499"
Karbonn K140,,,0.3 MP Rear Camera,,1000 mAh,1.8 inches (4.57 cm) | TFT,,₹997
XOLO Omega 5.0,MediaTek MT6592M,1 GB RAM | 8 GB Storage,8 MP Rear Camera,2 MP Front Camera,2100 mAh,5.0 inches (12.7 cm) | IPS LCD,,"₹8,990"
HTC Desire 620G,MediaTek MT6592,1 GB RAM | 8 GB Storage,8 MP Rear Camera,5 MP Front Camera,2100 mAh,5.0 inches (12.7 cm) | S-LCD,,"₹17,900"
Asus Zenfone 5 Lite,Intel Atom,1 GB RAM | 8 GB Storage,8 MP Rear Camera,0.3 MP Front Camera,2500 mAh,5.0 inches (12.7 cm) | IPS LCD,,"₹8,499"
Lava Iris Win1,Snapdragon 200,1 GB RAM | 8 GB Storage,5 MP Rear Camera,0.3 MP Front Camera,1950 mAh,4.0 inches (10.16 cm) | LCD,,"₹5,999"
Karbonn Titanium S8,,1 GB RAM | 8 GB Storage,8 MP Rear Camera,0.3 MP Front Camera,1800 mAh,5.0 inches (12.7 cm) | IPS LCD,,"₹6,499"
Lava Spark Candy,,,2 MP Rear Camera,,1000 mAh,2.4 inches (6.1 cm) | TFT,,"₹1,900"
Alcatel One Touch Flash,MediaTek MT6592M,1 GB RAM | 8 GB Storage,13 MP Rear Camera,5 MP Front Camera,3200 mAh,5.5 inches (13.97 cm) | IPS LCD,,"₹9,999"
Lava Iris Selfie 50,Broadcom BCM23550,1 GB RAM | 8 GB Storage,8 MP Rear Camera,5 MP Front Camera,2400 mAh,5.0 inches (12.7 cm) | IPS LCD,,"₹6,696"
Lenovo Vibe X2,MediaTek MT6595M,2 GB RAM | 32 GB Storage,13 MP Rear Camera,5 MP Front Camera,2300 mAh,5.0 inches (12.7 cm) | IPS LCD,,"₹17,499"
HTC Desire 820,Snapdragon 615,2 GB RAM | 16 GB Storage,13 MP Rear Camera,8 MP Front Camera,2600 mAh,5.5 inches (13.97 cm) | LCD,,"₹25,999"
Lava KKT 27 Plus,,,1.3 MP Rear Camera,,1450 mAh,2.8 inches (7.11 cm) | TFT,,"₹1,850"
Lava Iris X1 16GB,Broadcom BCM23550,1 GB RAM | 16 GB Storage,8 MP Rear Camera,2 MP Front Camera,1800 mAh,4.5 inches (11.43 cm) | IPS LCD,,"₹7,800"
Honor Holly,MediaTek MT6582,1 GB RAM | 16 GB Storage,8 MP Rear Camera,2 MP Front Camera,2000 mAh,5.0 inches (12.7 cm) | IPS LCD,,"₹5,999"
Lenovo RocStar A319,MediaTek MT6572,512 MB RAM | 4 GB Storage,5 MP Rear Camera,2 MP Front Camera,1500 mAh,4.0 inches (10.16 cm) | LCD,,"₹6,999"
Lava C11s,,,1.3 MP Rear Camera,,950 mAh,2.4 inches (6.1 cm) | TFT,,"₹1,799"
Apple iPhone 6 64GB,Apple A8,1 GB RAM | 64 GB Storage,8 MP Rear Camera,1.2 MP Front Camera,1810 mAh,4.7 inches (11.94 cm) | IPS LCD,,"₹62,000"
Apple iPhone 6 128GB,Apple A8,1 GB RAM | 128 GB Storage,8 MP Rear Camera,1.2 MP Front Camera,1810 mAh,4.7 inches (11.94 cm) | IPS LCD,,"₹71,500"
HTC Desire 816G,MediaTek MT6582,1 GB RAM | 8 GB Storage,13 MP Rear Camera,5 MP Front Camera,2600 mAh,5.5 inches (13.97 cm) | S-LCD,,"₹21,999"
Apple iPhone 6 Plus 16GB,Apple A8,1 GB RAM | 16 GB Storage,8 MP Rear Camera,1.2 MP Front Camera,2915 mAh,5.5 inches (13.97 cm) | IPS LCD,,"₹62,000"
Apple iPhone 6 Plus 64GB,Apple A8,1 GB RAM | 64 GB Storage,8 MP Rear Camera,1.2 MP Front Camera,2915 mAh,5.5 inches (13.97 cm) | IPS LCD,,"₹48,999"
Honor 6,HiSilicon Kirin,3 GB RAM | 16 GB Storage,13 MP Rear Camera,5 MP Front Camera,3100 mAh,5.0 inches (12.7 cm) | IPS LCD,,"₹14,999"
Motorola Moto X (2nd Gen) 16GB,Snapdragon 801,2 GB RAM | 16 GB Storage,13 MP Rear Camera,2 MP Front Camera,2300 mAh,5.2 inches (13.21 cm) | AMOLED,,"₹23,999"
Sony Xperia Z3 Compact,Snapdragon 801,2 GB RAM | 16 GB Storage,20.7 MP Rear Camera,2.2 MP Front Camera,2600 mAh,4.6 inches (11.68 cm) | IPS LCD,,"₹38,990"
Panasonic GD25c,,,1.3 MP Rear Camera,,1250 mAh,2.4 inches (6.1 cm) | TFT,,"₹1,249"
Karbonn Kphone5,,,1.3 MP Rear Camera,,1000 mAh,2.4 inches (6.1 cm) | TFT,,"₹1,649"
Karbonn K76 Plus,,,1.3 MP Rear Camera,,1200 mAh,3.5 inches (8.89 cm) | LCD,,"₹2,599"
Lava Iris 400Q,,1 GB RAM | 4 GB Storage,5 MP Rear Camera,0.3 MP Front Camera,1700 mAh,4.0 inches (10.16 cm) | LCD,,"₹6,349"
Lava Iris X5,Broadcom BCM23550,1 GB RAM | 8 GB Storage,8 MP Rear Camera,5 MP Front Camera,2100 mAh,5.0 inches (12.7 cm) | IPS LCD,,"₹9,000"
Nokia X2,Snapdragon 200,1 GB RAM | 4 GB Storage,5 MP Rear Camera,0.3 MP Front Camera,1800 mAh,4.3 inches (10.92 cm) | IPS LCD,,"₹5,359"
Asus Zenfone 4 A450CG,Intel Atom,1 GB RAM | 8 GB Storage,8 MP Rear Camera,0.3 MP Front Camera,1750 mAh,4.5 inches (11.43 cm) | IPS LCD,,"₹6,007"
Lava Iris X1 8GB,,1 GB RAM | 8 GB Storage,8 MP Rear Camera,2 MP Front Camera,1800 mAh,4.5 inches (11.43 cm) | IPS LCD,,"₹7,999"
XOLO Play 8X-1200,MediaTek MT6592T,2 GB RAM | 32 GB Storage,13 MP Rear Camera,5 MP Front Camera,2300 mAh,5.0 inches (12.7 cm) | IPS LCD,,"₹20,999"
Lava Discover Neo,,,1.3 MP Rear Camera,,1000 mAh,3.5 inches (8.89 cm) | TFT,,"₹2,600"
Karbonn Titanium S19,,1 GB RAM | 8 GB Storage,13 MP Rear Camera,5 MP Front Camera,2000 mAh,5.0 inches (12.7 cm) | IPS LCD,,"₹10,790"
Karbonn Titanium K900,,,1.3 MP Rear Camera,,1200 mAh,3.2 inches (8.13 cm) | LCD,,"₹2,390"
Karbonn K1 Rock,,,0.3 MP Rear Camera,,1050 mAh,1.8 inches (4.57 cm) | TFT,,"₹1,090"
Karbonn A1 Plus Super,,256 MB RAM | 512 MB Storage,3 MP Rear Camera,0.3 MP Front Camera,1250 mAh,3.5 inches (8.89 cm) | LCD,,"₹3,790"
Panasonic P61,MediaTek MT6582,1 GB RAM | 16 GB Storage,8 MP Rear Camera,2 MP Front Camera,2800 mAh,6.0 inches (15.24 cm) | IPS LCD,,"₹4,999"
LG G3 16GB,Snapdragon 801,2 GB RAM | 16 GB Storage,13 MP Rear Camera,2.1 MP Front Camera,3000 mAh,5.5 inches (13.97 cm) | IPS LCD,,"₹50,000"
Karbonn A40,,512 MB RAM | 4 GB Storage,5 MP Rear Camera,0.3 MP Front Camera,1700 mAh,5.0 inches (12.7 cm) | IPS LCD,,"₹5,990"
Lava Spark 245e,,,1.3 MP Rear Camera,,1100 mAh,2.4 inches (6.1 cm) | TFT,,"₹1,999"
Lava Arc 1 Star,,,0.3 MP Rear Camera,,1000 mAh,1.8 inches (4.57 cm) | TFT,,"₹1,199"
Asus Zenfone 4,Intel Atom,1 GB RAM | 8 GB Storage,5 MP Rear Camera,0.3 MP Front Camera,1600 mAh,4.0 inches (10.16 cm) | TFT,,"₹4,688"
Panasonic GD21,,32 MB RAM,1.3 MP Rear Camera,,1800 mAh,2.4 inches (6.1 cm) | TFT,,"₹2,499"
Karbonn A119,,512 MB RAM | 4 GB Storage,8 MP Rear Camera,2 MP Front Camera,1600 mAh,5.0 inches (12.7 cm) | LCD,,"₹6,990"
XOLO Q500S IPS,MediaTek MT6582M,512 MB RAM | 4 GB Storage,5 MP Rear Camera,0.3 MP Front Camera,1500 mAh,4.0 inches (10.16 cm) | IPS LCD,,"₹5,999"
Lava Iris 349i,,256 MB RAM | 512 MB Storage,2 MP Rear Camera,,1400 mAh,3.5 inches (8.89 cm) | TFT,,"₹3,499"
Karbonn K58,,,1.3 MP Rear Camera,,1500 mAh,2.4 inches (6.1 cm) | TFT,,"₹1,590"
Spice Stellar 445,,512 MB RAM | 4 GB Storage,3.2 MP Rear Camera,1.3 MP Front Camera,1500 mAh,4.0 inches (10.16 cm) | LCD,,"₹6,200"
Karbonn A90S,,512 MB RAM | 4 GB Storage,5 MP Rear Camera,0.3 MP Front Camera,1400 mAh,4.0 inches (10.16 cm) | IPS LCD,,"₹4,990"
Karbonn Smart A52 Plus,,512 MB RAM | 4 GB Storage,2 MP Rear Camera,0.3 MP Front Camera,1300 mAh,3.5 inches (8.89 cm) | LCD,,"₹2,741"
Karbonn Smart A12 Star,,512 MB RAM | 4 GB Storage,5 MP Rear Camera,0.3 MP Front Camera,1400 mAh,4.0 inches (10.16 cm) | LCD,,"₹3,655"
Karbonn K118 Star,,,0.3 MP Rear Camera,,1800 mAh,1.8 inches (4.57 cm) | TFT,,₹990
Lava Discover 128 Star,,,1.3 MP Rear Camera,,1150 mAh,2.8 inches (7.11 cm) | LCD,,"₹2,299"
HTC Desire 516,Snapdragon 200,1 GB RAM | 4 GB Storage,5 MP Rear Camera,2 MP Front Camera,1950 mAh,5.0 inches (12.7 cm) | IPS LED,,"₹15,200"
Karbonn A93,,512 MB RAM | 4 GB Storage,5 MP Rear Camera,0.3 MP Front Camera,1500 mAh,3.9 inches (9.91 cm) | LCD,,"₹4,990"
Karbonn Titanium S9 Lite,MediaTek MT6589,512 MB RAM | 4 GB Storage,8 MP Rear Camera,2 MP Front Camera,2100 mAh,5.5 inches (13.97 cm) | IPS LCD,,"₹8,990"
LG L80,Snapdragon 200,1 GB RAM | 4 GB Storage,5 MP Rear Camera,0.3 MP Front Camera,2540 mAh,5.0 inches (12.7 cm) | IPS LCD,,"₹14,162"
XOLO A500S Lite,MediaTek MT6572,512 MB RAM | 4 GB Storage,3 MP Rear Camera,0.3 MP Front Camera,1400 mAh,4.0 inches (10.16 cm) | IPS LCD,,"₹5,999"
Alcatel One Touch Idol X Plus,MediaTek MT6592,2 GB RAM | 16 GB Storage,13.1 MP Rear Camera,2 MP Front Camera,2500 mAh,5.0 inches (12.7 cm) | IPS LCD,,"₹14,347"
Karbonn A100,,256 MB RAM | 512 MB Storage,3 MP Rear Camera,0.3 MP Front Camera,1200 mAh,3.5 inches (8.89 cm) | TFT,,"₹3,990"
Karbonn A51 Plus,,256 MB RAM | 512 MB Storage,3.2 MP Rear Camera,0.3 MP Front Camera,1100 mAh,3.5 inches (8.89 cm) | LCD,,"₹3,790"
Lava Iris X1 4GB,Broadcom BCM23550,1 GB RAM | 4 GB Storage,8 MP Rear Camera,2 MP Front Camera,1800 mAh,4.5 inches (11.43 cm) | IPS LCD,,"₹6,951"
Lava Discover 136S,,,1.3 MP Rear Camera,,1000 mAh,3.5 inches (8.89 cm) | LCD,,"₹2,700"
Nokia 225 Dual SIM,,8 MB RAM,2 MP Rear Camera,,1200 mAh,2.8 inches (7.11 cm) | TFT,,"₹3,499"
XOLO Q900T,MediaTek MT6589T,1 GB RAM | 4 GB Storage,8 MP Rear Camera,2 MP Front Camera,1800 mAh,4.7 inches (11.94 cm) | IPS LCD,,"₹11,999"
Lava Iris 504Q Plus,MediaTek MT6582,1 GB RAM | 8 GB Storage,10 MP Rear Camera,2 MP Front Camera,2000 mAh,5.0 inches (12.7 cm) | IPS LCD,,"₹12,000"
Karbonn Titanium Octane Plus,MediaTek MT6592,2 GB RAM | 16 GB Storage,16 MP Rear Camera,8 MP Front Camera,2000 mAh,5.0 inches (12.7 cm) | IPS LCD,,"₹12,500"
Lava Iris 450 Colour,MediaTek MT6572,512 MB RAM | 4 GB Storage,5 MP Rear Camera,0.3 MP Front Camera,1800 mAh,4.5 inches (11.43 cm) | IPS LCD,,"₹7,999"
XOLO Q1010i,MediaTek MT6582,1 GB RAM | 8 GB Storage,8 MP Rear Camera,2 MP Front Camera,2250 mAh,5.0 inches (12.7 cm) | True HD IPS Plus LCD,,"₹13,499"
HTC Desire 816,Snapdragon 400,1.5 GB RAM | 8 GB Storage,13 MP Rear Camera,5 MP Front Camera,2600 mAh,5.5 inches (13.97 cm) | S-LCD 2,,"₹27,390"
Karbonn K61,,110 MB Storage,1.3 MP Rear Camera,,1100 mAh,2.8 inches (7.11 cm) | LCD,,"₹1,990"
Lenovo S660,MediaTek MT6582,1 GB RAM | 8 GB Storage,8 MP Rear Camera,0.3 MP Front Camera,3000 mAh,4.7 inches (11.94 cm) | IPS LCD,,"₹14,999"
Karbonn A55,,512 MB RAM | 4 GB Storage,3 MP Rear Camera,0.3 MP Front Camera,1100 mAh,3.5 inches (8.89 cm) | IPS LCD,,"₹4,090"
Lava KKT 45,,,0.3 MP Rear Camera,,2600 mAh,2.6 inches (6.6 cm) | TFT,,"₹1,999"
XOLO A510s,MediaTek MT6572,1 GB RAM | 4 GB Storage,5 MP Rear Camera,0.3 MP Front Camera,1400 mAh,4.0 inches (10.16 cm) | IPS LCD,,"₹7,499"
LG L90 Dual,Snapdragon 400,1 GB RAM | 8 GB Storage,8 MP Rear Camera,0.3 MP Front Camera,2540 mAh,4.7 inches (11.94 cm) | IPS LCD,,"₹15,532"
Sony Xperia T2 Ultra,Snapdragon 400,1 GB RAM | 8 GB Storage,13 MP Rear Camera,1.1 MP Front Camera,3000 mAh,6.0 inches (15.24 cm) | IPS LCD,,"₹12,990"
Sony Xperia E1 Dual,Snapdragon 200,512 MB RAM | 4 GB Storage,3.1 MP Rear Camera,,1750 mAh,4.0 inches (10.16 cm) | TFD,,"₹7,490"
Lava Spark 283,,,1.3 MP Rear Camera,,1400 mAh,2.8 inches (7.11 cm) | TFT,,"₹1,999"
Panasonic P31,MediaTek MT6582M,512 MB RAM | 4 GB Storage,8 MP Rear Camera,0.3 MP Front Camera,2000 mAh,5.0 inches (12.7 cm) | IPS LCD,,"₹10,990"
Lava ARC 22,,,1.3 MP Rear Camera,,1150 mAh,2.8 inches (7.11 cm) | TFT,,"₹1,799"
Nokia Asha 230 DUAL SIM,,64 MB RAM | 64 MB Storage,1.3 MP Rear Camera,,1020 mAh,2.8 inches (7.11 cm) | TFT,,"₹3,999"
Karbonn Kochadaiiyaan The Legend A36,,512 MB RAM | 4 GB Storage,5 MP Rear Camera,2 MP Front Camera,1800 mAh,5.0 inches (12.7 cm) | IPS LCD,,"₹7,990"
Karbonn A19,MediaTek MT6572,512 MB RAM | 4 GB Storage,8 MP Rear Camera,0.3 MP Front Camera,1600 mAh,5.0 inches (12.7 cm) | LCD,,"₹6,999"
Lava Iris 408e,,256 MB RAM | 512 MB Storage,3 MP Rear Camera,0.3 MP Front Camera,1500 mAh,4.0 inches (10.16 cm) | LCD,,"₹4,399"
Karbonn Titanium S5i,,512 MB RAM | 4 GB Storage,8 MP Rear Camera,0.3 MP Front Camera,2000 mAh,5.0 inches (12.7 cm) | LCD,,"₹8,590"
Karbonn K2 Star,,,0.3 MP Rear Camera,,1600 mAh,1.8 inches (4.57 cm) | TFT,,₹999
Lava Iris 404e,,256 MB RAM | 2 GB Storage,2 MP Rear Camera,0.3 MP Front Camera,1400 mAh,4.0 inches (10.16 cm) | TFT,,"₹5,499"
Lenovo S930,MediaTek MT6582,1 GB RAM | 8 GB Storage,8 MP Rear Camera,1.6 MP Front Camera,3000 mAh,6.0 inches (15.24 cm) | IPS LCD,,"₹13,604"
Karbonn Titanium S5 Plus,MediaTek MT6582,1 GB RAM | 4 GB Storage,8 MP Rear Camera,0.3 MP Front Camera,1800 mAh,5.0 inches (12.7 cm) | IPS LCD,,"₹10,990"
Lenovo Vibe Z,Snapdragon 800,2 GB RAM | 16 GB Storage,13 MP Rear Camera,5 MP Front Camera,3000 mAh,5.5 inches (13.97 cm) | IPS LCD,,"₹35,999"
Gionee Gpad G4,MediaTek MT6589T,1 GB RAM | 16 GB Storage,13 MP Rear Camera,5 MP Front Camera,3200 mAh,5.7 inches (14.48 cm) | IPS LCD,,"₹18,374"
Nokia 106,,384 KB RAM,,,800 mAh,1.8 inches (4.57 cm) | LCD,,"₹1,698"
Intex Power Plus,,,1.3 MP Rear Camera,,,2.2 inches (5.59 cm) | TFT,,"₹1,590"
Apple iPhone 5c 32GB,Apple A6,1 GB RAM | 32 GB Storage,8 MP Rear Camera,1.2 MP Front Camera,1510 mAh,4.0 inches (10.16 cm) | IPS LCD,,"₹53,500"
XOLO A500S IPS,MediaTek MT6572W,512 MB RAM | 4 GB Storage,5 MP Rear Camera,0.3 MP Front Camera,1400 mAh,4.0 inches (10.16 cm) | IPS LCD,,"₹7,249"
Panasonic T31,MediaTek MT6572M,512 MB RAM | 4 GB Storage,3.2 MP Rear Camera,0.3 MP Front Camera,1300 mAh,4.0 inches (10.16 cm) | TFT,,"₹5,490"
Lenovo A269i,MediaTek MT6572,256 MB RAM | 512 MB Storage,2 MP Rear Camera,,1300 mAh,3.5 inches (8.89 cm) | IPS LCD,,"₹5,499"
Nokia 108 Dual SIM,,,0.3 MP Rear Camera,,950 mAh,1.8 inches (4.57 cm) | LCD,,"₹2,149"
Nokia 208 Dual SIM,,256 MB RAM | 64 MB Storage,1.3 MP Rear Camera,,1020 mAh,2.4 inches (6.1 cm) | LCD,,"₹5,599"
XOLO Q700i,MediaTek MT6589M,1 GB RAM | 4 GB Storage,8 MP Rear Camera,2 MP Front Camera,2400 mAh,4.5 inches (11.43 cm) | IPS LCD,,"₹11,999"
Karbonn K775,,,1.3 MP Rear Camera,,1400 mAh,2.8 inches (7.11 cm) | LCD,,"₹1,990"
Karbonn A90,Spreadtrum SC6820,512 MB RAM | 512 MB Storage,5 MP Rear Camera,0.3 MP Front Camera,1400 mAh,4 inches (10.16 cm) | IPS LCD,,"₹4,790"
Karbonn A21 Plus,,512 MB RAM | 4 GB Storage,5 MP Rear Camera,0.3 MP Front Camera,2000 mAh,5 inches (12.7 cm) | TFT,,"₹8,290"
Sony Xperia M Dual,Snapdragon S4 Plus,1 GB RAM | 4 GB Storage,5 MP Rear Camera,0.3 MP Front Camera,1750 mAh,4 inches (10.16 cm) | TFT,,"₹10,990"
Intex Cloud Y2,MediaTek MT6572,512 MB RAM | 4 GB Storage,5 MP Rear Camera,1.3 MP Front Camera,1500 mAh,4 inches (10.16 cm) | TFT,,"₹6,690"
Sony Xperia ZR,Snapdragon S4 Pro,2 GB RAM | 8 GB Storage,13 MP Rear Camera,0.3 MP Front Camera,2330 mAh,4.5 inches (11.43 cm) | TFT,,"₹22,990"
Lava Iris 356,MediaTek MT6572,256 MB RAM | 512 MB Storage,1.3 MP Rear Camera,0.3 MP Front Camera,1500 mAh,3.5 inches (8.89 cm) | TFT,,"₹4,199"
Intex Cloud X2,Spreadtrum SC6820,256 MB RAM | 512 MB Storage,2 MP Rear Camera,,1200 mAh,3.5 inches (8.89 cm) | TFT,,"₹4,290"
Intex Killer,,,1.3 MP Rear Camera,,,2.4 inches (6.1 cm) | LCD,,"₹1,690"
XOLO Q600,MediaTek MT6589M,512 MB RAM | 4 GB Storage,5 MP Rear Camera,0.3 MP Front Camera,2000 mAh,4.5 inches (11.43 cm) | TFT,,"₹6,935"
Nokia 301,,64 MB RAM | 256 MB Storage,3.2 MP Rear Camera,,1200 mAh,2.4 inches (6.1 cm) | TFT,,"₹6,169"
Nokia 301 Dual SIM,,64 MB RAM | 256 MB Storage,3.2 MP Rear Camera,,1200 mAh,2.4 inches (6.1 cm) | TFT,,"₹6,169"
Maxx MSD7 BAR 1.8,,,,,1200 mAh,1.8 inches (4.57 cm) | TFT,,"₹1,230"
Karbonn K73,,,1.3 MP Rear Camera,,1750 mAh,2.79 inches (7.09 cm) | LCD,,"₹1,749"
Lenovo S820,MediaTek MT6589,1 GB RAM | 4 GB Storage,12 MP Rear Camera,2 MP Front Camera,2000 mAh,4.7 inches (11.94 cm) | IPS LCD,,"₹20,999"
Spice Smart Flo Pace Mi-422,MediaTek MT6515,512 MB RAM | 512 MB Storage,3.2 MP Rear Camera,1.3 MP Front Camera,1300 mAh,4 inches (10.16 cm) | TFT,,"₹5,999"
Sony Xperia L,Snapdragon 400,1 GB RAM | 8 GB Storage,8 MP Rear Camera,0.3 MP Front Camera,1750 mAh,4.3 inches (10.92 cm) | TFT,,"₹14,490"
Alcatel One Touch Scribe Easy 8000D,Snapdragon S4 Play,512 MB RAM | 4 GB Storage,5 MP Rear Camera,0.3 MP Front Camera,2500 mAh,5 inches (12.7 cm) | TFT,,"₹12,900"
XOLO Play T1000,Nvidia Tegra 3,1 GB RAM | 4 GB Storage,8 MP Rear Camera,2 MP Front Camera,2000 mAh,4.7 inches (11.94 cm) | IPS LCD,,"₹14,153"
Maxx AX8 Note II,MediaTek MT6577,512 MB RAM | 4 GB Storage,8 MP Rear Camera,0.3 MP Front Camera,2200 mAh,5.00 inches (12.7 cm),,"₹9,999"
Nokia Asha 210,,32 MB RAM | 64 MB Storage,2 MP Rear Camera,,1200 mAh,2.4 inches (6.1 cm) | TFT,,"₹5,659"
XOLO Q1000,MediaTek MT6589,1 GB RAM | 4 GB Storage,8 MP Rear Camera,1.2 MP Front Camera,2100 mAh,5 inches (12.7 cm) | IPS LCD,,"₹13,499"
Sony Xperia SP,Snapdragon S4 Pro,1 GB RAM | 8 GB Storage,8 MP Rear Camera,0.3 MP Front Camera,2370 mAh,4.6 inches (11.68 cm) | TFT,,"₹17,990"
Spice Mi-502 Smart Flo Pace 2,MediaTek MT6589,512 MB RAM | 512 MB Storage,5 MP Rear Camera,1.3 MP Front Camera,2100 mAh,5 inches (12.7 cm) | TFT,,"₹8,990"
Videocon A27i,,512 MB RAM | 4 GB Storage,5 MP Rear Camera,0.3 MP Front Camera,1500 mAh,4 inches (10.16 cm),,"₹6,399"
Karbonn A3,,256 MB RAM | 512 MB Storage,3 MP Rear Camera,0.3 MP Front Camera,1400 mAh,4 inches (10.16 cm),,"₹4,990"
Sony Xperia E,Snapdragon,512 MB RAM | 4 GB Storage,3.2 MP Rear Camera,,1530 mAh,3.5 inches (8.89 cm) | LCD,,"₹6,490"
Celkon A119 Signature HD,MediaTek,1 GB RAM | 4 GB Storage,12 MP Rear Camera,3 MP Front Camera,2100 mAh,5 inches (12.7 cm) | LCD,,"₹15,999"
Maxx AX8 Android,MediaTek MT6577,512 MB RAM | 4 GB Storage,8 MP Rear Camera,2 MP Front Camera,1850 mAh,4.5 inches (11.43 cm) | TFT,,"₹11,999"
Lava Iris 349,,256 MB RAM | 512 MB Storage,2 MP Rear Camera,0.3 MP Front Camera,1400 mAh,3.5 inches (8.89 cm) | LCD,,"₹3,430"
Celkon A67 Smartron,Snapdragon S4,512 MB RAM | 512 MB Storage,2 MP Rear Camera,0.3 MP Front Camera,1350 mAh,3.5 inches (8.89 cm) | LCD,,"₹5,599"
Maxx MSD7 Smarty,,256 MB RAM | 512 MB Storage,5 MP Rear Camera,0.3 MP Front Camera,2000 mAh,4 inches (10.16 cm),,"₹8,888"
LG Optimus L5 II Dual,MediaTek MT6575,512 MB RAM | 4 GB Storage,5 MP Rear Camera,,1700 mAh,4 inches (10.16 cm) | IPS LCD,,"₹10,499"
XOLO Q800,MediaTek MT6589M,1 GB RAM | 4 GB Storage,8 MP Rear Camera,1 MP Front Camera,2100 mAh,4.5 inches (11.43 cm) | IPS LCD,,"₹9,556"
Maxx MSD7  Touch,,64 MB RAM | 64 MB Storage,1.3 MP Rear Camera,,1000 mAh,2.4 inches (6.1 cm) | LCD,,"₹1,899"
Karbonn KC110,,,,,1800 mAh,2 inches (5.08 cm) | LCD,,"₹1,520"
Lava Iris N454,,512 MB RAM | 4 GB Storage,8 MP Rear Camera,0.3 MP Front Camera,1650 mAh,4.5 inches (11.43 cm) | IPS LCD,,"₹7,999"
LG Optimus G E975,Snapdragon S4 Pro,2 GB RAM | 32 GB Storage,13 MP Rear Camera,1.3 MP Front Camera,2100 mAh,4.7 inches (11.94 cm) | IPS LCD,,"₹32,990"
Karbonn K75,,64 MB RAM | 128 MB Storage,1 MP Rear Camera,,1000 mAh,3.5 inches (8.89 cm) | LCD,,"₹2,440"
Videocon Dost V1415 Plus,,,0.3 MP Rear Camera,,1800 mAh,1.8 inches (4.57 cm) | LCD,,"₹1,175"
Videocon A27,,512 MB RAM | 4 GB Storage,3 MP Rear Camera,0.3 MP Front Camera,1500 mAh,4 inches (10.16 cm),,"₹7,499"
Intex Aqua Flash,,512 MB RAM | 1.56 GB Storage,8 MP Rear Camera,1.3 MP Front Camera,1800 mAh,4.3 inches (10.92 cm),,"₹9,990"
Celkon A87,Spreadtrum SC6820,512 MB RAM | 512 MB Storage,5 MP Rear Camera,,1450 mAh,4 inches (10.16 cm) | LCD,,"₹5,999"
Maxx MX188e Buzz,,,0.3 MP Rear Camera,,1800 mAh,2 inches (5.08 cm) | LCD,,"₹1,249"
Lava Iris N400,MediaTek MT6575,512 MB RAM | 512 MB Storage,5 MP Rear Camera,0.3 MP Front Camera,1500 mAh,4 inches (10.16 cm) | TFT,,"₹8,499"
Lava Iris 501,,512 MB RAM | 4 GB Storage,5 MP Rear Camera,0.3 MP Front Camera,2300 mAh,5 inches (12.7 cm) | LCD,,"₹7,599"
Nokia Lumia 620,Snapdragon S4,512 MB RAM | 8 GB Storage,5 MP Rear Camera,0.3 MP Front Camera,1300 mAh,3.8 inches (9.65 cm) | TFT,,"₹10,499"
Karbonn K45 Plus,,,1.3 MP Rear Camera,,1500 mAh,2.4 inches (6.1 cm) | LCD,,₹795
Videocon Dost V1539,,,1.3 MP Rear Camera,,1400 mAh,2.6 inches (6.6 cm) | LCD,,"₹1,990"
Nokia Lumia 820,Snapdragon S4 Plus,1 GB RAM | 8 GB Storage,8 MP Rear Camera,0.3 MP Front Camera,1650 mAh,4.3 inches (10.92 cm) | AMOLED,,"₹27,559"
Lava Discover 135,,64 MB RAM | 128 MB Storage,1.3 MP Rear Camera,,1400 mAh,3.5 inches (8.89 cm) | TFT,,"₹2,649"
Maxx MX101 Arc,,,0.3 MP Rear Camera,,1000 mAh,1.8 inches (4.57 cm) | LCD,,₹999
Nokia 206,,32 MB RAM | 64 MB Storage,1.3 MP Rear Camera,,1110 mAh,2.4 inches (6.1 cm) | LCD,,"₹4,399"
Karbonn A15,,512 MB RAM | 4 GB Storage,3 MP Rear Camera,,1420 mAh,4 inches (10.16 cm) | LCD,,"₹7,990"
Celkon C51,,,1.3 MP Rear Camera,,950 mAh,2.4 inches (6.1 cm) | LCD,,"₹1,990"
Celkon A95 Pro,MediaTek MT6575,256 MB RAM,3.2 MP Rear Camera,,1400 mAh,3.2 inches (8.13 cm) | LCD,,"₹4,299"
Mitashi MIT08,,,1.3 MP Rear Camera,,1800 mAh,2 inches (5.08 cm) | LCD,,"₹2,190"
Nokia Lumia 510,Snapdragon S1,256 MB RAM | 4 GB Storage,5 MP Rear Camera,,1300 mAh,4 inches (10.16 cm) | LCD,,"₹10,999"
Maxx MX25 Buzz,,,0.3 MP Rear Camera,,1800 mAh,1.8 inches (4.57 cm) | LCD,,"₹1,499"
Maxx MX151 Turbo,,,0.3 MP Rear Camera,,1000 mAh,1.8 inches (4.57 cm),,₹999
Karbonn A21,Snapdragon S4 Play,512 MB RAM | 4 GB Storage,5 MP Rear Camera,1.3 MP Front Camera,1800 mAh,4.5 inches (11.43 cm) | TFT,,"₹9,899"
Celkon C52,,,1.3 MP Rear Camera,,1000 mAh,2.4 inches (6.1 cm) | TFT,,"₹2,299"
Karbonn K102 Plus Flair,,,0.3 MP Rear Camera,,1000 mAh,2.2 inches (5.59 cm) | LCD,,"₹1,290"
Nokia 112,,16 MB RAM,0.3 MP Rear Camera,,1400 mAh,1.8 inches (4.57 cm) | TFT,,"₹3,319"
Karbonn K451 Plus Sound Wave,,64 MB Storage,1.3 MP Rear Camera,,1800 mAh,2.4 inches (6.1 cm) | LCD,,"₹1,590"
Karbonn A18,,512 MB RAM | 4 GB Storage,5 MP Rear Camera,1.3 MP Front Camera,1500 mAh,4.3 inches (10.92 cm) | IPS LCD,,"₹9,790"
Lava C81,,64 MB RAM | 128 MB Storage,1.3 MP Rear Camera,,1400 mAh,3.5 inches (8.89 cm),,"₹3,600"
Celkon C105,,,0.3 MP Rear Camera,,1000 mAh,2.2 inches (5.59 cm) | LCD,,"₹1,699"
Spice M-5900,,200 MB Storage,1.3 MP Rear Camera,,1000 mAh,3.5 inches (8.89 cm) | LCD,,"₹2,850"
Videocon V1548,,,1.3 MP Rear Camera,,1200 mAh,2.6 inches (6.6 cm),,"₹2,650"
Karbonn KT62,,32 MB RAM | 64 MB Storage,0.3 MP Rear Camera,,1000 mAh,2.8 inches (7.11 cm) | LCD,,"₹2,690"
Gfive L228,,,0.3 MP Rear Camera,,,1.8 inches (4.57 cm) | LCD,,₹999
Lava KKT 22i,,32 MB RAM,0.3 MP Rear Camera,,1800 mAh,2.2 inches (5.59 cm) | LCD,,"₹2,174"
Spice M-5600 Flo TV,MediaTek MT6252,506 KB Storage,1.3 MP Rear Camera,,1200 mAh,3.2 inches (8.13 cm) | LCD,,"₹2,799"
Lava C71,,45 KB Storage,1.3 MP Rear Camera,,1150 mAh,3.2 inches (8.13 cm),,"₹4,678"
Videocon V1528,,,1.3 MP Rear Camera,,1500 mAh,2.4 inches (6.1 cm) | LCD,,"₹1,850"
iBall Shaan Gracia6,,,1.3 MP Rear Camera,,1800 mAh,2.6 inches (6.6 cm),,"₹3,465"
iBall Aura 2b,,,1.3 MP Rear Camera,,1000 mAh,2.8 inches (7.11 cm) | LCD,,"₹4,023"
Intex Cola,,,1.3 MP Rear Camera,,1000 mAh,2.4 inches (6.1 cm) | LCD,,"₹3,149"
Celkon C17,,,1.3 MP Rear Camera,,1000 mAh,2.4 inches (6.1 cm) | LCD,,"₹2,099"
Karbonn A7,,512 MB Storage,5 MP Rear Camera,0.3 MP Front Camera,1420 mAh,3.5 inches (8.89 cm) | LCD,,"₹8,990"
Videocon V1411,,,0.3 MP Rear Camera,,850 mAh,1.8 inches (4.57 cm) | LCD,,"₹1,590"
Lava KKT 18,,,0.3 MP Rear Camera,,1800 mAh,2.4 inches (6.1 cm) | LCD,,"₹2,999"
Intex Hiphop,,,1.3 MP Rear Camera,,2000 mAh,2.4 inches (6.1 cm) | LCD,,"₹2,595"
Nokia Asha 302,,128 MB RAM | 256 MB Storage,3.2 MP Rear Camera,,1320 mAh,2.4 inches (6.1 cm) | TFT,,"₹7,999"
Karbonn KT61 Iconik,,,1.3 MP Rear Camera,,1000 mAh,2.8 inches (7.11 cm),,"₹2,999"
Maxx MX463neo Sleek,,,1.3 MP Rear Camera,,1000 mAh,2.4 inches (6.1 cm) | LCD,,"₹1,899"
Maxx MX424e Supremo,,,1.3 MP Rear Camera,,2200 mAh,2.4 inches (6.1 cm) | LCD,,"₹2,970"
Nokia Asha 201,,32 MB RAM | 64 MB Storage,2 MP Rear Camera,,1430 mAh,2.4 inches (6.1 cm) | LCD,,"₹3,850"
Karbonn K15,,75 KB Storage,1.3 MP Rear Camera,,1000 mAh,2.4 inches (6.1 cm) | LCD,,"₹2,318"
Karbonn K91,,64 MB Storage,1.3 MP Rear Camera,,1500 mAh,2.4 inches (6.1 cm) | LCD,,"₹1,999"
Spice Mi-280,MediaTek MT6573,256 MB RAM | 512 MB Storage,3.2 MP Rear Camera,0.3 MP Front Camera,1000 mAh,2.8 inches (7.11 cm) | LCD,,"₹5,999"
Spice Blueberry Blade,,8.7 MB Storage,2 MP Rear Camera,,920 mAh,2.4 inches (6.1 cm) | TFT,,"₹2,999"
Lava M9,,,0.3 MP Rear Camera,,1000 mAh,2.4 inches (6.1 cm) | LCD,,"₹2,999"
Karbonn K444 Plus,,64 MB Storage,1.3 MP Rear Camera,,2000 mAh,2.6 inches (6.6 cm) | LCD,,"₹2,999"
Lava A16 MTV,,,3.2 MP Rear Camera,,900 mAh,2.6 inches (6.6 cm) | IPS LCD,,"₹4,100"
Nokia Asha 303,,128 MB RAM | 256 MB Storage,3.2 MP Rear Camera,,1300 mAh,2.6 inches (6.6 cm) | LCD,,"₹8,999"
Idea Blade,Snapdragon S1,512 MB RAM | 150 MB Storage,3.2 MP Rear Camera,,1250 mAh,3.5 inches (8.89 cm) | LCD,,"₹11,849"
Spice M-5455,,110 KB Storage,1.3 MP Rear Camera,,950 mAh,2.2 inches (5.59 cm) | LCD,,"₹2,400"
Spice M-5335,,,0.3 MP Rear Camera,,1800 mAh,2 inches (5.08 cm) | LCD,,"₹2,500"
Lava M70,,30 MB Storage,5 MP Rear Camera,,1200 mAh,3.2 inches (8.13 cm) | IPS LCD,,"₹4,950"
Intex IN 009T Flash,,,3 MP Rear Camera,,1800 mAh,2.4 inches (6.1 cm),,"₹3,749"
Sony Ericsson Xperia Neo V,Snapdragon S2,512 MB RAM | 1 GB Storage,5 MP Rear Camera,0.3 MP Front Camera,1500 mAh,3.7 inches (9.4 cm) | LCD,,"₹19,299"
Spice M-5360,,,0.3 MP Rear Camera,,1800 mAh,2.4 inches (6.1 cm) | LCD,,"₹2,299"
Intex IN 007 Maxima,,,1.3 MP Rear Camera,,1800 mAh,2.4 inches (6.1 cm),,"₹2,799"
Maxx MX192 Tune,,,0.3 MP Rear Camera,,1020 mAh,1.8 inches (4.57 cm) | LCD,,"₹1,875"
Sony Ericsson WT19i,Snapdragon S2,512 MB RAM | 320 MB Storage,5 MP Rear Camera,0.3 MP Front Camera,1200 mAh,3.2 inches (8.13 cm) | LCD,,"₹14,695"
Karbonn K1818,,,3.2 MP Rear Camera,,1000 mAh,3.2 inches (8.13 cm) | LCD,,"₹3,599"
Sony Ericsson Xperia Arc S,Snapdragon S2,512 MB RAM | 1 GB Storage,8.1 MP Rear Camera,,1500 mAh,4.2 inches (10.67 cm) | LCD,,"₹28,345"
LG A350,,128 MB RAM | 256 MB Storage,1.3 MP Rear Camera,0.3 MP Front Camera,950 mAh,2.2 inches (5.59 cm) | LCD,,"₹3,999"
Karbonn K33,,95 KB Storage,2 MP Rear Camera,,1000 mAh,2.4 inches (6.1 cm) | LCD,,"₹3,099"
Karbonn K409,,32 MB RAM | 64 MB Storage,0.3 MP Rear Camera,,1800 mAh,2.4 inches (6.1 cm) | LCD,,"₹1,990"
Videocon VG1515,,,1.3 MP Rear Camera,0.3 MP Front Camera,1000 mAh,2.4 inches (6.1 cm) | TFT,,"₹4,748"
Videocon V1533,,,1.3 MP Rear Camera,,1500 mAh,2.2 inches (5.59 cm) | LCD,,"₹2,590"
Videocon V1414,,,0.3 MP Rear Camera,,1200 mAh,2 inches (5.08 cm) | LCD,,"₹2,490"
Spice Knight M-6900,,39 MB Storage,3.2 MP Rear Camera,,1400 mAh,3.5 inches (8.89 cm) | TFT,,"₹6,399"
LG S365,,8.8 MB Storage,2 MP Rear Camera,,900 mAh,2.4 inches (6.1 cm) | LCD,,"₹4,599"
AirTyme GTX75 TORRID,,27 MB Storage,1.3 MP Rear Camera,,1200 mAh,2.8 inches (7.11 cm) | LCD,,"₹4,999"
Karbonn K101,,,0.3 MP Rear Camera,,900 mAh,1.8 inches (4.57 cm),,"₹1,890"
iBall Aura V36,,,3 MP Rear Camera,,1100 mAh,3.5 inches (8.89 cm),,"₹5,775"
Maxx MX401,,,2 MP Rear Camera,,1500 mAh,2.4 inches (6.1 cm) | LCD,,"₹2,599"
Karbonn K220,,,0.3 MP Rear Camera,,1000 mAh,2 inches (5.08 cm) | LCD,,"₹1,990"
Lava M20,,,0.3 MP Rear Camera,,1200 mAh,2.2 inches (5.59 cm) | IPS LCD,,"₹3,450"
Karbonn K210,,32 MB RAM | 64 MB Storage,0.3 MP Rear Camera,,1500 mAh,1.8 inches (4.57 cm) | LCD,,"₹1,990"
Karbonn K110,,32 MB RAM | 64 MB Storage,0.3 MP Rear Camera,,1000 mAh,1.8 inches (4.57 cm) | LCD,,"₹1,390"
Alcatel OT-520D,,,2 MP Rear Camera,,1000 mAh,2 inches (5.08 cm) | LCD,,"₹2,399"
Videocon V1408,,,0.3 MP Rear Camera,,1800 mAh,2 inches (5.08 cm) | LCD,,"₹1,499"
Videocon V1535,,,1.3 MP Rear Camera,,1200 mAh,2.2 inches (5.59 cm) | LCD,,"₹3,150"
Beetel GD310,,,0.3 MP Rear Camera,,1200 mAh,1.8 inches (4.57 cm) | LCD,,"₹1,799"
Nokia X7-00,,256 MB RAM | 1 GB Storage,8 MP Rear Camera,,1200 mAh,4 inches (10.16 cm) | AMOLED,,"₹22,829"
Nokia E6,,256 MB RAM | 1 GB Storage,8 MP Rear Camera,0.3 MP Front Camera,1500 mAh,2.46 inches (6.25 cm) | LCD,,"₹17,999"
Maxx Tiny MQ368,,,2 MP Rear Camera,,1000 mAh,2 inches (5.08 cm) | TFT,,"₹2,490"
iBall Aspire QE45,,,1.3 MP Rear Camera,,,2 inches (5.08 cm),,"₹2,990"
Beetel GD412,,,0.3 MP Rear Camera,,,1.8 inches (4.57 cm) | LCD,,"₹2,099"
Karbonn K7 Jumbo,,32 MB RAM | 128 MB Storage,,,1800 mAh,2.4 inches (6.1 cm) | LCD,,"₹1,830"
Onida KYS70,,128 KB Storage,1.3 MP Rear Camera,,1500 mAh,2.4 inches (6.1 cm) | LCD,,"₹3,433"
Spice Mi-270,MediaTek,256 MB RAM | 512 MB Storage,2 MP Rear Camera,,1000 mAh,2.8 inches (7.11 cm) | TFT,,"₹5,325"
Videocon V1805,,58.5 MB Storage,8 MP Rear Camera,,1050 mAh,2.4 inches (6.1 cm) | LCD,,"₹4,653"
Salora M570,,,2 MP Rear Camera,,1200 mAh,2.2 inches (5.59 cm) | LCD,,"₹2,550"
Salora M610,,,2 MP Rear Camera,,1000 mAh,2 inches (5.08 cm) | LCD,,"₹3,099"
Videocon V1412,,,0.3 MP Rear Camera,,1800 mAh,1.8 inches (4.57 cm) | LCD,,"₹2,180"
Alcatel OT-813D,MediaTek MT6235,50 MB Storage,2 MP Rear Camera,,1000 mAh,2.4 inches (6.1 cm) | LCD,,"₹4,990"
Maxx MX128i,,32 MB RAM | 128 MB Storage,,,1000 mAh,1.8 inches (4.57 cm) | TFT,,"₹1,524"
Swissvoice Sv75 One Touch,,,1.3 MP Rear Camera,,950 mAh,2.4 inches (6.1 cm) | LCD,,"₹3,000"
Videocon V1670,,,2 MP Rear Camera,,1220 mAh,2.8 inches (7.11 cm) | LCD,,"₹5,195"
Olive Fluid V-W1,,256 MB Storage,3 MP Rear Camera,,1300 mAh,3.5 inches (8.89 cm) | LCD,,"₹10,990"
Sony Ericsson Xperia Play,Snapdragon S2,380 MB RAM | 400 MB Storage,5 MP Rear Camera,0.3 MP Front Camera,1500 mAh,4 inches (10.16 cm) | LCD,,"₹35,000"
Maxx MX155,,506 KB Storage,,,1800 mAh,| LCD,,"₹1,580"
Swissvoice Sv45 Nice n Easy,,,1.3 MP Rear Camera,,860 mAh,2 inches (5.08 cm) | LCD,,"₹2,190"
Sony Ericsson XPERIA Arc,Snapdragon S2,512 MB RAM | 320 MB Storage,8 MP Rear Camera,,1500 mAh,4.2 inches (10.67 cm) | LCD,,"₹34,000"
Sony Ericsson Xperia Neo,Snapdragon S2,512 MB RAM | 320 MB Storage,8 MP Rear Camera,0.3 MP Front Camera,1500 mAh,3.7 inches (9.4 cm) | LCD,,"₹30,000"
Maxx MX513,,128 MB Storage,1.3 MP Rear Camera,,1000 mAh,| LCD,,"₹2,620"
Alcatel OT-517D,,,0.3 MP Rear Camera,,720 mAh,1.8 inches (4.57 cm) | LCD,,"₹2,400"
Videocon V1525,,,1.3 MP Rear Camera,,1000 mAh,2.2 inches (5.59 cm) | LCD,,"₹1,499"
Spice Mi-310,,85 MB Storage,2 MP Rear Camera,,1200 mAh,3.2 inches (8.13 cm),,"₹8,625"
Karbonn K111,,32 MB RAM | 64 MB Storage,0.1 MP Rear Camera,,1000 mAh,2.4 inches (6.1 cm) | LCD,,"₹2,868"
Spice M-6350,,1 MB Storage,2 MP Rear Camera,,1350 mAh,| LCD,,"₹3,728"
Lava KKT 70,,,2 MP Rear Camera,,1700 mAh,2.4 inches (6.1 cm) | LCD,,"₹3,318"
LG Cookie WiFi T310i,,18 MB Storage,2 MP Rear Camera,,900 mAh,2.8 inches (7.11 cm) | LCD,,"₹5,999"
Videocon V1603,,,2 MP Rear Camera,,920 mAh,2.2 inches (5.59 cm),,"₹3,995"
LG S310,,14.5 MB Storage,3.2 MP Rear Camera,,900 mAh,2.2 inches (5.59 cm) | LCD,,"₹5,500"
LG X330,,80 MB Storage,1.3 MP Rear Camera,,950 mAh,2.3 inches (5.84 cm) | LCD,,"₹5,000"
iBall Shaan S09,,32 MB Storage,,,800 mAh,1.44 inches (3.66 cm),,"₹1,499"
iBall Vibe,,,0.3 MP Rear Camera,,1400 mAh,3.2 inches (8.13 cm) | LCD,,"₹5,843"
Lava A10,,58 MB Storage,3.2 MP Rear Camera,,1400 mAh,3 inches (7.62 cm) | LCD,,"₹5,499"
Sony Ericsson Yendo,,5 MB Storage,2 MP Rear Camera,,970 mAh,2.6 inches (6.6 cm) | LCD,,"₹8,500"
Sony Ericsson Cedar,,280 MB Storage,2 MP Rear Camera,,1000 mAh,2.2 inches (5.59 cm) | LCD,,"₹5,693"
Lemon Duo 405,,250 KB Storage,1.3 MP Rear Camera,,1200 mAh,2.4 inches (6.1 cm) | LCD,,"₹3,799"
Nokia C2-00,,64 MB RAM | 16 MB Storage,0.3 MP Rear Camera,,1020 mAh,1.8 inches (4.57 cm) | LCD,,"₹2,967"
Maxx MX469,,,1.3 MP Rear Camera,,950 mAh,| LCD,,"₹3,342"
Karbonn K30,,81 MB Storage,2 MP Rear Camera,0.3 MP Front Camera,1000 mAh,2.4 inches (6.1 cm) | LCD,,"₹5,299"
Karbonn K1212,,24 MB Storage,3 MP Rear Camera,,1000 mAh,3.2 inches (8.13 cm),,"₹5,910"
Nokia E5,,256 MB Storage,5 MP Rear Camera,,1200 mAh,2.4 inches (6.1 cm) | LCD,,"₹8,754"
Onida F970,,35 MB Storage,2 MP Rear Camera,,1000 mAh,2 inches (5.08 cm) | LCD,,"₹5,999"
Karbonn K485,,,0.3 MP Rear Camera,,1800 mAh,2.4 inches (6.1 cm) | LCD,,"₹3,990"
Karbonn K777,,17 MB Storage,1.3 MP Rear Camera,,1000 mAh,2.4 inches (6.1 cm),,"₹2,290"
Lephone K5,,,0.3 MP Rear Camera,,,1.8 inches (4.57 cm),,₹999
Swissvoice MP03,,,,,1000 mAh,| LCD,,"₹2,999"
Lava A9,,64 MB RAM,3.2 MP Rear Camera,,920 mAh,2.4 inches (6.1 cm) | LCD,,"₹1,649"
Gfive U707,,,0.3 MP Rear Camera,,850 mAh,2 inches (5.08 cm) | LCD,,₹499
Karbonn K334,,394 KB Storage,,,1800 mAh,1.8 inches (4.57 cm),,₹749
Karbonn KC750,,25 MB Storage,3 MP Rear Camera,,1050 mAh,2.4 inches (6.1 cm),,"₹6,999"
Karbonn K661,,761 KB Storage,2 MP Rear Camera,,1200 mAh,2.4 inches (6.1 cm) | LCD,,"₹4,999"
Alcatel OT-880 One Touch EXTRA,,60 MB Storage,2 MP Rear Camera,,850 mAh,2.4 inches (6.1 cm) | LCD,,"₹6,300"
Alcatel OT-808,,20 MB Storage,2 MP Rear Camera,,850 mAh,2.2 inches (5.59 cm) | LCD,,"₹6,450"
Karbonn K10,,259 KB Storage,1.3 MP Rear Camera,,900 mAh,2 inches (5.08 cm),,"₹3,699"
Spice QT-53,,4 MB RAM | 8 MB Storage,0.3 MP Rear Camera,,800 mAh,2 inches (5.08 cm) | LCD,,"₹2,999"
Maxx MS706,,32 MB RAM | 128 MB Storage,0.5 MP Rear Camera,,850 mAh,2 inches (5.08 cm) | LCD,,"₹2,600"
MTS Mtag 3.1 SP-101,,256 MB RAM | 512 MB Storage,3.2 MP Rear Camera,,1050 mAh,2.8 inches (7.11 cm) | LCD,,"₹8,249"
Beetel GD575,,50 KB Storage,1.3 MP Rear Camera,,1100 mAh,2.8 inches (7.11 cm) | LCD,,"₹3,003"
Videocon V1452 QRUZ,,,0.3 MP Rear Camera,,1800 mAh,2.4 inches (6.1 cm) | LCD,,"₹2,250"
Beetel GD 404,,,0.3 MP Rear Camera,,1200 mAh,2 inches (5.08 cm),,"₹1,999"
Celkon C44,,,1.3 MP Rear Camera,,1800 mAh,2.4 inches (6.1 cm) | LCD,,"₹2,499"
Kenxinda W6,,,0.3 MP Rear Camera,,,| LCD,,"₹5,999"
Kenxinda S9,,,0.3 MP Rear Camera,,,| LCD,,"₹3,990"
Celkon C260,,,1.3 MP Rear Camera,,1500 mAh,2.6 inches (6.6 cm) | LCD,,"₹2,699"
Idea Id 918,,512 MB RAM | 150 MB Storage,3.2 MP Rear Camera,,1300 mAh,3.2 inches (8.13 cm) | TFT,,"₹6,999"
Videocon Dost V1415,,,0.3 MP Rear Camera,,1000 mAh,1.8 inches (4.57 cm) | LCD,,"₹1,350"
Karbonn KT 52,,,1.3 MP Rear Camera,,1100 mAh,2.4 inches (6.1 cm) | LCD,,"₹1,690"
AirTyme Picasso,,256 MB RAM | 512 MB Storage,5 MP Rear Camera,0.3 MP Front Camera,1450 mAh,3.5 inches (8.89 cm) | LCD,,"₹8,999"
Spice M-5005n Boss Champion,,,0.3 MP Rear Camera,,1000 mAh,1.8 inches (4.57 cm) | LCD,,"₹1,299"
Salora SM201,,,1.3 MP Rear Camera,,1000 mAh,2.4 inches (6.1 cm) | LCD,,"₹1,000"
Spice MI-320,,256 MB RAM | 512 MB Storage,3.2 MP Rear Camera,,1200 mAh,3.1 inches (7.87 cm) | LCD,,"₹6,199"
Karbonn A7 Plus,,512 MB RAM | 157 MB Storage,5 MP Rear Camera,0.3 MP Front Camera,1420 mAh,3.5 inches (8.89 cm),,"₹8,990"
Salora SM502a,,,0.3 MP Rear Camera,,1200 mAh,2.4 inches (6.1 cm) | LCD,,"₹1,350"
Spice Flo TV M-5910,,64 MB RAM,0.3 MP Rear Camera,,1000 mAh,3.5 inches (8.89 cm),,"₹3,299"
Spice M-5610,,32 MB RAM,1.3 MP Rear Camera,,1100 mAh,2.4 inches (6.1 cm) | LCD,,"₹1,949"
Spice Boss TV Pro M-5450,,,1.3 MP Rear Camera,,1500 mAh,3 inches (7.62 cm) | LCD,,"₹2,499"
Spice D90,,70 MB Storage,2 MP Rear Camera,,800 mAh,| LCD,,"₹7,799"
Lava ARC11 Plus,,,0.3 MP Rear Camera,,1000 mAh,1.8 inches (4.57 cm) | LCD,,"₹1,130"
Alcatel Idol OT-6030a,,4 GB Storage,8 MP Rear Camera,2 MP Front Camera,1800 mAh,4.7 inches (11.94 cm) | IPS LCD,,"₹13,999"
Alcatel Glory 2T OT-4005D,MediaTek MT6575M,256 MB RAM | 512 MB Storage,2 MP Rear Camera,,1400 mAh,3.5 inches (8.89 cm) | LCD,,"₹4,350"
Lava Spark 245,,,1.3 MP Rear Camera,,1100 mAh,2.4 inches (6.1 cm) | TFT,,"₹1,999"
Karbonn A3 Plus,,256 MB RAM | 512 MB Storage,3 MP Rear Camera,0.3 MP Front Camera,1400 mAh,3.5 inches (8.89 cm) | LCD,,"₹4,290"
Salora Valumaxx E1,,256 MB RAM,3 MP Rear Camera,0.3 MP Front Camera,1500 mAh,4 inches (10.16 cm) | IPS LCD,,"₹3,999"
Videocon A26,,512 MB RAM | 4 GB Storage,3.2 MP Rear Camera,0.3 MP Front Camera,1800 mAh,4 inches (10.16 cm) | IPS LCD,,"₹6,750"
Karbonn K72 Plus,,,1.3 MP Rear Camera,,1800 mAh,2.79 inches (7.09 cm) | LCD,,"₹1,790"
Lava Iris 349S,,256 MB RAM | 512 MB Storage,2 MP Rear Camera,0.3 MP Front Camera,1400 mAh,3.5 inches (8.89 cm) | TFT,,"₹3,999"
Lava Spark 266,,,2 MP Rear Camera,,950 mAh,2.6 inches (6.6 cm) | TFT,,"₹2,099"
Lava Iris 456,,512 MB RAM | 4 GB Storage,5 MP Rear Camera,1.3 MP Front Camera,1650 mAh,4.5 inches (11.43 cm) | TFT,,"₹7,888"
Lava Spark 250,,,1.3 MP Rear Camera,0.3 MP Front Camera,1400 mAh,2.4 inches (6.1 cm) | TFT,,"₹1,999"
Lenovo S820 8GB,MediaTek MT6589,1 GB RAM | 8 GB Storage,12 MP Rear Camera,2 MP Front Camera,2000 mAh,4.7 inches (11.94 cm) | IPS LCD,,"₹20,999"
i-smart i1-Desire,,2 GB RAM | 16 GB Storage,5 MP Rear Camera,5 MP Front Camera,2600 mAh,5.5 inches (13.97 cm) | IPS LCD,,"₹5,699"
Olive V-G200 Olive Pwrr,,,0.3 MP Rear Camera,,2000 mAh,2.2 inches (5.59 cm) | LCD,,"₹3,899"
Spice M-5252n,,1 MB Storage,0.1 MP Rear Camera,,1300 mAh,2 inches (5.08 cm) | LCD,,"₹3,299"
Spice M-6464,,87 MB Storage,2 MP Rear Camera,,1000 mAh,2.2 inches (5.59 cm) | LCD,,"₹2,610"
Videocon V1655,,32 MB Storage,2 MP Rear Camera,,800 mAh,2.8 inches (7.11 cm) | LCD,,"₹3,523"
Videocon V1675,,,2 MP Rear Camera,0.3 MP Front Camera,1500 mAh,2.4 inches (6.1 cm) | LCD,,"₹4,368"
Intex IN 4420,,,0.3 MP Rear Camera,,1400 mAh,2.2 inches (5.59 cm),,"₹3,995"
Maxx MX470,,,0.3 MP Rear Camera,,950 mAh,2 inches (5.08 cm) | LCD,,"₹3,345"
VOX Mobile VGS-507,,,1.3 MP Rear Camera,,950 mAh,2.6 inches (6.6 cm) | LCD,,"₹4,699"
Onida G530,,,0.3 MP Rear Camera,,,,,"₹3,999"
LG GS108,,,,,950 mAh,1.5 inches (3.81 cm) | LCD,,"₹1,650"
Maxx MX 2K,,,2 MP Rear Camera,,1450 mAh,| LCD,,"₹2,522"
Moto G45 5G,Snapdragon 6s Gen 3,4 GB RAM | 128 GB Storage,50 MP + 2 MP Rear Camera,16 MP Front Camera,5000 mAh | 20W Turbo Power Charging,6.5 inches (16.51 cm) | IPS LCD,"AnTuTu Score 449,055","₹10,997"
Nothing Phone 4a,Snapdragon 7s Gen 4,8 GB RAM | 128 GB Storage,50 MP + 50 MP + 8 MP Rear Camera,32 MP Front Camera,5400 mAh | 50W Quick Charging,6.78 inches (17.22 cm) | Flexible AMOLED,"AnTuTu Score 1,176,492","₹34,999"
Moto G85,Snapdragon 6s Gen 3,8 GB RAM | 128 GB Storage,50 MP + 8 MP Rear Camera,32 MP Front Camera,5000 mAh | 33W Turbo Power Charging,6.67 inches (16.94 cm) | P-OLED,"AnTuTu Score 471,687","₹17,840"
OPPO K14 5G,MediaTek Dimensity 6300,6 GB RAM | 128 GB Storage,50 MP AI + 2 MP Rear Camera,8 MP Front Camera,7000 mAh | 45W SuperVOOC fast charging,6.75 inches (17.15 cm) | LCD,"AnTuTu Score 615,625","₹18,956"
OPPO Reno15 C,Snapdragon 6 Gen 1,8 GB RAM | 256 GB Storage,50 MP + 8 MP + 2 MP Rear Camera,50 MP Front Camera,7000 mAh | 80W Super VOOC Charging,6.57 inches (16.69 cm) | AMOLED,"AnTuTu Score 846,599","₹40,999"
OnePlus Nord CE 4 5G,Snapdragon 7 Gen 3,8 GB RAM | 128 GB Storage,50 MP + 8 MP Rear Camera,16 MP Front Camera,5500 mAh | 100W Super VOOC Charging,6.7 inches (17.02 cm) | AMOLED,"AnTuTu Score 819,347","₹19,900"
Samsung Galaxy M06 5G,MediaTek Dimensity 6300,4 GB RAM | 128 GB Storage,50 MP + 2 MP Rear Camera,8 MP Front Camera,5000 mAh | 25W Fast Charging,6.7 inches (17.02 cm) | PLS LCD,,"₹13,999"
Samsung Galaxy S21 FE 256GB,Samsung Exynos 2100,8 GB RAM | 256 GB Storage,12 MP + 12 MP + 8 MP Rear Camera,32 MP Front Camera,4500 mAh | 25W Fast Charging,6.4 inches (16.26 cm) | Dynamic AMOLED 2x,AnTuTu Score 0,"₹22,464"
CMF Phone 1,MediaTek Dimensity 7300,6 GB RAM | 128 GB Storage,50 MP + 2 MP Rear Camera,16 MP Front Camera,5000 mAh | 33W Fast Charging,6.67 inches (16.94 cm) | Super AMOLED,"AnTuTu Score 642,187","₹19,999"
Nothing Phone 3a Pro 256GB,Snapdragon 7s Gen 3,8 GB RAM | 256 GB Storage,50 MP + 8 MP + 50 MP Rear Camera,50 MP Front Camera,5000 mAh | 50W Fast Charging,6.77 inches (17.2 cm) | Flexible AMOLED,"AnTuTu Score 809,554","₹29,999"
Google Pixel 6 Pro,Google Tensor,12 GB RAM | 128 GB Storage,50 MP + 12 MP + 48 MP Rear Camera,11.1 MP Front Camera,5003 mAh | 30W Fast Charging,6.7 inches (17.02 cm) | P-OLED,"AnTuTu Score 675,033","₹43,715"
realme Narzo 70 Turbo,MediaTek Dimensity 7300 Energy,6 GB RAM | 128 GB Storage,50 MP + 2 MP Rear Camera,16 MP Front Camera,5000 mAh | 45W Ultra Charging,6.67 inches (16.94 cm) | OLED,"AnTuTu Score 726,959","₹19,490"
HMD Nokia 123 Shield 4G,Unisoc SC6531E,4 MB RAM | 4 MB Storage,0.1 MP Rear Camera,,1750 mAh,2.4 inches (6.1 cm),,"₹3,064"
Xiaomi 15 Ultra,Snapdragon 8 Elite,16 GB RAM | 512 GB Storage,50 MP + 50 MP + 50 MP + 200 MP Rear Camera,32 MP Front Camera,5410 mAh | 90W Hyper Charging,6.73 inches (17.09 cm) | LTPO AMOLED,"AnTuTu Score 2,407,499","₹89,990"
Nothing Phone 2a Plus,MediaTek Dimensity 7350 Pro,8 GB RAM | 256 GB Storage,50 MP + 50 MP Rear Camera,50 MP Front Camera,5000 mAh | 50W Fast Charging,6.7 inches (17.02 cm) | Flexible AMOLED,"AnTuTu Score 771,491","₹27,999"
OPPO A59 5G,MediaTek Dimensity 6020,4 GB RAM | 128 GB Storage,13 MP + 2 MP Rear Camera,8 MP Front Camera,5000 mAh | 33W Super VOOC Charging,6.56 inches (16.66 cm) | IPS LCD,,"₹17,999"
Samsung Galaxy S24 5G Snapdragon Edition,Snapdragon 8 Gen 3,8 GB RAM | 128 GB Storage,50 MP + 12 MP + 10 MP Rear Camera,12 MP Front Camera,4000 mAh | 25W Fast Charging,6.2 inches (15.75 cm) | Dynamic AMOLED 2x,,"₹54,499"
Samsung Galaxy A23 5G,Snapdragon 695,6 GB RAM | 128 GB Storage,50 MP + 5 MP + 2 MP + 2 MP Rear Camera,8 MP Front Camera,5000 mAh | 25W Fast Charging,6.6 inches (16.76 cm) | PLS LCD,,"₹22,999"
OPPO F17,Snapdragon 662,6 GB RAM | 128 GB Storage,16 MP + 8 MP + 2 MP + 2 MP Rear Camera,16 MP Front Camera,4015 mAh | 30W VOOC Charging,6.44 inches (16.36 cm) | Super AMOLED,"AnTuTu Score 173,554","₹16,990"
Nothing Phone 2,Snapdragon 8 Plus Gen 1,8 GB RAM | 128 GB Storage,50 MP + 50 MP Rear Camera,32 MP Front Camera,4700 mAh | 45W Fast Charging,6.7 inches (17.02 cm) | LTPO AMOLED,"AnTuTu Score 1,195,555","₹30,999"
HMD Touch 4G,Unisoc T127,64 MB RAM | 128 MB Storage,2 MP Rear Camera,0.3 MP Front Camera,1950 mAh,3.2 inches (8.13 cm) | TFT LCD,,"₹4,199"
Xiaomi Mi 11 Ultra,Snapdragon 888,12 GB RAM | 256 GB Storage,50 MP + 48 MP + 48 MP Rear Camera,20 MP Front Camera,5000 mAh | 67W Fast Charging,6.81 inches (17.3 cm) | AMOLED (Main Display),"AnTuTu Score 688,824","₹69,999"
OPPO F23,Snapdragon 695,8 GB RAM | 256 GB Storage,64 MP + 2 MP + 2 MP Rear Camera,32 MP Front Camera,5000 mAh | 67W Super VOOC Charging,6.72 inches (17.07 cm) | LTPS LCD,,"₹29,999"
Lava Shark 2 5G,Unisoc T8200,4 GB RAM | 64 GB Storage,13 MP Rear Camera,5 MP Front Camera,6000 mAh | 18W,6.75 inches (17.15 cm) | LCD,"AnTuTu Score 494,019","₹9,999"
vivo Y56,MediaTek Dimensity 700,8 GB RAM | 128 GB Storage,50 MP + 2 MP Rear Camera,16 MP Front Camera,5000 mAh | 18W Fast Charging,6.58 inches (16.71 cm) | IPS LCD,,"₹16,294"
Motorola Edge 60 Fusion 256GB,MediaTek Dimensity 7400,8 GB RAM | 256 GB Storage,50 MP + 13 MP Rear Camera,32 MP Front Camera,5500 mAh | 68W Turbo Power Charging,6.67 inches (16.94 cm) | P-OLED,,"₹27,499"
Itel A100,Unisoc T7100,3 GB RAM | 64 GB Storage,8 MP Rear Camera,5 MP Front Camera,5000 mAh,6.6 inches (16.76 cm) | IPS LCD,"AnTuTu Score 201,848","₹6,799"
CMF Phone 2 Pro 256GB,MediaTek Dimensity 7300 Pro,8 GB RAM | 256 GB Storage,50 MP + 8 MP + 50 MP Rear Camera,16 MP Front Camera,5000 mAh | 33W Fast Charging,6.77 inches (17.2 cm) | Flexible AMOLED,"AnTuTu Score 688,050","₹24,999"
Itel A100C,Unisoc T7100,2 GB RAM | 64 GB Storage,8 MP Rear Camera,5 MP Front Camera,5000 mAh,6.6 inches (16.76 cm) | IPS LCD,,"₹6,299"
Honor Magic 6 Pro,Snapdragon 8 Gen 3,12 GB RAM | 512 GB Storage,50 MP + 50 MP + 180 MP Rear Camera,50 MP Front Camera,5600 mAh | 80W Super Charging,6.8 inches (17.27 cm) | LTPO OLED,"AnTuTu Score 1,744,074","₹89,999"
iQOO 9 Pro 5G,Snapdragon 8 Gen 1,8 GB RAM | 256 GB Storage,50 MP + 50 MP + 16 MP Rear Camera,16 MP Front Camera,4700 mAh | 120W Flash Charging,6.78 inches (17.22 cm) | AMOLED,"AnTuTu Score 993,826","₹39,999"
Itel City 100,Unisoc T7250,4 GB RAM | 128 GB Storage,13 MP Rear Camera,8 MP Front Camera,5200 mAh | 18W Fast Charging,6.75 inches (17.15 cm) | IPS LCD,"AnTuTu Score 294,005","₹7,599"
Moto G05,MediaTek Helio G81 Extreme,4 GB RAM | 64 GB Storage,50 MP Rear Camera,8 MP Front Camera,5200 mAh | 18W Turbo Power Charging,6.67 inches (16.94 cm) | LCD,,"₹9,990"
Samsung Galaxy M55s 5G,Snapdragon 7 Gen 1,8 GB RAM | 128 GB Storage,50 MP + 8 MP + 2 MP Rear Camera,50 MP Front Camera,5000 mAh | 45W Fast Charging,6.7 inches (17.02 cm) | Super AMOLED Plus,,"₹28,999"
OPPO F19 Pro,MediaTek Helio P95,8 GB RAM | 128 GB Storage,48 MP + 8 MP + 2 MP + 2 MP Rear Camera,16 MP Front Camera,4310 mAh | 30W VOOC Charging,6.43 inches (16.33 cm) | Super AMOLED,"AnTuTu Score 204,279","₹24,999"
Acer Super ZX,MediaTek Dimensity 6300,4 GB RAM | 128 GB Storage,64 MP + 2 MP + 2 MP Rear Camera,13 MP Front Camera,5000 mAh | 33W Fast Charging,6.8 inches (17.27 cm) | IPS LCD,"AnTuTu Score 413,853","₹14,499"
OPPO Reno15 C 12GB RAM,Snapdragon 6 Gen 1,12 GB RAM | 256 GB Storage,50 MP + 8 MP + 2 MP Rear Camera,50 MP Front Camera,7000 mAh | 80W Super VOOC Charging,6.57 inches (16.69 cm) | AMOLED,"AnTuTu Score 846,599","₹44,999"
Samsung Galaxy M36 256GB,Samsung Exynos 1380,8 GB RAM | 256 GB Storage,50 MP + 8 MP + 2 MP Rear Camera,13 MP Front Camera,5000 mAh | 25W Fast Charging,6.7 inches (17.02 cm) | Super AMOLED,,"₹21,999"
OPPO A5X 4G,Snapdragon 6s 4G Gen 1,4 GB RAM | 64 GB Storage,32 MP Rear Camera,5 MP Front Camera,6000 mAh | 45W Super VOOC Charging,6.67 inches (16.94 cm) | LCD,,"₹8,998"
Xiaomi Redmi Note 15 Pro Plus 512GB,Snapdragon 7s Gen 4,12 GB RAM | 512 GB Storage,200 MP + 8 MP Rear Camera,32 MP Front Camera,6500 mAh | 100W Fast Charging,6.83 inches (17.35 cm) | AMOLED,,"₹44,999"
Samsung Galaxy M05,MediaTek Helio G85,4 GB RAM | 64 GB Storage,50 MP + 2 MP Rear Camera,8 MP Front Camera,5000 mAh | 25W Fast Charging,6.7 inches (17.02 cm) | PLS LCD,,"₹12,499"
OPPO F15,MediaTek Helio P70,8 GB RAM | 128 GB Storage,48 MP + 8 MP + 2 MP + 2 MP Rear Camera,16 MP Front Camera,4000 mAh | 20W VOOC Charging,6.4 inches (16.26 cm) | AMOLED,"AnTuTu Score 195,381","₹18,989"
Tecno Pova 6 Pro,MediaTek Dimensity 6080,8 GB RAM | 256 GB Storage,108 MP + 2 MP + 0.08 MP Rear Camera,32 MP Front Camera,6000 mAh | 70W Flash Charging,6.78 inches (17.22 cm) | AMOLED,"AnTuTu Score 441,943","₹19,990"
OPPO A15,MediaTek Helio P35,3 GB RAM | 32 GB Storage,13 MP + 2 MP + 2 MP Rear Camera,5 MP Front Camera,4230 mAh | 10W,6.52 inches (16.56 cm) | IPS LCD,"AnTuTu Score 109,267","₹9,999"
OPPO Reno7,MediaTek Dimensity 900,8 GB RAM | 256 GB Storage,64 MP + 8 MP + 2 MP Rear Camera,32 MP Front Camera,4500 mAh | 65W Super VOOC Charging,6.43 inches (16.33 cm) | AMOLED,"AnTuTu Score 432,191","₹39,999"
Google Pixel 10 Pro 128GB,Google Tensor G5,16 GB RAM | 128 GB Storage,50 MP + 48 MP + 48 MP Rear Camera,42 MP Front Camera,4870 mAh | 30W Fast Charging,6.3 inches (16 cm) | LTPO OLED,"AnTuTu Score 1,565,089","₹94,990"
OPPO A5s 3GB RAM,MediaTek Helio P35,3 GB RAM | 32 GB Storage,13 MP + 2 MP Rear Camera,8 MP Front Camera,4230 mAh,6.2 inches (15.75 cm) | IPS LCD,,"₹13,990"
Infinix Note 40 Pro 5G Racing Edition,MediaTek Dimensity 7020,8 GB RAM | 256 GB Storage,108 MP + 2 MP + 2 MP Rear Camera,32 MP Front Camera,5000 mAh | 45W Fast Charging,6.78 inches (17.22 cm) | Flexible AMOLED,"AnTuTu Score 461,827","₹15,999"
Asus ROG Phone 8 Pro,Snapdragon 8 Gen 3,16 GB RAM | 512 GB Storage,50 MP + 13 MP + 32 MP Rear Camera,32 MP Front Camera,5500 mAh | 30W Fast Charging,6.78 inches (17.22 cm) | Flexible AMOLED,"AnTuTu Score 2,186,467","₹94,999"
OPPO A5X 4G 128GB,Snapdragon 6s 4G Gen 1,4 GB RAM | 128 GB Storage,32 MP Rear Camera,5 MP Front Camera,6000 mAh | 45W Super VOOC Charging,6.67 inches (16.94 cm) | LCD,,"₹9,998"
OnePlus Nord CE 4 5G 256GB,Snapdragon 7 Gen 3,8 GB RAM | 256 GB Storage,50 MP + 8 MP Rear Camera,16 MP Front Camera,5500 mAh | 100W Super VOOC Charging,6.7 inches (17.02 cm) | AMOLED,"AnTuTu Score 819,347","₹21,999"
Lava Play Max,MediaTek Dimensity 7300,6 GB RAM | 128 GB Storage,50 MP Rear Camera,8 MP Front Camera,5000 mAh | 33W Fast Charging,6.72 inches (17.07 cm) | LCD,,"₹14,999"
OPPO Reno14 Diwali Edition,MediaTek Dimensity 8350,8 GB RAM | 256 GB Storage,50 MP + 8 MP + 50 MP Rear Camera,50 MP Front Camera,6000 mAh | 80W Super VOOC Charging,6.59 inches (16.74 cm) | LTPS OLED,"AnTuTu Score 1,405,935","₹39,999"
HMD Fusion,Snapdragon 4 Gen 2,8 GB RAM | 256 GB Storage,108 MP + 2 MP Rear Camera,50 MP Front Camera,5000 mAh | 33W Fast Charging,6.56 inches (16.66 cm) | IPS LCD,"AnTuTu Score 441,490","₹12,999"
OPPO F19s,Snapdragon 662,6 GB RAM | 128 GB Storage,48 MP + 2 MP + 2 MP Rear Camera,16 MP Front Camera,5000 mAh | 33W Flash Charging,6.43 inches (16.33 cm) | AMOLED,"AnTuTu Score 209,839","₹16,999"
OPPO Reno3 Pro,MediaTek Helio P95,8 GB RAM | 128 GB Storage,64 MP + 13 MP + 8 MP + 2 MP Rear Camera,44 MP + 2 MP Front Camera,4025 mAh | 30W VOOC Charging,6.4 inches (16.26 cm) | Super AMOLED,"AnTuTu Score 224,603","₹18,990"
Nothing Phone 3a 256GB,Snapdragon 7s Gen 3,8 GB RAM | 256 GB Storage,50 MP + 8 MP + 50 MP Rear Camera,32 MP Front Camera,5000 mAh | 50W Fast Charging,6.77 inches (17.2 cm) | Flexible AMOLED,"AnTuTu Score 798,022","₹26,999"
"iQOO 15 Apex 512GB, 16GB RAM",Snapdragon 8 Elite Gen 5,16 GB RAM | 512 GB Storage,50 MP + 50 MP + 50 MP Rear Camera,32 MP Front Camera,7000 mAh | 100W Flash Charging,6.85 inches (17.4 cm) | AMOLED,,"₹83,999"
Lava Bold,MediaTek Dimensity 6300,4 GB RAM | 128 GB Storage,64 MP + 2 MP Rear Camera,16 MP Front Camera,5000 mAh | 33W Fast Charging,6.67 inches (16.94 cm) | AMOLED,,"₹11,999"
Tecno Spark 20C,MediaTek Helio G36,8 GB RAM | 128 GB Storage,50 MP + 0.08 MP Rear Camera,8 MP Front Camera,5000 mAh | 18W Fast Charging,6.6 inches (16.76 cm) | IPS LCD,"AnTuTu Score 158,812","₹7,999"
Nothing Phone 2a Plus 12GB RAM,MediaTek Dimensity 7350 Pro,12 GB RAM | 256 GB Storage,50 MP + 50 MP Rear Camera,50 MP Front Camera,5000 mAh | 50W Fast Charging,6.7 inches (17.02 cm) | Flexible AMOLED,,"₹23,999"
OnePlus 13 1TB,Snapdragon 8 Elite,24 GB RAM | 1 TB Storage,50 MP + 50 MP + 50 MP Rear Camera,32 MP Front Camera,6000 mAh | 100W Super VOOC Charging,6.82 inches (17.32 cm) | LTPO AMOLED,"AnTuTu Score 2,689,625","₹81,999"
OPPO A17,MediaTek Helio G35,4 GB RAM | 64 GB Storage,50 MP + 2 MP Rear Camera,5 MP Front Camera,5000 mAh,6.56 inches (16.66 cm) | IPS LCD,,"₹13,490"
OnePlus 11R 512GB,Snapdragon 8 Plus Gen 1,18 GB RAM | 512 GB Storage,50 MP + 8 MP + 2 MP Rear Camera,16 MP Front Camera,5000 mAh | 100W Super VOOC Charging,6.74 inches (17.12 cm) | Super Fluid AMOLED,"AnTuTu Score 832,546","₹41,900"
HMD Skyline,Snapdragon 7s Gen 2,12 GB RAM | 256 GB Storage,108 MP + 13 MP + 50 MP Rear Camera,50 MP Front Camera,4600 mAh | 33W Fast Charging,6.55 inches (16.64 cm) | P-OLED,,"₹29,990"
Xiaomi Redmi 13C 5G 256GB,MediaTek Dimensity 6100 Plus,8 GB RAM | 256 GB Storage,50 MP + 0.08 MP Rear Camera,5 MP Front Camera,5000 mAh | 18W Fast Charging,6.74 inches (17.12 cm) | IPS LCD,"AnTuTu Score 375,663","₹14,999"
Xiaomi 14 Civi 512GB,Snapdragon 8s Gen 3,12 GB RAM | 512 GB Storage,50 MP + 12 MP + 50 MP Rear Camera,32 MP + 32 MP Front Camera,4700 mAh | 67W Turbo Charging,6.55 inches (16.64 cm) | AMOLED,"AnTuTu Score 1,443,011","₹49,999"
I Kall K333 4G,,2 GB RAM | 16 GB Storage,2 MP Rear Camera,2 MP Front Camera,3000 mAh,2.8 inches (7.11 cm) | TFT,,"₹2,899"
Tecno Phantom V Fold 2,MediaTek Dimensity 9000 Plus,12 GB RAM | 512 GB Storage,50 MP + 50 MP + 50 MP Rear Camera,32 MP + 32 MP Front Camera,5750 mAh | 70W Ultra Charging,7.85 inches (19.94 cm) | LTPO AMOLED,"AnTuTu Score 1,158,588","₹99,999"
CMF Phone 1 8GB RAM,MediaTek Dimensity 7300,8 GB RAM | 128 GB Storage,50 MP + 2 MP Rear Camera,16 MP Front Camera,5000 mAh | 33W Fast Charging,6.67 inches (16.94 cm) | Super AMOLED,"AnTuTu Score 642,187","₹21,999"
Xiaomi Redmi Note 14 256GB,MediaTek Dimensity 7025 Ultra,8 GB RAM | 256 GB Storage,50 MP + 8 MP + 2 MP Rear Camera,20 MP Front Camera,5110 mAh | 45W Fast Charging,6.67 inches (16.94 cm) | AMOLED,"AnTuTu Score 457,426","₹18,499"
Infinix Note 40 Pro Plus 5G Racing Edition,MediaTek Dimensity 7020,12 GB RAM | 256 GB Storage,108 MP + 2 MP + 2 MP Rear Camera,32 MP Front Camera,4600 mAh | 100W Fast Charging,6.78 inches (17.22 cm) | Flexible AMOLED,,"₹18,999"
OPPO A31 2020,MediaTek Helio P35,4 GB RAM | 64 GB Storage,12 MP + 2 MP + 2 MP Rear Camera,8 MP Front Camera,4230 mAh,6.5 inches (16.51 cm) | IPS LCD,"AnTuTu Score 103,730","₹8,999"
OPPO A77 2022,MediaTek Helio G35,4 GB RAM | 64 GB Storage,50 MP + 2 MP Rear Camera,8 MP Front Camera,5000 mAh | 33W Super VOOC Charging,6.56 inches (16.66 cm) | IPS LCD,,"₹7,990"
OPPO A76,Snapdragon 680,6 GB RAM | 128 GB Storage,13 MP + 2 MP Rear Camera,8 MP Front Camera,5000 mAh | 33W Super VOOC Charging,6.56 inches (16.66 cm) | IPS LCD,,"₹15,048"
Xiaomi Redmi 15C 8GB RAM,MediaTek Dimensity 6300,8 GB RAM | 128 GB Storage,50 MP Rear Camera,8 MP Front Camera,6000 mAh | 33W Turbo Charging,6.9 inches (17.53 cm) | IPS LCD,"AnTuTu Score 556,765","₹21,999"
Xiaomi Redmi 14C 128GB,Snapdragon 4 Gen 2,4 GB RAM | 128 GB Storage,50 MP Rear Camera,8 MP Front Camera,5160 mAh | 18W Fast Charging,6.88 inches (17.48 cm) | IPS LCD,"AnTuTu Score 438,871","₹10,499"
OPPO A3x 4G 128GB,Snapdragon 6s 4G Gen 1,4 GB RAM | 128 GB Storage,8 MP Rear Camera,5 MP Front Camera,5100 mAh | 45W Super VOOC Charging,6.67 inches (16.94 cm) | LCD,,"₹13,990"
OPPO Find X2,Snapdragon 865,12 GB RAM | 256 GB Storage,48 MP + 12 MP + 13 MP Rear Camera,32 MP Front Camera,4200 mAh | 65W VOOC Charging,6.7 inches (17.02 cm) | OLED,"AnTuTu Score 571,840","₹29,990"
Samsung Galaxy M15 Prime Edition,MediaTek Dimensity 6100 Plus,4 GB RAM | 128 GB Storage,50 MP + 5 MP + 2 MP Rear Camera,13 MP Front Camera,6000 mAh | 25W Fast Charging,6.6 inches (16.76 cm) | Super AMOLED,,"₹10,499"
Xiaomi 14 Civi Limited Edition,Snapdragon 8s Gen 3,12 GB RAM | 512 GB Storage,50 MP + 12 MP + 50 MP Rear Camera,32 MP + 32 MP Front Camera,4700 mAh | 67W Turbo Charging,6.55 inches (16.64 cm) | AMOLED,"AnTuTu Score 1,443,011","₹48,999"
OPPO A96 4G,Snapdragon 680,8 GB RAM | 128 GB Storage,50 MP + 2 MP Rear Camera,16 MP Front Camera,5000 mAh | 33W Super VOOC Charging,6.59 inches (16.74 cm) | IPS LCD,,"₹23,790"
Lava Action 4G,,32 MB RAM,0.3 MP Rear Camera,,1000 mAh,1.77 inches (4.5 cm) | TFT,,"₹1,599"
Ulefone Armor 30 Pro,MediaTek Dimensity 7300X,16 GB RAM | 512 GB Storage,50 MP + 50 MP + 64 MP Rear Camera,32 MP Front Camera,12800 mAh | 66W Fast Charging,6.95 inches (17.65 cm) | IPS LCD (Main Display),,"₹62,500"
Xiaomi Redmi A4 128GB,Snapdragon 4s Gen 2,4 GB RAM | 128 GB Storage,50 MP Rear Camera,5 MP Front Camera,5160 mAh | 18W Fast Charging,6.88 inches (17.48 cm) | IPS LCD,"AnTuTu Score 381,047","₹11,999"
OPPO A78 4G,Snapdragon 680,8 GB RAM | 128 GB Storage,50 MP + 2 MP Rear Camera,8 MP Front Camera,5000 mAh | 67W Super VOOC Charging,6.43 inches (16.33 cm) | AMOLED,,"₹19,990"
Samsung Galaxy F42,MediaTek Dimensity 700,6 GB RAM | 128 GB Storage,64 MP + 5 MP + 2 MP Rear Camera,8 MP Front Camera,5000 mAh | 15W Fast Charging,6.6 inches (16.76 cm) | TFT,"AnTuTu Score 332,186","₹19,999"
OPPO A15s 128GB,MediaTek Helio P35,4 GB RAM | 128 GB Storage,13 MP + 2 MP + 2 MP Rear Camera,8 MP Front Camera,4230 mAh,6.52 inches (16.56 cm) | IPS LCD,"AnTuTu Score 129,821","₹11,489"
Samsung Galaxy M30,Samsung Exynos 7 Octa 7904,4 GB RAM | 64 GB Storage,13 MP + 5 MP + 5 MP Rear Camera,16 MP Front Camera,5000 mAh | 15W Fast Charging,6.4 inches (16.26 cm) | Super AMOLED,,"₹12,999"
Nothing Phone 3a Community Edition,Snapdragon 7s Gen 3,12 GB RAM | 256 GB Storage,50 MP + 8 MP + 50 MP Rear Camera,32 MP Front Camera,5000 mAh | 50W Fast Charging,6.77 inches (17.2 cm) | Flexible AMOLED,,"₹30,999"
Itel Zeno 20 Max,Unisoc T7100,3 GB RAM | 64 GB Storage,13 MP Rear Camera,5 MP Front Camera,5000 mAh | 15W Fast Charging,6.6 inches (16.76 cm) | IPS LCD,,"₹5,799"
realme 15 Pro 5G Game of Thrones Limited Edition,Snapdragon 7 Gen 4,12 GB RAM | 512 GB Storage,50 MP + 50 MP Rear Camera,50 MP Front Camera,7000 mAh | 80W Ultra Charging,6.8 inches (17.27 cm) | AMOLED,,"₹44,999"
Xiaomi Redmi Note 14 8GB RAM,MediaTek Dimensity 7025 Ultra,8 GB RAM | 128 GB Storage,50 MP + 8 MP + 2 MP Rear Camera,20 MP Front Camera,5110 mAh | 45W Fast Charging,6.67 inches (16.94 cm) | AMOLED,"AnTuTu Score 457,426","₹16,999"
HMD 110 4G,Unisoc T127,64 MB RAM | 128 MB Storage,0.08 MP Rear Camera,,1450 mAh,2.4 inches (6.1 cm) | TFT,,"₹2,449"
Tecno Pop 8,Unisoc T606,4 GB RAM | 64 GB Storage,12 MP Rear Camera,8 MP Front Camera,5000 mAh | 10W,6.56 inches (16.66 cm) | IPS LCD,"AnTuTu Score 245,498","₹6,899"
Caul X40 4G,,32 MB RAM | 32 MB Storage,0.3 MP Rear Camera,,2750 mAh,2.4 inches (6.1 cm) | TFT,,"₹1,699"
vivo Y27 4G,MediaTek Helio G85,6 GB RAM | 128 GB Storage,50 MP + 2 MP Rear Camera,8 MP Front Camera,5000 mAh | 44W Flash Charging,6.64 inches (16.87 cm) | IPS LCD,,
Xiaomi Redmi A2 2023 64GB,MediaTek Helio G36,2 GB RAM | 64 GB Storage,8 MP + 0.08 MP Rear Camera,5 MP Front Camera,5000 mAh | 10W,6.52 inches (16.56 cm) | IPS LCD,,"₹7,999"
OPPO A16,MediaTek Helio G35,4 GB RAM | 64 GB Storage,13 MP + 2 MP + 2 MP Rear Camera,8 MP Front Camera,5000 mAh,6.52 inches (16.56 cm) | IPS LCD,"AnTuTu Score 100,037","₹12,989"
"Samsung Galaxy S26 Ultra 1TB, 16GB RAM",Snapdragon 8 Elite Gen 5,16 GB RAM | 1 TB Storage,200 MP + 10 MP + 50 MP + 50 MP Rear Camera,12 MP Front Camera,5000 mAh | 60W Super Fast Charging,6.9 inches (17.53 cm) | Dynamic AMOLED 2x,"AnTuTu Score 3,905,605","₹174,999"
Samsung Galaxy S24 5G Snapdragon Edition 256GB,Snapdragon 8 Gen 3,8 GB RAM | 256 GB Storage,50 MP + 12 MP + 10 MP Rear Camera,12 MP Front Camera,4000 mAh | 25W Fast Charging,6.2 inches (15.75 cm) | Dynamic AMOLED 2x,,"₹60,499"
Ulefone Armor 29 Pro,MediaTek Dimensity 7400,16 GB RAM | 512 GB Storage,50 MP + 50 MP + 64 MP Rear Camera,50 MP Front Camera,21200 mAh | 120W Flash Charging,6.67 inches (16.94 cm) | AMOLED (Main Display),,"₹86,500"
Samsung Galaxy M06 6GB RAM,MediaTek Dimensity 6300,6 GB RAM | 128 GB Storage,50 MP + 2 MP Rear Camera,8 MP Front Camera,5000 mAh | 25W Fast Charging,6.7 inches (17.02 cm) | PLS LCD,,"₹15,999"
Snexian Bold 50K,,32 MB RAM | 32 MB Storage,0.3 MP Rear Camera,,5000 mAh,2.8 inches (7.11 cm) | TFT,,"₹1,499"
Itel it5330,,4 MB RAM | 4 MB Storage,0.8 MP Rear Camera,,1900 mAh,2.8 inches (7.11 cm) | TFT,,"₹1,499"
Xiaomi Redmi 13C 5G 6GB RAM,MediaTek Dimensity 6100 Plus,6 GB RAM | 128 GB Storage,50 MP + 0.08 MP Rear Camera,5 MP Front Camera,5000 mAh | 18W Fast Charging,6.74 inches (17.12 cm) | IPS LCD,"AnTuTu Score 375,663","₹12,499"
Xiaomi Redmi 13C 6GB RAM,MediaTek Helio G85,6 GB RAM | 128 GB Storage,50 MP + 2 MP + 0.08 MP Rear Camera,8 MP Front Camera,5000 mAh | 18W Fast Charging,6.74 inches (17.12 cm) | IPS LCD,,"₹13,999"
vivo Y22 2022 4GB RAM,MediaTek Helio G70,4 GB RAM | 128 GB Storage,50 MP + 2 MP Rear Camera,8 MP Front Camera,5000 mAh | 18W Fast Charging,6.55 inches (16.64 cm) | IPS LCD,,"₹14,999"
OnePlus 10R Prime Blue Edition,MediaTek Dimensity 8100 Max,8 GB RAM | 128 GB Storage,50 MP + 8 MP + 2 MP Rear Camera,16 MP Front Camera,5000 mAh | 80W Super VOOC Charging,6.7 inches (17.02 cm) | Fluid AMOLED,,"₹26,980"
OPPO A16K,MediaTek Helio G35,3 GB RAM | 32 GB Storage,13 MP Rear Camera,5 MP Front Camera,4230 mAh | 10W,6.52 inches (16.56 cm) | IPS LCD,"AnTuTu Score 110,994","₹8,998"
OPPO Reno 4 Pro,Snapdragon 720G,8 GB RAM | 128 GB Storage,48 MP + 8 MP + 2 MP + 2 MP Rear Camera,32 MP Front Camera,4000 mAh | 65W VOOC Charging,6.5 inches (16.51 cm) | AMOLED,"AnTuTu Score 279,392","₹21,990"
Samsung Galaxy J7 2016,Samsung Exynos 7 Octa 7870,2 GB RAM | 16 GB Storage,13 MP Rear Camera,5 MP Front Camera,3300 mAh,5.5 inches (13.97 cm) | Super AMOLED,,"₹9,990"
Tecno Spark 10 Pro 256GB,MediaTek Helio G88,8 GB RAM | 256 GB Storage,50 MP + 0.08 MP + 0.3 MP Rear Camera,32 MP Front Camera,5000 mAh | 18W Fast Charging,6.78 inches (17.22 cm) | IPS LCD,,"₹14,799"
Gfive A21-C,,32 MB RAM | 32 MB Storage,0.3 MP Rear Camera,,1150 mAh,1.8 inches (4.57 cm) | TFT,,₹480
Hotline Ace,,32 MB RAM | 32 MB Storage,1.3 MP Rear Camera,,1000 mAh,1.77 inches (4.5 cm) | TFT,,₹849
Snexian Guru 310 4G,,32 MB RAM | 32 MB Storage,0.3 MP Rear Camera,,2500 mAh,2.4 inches (6.1 cm) | TFT,,"₹1,599"
Ulefone Armor 26 Ultra,MediaTek Dimensity 8020,12 GB RAM | 512 GB Storage,200 MP + 50 MP + 64 MP Rear Camera,50 MP Front Camera,15600 mAh | 120W Fast Charging,6.78 inches (17.22 cm) | IPS LCD,,"₹64,500"
realme Narzo 70 Turbo 12GB RAM,MediaTek Dimensity 7300 Energy,12 GB RAM | 256 GB Storage,50 MP + 2 MP Rear Camera,16 MP Front Camera,5000 mAh | 45W Ultra Charging,6.67 inches (16.94 cm) | OLED,"AnTuTu Score 726,959","₹15,999"
Xiaomi Redmi 13 8GB RAM,Snapdragon 4 Gen 2,8 GB RAM | 128 GB Storage,108 MP + 2 MP Rear Camera,13 MP Front Camera,5030 mAh | 33W Turbo Charging,6.79 inches (17.25 cm) | IPS LCD,"AnTuTu Score 445,212","₹21,999"
BlackZone BZ Fold,,64 MB RAM | 64 MB Storage,0.3 MP Rear Camera,,2000 mAh,2.4 inches (6.1 cm) | TFT LCD,,"₹1,899"
Asus ROG Phone 8 Pro 1TB,Snapdragon 8 Gen 3,24 GB RAM | 1 TB Storage,50 MP + 13 MP + 32 MP Rear Camera,32 MP Front Camera,5500 mAh | 30W Fast Charging,6.78 inches (17.22 cm) | Flexible AMOLED,"AnTuTu Score 2,186,467","₹119,999"
Xiaomi Redmi 12 5G 6GB RAM,Snapdragon 4 Gen 2,6 GB RAM | 128 GB Storage,50 MP + 2 MP Rear Camera,8 MP Front Camera,5000 mAh | 18W Fast Charging,6.79 inches (17.25 cm) | IPS LCD,AnTuTu Score 0,"₹12,494"
Xiaomi Redmi 12C 4GB RAM,MediaTek Helio G85,4 GB RAM | 128 GB Storage,50 MP + 0.08 MP Rear Camera,5 MP Front Camera,5000 mAh | 10W,6.71 inches (17.04 cm) | IPS LCD,,"₹7,999"
OnePlus 10T 16GB RAM,Snapdragon 8 Plus Gen 1,16 GB RAM | 256 GB Storage,50 MP + 8 MP + 2 MP Rear Camera,16 MP Front Camera,4800 mAh | 150W Super VOOC Charging,6.7 inches (17.02 cm) | Fluid AMOLED,,"₹37,990"
Samsung Galaxy Z Flip 4 5G Bespoke Edition,Snapdragon 8 Plus Gen 1,8 GB RAM | 256 GB Storage,12 MP + 12 MP Rear Camera,10 MP Front Camera,3700 mAh | 25W Fast Charging,6.7 inches (17.02 cm) | Dynamic AMOLED 2x (Main Display),"AnTuTu Score 937,952","₹97,999"
POCO F1 256GB,Snapdragon 845,8 GB RAM | 256 GB Storage,12 MP + 5 MP Rear Camera,20 MP Front Camera,4000 mAh Quick Charging,6.18 inches (15.7 cm) | IPS LCD,"AnTuTu Score 267,207","₹19,490"
OPPO F5 64GB,MediaTek MT6763T,6 GB RAM | 64 GB Storage,16 MP Rear Camera,20 MP Front Camera,3200 mAh,6.0 inches (15.24 cm) | IPS LCD,,"₹14,990"
Moto E3 Power,MediaTek MT6735P,2 GB RAM | 16 GB Storage,8 MP Rear Camera,5 MP Front Camera,3500 mAh Fast Charging,5.0 inches (12.7 cm) | IPS LCD,,"₹8,499"
Xiaomi Redmi Note 14 4G 256GB 8GB RAM,MediaTek Helio G99 Ultra,8 GB RAM | 256 GB Storage,108 MP + 2 MP + 2 MP Rear Camera,20 MP Front Camera,5500 mAh | 33W Turbo Charging,6.67 inches (16.94 cm) | AMOLED,,"₹23,999"
Tecno Pop X,Unisoc T7250,4 GB RAM | 64 GB Storage,13 MP Rear Camera,8 MP Front Camera,5000 mAh | 15W,6.75 inches (17.15 cm) | LCD,,"₹9,499"
Itel Muzik 450,,4 MB RAM | 4 MB Storage,0.3 MP Rear Camera,,3000 mAh,2.4 inches (6.1 cm) | TFT,,"₹1,676"
I Kall i9,,32 MB RAM | 32 MB Storage,0.8 MP Rear Camera,,2500 mAh,2.4 inches (6.1 cm) | TFT,,"₹1,599"
Xiaomi Redmi A4 6GB RAM,Snapdragon 4s Gen 2,6 GB RAM | 128 GB Storage,50 MP Rear Camera,5 MP Front Camera,5160 mAh | 18W Fast Charging,6.88 inches (17.48 cm) | IPS LCD,,"₹12,999"
I Kall i10,,32 MB RAM | 32 MB Storage,0.3 MP Rear Camera,,2500 mAh,2.8 inches (7.11 cm) | TFT,,"₹1,729"
Blackview BV9300 Pro,MediaTek Helio G99,12 GB RAM | 256 GB Storage,64 MP + 8 MP Rear Camera,32 MP Front Camera,15080 mAh | 33W Fast Charging,6.7 inches (17.02 cm) | IPS LCD (Main Display),,"₹23,476"
Samsung Galaxy M55s 256GB,Snapdragon 7 Gen 1,8 GB RAM | 256 GB Storage,50 MP + 8 MP + 2 MP Rear Camera,50 MP Front Camera,5000 mAh | 45W Fast Charging,6.7 inches (17.02 cm) | Super AMOLED Plus,,"₹27,000"
Samsung Galaxy M15 Prime Edition 8GB RAM,MediaTek Dimensity 6100 Plus,8 GB RAM | 128 GB Storage,50 MP + 5 MP + 2 MP Rear Camera,13 MP Front Camera,6000 mAh | 25W Fast Charging,6.6 inches (16.76 cm) | Super AMOLED,,"₹14,499"
OnePlus Open Apex Edition,Snapdragon 8 Gen 2,16 GB RAM | 1 TB Storage,48 MP + 48 MP + 64 MP Rear Camera,20 MP + 32 MP Front Camera,4805 mAh | 67W Super VOOC Charging,7.82 inches (19.86 cm) | LTPO Flexi-fluid AMOLED,"AnTuTu Score 1,337,767","₹149,999"
POCO F6 Deadpool Edition,Snapdragon 8s Gen 3,12 GB RAM | 256 GB Storage,50 MP + 8 MP Rear Camera,20 MP Front Camera,5000 mAh | 90W Turbo Charging,6.67 inches (16.94 cm) | AMOLED,,"₹25,999"
BlackZone Legacy,,32 MB RAM | 32 MB Storage,0.3 MP Rear Camera,,1100 mAh,1.8 inches (4.57 cm) | TFT,,₹949
MTR M2400,,32 MB RAM | 32 MB Storage,0.3 MP Rear Camera,,3000 mAh,1.77 inches (4.5 cm) | TFT,,₹810
Micromax X1i Smart,,32 MB RAM | 32 MB Storage,0.08 MP Rear Camera,,1200 mAh,2.4 inches (6.1 cm) | TFT,,₹799
MTR Bold,,32 MB RAM | 32 MB Storage,0.3 MP Rear Camera,,3000 mAh,2.8 inches (7.11 cm),,"₹1,100"
iQOO Z7 Pro 256GB,MediaTek Dimensity 7200,8 GB RAM | 256 GB Storage,64 MP + 2 MP Rear Camera,16 MP Front Camera,4600 mAh | 66W Flash Charging,6.78 inches (17.22 cm) | AMOLED,,"₹19,999"
Tecno Spark Go 2023,MediaTek Helio A22,3 GB RAM | 32 GB Storage,13 MP + 0.08 MP Rear Camera,5 MP Front Camera,5000 mAh | 10W,6.56 inches (16.66 cm) | IPS LCD,,"₹5,999"
OPPO A77s,Snapdragon 680,8 GB RAM | 128 GB Storage,50 MP + 2 MP Rear Camera,8 MP Front Camera,5000 mAh | 33W Super VOOC Charging,6.56 inches (16.66 cm) | IPS LCD,,"₹19,990"
Ringme A5 Pro 2,,2 GB RAM | 16 GB Storage,5 MP Rear Camera,5 MP Front Camera,2800 mAh,5.72 inches (14.53 cm) | IPS LCD,,"₹4,488"
Reliance JioPhone,Spreadtrum SC9820A,512 MB RAM | 4 GB Storage,2 MP Rear Camera,0.3 MP Front Camera,2000 mAh,2.4 inches (6.1 cm) | TFT,,"₹2,999"
Itel A100 4GB RAM,Unisoc T7100,4 GB RAM | 64 GB Storage,8 MP Rear Camera,5 MP Front Camera,5000 mAh,6.6 inches (16.76 cm) | IPS LCD,"AnTuTu Score 201,848",
BlackZone Bravo 4G,,64 MB RAM | 64 GB Storage,0.3 MP Rear Camera,,3000 mAh,2.4 inches (6.1 cm) | TFT,,"₹1,699"
I Kall Z10 2025,,4 GB RAM | 64 GB Storage,20 MP Rear Camera,13 MP Front Camera,4000 mAh Fast Charging,6.53 inches (16.59 cm) | IPS LCD,,"₹7,199"
JMAX Boost,,32 MB RAM | 32 MB Storage,0.3 MP Rear Camera,,1150 mAh,1.4 inches (3.56 cm) | TFT,,₹899
Gfive U103,,32 MB Storage,0.3 MP Rear Camera,,1000 mAh,1.8 inches (4.57 cm),,₹599
Acer Super ZX 6GB RAM,MediaTek Dimensity 6300,6 GB RAM | 128 GB Storage,64 MP + 2 MP + 2 MP Rear Camera,13 MP Front Camera,5000 mAh | 33W Fast Charging,6.8 inches (17.27 cm) | IPS LCD,,"₹16,799"
Gfive A5-C,,32 MB RAM | 32 MB Storage,1 MP Rear Camera,,1000 mAh,1.8 inches (4.57 cm) | TFT,,₹572
Acer Super ZX Pro,MediaTek Dimensity 7400,6 GB RAM | 128 GB Storage,50 MP + 5 MP + 2 MP Rear Camera,50 MP Front Camera,5000 mAh | 33W Fast Charging,6.67 inches (16.94 cm) | AMOLED,,"₹17,990"
Xiaomi Redmi A5 128GB,Unisoc T7250,4 GB RAM | 128 GB Storage,32 MP Rear Camera,8 MP Front Camera,5200 mAh | 15W Fast Charging,6.88 inches (17.48 cm) | IPS LCD,,"₹9,499"
HMD Barbie Phone,Unisoc T107,64 MB RAM | 128 MB Storage,0.3 MP Rear Camera,,1450 mAh,2.8 inches (7.11 cm) | TFT (Main Display),,"₹7,999"
JMAX J32,,,0.3 MP Rear Camera,,2500 mAh,1.77 inches (4.5 cm) | TFT,,₹789
BlackZone 15 Pro Maxx,,64 MB RAM | 64 MB Storage,0.3 MP Rear Camera,,2500 mAh,2.8 inches (7.11 cm) | TFT,,"₹2,099"
Hotline Classic i,,32 MB RAM | 32 MB Storage,1.3 MP Rear Camera,,1000 mAh,1.77 inches (4.5 cm) | TFT,,"₹1,049"
Hotline H3310,,32 MB RAM | 32 MB Storage,0.3 MP Rear Camera,,1000 mAh,1.8 inches (4.57 cm) | TFT,,₹575
Hotline V63,,32 MB RAM | 32 MB Storage,1 MP Rear Camera,,1000 mAh,1.8 inches (4.57 cm) | TFT,,₹580
Karbonn K1 Sleek,,40 MB RAM | 32 MB Storage,0.5 MP Rear Camera,,1200 mAh,2.4 inches (6.1 cm) | TFT,,"₹1,185"
BlackZone U707,,32 MB RAM | 32 MB Storage,0.3 MP Rear Camera,,700 mAh,1.44 inches (3.66 cm) | TFT,,"₹1,411"
Reliance Jio Bharat V3,,,0.3 MP Rear Camera,,1000 mAh,1.77 inches (4.5 cm) | TFT,,₹799
Gfive A7 C,,32 MB RAM | 32 MB Storage,0.3 MP Rear Camera,,1000 mAh,1.8 inches (4.57 cm) | TFT,,₹599
MTR Bharat,,32 MB RAM | 32 MB Storage,0.3 MP Rear Camera,,1100 mAh,2.4 inches (6.1 cm) | TFT,,"₹1,200"
OnePlus 12R Genshin Impact Edition,Snapdragon 8 Gen 2,16 GB RAM | 256 GB Storage,50 MP + 8 MP + 2 MP Rear Camera,16 MP Front Camera,5500 mAh | 100W Super VOOC Charging,6.78 inches (17.22 cm) | ProXDR LTPO,"AnTuTu Score 1,240,474","₹49,999"
Snexian Rock Pro,,32 MB RAM | 32 MB Storage,0.3 MP Rear Camera,,3000 mAh,2.4 inches (6.1 cm) | TFT,,₹899
Snexian Guru 911,,32 MB RAM | 32 MB Storage,0.3 MP Rear Camera,,2500 mAh,2.4 inches (6.1 cm) | TFT,,₹999
MTR M310,,32 MB RAM | 32 MB Storage,0.3 MP Rear Camera,,1000 mAh,1.77 inches (4.5 cm) | TFT,,₹749
Itel Ace 2 Heera,,32 MB RAM | 32 MB Storage,,,1000 mAh,1.8 inches (4.57 cm) | TFT,,₹799
BlackZone Taurus 4G,,48 MB RAM | 48 MB Storage,2 MP Rear Camera,,3000 mAh,2.4 inches (6.1 cm) | TFT,,"₹1,959"
MTR Orchid,,32 MB RAM | 32 MB Storage,0.3 MP Rear Camera,,1100 mAh,1.77 inches (4.5 cm) | TFT,,₹780
MTR M318,,32 MB RAM | 32 MB Storage,0.3 MP Rear Camera,,1100 mAh,1.77 inches (4.5 cm) | TFT,,₹734
Lava A1 Vibe,,32 MB RAM | 32 MB Storage,0.3 MP Rear Camera,,1000 mAh,1.77 inches (4.5 cm) | TFT,,"₹1,149"
Saregama Carvaan Don Lite M23,,,0.3 MP Rear Camera,,1400 mAh,2.4 inches (6.1 cm) | TFT,,"₹1,499"
Reliance Jio Bharat,,512 MB RAM | 4 GB Storage,0.3 MP Rear Camera,,1000 mAh,1.77 inches (4.5 cm) | TFT,,"₹1,599"
Benco V90,Unisoc SC9863A,4 GB RAM | 64 GB Storage,16 MP + 0.3 MP + 0.3 MP Rear Camera,8 MP Front Camera,5000 mAh,6.82 inches (17.32 cm) | IPS LCD,,"₹8,199"
Blackview BV7100,MediaTek Helio G85,6 GB RAM | 128 GB Storage,12 MP + 8 MP + 2 MP Rear Camera,8 MP Front Camera,13000 mAh,6.58 inches (16.71 cm) | IPS LCD,,"₹37,999"
Snexian Rock 150,,32 MB RAM | 32 MB Storage,0.3 MP Rear Camera,,1000 mAh,1.8 inches (4.57 cm) | TFT,,₹625
AGM Glory Pro,Snapdragon 480,8 GB RAM | 256 GB Storage,48 MP + 1 MP + 20 MP Rear Camera,16 MP Front Camera,6200 mAh Quick Charging,6.53 inches (16.59 cm) | IPS LCD,,"₹75,490"
Tecno Pop 5 LTE,MediaTek Helio A22,2 GB RAM | 32 GB Storage,8 MP Rear Camera,5 MP Front Camera,5000 mAh,6.52 inches (16.56 cm) | IPS LCD,,"₹6,647"
I Kall Z7,,3 GB RAM | 32 GB Storage,13 MP Rear Camera,8 MP Front Camera,4000 mAh,6.26 inches (15.9 cm) | IPS LCD,,"₹6,499"
Google Pixel 6 Pro 256GB,Google Tensor,12 GB RAM | 256 GB Storage,50 MP + 12 MP + 48 MP Rear Camera,11.1 MP Front Camera,5003 mAh | 30W Fast Charging,6.7 inches (17.02 cm) | P-OLED,,"₹47,672"
Spinup A1,,2 GB RAM | 16 GB Storage,8 MP Rear Camera,8 MP Front Camera,3500 mAh,6.53 inches (16.59 cm) | IPS LCD,,"₹6,499"
realme Narzo 10A,MediaTek Helio G70,3 GB RAM | 32 GB Storage,12 MP + 2 MP + 2 MP Rear Camera,5 MP Front Camera,5000 mAh | 10W,6.5 inches (16.51 cm) | IPS LCD,"AnTuTu Score 181,913","₹5,999"
vivo Y91i 3GB RAM,MediaTek Helio P22,3 GB RAM | 32 GB Storage,13 MP Rear Camera,8 MP Front Camera,4030 mAh,6.22 inches (15.8 cm) | IPS LCD,,"₹11,990"
OPPO Reno 2F,MediaTek Helio P70,8 GB RAM | 128 GB Storage,48 MP + 8 MP + 2 MP + 2 MP Rear Camera,16 MP Front Camera,4000 mAh VOOC Charging,6.5 inches (16.51 cm) | AMOLED,"AnTuTu Score 186,219","₹24,990"
Samsung Galaxy M30s 128GB,Samsung Exynos 9 Octa 9611,6 GB RAM | 128 GB Storage,48 MP + 8 MP + 5 MP Rear Camera,16 MP Front Camera,6000 mAh | 15W Fast Charging,6.4 inches (16.26 cm) | Super AMOLED,AnTuTu Score 0,"₹16,999"
Xiaomi Mi A3 128GB,Snapdragon 665,6 GB RAM | 128 GB Storage,48 MP + 8 MP + 2 MP Rear Camera,32 MP Front Camera,4030 mAh | 18W Quick Charging,6.08 inches (15.44 cm) | Super AMOLED,"AnTuTu Score 140,257","₹8,999"
realme 3 Pro 6GB RAM,Snapdragon 710,6 GB RAM | 64 GB Storage,16 MP + 5 MP Rear Camera,25 MP Front Camera,4045 mAh VOOC Charging,6.3 inches (16 cm) | IPS LCD,"AnTuTu Score 120,973","₹9,999"
Swipe Elite Prime,,1 GB RAM | 8 GB Storage,5 MP Rear Camera,1.3 MP Front Camera,2000 mAh,4.0 inches (10.16 cm) | TFT,,"₹1,999"
Intex Aqua 5.5 VR Plus,MediaTek MT6737,2 GB RAM | 16 GB Storage,8 MP Rear Camera,5 MP Front Camera,2800 mAh,5.5 inches (13.97 cm) | IPS LCD,,"₹5,990"
Samsung Galaxy On5,Samsung Exynos 3 Quad 3475,1.5 GB RAM | 8 GB Storage,8 MP Rear Camera,5 MP Front Camera,2600 mAh,5.0 inches (12.7 cm) | TFT,,"₹8,990"
VOX Mobile V15,,,,,850 mAh,1.8 inches (4.57 cm) | LCD,,₹674
Acerpure Acerone Liquid S272E4,MediaTek Helio P35,4 GB RAM | 64 GB Storage,20 MP + 0.3 MP Rear Camera,5 MP Front Camera,5000 mAh,6.74 inches (17.12 cm) | IPS LCD,,
Ulefone Armor 28 Pro,MediaTek Dimensity 7300,16 GB RAM | 512 GB Storage,50 MP + 50 MP + 64 MP Rear Camera,50 MP Front Camera,10600 mAh | 120W Flash Charging,6.67 inches (16.94 cm) | AMOLED (Main Display),,"₹68,500"
I Kall i4,,32 MB RAM | 32 MB Storage,0.8 MP Rear Camera,,2500 mAh,2.4 inches (6.1 cm) | TFT,,"₹1,499"
JMAX Tough,,32 MB RAM | 32 MB Storage,0.3 MP Rear Camera,,3000 mAh,1.8 inches (4.57 cm) | TFT,,₹699
Itel A90 Limited Edition 4GB RAM,Unisoc T7100,4 GB RAM | 64 GB Storage,13 MP Rear Camera,5 MP Front Camera,5000 mAh | 15W Fast Charging,6.6 inches (16.76 cm) | IPS LCD,"AnTuTu Score 155,425","₹6,899"
Itel A90 Limited Edition 128GB 4GB RAM,Unisoc T7100,4 GB RAM | 128 GB Storage,13 MP Rear Camera,8 MP Front Camera,5000 mAh | 10W Fast Charging,6.6 inches (16.76 cm) | IPS LCD,"AnTuTu Score 155,425","₹7,299"
Itel Zeno 20,Unisoc T7100,3 GB RAM | 64 GB Storage,13 MP Rear Camera,5 MP Front Camera,5000 mAh | 15W Fast Charging,6.6 inches (16.76 cm) | IPS LCD,,"₹5,899"
Itel it5608 Neo,,4 MB RAM | 4 MB Storage,0.3 MP Rear Camera,,2500 mAh,1.8 inches (4.57 cm) | TFT,,"₹1,456"
I Kall i8,,32 MB RAM | 32 MB Storage,0.3 MP Rear Camera,,2500 mAh,2.4 inches (6.1 cm) | TFT,,"₹1,599"
Itel Zeno,MediaTek Dimensity 6300,4 GB RAM | 128 GB Storage,50 MP Rear Camera,8 MP Front Camera,5000 mAh | 10W,6.67 inches (16.94 cm) | IPS LCD,"AnTuTu Score 415,086","₹10,298"
Gfive A9-C,,32 MB RAM | 32 MB Storage,1 MP Rear Camera,,1000 mAh,1.8 inches (4.57 cm) | TFT,,₹599
Itel A90 128GB,Unisoc T7100,4 GB RAM | 128 GB Storage,13 MP Rear Camera,5 MP Front Camera,5000 mAh | 15W Fast Charging,6.6 inches (16.76 cm) | IPS LCD,"AnTuTu Score 155,425","₹6,999"
Hotline Aura,,32 MB RAM | 32 MB Storage,1.3 MP Rear Camera,,1100 mAh,1.8 inches (4.57 cm) | TFT,,₹499
BlackZone Patola,,64 MB RAM | 64 MB Storage,,,1100 mAh,1.8 inches (4.57 cm) | TFT,,"₹1,059"
I Kall i7,,32 MB RAM | 32 MB Storage,0.3 MP Rear Camera,,2000 mAh,2.4 inches (6.1 cm) | TFT,,"₹1,599"
JMAX Pops 241,,32 MB RAM | 32 MB Storage,0.3 MP Rear Camera,,1050 mAh,1.8 inches (4.57 cm) | TFT,,₹849
Gfive Rose 1502,,32 MB RAM | 32 MB Storage,0.3 MP Rear Camera,,800 mAh,1.8 inches (4.57 cm) | TFT,,₹935
JMAX True,,32 MB RAM | 32 MB Storage,1 MP Rear Camera,,2500 mAh,1.8 inches (4.57 cm) | TFT,,₹999
TMB A10 Plus Flip,,32 MB RAM | 32 MB Storage,0.3 MP Rear Camera,,1100 mAh,2.6 inches (6.6 cm) | TFT,,"₹1,799"
I Kall i6,,32 MB RAM | 32 MB Storage,0.3 MP Rear Camera,,2500 mAh,2.4 inches (6.1 cm) | TFT,,₹999
Amaq Q4,,32 MB RAM | 128 MB Storage,0.3 MP + 0.08 MP + 0.08 MP + 0.08 MP Rear Camera,0.08 MP + 0.3 MP + 0.3 MP Front Camera,1000 mAh,1.8 inches (4.57 cm) | TFT,,"₹1,424"
Amaq Q3,,32 MB RAM | 128 MB Storage,0.3 MP + 0.08 MP + 0.08 MP + 0.08 MP Rear Camera,0.08 MP + 0.3 MP + 0.3 MP Front Camera,1000 mAh,1.8 inches (4.57 cm) | TFT,,₹999
MTR Pro Max,,32 MB RAM | 32 MB Storage,0.3 MP + 0.08 MP + 0.08 MP + 0.08 MP Rear Camera,0.08 MP + 0.3 MP + 0.3 MP Front Camera,1100 mAh,1.77 inches (4.5 cm) | TFT,,₹680
BlackZone Alpha,,64 MB RAM | 64 MB Storage,0.3 MP Rear Camera,,1100 mAh,1.8 inches (4.57 cm) | TFT LCD,,₹899
JMAX Pulse,,64 MB RAM | 64 MB Storage,1 MP Rear Camera,,1100 mAh,1.8 inches (4.57 cm) | TFT,,"₹1,249"
JMAX Eye,,32 MB RAM | 32 MB Storage,1 MP Rear Camera,,1000 mAh,1.8 inches (4.57 cm) | TFT,,₹799
JMAX Bright,,32 MB RAM | 32 MB Storage,1.3 MP Rear Camera,,1150 mAh,1.8 inches (4.57 cm) | TFT,,₹999
JMAX Classic,,32 MB RAM | 32 MB Storage,1.3 MP Rear Camera,,2500 mAh,2.4 inches (6.1 cm) | TFT,,"₹1,299"
JMAX Fronx,,32 MB RAM | 32 MB Storage,0.3 MP Rear Camera,,3000 mAh,2.4 inches (6.1 cm) | TFT,,"₹1,199"
JMAX Royce,,32 MB RAM | 32 MB Storage,0.3 MP Rear Camera,,3000 mAh,2.4 inches (6.1 cm) | TFT,,"₹1,199"
JMAX Gold 3,,32 MB RAM | 32 MB Storage,0.3 MP Rear Camera,,3000 mAh,1.8 inches (4.57 cm) | TFT,,₹690
BlackZone Josh,,64 MB RAM | 64 MB Storage,0.3 MP Rear Camera,,1100 mAh,1.8 inches (4.57 cm) | LCD,,₹999
JMAX Sports,,32 MB RAM | 32 MB Storage,2 MP Rear Camera,,3000 mAh,2.4 inches (6.1 cm) | TFT,,₹799
JMAX Father,,32 MB RAM | 32 MB Storage,1 MP Rear Camera,,3000 mAh,2.8 inches (7.11 cm) | TFT,,"₹1,399"
BlackZone Infinity,,64 MB RAM | 64 MB Storage,,,1100 mAh,1.8 inches (4.57 cm) | TFT LCD,,₹899
BlackZone B1200 Plus,,64 MB RAM | 64 MB Storage,0.3 MP Rear Camera,,1000 mAh,1.8 inches (4.57 cm) | TFT,,₹899
Hotline H17,,32 MB RAM | 32 MB Storage,1 MP Rear Camera,,1100 mAh,1.8 inches (4.57 cm) | TFT,,₹465
Hotline H101,,32 MB RAM | 32 MB Storage,0.3 MP Rear Camera,,1000 mAh,1.8 inches (4.57 cm) | TFT,,₹579
BlackZone B313C,,64 MB RAM | 64 MB Storage,0.3 MP Rear Camera,,1000 mAh,1.8 inches (4.57 cm) | TFT,,₹999
MTR MT 14,,32 MB RAM | 32 MB Storage,0.3 MP Rear Camera,,1050 mAh,1.6 inches (4.06 cm) | TFT,,₹882
Lava A1 2025,,4 MB RAM,0.3 MP Rear Camera,,1000 mAh,2 inches (5.08 cm) | TFT,,"₹1,067"
Gfive Touch,,32 MB RAM | 32 MB Storage,1 MP Rear Camera,,3000 mAh,2.8 inches (7.11 cm) | TFT,,"₹1,077"
Hotline H21,,32 MB RAM | 32 MB Storage,1 MP Rear Camera,,1000 mAh,1.8 inches (4.57 cm) | TFT,,"₹1,077"
Lava A5 2025,,4 MB RAM,0.3 MP Rear Camera,,1200 mAh,2.4 inches (6.1 cm) | TFT,,"₹1,221"
JMAX Legend 1,,32 MB RAM | 32 MB Storage,0.3 MP Rear Camera,,3000 mAh,2.4 inches (6.1 cm) | TFT,,₹799
JMAX Deluxe 6,,32 MB RAM | 32 MB Storage,0.3 MP Rear Camera,,1150 mAh,1.8 inches (4.57 cm) | TFT,,₹599
JMAX Cute,,32 MB RAM | 32 MB Storage,1 MP Rear Camera,,1500 mAh,1.54 inches (3.91 cm) | TFT,,"₹1,299"
JMAX Super 2,,32 MB RAM | 32 MB Storage,0.3 MP Rear Camera,,1100 mAh,1.8 inches (4.57 cm) | TFT,,₹578
JMAX i Verve,,32 MB RAM | 64 MB Storage,1.3 MP Rear Camera,,2000 mAh,2.4 inches (6.1 cm) | TFT,,"₹1,199"
Itel Zeno 10,Unisoc T603,3 GB RAM | 64 GB Storage,8 MP Rear Camera,5 MP Front Camera,5000 mAh,6.6 inches (16.76 cm) | IPS LCD,"AnTuTu Score 152,182","₹5,999"
Texllo Style,,64 MB RAM | 64 MB Storage,1 MP Rear Camera,,1800 mAh,2.4 inches (6.1 cm) | TFT,,"₹1,439"
I Kall K59 Circle,,32 MB RAM | 32 MB Storage,0.3 MP Rear Camera,,800 mAh,1.32 inches (3.35 cm) | TFT,,"₹1,098"
MTR M370,,32 MB RAM | 32 MB Storage,0.3 MP Rear Camera,,1100 mAh,1.77 inches (4.5 cm) | TFT,,₹700
Karbonn K101i,,40 MB RAM | 35 MB Storage,,,1000 mAh,1.8 inches (4.57 cm) | TFT,,₹850
Karbonn K2 Stylo,,35 MB RAM | 45 MB Storage,0.5 MP Rear Camera,,1750 mAh,2.4 inches (6.1 cm) | TFT,,"₹1,220"
Snexian Rock X,,32 MB RAM | 32 MB Storage,0.3 MP Rear Camera,,3000 mAh,1.8 inches (4.57 cm) | TFT,,"₹1,799"
Tecno Phantom V Flip 2,MediaTek Dimensity 8020,8 GB RAM | 256 GB Storage,50 MP + 50 MP Rear Camera,32 MP Front Camera,4720 mAh | 70W Ultra Charging,6.9 inches (17.53 cm) | AMOLED,,"₹54,998"
Amaq Q2,,128 MB RAM | 128 MB Storage,0.3 MP Rear Camera,,1000 mAh,1.8 inches (4.57 cm) | TFT,,₹699
MTR M150,,32 MB RAM | 32 MB Storage,0.3 MP Rear Camera,,1100 mAh,1.77 inches (4.5 cm) | TFT,,₹700
MTR M600 New,,32 MB RAM | 32 MB Storage,0.3 MP Rear Camera,,3000 mAh,1.77 inches (4.5 cm) | TFT,,₹800
Amaq Q9,,32 MB RAM | 32 MB Storage,2 MP Rear Camera,,3000 mAh,2.4 inches (6.1 cm) | TFT,,₹989
Amaq Q19,,128 MB RAM | 64 MB Storage,,,3000 mAh,2.4 inches (6.1 cm) | TFT,,"₹1,200"
Amaq Q20,,64 MB RAM | 128 MB Storage,0.3 MP Rear Camera,,3000 mAh,2.4 inches (6.1 cm) | TFT,,"₹1,199"
Amaq Q18,,32 MB RAM | 128 MB Storage,0.08 MP Rear Camera,,3000 mAh,1.77 inches (4.5 cm) | TFT,,"₹1,234"
Amaq Q17,,32 MB RAM | 128 MB Storage,0.08 MP Rear Camera,,3000 mAh,1.77 inches (4.5 cm) | TFT,,"₹1,234"
Amaq Q7,,32 MB RAM | 128 MB Storage,0.3 MP Rear Camera,,1000 mAh,1.77 inches (4.5 cm) | TFT,,₹950
Amaq Q1,,32 MB RAM | 128 MB Storage,0.3 MP Rear Camera,,1000 mAh,1.77 inches (4.5 cm) | TFT,,₹899
Amaq Q11,,64 MB RAM | 256 MB Storage,0.3 MP Rear Camera,,3000 mAh,1.8 inches (4.57 cm) | TFT,,₹999
Amaq Q12,,64 MB RAM | 64 MB Storage,0.3 MP Rear Camera,,3000 mAh,1.8 inches (4.57 cm) | TFT,,"₹1,500"
Amaq Q13,,32 MB RAM | 128 MB Storage,0.3 MP Rear Camera,,3000 mAh,1.77 inches (4.5 cm) | TFT,,₹999
Lava O3 Pro,Unisoc T606,4 GB RAM | 64 GB Storage,50 MP + 0.03 MP + 0.08 MP Rear Camera,8 MP Front Camera,5000 mAh,6.56 inches (16.66 cm) | IPS LCD,,"₹7,490"
Karbonn K99 Yuva,,70 MB RAM | 65 MB Storage,1 MP Rear Camera,,2500 mAh,2.8 inches (7.11 cm) | TFT,,"₹1,549"
Ulefone Armor 27T Pro,MediaTek Dimensity 6300,12 GB RAM | 256 GB Storage,50 MP + 64 MP Rear Camera,32 MP Front Camera,10600 mAh | 33W Fast Charging,6.78 inches (17.22 cm) | IPS LCD,,"₹59,500"
Karbonn Sparkle 2,,40 MB RAM | 32 MB Storage,0.5 MP Rear Camera,,1000 mAh,2 inches (5.08 cm) | TFT,,"₹1,090"
Snexian Bold 312,,32 MB RAM | 32 MB Storage,0.3 MP Rear Camera,,1000 mAh,1.8 inches (4.57 cm) | TFT,,₹699
Gfive Flash,,32 MB RAM | 32 MB Storage,1 MP Rear Camera,,3000 mAh,2.8 inches (7.11 cm) | TFT,,"₹1,199"
BlackZone U606,,32 MB RAM | 32 MB Storage,0.3 MP Rear Camera,,700 mAh,1.44 inches (3.66 cm) | TFT,,"₹1,411"
Hotline Royal Z,,32 MB RAM | 32 MB Storage,1.3 MP Rear Camera,,1000 mAh,1.77 inches (4.5 cm) | TFT,,₹649
Hotline Royal X,,32 MB RAM | 32 MB Storage,1.3 MP Rear Camera,,3000 mAh,1.77 inches (4.5 cm) | TFT,,₹640
Snexian Bold X1,,32 MB RAM | 32 MB Storage,1.3 MP Rear Camera,,1000 mAh,2.01 inches (5.11 cm) | TFT,,"₹1,249"
Snexian Bold X2,,32 MB RAM | 32 MB Storage,1.3 MP Rear Camera,,1000 mAh,2.01 inches (5.11 cm) | TFT,,"₹1,299"
iAir D40 Pro Plus,,32 MB RAM | 32 MB Storage,0.8 MP Rear Camera,,1200 mAh,1.8 inches (4.57 cm) | TFT,,₹714
Caul X10 Prime,,32 MB RAM | 32 MB Storage,,,1000 mAh,1.8 inches (4.57 cm) | TFT,,"₹1,567"
Itel Flip One,,,0.3 MP Rear Camera,,1200 mAh,2.4 inches (6.1 cm) | TFT,,"₹2,499"
Samsung Galaxy M15 Prime Edition 6GB RAM,MediaTek Dimensity 6100 Plus,6 GB RAM | 128 GB Storage,50 MP + 5 MP + 2 MP Rear Camera,13 MP Front Camera,6000 mAh | 25W Fast Charging,6.6 inches (16.76 cm) | Super AMOLED,,"₹16,999"
Gfive Crush,,32 MB RAM | 32 MB Storage,1 MP Rear Camera,,1500 mAh,1.54 inches (3.91 cm) | TFT,,"₹1,279"
realme Narzo 70 Turbo 8GB RAM,MediaTek Dimensity 7300 Energy,8 GB RAM | 128 GB Storage,50 MP + 2 MP Rear Camera,16 MP Front Camera,5000 mAh | 45W Ultra Charging,6.67 inches (16.94 cm) | OLED,"AnTuTu Score 726,959","₹20,999"
Karbonn K490 Power,,32 MB RAM | 35 MB Storage,0.5 MP Rear Camera,,1800 mAh,2.4 inches (6.1 cm) | TFT,,"₹1,235"
Ulefone Armor 27 Pro,MediaTek Dimensity 6300,12 GB RAM | 256 GB Storage,50 MP + 50 MP + 64 MP Rear Camera,32 MP Front Camera,10600 mAh | 33W Fast Charging,6.78 inches (17.22 cm) | IPS LCD,,"₹55,000"
Xiaomi Redmi A3X 128GB,Unisoc T603,4 GB RAM | 128 GB Storage,8 MP + 0.08 MP Rear Camera,5 MP Front Camera,5000 mAh | 10W,6.71 inches (17.04 cm) | IPS LCD,,"₹10,500"
iAir X10,,32 MB RAM | 32 MB Storage,0.8 MP Rear Camera,,1000 mAh,1.77 inches (4.5 cm) | TFT,,₹899
Gfive A2 C,,32 MB RAM | 32 MB Storage,0.3 MP Rear Camera,,1000 mAh,1.8 inches (4.57 cm) | TFT,,₹699
Gfive A1 C,,32 MB RAM | 32 MB Storage,0.3 MP Rear Camera,,1000 mAh,1.8 inches (4.57 cm) | TFT,,₹699
Caul C5,,32 MB RAM | 32 MB Storage,0.3 MP Rear Camera,,1000 mAh,1.77 inches (4.5 cm) | TFT,,₹849
Snexian Rock 2166,,32 MB RAM | 32 MB Storage,0.3 MP Rear Camera,,1000 mAh,1.8 inches (4.57 cm) | TFT,,₹649
Cellecor D5 Plus,,32 MB RAM | 32 MB Storage,0.8 MP Rear Camera,,2750 mAh,1.8 inches (4.57 cm) | TFT,,"₹1,749"
BlackZone Godfather,,64 MB RAM | 64 MB Storage,0.3 MP Rear Camera,,3000 mAh,2.8 inches (7.11 cm) | TFT,,"₹2,089"
BlackZone Rocker,,64 MB RAM | 64 MB Storage,0.3 MP Rear Camera,,1100 mAh,1.8 inches (4.57 cm) | TFT,,"₹1,039"
VOX Mobile V19,,32 MB RAM | 32 MB Storage,,,1000 mAh,1.8 inches (4.57 cm) | TFT,,₹685
VOX Mobile V17,,32 MB RAM | 32 MB Storage,0.3 MP Rear Camera,,1000 mAh,1.8 inches (4.57 cm) | TFT,,₹709
Cellecor X1 Plus,,32 MB RAM | 32 MB Storage,,,1000 mAh,1.8 inches (4.57 cm) | TFT,,₹949
Cellecor X2 Plus,,32 MB RAM | 32 MB Storage,0.8 MP Rear Camera,,1000 mAh,1.8 inches (4.57 cm) | TFT,,"₹1,749"
Ulefone Armor 25T Pro,MediaTek Dimensity 6300,6 GB RAM | 256 GB Storage,50 MP + 64 MP Rear Camera,32 MP Front Camera,6500 mAh | 33W Fast Charging,6.78 inches (17.22 cm) | IPS LCD,,"₹56,500"
BlackZone Carbon,,32 MB RAM | 32 MB Storage,0.3 MP Rear Camera,,1100 mAh,1.8 inches (4.57 cm) | TFT,,₹949
BlackZone Warrior,Unisoc SC9863A,4 GB RAM | 128 GB Storage,16 MP Rear Camera,8 MP Front Camera,5250 mAh,6.6 inches (16.76 cm) | IPS LCD,,"₹6,799"
BlackZone U505,,32 MB RAM | 32 MB Storage,0.08 MP Rear Camera,,1100 mAh,1.54 inches (3.91 cm) | TFT,,"₹1,411"
MTR M2500,,32 MB RAM | 32 MB Storage,0.3 MP Rear Camera,,3000 mAh,1.77 inches (4.5 cm) | TFT,,₹850
VOX Mobile V16,,32 MB RAM | 32 MB Storage,0.3 MP Rear Camera,,2500 mAh,2.4 inches (6.1 cm) | TFT,,₹821
VOX Mobile V18,,32 MB RAM | 32 MB Storage,0.3 MP Rear Camera,,1000 mAh,1.8 inches (4.57 cm) | TFT,,₹655
VOX Mobile V20,,32 MB RAM | 32 MB Storage,0.3 MP Rear Camera,,2500 mAh,2.4 inches (6.1 cm) | TFT,,₹849
I Kall A2,,32 MB RAM | 32 MB Storage,0.3 MP Rear Camera,,2200 mAh,2.8 inches (7.11 cm) | TFT,,"₹1,627"
Xiaomi Redmi Note 13 Pro Plus 5G World Champions Edition,MediaTek Dimensity 7200 Ultra,12 GB RAM | 512 GB Storage,200 MP + 8 MP + 2 MP Rear Camera,16 MP Front Camera,5000 mAh | 120W Hyper Charging,6.67 inches (16.94 cm) | AMOLED,"AnTuTu Score 715,627","₹34,999"
iAir D10 Mini,,32 MB RAM | 32 MB Storage,0.8 MP Rear Camera,,1800 mAh,1.88 inches (4.78 cm) | TFT,,"₹1,049"
Snexian Guru 311,,32 MB RAM | 32 MB Storage,0.3 MP Rear Camera,,1000 mAh,1.8 inches (4.57 cm) | TFT,,₹649
BlackZone Nexa,,64 MB RAM | 64 MB Storage,0.3 MP Rear Camera,,1100 mAh,1.77 inches (4.5 cm) | TFT,,"₹1,059"
Gfive Shark 1,,32 MB RAM | 32 MB Storage,0.3 MP Rear Camera,,3000 mAh,1.8 inches (4.57 cm) | TFT,,₹725
Gfive Shark 2,,32 MB RAM | 32 MB Storage,0.3 MP Rear Camera,,3000 mAh,1.8 inches (4.57 cm) | TFT,,₹725
Gfive Smart,,32 MB RAM | 32 MB Storage,0.3 MP Rear Camera,,1000 mAh,1.8 inches (4.57 cm) | TFT,,₹899
BlackZone Vega,,64 MB RAM | 64 MB Storage,0.3 MP Rear Camera,,2500 mAh,2.4 inches (6.1 cm) | TFT,,"₹1,699"
MTR Fold X,,32 MB RAM | 32 MB Storage,0.3 MP Rear Camera,,2000 mAh,2.4 inches (6.1 cm) | TFT,,"₹1,750"
Karbonn KU3 Plus,,32 MB RAM | 32 MB Storage,0.3 MP Rear Camera,,1000 mAh,2.4 inches (6.1 cm) | TFT,,₹899
Snexian Guru 912,,32 MB RAM | 32 MB Storage,0.3 MP Rear Camera,,2500 mAh,2.4 inches (6.1 cm) | TFT,,₹999
BlackZone S80,,64 MB RAM | 64 MB Storage,0.3 MP Rear Camera,,2000 mAh,2.4 inches (6.1 cm) | TFT,,"₹1,715"
Snexian Bold 3K,,32 MB RAM | 32 MB Storage,1.3 MP Rear Camera,,800 mAh,1.44 inches (3.66 cm) | TFT,,₹999
Micromax S213,,32 MB RAM | 32 MB Storage,0.8 MP Rear Camera,,2500 mAh,2.4 inches (6.1 cm) | TFT,,"₹1,299"
Micromax S116,,32 MB RAM | 32 MB Storage,,,1000 mAh,1.77 inches (4.5 cm) | TFT,,₹888
Snexian Bold 4G,,,1.3 MP Rear Camera,,3000 mAh,2.8 inches (7.11 cm) | LCD,,"₹2,600"
MTR Fold Z,,32 MB RAM | 32 MB Storage,0.3 MP Rear Camera,,2000 mAh,2.4 inches (6.1 cm) | TFT,,"₹1,750"
MTR Candy,,32 MB RAM | 32 MB Storage,0.3 MP Rear Camera,,3000 mAh,2.4 inches (6.1 cm) | TFT,,"₹1,078"
