brand,model,Price,price_tier,processor_brand,processor,ram,storage_capacity,primary_rear_camera,camera_count,front_camera,battery_capacity,charging_type,display_type,display_size,antutu_score
vivo,vivo S2 5G,39490,High Tier,MediaTek,MediaTek Dimensity 7360 Turbo,8.0,128.0,50.0,2,32.0,7050,44.0,AMOLED,6.83,956029
Motorola,Motorola Edge 70 Fusion,28990,Mid Tier,Snapdragon,Snapdragon 7s Gen 4,8.0,128.0,50.0,2,32.0,7000,68.0,AMOLED,6.8,1149292
iQOO,iQOO Z11 5G,34999,High Tier,MediaTek,MediaTek Dimensity 7500 turbo,6.0,128.0,50.0,2,32.0,7050,44.0,AMOLED,6.83,1099769
Xiaomi,Xiaomi Redmi Note 17 5G,27999,Mid Tier,Snapdragon,Snapdragon 4 Gen 4,6.0,128.0,50.0,2,8.0,8000,45.0,OLED,6.99,626958
vivo,vivo T4X,16999,Mid Tier,MediaTek,MediaTek Dimensity 7300,6.0,128.0,50.0,2,8.0,6500,44.0,LCD,6.72,685052
vivo,vivo T5x,27299,Mid Tier,MediaTek,MediaTek Dimensity 7400 Turbo,6.0,128.0,50.0,2,32.0,7200,44.0,LCD,6.76,
Motorola,Motorola Edge 60 Fusion,20900,Mid Tier,MediaTek,MediaTek Dimensity 7400,8.0,128.0,50.0,2,32.0,5500,68.0,POLED,6.67,692185
Samsung,Samsung Galaxy F70 Pro 5G,26337,Mid Tier,Snapdragon,Snapdragon 6 Gen 3,6.0,128.0,50.0,3,12.0,6000,45.0,AMOLED,6.7,
OnePlus,OnePlus N6 5G,24999,Mid Tier,MediaTek,MediaTek Dimensity 6360 Apex,4.0,128.0,50.0,1,8.0,8000,45.0,LCD,6.8,588319
vivo,vivo V70 Elite,66999,Ultra-Premium Tier,Snapdragon,Snapdragon 8s Gen 3,8.0,256.0,50.0,3,50.0,6500,90.0,AMOLED,6.59,1815619
Motorola,Motorola Edge 60 Pro,30190,High Tier,MediaTek,MediaTek Dimensity 8350 Extreme Edition,8.0,256.0,50.0,3,50.0,6000,90.0,POLED,6.7,1440382
Motorola,Motorola Edge 70,31495,High Tier,Snapdragon,Snapdragon 7 Gen 4,8.0,256.0,50.0,2,50.0,5000,68.0,AMOLED,6.7,1402932
Moto,Moto G86 Power,17835,Mid Tier,MediaTek,MediaTek Dimensity 7400,8.0,128.0,50.0,2,32.0,6720,33.0,POLED,6.7,677110
vivo,vivo T5 Pro,37499,High Tier,Snapdragon,Snapdragon 7s Gen 4,8.0,128.0,50.0,2,32.0,9020,90.0,AMOLED,6.83,1167242
OnePlus,OnePlus Nord 6,46999,Ultra-Premium Tier,Snapdragon,Snapdragon 8s Gen 4,8.0,256.0,50.0,2,32.0,9000,80.0,AMOLED,6.78,2366913
POCO,POCO X7 Pro,23999,Mid Tier,MediaTek,MediaTek Dimensity 8400 Ultra,8.0,256.0,50.0,2,20.0,6550,90.0,AMOLED,6.67,1577069
OPPO,OPPO K13 5G,21999,Mid Tier,Snapdragon,Snapdragon 6 Gen 4,8.0,128.0,50.0,2,16.0,7000,80.0,AMOLED,6.67,699303
Samsung,Samsung Galaxy M47 5G,30999,High Tier,Snapdragon,Snapdragon 6 Gen 3,6.0,128.0,50.0,3,12.0,6000,45.0,AMOLED,6.66,
OPPO,OPPO Reno16 5G,66999,Ultra-Premium Tier,Snapdragon,Snapdragon 7 Gen 4,8.0,256.0,50.0,3,50.0,6700,80.0,AMOLED,6.32,1457989
Motorola,Motorola Edge 70 Pro 5G,38650,High Tier,MediaTek,MediaTek Dimensity 8500 Extreme,8.0,256.0,50.0,2,50.0,6500,90.0,AMOLED,6.8,2194258
realme,realme P4s 5G,34999,High Tier,MediaTek,MediaTek Dimensity 7400 Ultra,8.0,128.0,50.0,2,16.0,8000,80.0,AMOLED,6.78,973111
Samsung,Samsung Galaxy S25 FE,58999,Ultra-Premium Tier,Samsung,Samsung Exynos 2400 S5E9945,8.0,128.0,50.0,3,12.0,4900,45.0,AMOLED,6.7,2069599
vivo,vivo X300 FE,89999,Ultra-Premium Tier,Snapdragon,Snapdragon 8 Gen 5,12.0,256.0,50.0,3,50.0,6500,90.0,AMOLED,6.31,3000897
Apple,Apple iPhone 17,82900,Ultra-Premium Tier,Apple,Apple A19,8.0,256.0,48.0,2,18.0,3692,40.0,OLED,6.3,2118014
Xiaomi,Xiaomi Redmi Turbo 5,41999,High Tier,MediaTek,MediaTek Dimensity 8500 Ultra,8.0,256.0,50.0,2,20.0,7540,100.0,AMOLED,6.59,2135669
POCO,POCO M7 Pro,14999,Budget Tier,MediaTek,MediaTek Dimensity 7025 Ultra,6.0,128.0,50.0,2,20.0,5110,45.0,AMOLED,6.67,486435
Samsung,Samsung Galaxy S26 Ultra,130999,Ultra-Premium Tier,Snapdragon,Snapdragon 8 Elite Gen 5,12.0,256.0,200.0,4,12.0,5000,60.0,AMOLED,6.9,3905605
realme,realme P4 Pro,28999,Mid Tier,Snapdragon,Snapdragon 7 Gen 4,8.0,128.0,50.0,2,50.0,7000,80.0,AMOLED,6.8,1088192
Google,Google Pixel 11,83580,Ultra-Premium Tier,Google,Google Tensor G6,12.0,256.0,48.0,3,10.5,4985,30.0,OLED,6.3,1690573
Samsung,Samsung Galaxy A37 5G,38999,High Tier,Samsung,Samsung Exynos 1480,8.0,128.0,50.0,3,12.0,5000,45.0,AMOLED,6.7,1053896
vivo,vivo X200T,59999,Ultra-Premium Tier,MediaTek,MediaTek Dimensity 9400 Plus,12.0,256.0,50.0,3,32.0,6200,90.0,AMOLED,6.67,2821319
Samsung,Samsung Galaxy A17 5G,21499,Mid Tier,Samsung,Samsung Exynos 1330,6.0,128.0,50.0,3,13.0,5000,25.0,AMOLED,6.7,604677
Nothing,Nothing Phone 4b,32249,High Tier,Snapdragon,Snapdragon 6 Gen 4,8.0,128.0,50.0,2,16.0,6000,33.0,AMOLED,6.77,
Samsung,Samsung Galaxy A57 5G,56999,Ultra-Premium Tier,Samsung,Samsung Exynos 1680,8.0,256.0,50.0,3,12.0,5000,45.0,AMOLED,6.7,1394526
vivo,vivo T4,24999,Mid Tier,Snapdragon,Snapdragon 7s Gen 3,8.0,128.0,50.0,2,32.0,7300,90.0,AMOLED,6.77,797572
vivo,vivo V70 FE,39900,High Tier,MediaTek,MediaTek Dimensity 7360 Turbo,8.0,128.0,200.0,2,50.0,7000,90.0,AMOLED,6.83,990352
realme,realme P4 Power,30450,High Tier,MediaTek,MediaTek Dimensity 7400 Ultra,8.0,128.0,50.0,2,16.0,10001,80.0,AMOLED,6.8,1047842
realme,realme P4R 5G,19999,Mid Tier,MediaTek,MediaTek Dimensity 6300,4.0,128.0,50.0,1,8.0,8000,45.0,LCD,6.8,603216
Moto,Moto G64,13999,Budget Tier,MediaTek,MediaTek Dimensity 7025,8.0,128.0,50.0,2,16.0,6000,33.0,LCD,6.5,497235
vivo,vivo V70,59999,Ultra-Premium Tier,Snapdragon,Snapdragon 7 Gen 4,8.0,256.0,50.0,3,50.0,6500,90.0,AMOLED,6.59,1425132
vivo,vivo V60e,26494,Mid Tier,MediaTek,MediaTek Dimensity 7360 Turbo,8.0,128.0,200.0,2,50.0,6500,90.0,AMOLED,6.77,882692
OnePlus,OnePlus Nord CE 6 5G,37999,High Tier,Snapdragon,Snapdragon 7s Gen 4,8.0,128.0,50.0,2,32.0,8000,80.0,AMOLED,6.78,1136527
Nothing,Nothing Phone 3a,24999,Mid Tier,Snapdragon,Snapdragon 7s Gen 3,8.0,128.0,50.0,3,32.0,5000,50.0,AMOLED,6.77,798022
Samsung,Samsung Galaxy S25,66798,Ultra-Premium Tier,Snapdragon,Snapdragon 8 Elite,12.0,256.0,50.0,3,12.0,4000,25.0,AMOLED,6.2,2185567
Samsung,Samsung Galaxy Z Fold 8 Ultra,199999,Ultra-Premium Tier,Snapdragon,Snapdragon 8 Elite Gen 5 for Galaxy,12.0,256.0,200.0,3,10.0,5000,45.0,AMOLED,8.0,3074056
Samsung,Samsung Galaxy S26,74969,Ultra-Premium Tier,Samsung,Samsung Exynos 2600 S5E9965,12.0,256.0,50.0,3,12.0,4300,25.0,AMOLED,6.3,3113347
OPPO,OPPO Reno14,44999,High Tier,MediaTek,MediaTek MT6897,8.0,256.0,50.0,3,50.0,6000,80.0,OLED,6.59,1405935
Motorola,Motorola Edge 70 Max,52540,Ultra-Premium Tier,Snapdragon,Snapdragon 8 Gen 5,8.0,256.0,50.0,3,32.0,7100,90.0,AMOLED,6.8,2972932
Motorola,Motorola Signature,58899,Ultra-Premium Tier,Snapdragon,Snapdragon 8 Gen 5,12.0,256.0,50.0,3,50.0,5200,90.0,AMOLED,6.8,3044435
Samsung,Samsung Galaxy A27 5G,29990,Mid Tier,Snapdragon,Snapdragon 6 Gen 3,6.0,128.0,50.0,3,12.0,5000,25.0,AMOLED,6.7,882363
Samsung,Samsung Galaxy A56 5G,34999,High Tier,Samsung,Samsung Exynos 1580,8.0,128.0,50.0,3,12.0,5000,45.0,AMOLED,6.7,919985
Moto,Moto G57 Power,20899,Mid Tier,Snapdragon,Snapdragon 6s Gen 4,8.0,128.0,50.0,2,8.0,7000,30.0,LCD,6.72,817331
Apple,Apple iPhone 15,57900,Ultra-Premium Tier,Apple,Apple A16 Bionic,6.0,128.0,48.0,2,12.0,3349,20.0,OLED,6.1,
realme,realme 16x 5G,22999,Mid Tier,MediaTek,MediaTek Dimensity 6300,4.0,128.0,50.0,1,8.0,7000,45.0,LCD,6.8,632291
vivo,vivo Y31 5G,19999,Mid Tier,Snapdragon,Snapdragon 4 Gen 2,4.0,128.0,50.0,2,8.0,6500,44.0,LCD,6.68,
Motorola,Motorola Edge 50 Fusion,18999,Mid Tier,Snapdragon,Snapdragon 7s Gen 2,8.0,128.0,50.0,2,32.0,5000,68.0,POLED,6.67,620648
Moto,Moto G37 Power 5G,17254,Mid Tier,MediaTek,MediaTek Dimensity 6400,4.0,128.0,50.0,1,8.0,7000,30.0,LCD,6.67,570353
OnePlus,OnePlus N6x 5G,20999,Mid Tier,MediaTek,MediaTek Dimensity 6360 Apex,4.0,64.0,13.0,1,5.0,7000,15.0,LCD,6.8,577250
Nothing,Nothing Phone 4a Pro,44797,High Tier,Snapdragon,Snapdragon 7 Gen 4,8.0,128.0,50.0,3,32.0,5400,50.0,AMOLED,6.83,1411440
OnePlus,OnePlus Nord CE 6 Lite 5G,28999,Mid Tier,MediaTek,MediaTek Dimensity 7400 Apex,6.0,128.0,50.0,2,8.0,7000,45.0,LCD,6.72,1015733
Samsung,Samsung Galaxy S25 Ultra,139999,Ultra-Premium Tier,Snapdragon,Snapdragon 8 Elite,12.0,256.0,200.0,4,12.0,5000,45.0,AMOLED,6.9,2209231
iQOO,iQOO Neo 10,46979,Ultra-Premium Tier,Snapdragon,Snapdragon 8s Gen 4,8.0,128.0,50.0,2,32.0,7000,120.0,AMOLED,6.78,2066325
Samsung,Samsung Galaxy F70e 5G,13999,Budget Tier,MediaTek,MediaTek Dimensity 6300,4.0,128.0,50.0,2,8.0,6000,25.0,LCD,6.7,532024
Samsung,Samsung Galaxy A35 5G,18999,Mid Tier,Samsung,Samsung Exynos 1380,8.0,128.0,50.0,3,13.0,5000,25.0,AMOLED,6.6,612769
realme,realme P4x,21939,Mid Tier,MediaTek,MediaTek Dimensity 7400 Ultra,6.0,128.0,50.0,2,8.0,7000,45.0,LCD,6.72,974831
Moto,Moto g max 5G,27999,Mid Tier,Snapdragon,Snapdragon 6s Gen 4,6.0,128.0,50.0,2,32.0,7000,30.0,LCD,6.72,807683
vivo,vivo T5 Lite 5G,22630,Mid Tier,MediaTek,MediaTek Dimensity 6300,4.0,128.0,50.0,2,5.0,6500,44.0,LCD,6.74,575705
Xiaomi,Xiaomi Redmi 17 5G,23999,Mid Tier,Snapdragon,Snapdragon 4 Gen 5,6.0,128.0,50.0,2,8.0,7900,45.0,LCD,6.9,
Apple,Apple iPhone 16,67900,Ultra-Premium Tier,Apple,Apple A18,8.0,128.0,48.0,2,12.0,3561,20.0,OLED,6.1,1764170
POCO,POCO M8 Power 5G,24390,Mid Tier,Snapdragon,Snapdragon 4 Gen 4,6.0,128.0,50.0,2,8.0,8000,45.0,AMOLED,6.83,619773
OnePlus,OnePlus 15,85999,Ultra-Premium Tier,Snapdragon,Snapdragon 8 Elite Gen 5,12.0,256.0,50.0,3,32.0,7300,120.0,AMOLED,6.78,3932097
iQOO,iQOO 15R,53999,Ultra-Premium Tier,Snapdragon,Snapdragon 8 Gen 5,8.0,256.0,50.0,2,32.0,7600,100.0,AMOLED,6.59,3078708
realme,realme GT 7,41999,High Tier,MediaTek,MediaTek Dimensity 9400e,8.0,256.0,50.0,3,32.0,7000,120.0,AMOLED,6.78,2125733
Xiaomi,Xiaomi Redmi Note 15,28999,Mid Tier,Snapdragon,Snapdragon 6 Gen 3,8.0,128.0,108.0,2,20.0,5520,45.0,AMOLED,6.77,868311
OPPO,OPPO K14x 5G,17099,Mid Tier,MediaTek,MediaTek Dimensity 6300,4.0,64.0,50.0,2,5.0,6500,45.0,LCD,6.75,565613
Motorola,Motorola Edge 70 Pro + 5G,47920,Ultra-Premium Tier,MediaTek,MediaTek Dimensity 8500 Extreme,12.0,256.0,50.0,3,50.0,6500,90.0,AMOLED,6.8,2217003
Samsung,Samsung Galaxy M17 5G,19999,Mid Tier,Samsung,Samsung Exynos 1330,4.0,128.0,50.0,3,13.0,5000,25.0,AMOLED,6.7,608564
OPPO,OPPO Reno15 Pro Mini,59999,Ultra-Premium Tier,MediaTek,MediaTek Dimensity 8450,12.0,256.0,200.0,3,50.0,6200,80.0,AMOLED,6.32,2141052
vivo,vivo V50,32991,High Tier,Snapdragon,Snapdragon 7 Gen 3,8.0,128.0,50.0,2,50.0,6000,90.0,AMOLED,6.77,821023
iQOO,iQOO Z11x,27999,Mid Tier,MediaTek,MediaTek Dimensity 7400 Turbo,6.0,128.0,50.0,2,32.0,7200,44.0,LCD,6.76,960651
Google,Google Pixel 11 Pro,119999,Ultra-Premium Tier,Google,Google Tensor G6,12.0,256.0,50.0,3,42.0,4850,30.0,OLED,6.3,1421232
Nothing,Nothing Phone 3a Pro,27999,Mid Tier,Snapdragon,Snapdragon 7s Gen 3,8.0,128.0,50.0,3,50.0,5000,50.0,AMOLED,6.77,809554
Infinix,Infinix Note 50X,13499,Budget Tier,MediaTek,MediaTek Dimensity 7300 Ultimate,6.0,128.0,50.0,1,8.0,5500,45.0,LCD,6.67,620348
Xiaomi,Xiaomi Redmi Note 15 Pro,31999,High Tier,MediaTek,MediaTek Dimensity 7400 Ultra,8.0,128.0,200.0,2,20.0,6580,45.0,AMOLED,6.83,945828
OPPO,OPPO Find X9 Ultra,169999,Ultra-Premium Tier,Snapdragon,Snapdragon 8 Elite Gen 5,12.0,512.0,200.0,4,50.0,7050,100.0,AMOLED,6.82,4033382
POCO,POCO X8 Power 5G,35999,High Tier,Snapdragon,Snapdragon 6 Gen 5,8.0,128.0,50.0,2,32.0,10000,100.0,AMOLED,6.83,
vivo,vivo X300 Ultra,159999,Ultra-Premium Tier,Snapdragon,Snapdragon 8 Elite Gen 5,16.0,512.0,200.0,3,50.0,6600,100.0,AMOLED,6.82,3977648
iQOO,iQOO 15,76999,Ultra-Premium Tier,Snapdragon,Snapdragon 8 Elite Gen 5,12.0,256.0,50.0,3,32.0,7000,100.0,AMOLED,6.85,3891344
Samsung,Samsung Galaxy A36 5G,31999,High Tier,Snapdragon,Snapdragon 6 Gen 3,8.0,128.0,50.0,3,12.0,5000,45.0,AMOLED,6.7,655225
Google,Google Pixel 10A,51940,Ultra-Premium Tier,Google,Google Tensor G4,8.0,256.0,48.0,2,13.0,5100,45.0,POLED,6.3,1400792
vivo,vivo Y11 5G,17999,Mid Tier,MediaTek,MediaTek Dimensity 6300,4.0,64.0,13.0,2,5.0,6500,15.0,LCD,6.74,
POCO,POCO X7,17999,Mid Tier,MediaTek,MediaTek Dimensity 7300 Ultra,8.0,128.0,50.0,3,20.0,5500,45.0,AMOLED,6.67,646751
POCO,POCO F7,45800,Ultra-Premium Tier,Snapdragon,Snapdragon 8s Gen 4,12.0,256.0,50.0,2,20.0,7550,90.0,AMOLED,6.83,2106422
Apple,Apple iPhone 17 Pro Max,147900,Ultra-Premium Tier,Apple,Apple A19 Pro,12.0,256.0,48.0,3,18.0,4832,40.0,OLED,6.9,2521699
Motorola,Motorola Edge 60 Stylus,20560,Mid Tier,Snapdragon,Snapdragon 7s Gen 2,8.0,256.0,50.0,2,32.0,5000,68.0,POLED,6.7,668917
Samsung,Samsung Galaxy M17e 5G,18499,Mid Tier,MediaTek,MediaTek Dimensity 6300,4.0,128.0,50.0,2,8.0,6000,25.0,LCD,6.7,
OnePlus,OnePlus 15R,59999,Ultra-Premium Tier,Snapdragon,Snapdragon 8 Gen 5,12.0,256.0,50.0,2,32.0,7400,80.0,AMOLED,6.83,2957229
Samsung,Samsung Galaxy M36,21999,Mid Tier,Samsung,Samsung Exynos 1380,6.0,128.0,50.0,3,13.0,5000,25.0,AMOLED,6.7,597495
OPPO,OPPO Reno16c 5G,49999,Ultra-Premium Tier,MediaTek,MediaTek Dimensity 7300,8.0,128.0,50.0,3,50.0,6500,45.0,AMOLED,6.57,985594
POCO,POCO X8 Pro,38890,High Tier,MediaTek,MediaTek Dimensity 8500 Ultra,8.0,256.0,50.0,2,20.0,6500,100.0,OLED,6.59,
Itel,Itel Zeno F30 5G,12499,Budget Tier,Unisoc,Unisoc T8200,4.0,64.0,13.0,1,8.0,7000,10.0,LCD,6.67,
Samsung,Samsung Galaxy S24 FE,39999,High Tier,Samsung,Samsung Exynos 2400e,8.0,128.0,50.0,3,10.0,4700,25.0,AMOLED,6.7,1625873
OPPO,OPPO Reno15,47999,Ultra-Premium Tier,Snapdragon,Snapdragon 7 Gen 4,8.0,256.0,50.0,3,50.0,6500,80.0,AMOLED,6.59,1394716
POCO,POCO M7,12499,Budget Tier,Snapdragon,Snapdragon 4 Gen 2,6.0,128.0,50.0,1,8.0,5160,18.0,LCD,6.88,436798
Google,Google Pixel 10,67790,Ultra-Premium Tier,Google,Google Tensor G5,12.0,256.0,48.0,3,10.5,4970,30.0,OLED,6.3,1450416
realme,realme 16,36999,High Tier,MediaTek,MediaTek Dimensity 6400 Turbo,8.0,128.0,50.0,2,50.0,7000,60.0,AMOLED,6.57,617726
Tecno,Tecno Pova 8 Pro 5G,49999,Ultra-Premium Tier,MediaTek,MediaTek Dimensity 7400 Ultimate,8.0,256.0,50.0,2,13.0,6500,45.0,AMOLED,6.78,792798
vivo,vivo Y31T 5G,25999,Mid Tier,Snapdragon,Snapdragon 4 Gen 2,4.0,128.0,50.0,2,8.0,7200,44.0,LCD,6.75,
vivo,vivo Y21 5G,22499,Mid Tier,MediaTek,MediaTek Dimensity 6300,4.0,128.0,50.0,2,5.0,6500,44.0,LCD,6.74,
iQOO,iQOO Z11 Lite 5G,19999,Mid Tier,MediaTek,MediaTek Dimensity 6300,4.0,128.0,50.0,2,5.0,6500,44.0,LCD,6.74,574553
OnePlus,OnePlus 13s,54999,Ultra-Premium Tier,Snapdragon,Snapdragon 8 Elite,12.0,256.0,50.0,2,32.0,5850,80.0,OLED,6.32,2581355
realme,realme 16T 5G,27999,Mid Tier,MediaTek,MediaTek Dimensity 6300,6.0,128.0,50.0,2,16.0,8000,45.0,LCD,6.81,633631
Samsung,Samsung Galaxy F16 5G,12499,Budget Tier,MediaTek,MediaTek Dimensity 6300,4.0,128.0,50.0,3,13.0,5000,25.0,AMOLED,6.7,
OPPO,OPPO A6x,18999,Mid Tier,MediaTek,MediaTek Dimensity 6300,4.0,64.0,13.0,1,5.0,6500,45.0,LCD,6.75,
Apple,Apple iPhone 17 Pro,132900,Ultra-Premium Tier,Apple,Apple A19 Pro,12.0,256.0,48.0,3,18.0,3988,40.0,OLED,6.3,
Apple,Apple iPhone 13,39994,High Tier,Apple,Apple A15 Bionic,4.0,128.0,12.0,2,12.0,3227,20.0,OLED,6.1,
Tecno,Tecno Camon 50 Ultra,39998,High Tier,MediaTek,MediaTek Dimensity 7400 Ultimate,8.0,256.0,50.0,3,50.0,6500,45.0,AMOLED,6.78,998070
Xiaomi,Xiaomi 17T,64999,Ultra-Premium Tier,MediaTek,MediaTek Dimensity 8500 Ultra,12.0,256.0,50.0,3,32.0,6500,67.0,AMOLED,6.59,2136906
realme,realme 14 Pro Lite,18294,Mid Tier,Snapdragon,Snapdragon 7s Gen 2,8.0,128.0,50.0,2,32.0,5200,45.0,OLED,6.7,
OnePlus,OnePlus Nord 5,45000,Ultra-Premium Tier,Snapdragon,Snapdragon 8s Gen 3,8.0,256.0,50.0,2,50.0,6800,80.0,AMOLED,6.83,1481616
vivo,vivo Y400,31999,High Tier,Snapdragon,Snapdragon 4 Gen 2,8.0,128.0,50.0,2,32.0,6000,90.0,AMOLED,6.67,478134
OPPO,OPPO Find X9,73999,Ultra-Premium Tier,MediaTek,MediaTek Dimensity 9500,12.0,256.0,50.0,4,32.0,7025,80.0,AMOLED,6.59,3512048
OPPO,OPPO A6,23999,Mid Tier,MediaTek,MediaTek Dimensity 6300,4.0,128.0,50.0,2,16.0,7000,45.0,AMOLED,6.57,
POCO,POCO X8 5G,29999,Mid Tier,Snapdragon,Snapdragon 6s Gen 4,6.0,128.0,50.0,2,16.0,9000,67.0,AMOLED,6.83,
Moto,Moto G37 5G,15138,Mid Tier,MediaTek,MediaTek Dimensity 6400,4.0,64.0,50.0,1,8.0,5200,20.0,LCD,6.67,
Samsung,Samsung Galaxy A07 5G,16669,Mid Tier,MediaTek,MediaTek Dimensity 6300,4.0,128.0,50.0,2,8.0,6000,25.0,LCD,6.7,
realme,realme 16 Pro,44999,High Tier,MediaTek,MediaTek Dimensity 7300 Max,8.0,128.0,200.0,2,50.0,7000,80.0,AMOLED,6.78,983589
Xiaomi,Xiaomi Redmi 15,21499,Mid Tier,Snapdragon,Snapdragon 6s Gen 3,6.0,128.0,50.0,1,8.0,7000,33.0,LCD,6.9,463289
realme,realme P3 Ultra,31999,High Tier,MediaTek,MediaTek Dimensity 8350 Ultra,8.0,128.0,50.0,2,16.0,6000,80.0,AMOLED,6.83,1403197
realme,realme GT 8 Pro,72999,Ultra-Premium Tier,Snapdragon,Snapdragon 8 Elite Gen 5,12.0,256.0,50.0,3,32.0,7000,120.0,AMOLED,6.79,3932397
Samsung,Samsung Galaxy F17 5G,19610,Mid Tier,Samsung,Samsung Exynos 1330,4.0,128.0,50.0,3,13.0,5000,25.0,AMOLED,6.7,
vivo,vivo T4 Pro 256GB,29999,Mid Tier,Snapdragon,Snapdragon 7 Gen 4,8.0,256.0,50.0,3,32.0,6500,90.0,AMOLED,6.77,1010472
vivo,vivo Y51 Pro,32995,High Tier,MediaTek,MediaTek Dimensity 7360 Turbo,8.0,128.0,50.0,2,8.0,7200,44.0,LCD,6.75,
Nothing,Nothing Phone 3,51999,Ultra-Premium Tier,Snapdragon,Snapdragon 8s Gen 4,12.0,256.0,50.0,3,50.0,5150,65.0,AMOLED,6.67,1930244
OnePlus,OnePlus 13,63157,Ultra-Premium Tier,Snapdragon,Snapdragon 8 Elite,12.0,256.0,50.0,3,32.0,6000,100.0,AMOLED,6.82,2689625
Samsung,Samsung Galaxy S24 Ultra,99990,Ultra-Premium Tier,Snapdragon,Snapdragon 8 Gen 3,12.0,256.0,200.0,4,12.0,5000,45.0,AMOLED,6.8,1770105
vivo,vivo T3 Lite,10499,Budget Tier,MediaTek,MediaTek Dimensity 6300,4.0,128.0,50.0,2,8.0,5000,15.0,LCD,6.56,
Xiaomi,Xiaomi Redmi Note 15 Pro Plus,39999,High Tier,Snapdragon,Snapdragon 7s Gen 4,8.0,256.0,200.0,2,32.0,6500,100.0,AMOLED,6.83,1055895
OPPO,OPPO A6 Pro,32999,High Tier,MediaTek,MediaTek Dimensity 6300,8.0,128.0,50.0,2,16.0,7000,80.0,AMOLED,6.57,
realme,realme C100X,15999,Mid Tier,Unisoc,Unisoc T7250,4.0,64.0,50.0,1,5.0,8000,45.0,LCD,6.8,380571
Xiaomi,Xiaomi Redmi Note 15 SE 5G,24799,Mid Tier,Snapdragon,Snapdragon 6 Gen 3,6.0,128.0,50.0,2,20.0,5800,45.0,AMOLED,6.77,
OPPO,OPPO F33 5G,29999,Mid Tier,MediaTek,MediaTek Dimensity 6360 Max,6.0,128.0,50.0,2,16.0,7000,80.0,AMOLED,6.57,
OPPO,OPPO F33 Pro 5G,32783,High Tier,MediaTek,MediaTek Dimensity 6360 Max,8.0,128.0,50.0,2,50.0,7000,80.0,AMOLED,6.57,651333
OnePlus,OnePlus 13R,51990,Ultra-Premium Tier,Snapdragon,Snapdragon 8 Gen 3,12.0,256.0,50.0,3,16.0,6000,80.0,AMOLED,6.78,1709077
Xiaomi,Xiaomi Redmi 12 6GB RAM,9999,Budget Tier,MediaTek,MediaTek Helio G88,6.0,128.0,50.0,3,8.0,5000,18.0,LCD,6.79,
Samsung,Samsung Galaxy M56 5G,30999,High Tier,Samsung,Samsung Exynos 1480,8.0,128.0,50.0,3,12.0,5000,45.0,AMOLED,6.7,
realme,realme 14 Pro Plus,32999,High Tier,Snapdragon,Snapdragon 7s Gen 3,8.0,128.0,50.0,3,32.0,6000,80.0,OLED,6.83,796785
Xiaomi,Xiaomi Redmi A7 Pro 5G,14999,Budget Tier,Unisoc,Unisoc T8300,4.0,64.0,32.0,1,8.0,6300,15.0,LCD,6.9,
realme,realme Narzo 100x 5G,21999,Mid Tier,MediaTek,MediaTek Dimensity 6300,4.0,128.0,50.0,1,8.0,8000,45.0,LCD,6.81,
Ai+,Ai+ Nova 2 Ultra 5G,20999,Mid Tier,MediaTek,MediaTek Dimensity 7400,6.0,128.0,50.0,2,13.0,6000,33.0,AMOLED,6.78,
POCO,POCO M8x 5G,20999,Mid Tier,Snapdragon,Snapdragon 4 Gen 5,4.0,128.0,50.0,1,8.0,7900,33.0,LCD,6.9,653645
POCO,POCO M8,23679,Mid Tier,Snapdragon,Snapdragon 6 Gen 3,6.0,128.0,50.0,2,20.0,5520,45.0,AMOLED,6.77,862268
Lava,Lava Virat V1 5G,13239,Budget Tier,Unisoc,Unisoc T8200,4.0,64.0,13.0,1,5.0,6000,10.0,LCD,6.75,515146
Samsung,Samsung Galaxy F36 5G,21899,Mid Tier,Samsung,Samsung Exynos 1380,6.0,128.0,50.0,3,13.0,5000,25.0,AMOLED,6.7,
Infinix,Infinix Note 60 Pro 5G,34139,High Tier,Snapdragon,Snapdragon 7s Gen 4,8.0,128.0,50.0,2,13.0,6500,90.0,AMOLED,6.78,940152
Xiaomi,Xiaomi Redmi Note 14 Pro 5G,27000,Mid Tier,MediaTek,MediaTek Dimensity 7300 Ultra,8.0,128.0,50.0,3,20.0,5500,45.0,AMOLED,6.67,
Google,Google Pixel 7A,29999,Mid Tier,Google,Google Tensor G2,8.0,128.0,64.0,2,13.0,4385,18.0,OLED,6.1,687738
OPPO,OPPO Find X9s,84999,Ultra-Premium Tier,MediaTek,MediaTek Dimensity 9500s,12.0,256.0,50.0,3,32.0,7025,80.0,AMOLED,6.59,2952827
Moto,Moto G77 Power 5G,25125,Mid Tier,MediaTek,MediaTek Dimensity 6400,8.0,128.0,50.0,2,32.0,7000,30.0,LCD,6.72,595362
realme,realme P4 Lite 5G,16660,Mid Tier,MediaTek,MediaTek Dimensity 6300,4.0,64.0,13.0,1,5.0,7000,15.0,LCD,6.8,
Samsung,Samsung Galaxy S24 5G,59390,Ultra-Premium Tier,Samsung,Samsung Exynos 2400,8.0,256.0,50.0,3,12.0,4000,25.0,AMOLED,6.2,1727225
Xiaomi,Xiaomi Redmi 15C,17999,Mid Tier,MediaTek,MediaTek Dimensity 6300,4.0,128.0,50.0,1,8.0,6000,33.0,LCD,6.9,556765
Samsung,Samsung Galaxy S26 Plus,89499,Ultra-Premium Tier,Samsung,Samsung Exynos 2600,12.0,256.0,50.0,3,12.0,4900,45.0,AMOLED,6.7,3106879
Google,Google Pixel 9A,49798,Ultra-Premium Tier,Google,Google Tensor G4,8.0,256.0,48.0,2,13.0,5100,23.0,OLED,6.3,1104665
Xiaomi,Xiaomi Redmi 15A 5G,16400,Mid Tier,Unisoc,Unisoc T8300,4.0,64.0,32.0,1,8.0,6300,15.0,LCD,6.9,
Infinix,Infinix GT 30 Pro,31999,High Tier,MediaTek,MediaTek Dimensity 8350 Ultimate,8.0,256.0,108.0,2,13.0,5500,45.0,AMOLED,6.78,1349476
Infinix,Infinix Hot 70 Pro 5G,24999,Mid Tier,MediaTek,MediaTek Dimensity 7100,6.0,128.0,50.0,1,8.0,6000,45.0,LCD,6.76,756960
Nothing,Nothing Phone 3a Lite,28246,Mid Tier,MediaTek,MediaTek Dimensity 7300 Pro,8.0,128.0,50.0,3,16.0,5000,33.0,AMOLED,6.77,907685
iQOO,iQOO Z10x,27996,Mid Tier,MediaTek,MediaTek Dimensity 7300,6.0,128.0,50.0,2,8.0,6500,44.0,LCD,6.72,696045
Xiaomi,Xiaomi 17,89999,Ultra-Premium Tier,Snapdragon,Snapdragon 8 Elite Gen 5,12.0,512.0,50.0,3,50.0,6330,100.0,OLED,6.3,3453123
Samsung,Samsung Galaxy F05,6499,Budget Tier,MediaTek,MediaTek Helio G85,4.0,64.0,50.0,2,8.0,5000,25.0,LCD,6.7,
realme,realme 15T,24999,Mid Tier,MediaTek,MediaTek Dimensity 6400 Max,8.0,128.0,50.0,2,50.0,7000,60.0,AMOLED,6.57,448625
realme,realme C83 5G,16999,Mid Tier,MediaTek,MediaTek Dimensity 6300,4.0,64.0,13.0,1,5.0,7000,15.0,LCD,6.7,561364
POCO,POCO C85x,14059,Budget Tier,Unisoc,Unisoc T8300,4.0,64.0,32.0,1,8.0,6300,15.0,LCD,6.9,
Samsung,Samsung Galaxy Z Fold 8,179999,Ultra-Premium Tier,Snapdragon,Snapdragon 8 Elite Gen 5,12.0,256.0,50.0,2,10.0,4800,45.0,AMOLED,7.6,3252918
vivo,vivo X300 Pro,119999,Ultra-Premium Tier,MediaTek,MediaTek Dimensity 9500,16.0,512.0,50.0,3,50.0,6510,90.0,AMOLED,6.78,3536552
Xiaomi,Xiaomi Redmi Note 14 Pro+ 5G,27999,Mid Tier,Snapdragon,Snapdragon 7s Gen 3,8.0,128.0,50.0,3,20.0,6200,90.0,AMOLED,6.67,725812
realme,realme P1,13999,Budget Tier,MediaTek,MediaTek Dimensity 7050,6.0,128.0,50.0,2,16.0,5000,45.0,AMOLED,6.67,418175
Apple,Apple iPhone 16 Pro Max,134900,Ultra-Premium Tier,Apple,Apple A18 Pro,8.0,256.0,48.0,3,12.0,4685,20.0,OLED,6.9,1774620
Samsung,Samsung Galaxy S25 Edge,60899,Ultra-Premium Tier,Snapdragon,Snapdragon 8 Elite,12.0,256.0,200.0,2,12.0,3900,25.0,AMOLED,6.7,2664209
realme,realme 16 Pro Plus,50499,Ultra-Premium Tier,Snapdragon,Snapdragon 7 Gen 4,8.0,128.0,200.0,3,50.0,7000,80.0,AMOLED,6.8,1434981
vivo,vivo T3,18499,Mid Tier,MediaTek,MediaTek Dimensity 7200,8.0,128.0,50.0,2,16.0,5000,44.0,AMOLED,6.67,715922
Motorola,Motorola Edge 50 Neo,20999,Mid Tier,MediaTek,MediaTek Dimensity 7300,8.0,256.0,50.0,3,32.0,4310,68.0,POLED,6.4,669760
vivo,vivo V40,49999,Ultra-Premium Tier,Snapdragon,Snapdragon 7 Gen 3,8.0,128.0,50.0,2,50.0,5500,80.0,AMOLED,6.78,810653
OPPO,OPPO F31,32999,High Tier,MediaTek,MediaTek Dimensity 6300,8.0,128.0,50.0,2,16.0,7000,80.0,AMOLED,6.57,
Tecno,Tecno Pova 8 5G,29999,Mid Tier,MediaTek,MediaTek Dimensity 7100,6.0,128.0,50.0,1,13.0,8000,45.0,LCD,6.76,757391
realme,realme P2 Pro,17999,Mid Tier,Snapdragon,Snapdragon 7s Gen 2,8.0,128.0,50.0,2,32.0,5200,80.0,OLED,6.7,670441
realme,realme P3 256GB,18499,Mid Tier,Snapdragon,Snapdragon 6 Gen 4,8.0,256.0,50.0,2,16.0,6000,45.0,AMOLED,6.67,
Google,Google Pixel 11 Pro XL,134999,Ultra-Premium Tier,Google,Google Tensor G6,12.0,256.0,50.0,3,42.0,5115,45.0,OLED,6.8,1856183
Moto,Moto G35,12499,Budget Tier,Unisoc,Unisoc T760,4.0,128.0,50.0,2,16.0,5000,18.0,LCD,6.72,
realme,realme 15x,23489,Mid Tier,MediaTek,MediaTek Dimensity 6300,6.0,128.0,50.0,1,50.0,7000,60.0,LCD,6.8,
POCO,POCO C85 5G,15572,Mid Tier,MediaTek,MediaTek Dimensity 6300,4.0,128.0,50.0,1,8.0,6000,33.0,LCD,6.9,553034
Ai+,Ai+ Nova 2 Pro 5G,17999,Mid Tier,MediaTek,MediaTek Dimensity 7100,6.0,128.0,48.0,2,13.0,6000,33.0,LCD,6.9,
Moto,Moto G45 5G 8GB RAM,12414,Budget Tier,Snapdragon,Snapdragon 6s Gen 3,8.0,128.0,50.0,2,16.0,5000,20.0,LCD,6.5,449055
Samsung,Samsung Galaxy A06 5G,14970,Budget Tier,MediaTek,MediaTek Dimensity 6300,4.0,64.0,50.0,2,8.0,5000,25.0,LCD,6.7,
realme,realme GT 6 512GB,32999,High Tier,Snapdragon,Snapdragon 8s Gen 3,16.0,512.0,50.0,3,32.0,5500,120.0,AMOLED,6.78,1501830
Samsung,Samsung Galaxy M35 5G,28990,Mid Tier,Samsung,Samsung Exynos 1380,6.0,128.0,50.0,3,13.0,6000,25.0,AMOLED,6.6,611292
POCO,POCO X7 Pro 12GB RAM,25999,Mid Tier,MediaTek,MediaTek Dimensity 8400 Ultra,12.0,256.0,50.0,2,20.0,6550,90.0,AMOLED,6.67,1577069
OPPO,OPPO Reno14 Pro,49989,Ultra-Premium Tier,MediaTek,MediaTek Dimensity 8450,12.0,256.0,50.0,3,50.0,6200,80.0,OLED,6.83,1617077
OPPO,OPPO Reno15 Pro,60999,Ultra-Premium Tier,MediaTek,MediaTek Dimensity 8450,12.0,256.0,200.0,3,50.0,6500,80.0,AMOLED,6.78,2131620
Xiaomi,Xiaomi 17 Ultra,139999,Ultra-Premium Tier,Snapdragon,Snapdragon 8 Elite Gen 5,16.0,512.0,50.0,3,50.0,6000,90.0,OLED,6.9,3654776
Tecno,Tecno Pova Curve 2,27399,Mid Tier,MediaTek,MediaTek Dimensity 7100,8.0,128.0,50.0,2,13.0,8000,45.0,AMOLED,6.78,740056
Samsung,Samsung Galaxy A55 5G,40999,High Tier,Samsung,Samsung Exynos 1480,8.0,128.0,50.0,3,32.0,5000,25.0,AMOLED,6.6,733093
Samsung,Samsung Galaxy S23 Ultra 5G,124999,Ultra-Premium Tier,Snapdragon,Snapdragon 8 Gen 2,12.0,256.0,200.0,4,12.0,5000,45.0,AMOLED,6.8,1226598
realme,realme Narzo 90X,19499,Mid Tier,MediaTek,MediaTek Dimensity 6300,4.0,128.0,50.0,1,8.0,7000,60.0,LCD,6.8,
Samsung,Samsung Galaxy A26 5G,24999,Mid Tier,Samsung,Samsung Exynos 1380,8.0,128.0,50.0,3,13.0,5000,25.0,AMOLED,6.7,610383
realme,realme 14 Pro Lite 256GB,17894,Mid Tier,Snapdragon,Snapdragon 7s Gen 2,8.0,256.0,50.0,2,32.0,5200,45.0,OLED,6.7,
iQOO,iQOO 15 Apex,85999,Ultra-Premium Tier,Snapdragon,Snapdragon 8 Elite Gen 5,12.0,256.0,50.0,3,32.0,7000,100.0,AMOLED,6.85,
Tecno,Tecno Spark 50 5G,19999,Mid Tier,MediaTek,MediaTek Dimensity 6400 Ultimate,4.0,128.0,50.0,1,8.0,6500,45.0,LCD,6.78,579646
realme,realme 15,29999,Mid Tier,MediaTek,MediaTek Dimensity 7300 Plus,8.0,128.0,50.0,2,50.0,7000,80.0,AMOLED,6.8,728221
vivo,vivo T5e,13999,Budget Tier,Unisoc,Unisoc T7225,4.0,64.0,8.0,1,5.0,5500,15.0,LCD,6.74,
OPPO,OPPO F31 Pro,31999,High Tier,MediaTek,MediaTek Dimensity 7300 Energy,8.0,128.0,50.0,2,32.0,7000,80.0,AMOLED,6.57,
Apple,Apple iPhone 16 Plus,79900,Ultra-Premium Tier,Apple,Apple A18,8.0,128.0,48.0,2,12.0,4674,20.0,OLED,6.7,
POCO,POCO X6 Pro,31900,High Tier,MediaTek,MediaTek Dimensity 8300 Ultra,8.0,256.0,64.0,3,16.0,5000,67.0,AMOLED,6.67,1299678
Apple,Apple iPhone Air,97900,Ultra-Premium Tier,Apple,Apple A19 Pro,8.0,256.0,48.0,1,18.0,3149,20.0,OLED,6.5,2067200
OPPO,OPPO A6s,21498,Mid Tier,MediaTek,MediaTek Dimensity 6300,4.0,128.0,50.0,2,5.0,6500,45.0,LCD,6.75,
OPPO,OPPO A6c 4G,13999,Budget Tier,Unisoc,Unisoc T7250,4.0,64.0,13.0,1,5.0,7000,15.0,LCD,6.75,
Apple,Apple iPhone 17e,64900,Ultra-Premium Tier,Apple,Apple A19,8.0,256.0,48.0,1,12.0,4005,20.0,OLED,6.1,1901019
Samsung,Samsung Galaxy A07,12640,Budget Tier,MediaTek,MediaTek Helio G99,4.0,64.0,50.0,2,8.0,5000,25.0,LCD,6.7,
vivo,vivo X200 Pro,89999,Ultra-Premium Tier,MediaTek,MediaTek Dimensity 9400,16.0,512.0,50.0,3,32.0,6000,90.0,AMOLED,6.78,2518928
Samsung,Samsung Galaxy S23 5G,54990,Ultra-Premium Tier,Snapdragon,Snapdragon 8 Gen 2,8.0,128.0,50.0,3,12.0,3900,25.0,AMOLED,6.1,1207652
Xiaomi,Xiaomi Redmi Note 13,22999,Mid Tier,MediaTek,MediaTek Dimensity 6080,6.0,128.0,108.0,3,16.0,5000,33.0,AMOLED,6.67,453830
Moto,Moto G06 Power,13089,Budget Tier,MediaTek,MediaTek Helio G81 Extreme,4.0,64.0,50.0,1,8.0,7000,18.0,LCD,6.88,
Ai+,Ai+ Nova 2 5G,13840,Budget Tier,Unisoc,Unisoc T8200,4.0,64.0,50.0,2,8.0,6000,18.0,LCD,6.75,513416
OnePlus,OnePlus Nord CE 4 Lite 5G,28499,Mid Tier,Snapdragon,Snapdragon 695,8.0,128.0,50.0,2,16.0,5500,80.0,AMOLED,6.67,468021
iQOO,iQOO Z10 Lite,16999,Mid Tier,MediaTek,MediaTek Dimensity 6300,4.0,64.0,50.0,2,5.0,6000,15.0,LCD,6.74,425577
Lava,Lava Agni 4,30999,High Tier,MediaTek,MediaTek Dimensity 8350,8.0,256.0,50.0,2,50.0,5000,66.0,AMOLED,6.67,1406042
Google,Google Pixel 8A,36999,High Tier,Google,Google Tensor G3,8.0,128.0,64.0,2,13.0,4492,18.0,OLED,6.1,1072406
Tecno,Tecno Pop X 5G,15999,Mid Tier,MediaTek,MediaTek Dimensity 6400 Ultimate,4.0,128.0,50.0,1,8.0,6500,45.0,LCD,6.78,
OPPO,OPPO A5 Pro,18999,Mid Tier,MediaTek,MediaTek Dimensity 6300,8.0,128.0,50.0,2,8.0,5800,45.0,LCD,6.67,
Samsung,Samsung Galaxy F56 5G,32499,High Tier,Samsung,Samsung Exynos 1480,8.0,128.0,50.0,3,12.0,5000,45.0,AMOLED,6.7,
Google,Google Pixel 8,38799,High Tier,Google,Google Tensor G3,8.0,128.0,50.0,2,10.5,4575,27.0,OLED,6.2,1017180
Samsung,Samsung Galaxy S25 Plus,79999,Ultra-Premium Tier,Snapdragon,Snapdragon 8 Elite,12.0,256.0,50.0,3,12.0,4900,45.0,AMOLED,6.7,2298707
Motorola,Motorola Edge 50,22990,Mid Tier,Snapdragon,Snapdragon 7 Gen 1 Accelerated Edition,8.0,256.0,50.0,3,32.0,5000,68.0,POLED,6.7,714295
OPPO,OPPO F29,22999,Mid Tier,Snapdragon,Snapdragon 6 Gen 1,8.0,128.0,50.0,2,16.0,6500,45.0,AMOLED,6.7,611535
vivo,vivo V40 Pro,59999,Ultra-Premium Tier,MediaTek,MediaTek Dimensity 9200 Plus,8.0,256.0,50.0,3,50.0,5500,80.0,AMOLED,6.78,1524110
realme,realme 14 Pro,24999,Mid Tier,MediaTek,MediaTek Dimensity 7300 Energy,8.0,128.0,50.0,2,16.0,6000,45.0,OLED,6.77,736220
Moto,Moto G64 256GB,16889,Mid Tier,MediaTek,MediaTek Dimensity 7025,12.0,256.0,50.0,2,16.0,6000,33.0,LCD,6.5,
Tecno,Tecno Pop 9 128GB,9799,Budget Tier,MediaTek,MediaTek Dimensity 6300,4.0,128.0,48.0,1,8.0,5000,18.0,LCD,6.67,
Xiaomi,Xiaomi Redmi 14C 6GB RAM,10894,Budget Tier,Snapdragon,Snapdragon 4 Gen 2,6.0,128.0,50.0,1,8.0,5160,18.0,LCD,6.88,438871
Apple,Apple iPhone 16E (iPhone SE 4),59900,Ultra-Premium Tier,Apple,Apple A18,8.0,128.0,48.0,1,12.0,4005,20.0,OLED,6.1,1405699
Samsung,Samsung Galaxy A15 5G,19499,Mid Tier,MediaTek,MediaTek Dimensity 6100 Plus,8.0,128.0,50.0,3,13.0,5000,25.0,AMOLED,6.5,
Lava,Lava Bold N2 5G,13499,Budget Tier,Unisoc,Unisoc T8200,4.0,64.0,13.0,1,5.0,6000,,LCD,6.75,515768
vivo,vivo Y19s 5G,14980,Budget Tier,MediaTek,MediaTek Dimensity 6300,4.0,64.0,13.0,2,5.0,6000,15.0,LCD,6.74,
POCO,POCO F6,33490,High Tier,Snapdragon,Snapdragon 8s Gen 3,8.0,256.0,50.0,2,20.0,5000,90.0,AMOLED,6.67,1509605
OPPO,OPPO K12x,16999,Mid Tier,MediaTek,MediaTek Dimensity 6300,6.0,128.0,32.0,2,8.0,5100,45.0,LCD,6.67,
Infinix,Infinix Note Edge,26999,Mid Tier,MediaTek,MediaTek Dimensity 7100,6.0,128.0,50.0,1,13.0,6500,45.0,AMOLED,6.78,782313
realme,realme C85,20999,Mid Tier,MediaTek,MediaTek Dimensity 6300,4.0,128.0,50.0,1,8.0,7000,45.0,LCD,6.8,
Samsung,Samsung Galaxy M14 4G,8999,Budget Tier,Snapdragon,Snapdragon 680,4.0,64.0,50.0,3,13.0,5000,25.0,LCD,6.7,
OPPO,OPPO Reno13,41998,High Tier,MediaTek,MediaTek Dimensity 8350,8.0,128.0,50.0,3,50.0,5600,80.0,AMOLED,6.59,
Xiaomi,Xiaomi Redmi Note 13 Pro Plus 5G,32900,High Tier,MediaTek,MediaTek Dimensity 7200 Ultra,8.0,256.0,200.0,3,16.0,5000,120.0,AMOLED,6.67,715627
Ai+,Ai+ Pulse 2,10648,Budget Tier,Unisoc,Unisoc T7250,4.0,64.0,50.0,2,8.0,6000,18.0,LCD,6.74,
OPPO,OPPO F31 Pro Plus,32999,High Tier,Snapdragon,Snapdragon 7 Gen 3,8.0,256.0,50.0,2,32.0,7000,80.0,AMOLED,6.79,1077869
Samsung,Samsung Galaxy F07,11884,Budget Tier,MediaTek,MediaTek Helio G99,4.0,64.0,50.0,2,8.0,5000,25.0,LCD,6.7,
Moto,Moto G37 Power 5G 64GB,15182,Mid Tier,MediaTek,MediaTek Dimensity 6400,4.0,64.0,50.0,1,8.0,7000,30.0,LCD,6.67,570353
Moto,Moto G96 5G 256GB,21099,Mid Tier,Snapdragon,Snapdragon 7s Gen 2,8.0,256.0,50.0,2,32.0,5500,33.0,POLED,6.67,625098
realme,realme P4x 8GB RAM,18999,Mid Tier,MediaTek,MediaTek Dimensity 7400 Ultra,8.0,128.0,50.0,2,8.0,7000,45.0,LCD,6.72,974831
Tecno,Tecno Pova Slim,20999,Mid Tier,MediaTek,MediaTek Dimensity 6400,8.0,128.0,50.0,2,13.0,5160,45.0,AMOLED,6.78,455458
Google,Google Pixel 10 Pro XL,115070,Ultra-Premium Tier,Google,Google Tensor G5,16.0,256.0,50.0,3,42.0,5200,45.0,OLED,6.8,1452773
realme,realme C71,12599,Budget Tier,Unisoc,Unisoc T7250,4.0,64.0,13.0,1,5.0,6300,15.0,LCD,6.74,
OnePlus,OnePlus 9,24490,Mid Tier,Snapdragon,Snapdragon 888,8.0,128.0,48.0,3,16.0,4500,65.0,AMOLED,6.55,721282
Samsung,Samsung Galaxy S23 FE,54999,Ultra-Premium Tier,Samsung,Samsung Exynos 2200,8.0,128.0,50.0,3,10.0,4500,25.0,AMOLED,6.4,1073002
Motorola,Motorola Edge 50 Ultra,44990,High Tier,Snapdragon,Snapdragon 8s Gen 3,12.0,512.0,50.0,3,50.0,4500,125.0,POLED,6.7,1444591
realme,realme C63 5G 6GB RAM,10999,Budget Tier,MediaTek,MediaTek Dimensity 6300,6.0,128.0,32.0,1,8.0,5000,10.0,LCD,6.67,
POCO,POCO C71,8999,Budget Tier,Unisoc,Unisoc T7250,4.0,64.0,32.0,1,8.0,5200,15.0,LCD,6.88,265154
realme,realme C61 6GB RAM,8199,Budget Tier,Unisoc,Unisoc T612,6.0,128.0,32.0,1,5.0,5000,10.0,LCD,6.78,
OPPO,OPPO F27 Pro Plus,29890,Mid Tier,MediaTek,MediaTek Dimensity 7050,8.0,128.0,64.0,2,8.0,5000,67.0,AMOLED,6.7,544538
realme,realme C100i 4G,14999,Budget Tier,Unisoc,Unisoc T7250,4.0,64.0,8.0,2,5.0,7000,15.0,LCD,6.8,
realme,realme Narzo 100 Lite 5G,17999,Mid Tier,MediaTek,MediaTek Dimensity 6300,4.0,64.0,13.0,1,5.0,7000,15.0,LCD,6.81,
OnePlus,OnePlus 15R 16GB 512GB,66999,Ultra-Premium Tier,Snapdragon,Snapdragon 8 Gen 5,16.0,512.0,50.0,2,32.0,7400,80.0,AMOLED,6.83,
OPPO,OPPO K13 256GB,23999,Mid Tier,Snapdragon,Snapdragon 6 Gen 4,8.0,256.0,50.0,2,16.0,7000,80.0,AMOLED,6.67,
Samsung,Samsung Galaxy F55 5G,25999,Mid Tier,Snapdragon,Snapdragon 7 Gen 1,8.0,128.0,50.0,3,50.0,5000,45.0,AMOLED,6.7,522931
Samsung,Samsung Galaxy F06 5G,13999,Budget Tier,MediaTek,MediaTek Dimensity 6300,4.0,128.0,50.0,2,8.0,5000,25.0,LCD,6.7,
OPPO,OPPO Reno10 5G,36900,High Tier,MediaTek,MediaTek Dimensity 7050,8.0,,64.0,3,32.0,5000,67.0,AMOLED,6.7,500689
Ai+,Ai+ Nova 2 Neo 5G,14399,Budget Tier,MediaTek,MediaTek Dimensity 6300,4.0,128.0,48.0,1,8.0,6000,18.0,LCD,6.75,
vivo,vivo Y05 4G,14999,Budget Tier,Unisoc,Unisoc T7225,4.0,64.0,8.0,1,5.0,6500,15.0,LCD,6.74,
vivo,vivo T3 Pro 256GB,24999,Mid Tier,Snapdragon,Snapdragon 7 Gen 3,8.0,256.0,50.0,2,16.0,5500,80.0,AMOLED,6.77,812119
Samsung,Samsung Galaxy S21 FE,34999,High Tier,Samsung,Samsung Exynos 2100,8.0,128.0,12.0,3,32.0,4500,25.0,AMOLED,6.4,753639
Infinix,Infinix Smart 20 4G,11945,Budget Tier,MediaTek,MediaTek Helio G81 Ultimate,4.0,64.0,8.0,1,8.0,5200,15.0,LCD,6.78,349690
realme,realme 14x,14999,Budget Tier,MediaTek,MediaTek Dimensity 6300,6.0,128.0,50.0,1,8.0,6000,45.0,LCD,6.67,422130
Google,Google Pixel 8 Pro,52990,Ultra-Premium Tier,Google,Google Tensor G3,12.0,128.0,50.0,3,10.5,5050,30.0,OLED,6.7,963013
Infinix,Infinix Hot 60,17999,Mid Tier,MediaTek,MediaTek Dimensity 7020,6.0,128.0,50.0,1,8.0,5200,18.0,LCD,6.7,
realme,realme GT 2 Pro 5G,29999,Mid Tier,Snapdragon,Snapdragon 8 Gen 1,8.0,128.0,50.0,3,32.0,5000,65.0,AMOLED,6.7,0
Xiaomi,Xiaomi Redmi 12 5G 8GB RAM,14499,Budget Tier,Snapdragon,Snapdragon 4 Gen 2,8.0,256.0,50.0,2,8.0,5000,18.0,LCD,6.79,431098
POCO,POCO C75,10999,Budget Tier,Snapdragon,Snapdragon 4s Gen 2,4.0,64.0,50.0,1,5.0,5160,18.0,LCD,6.88,
Samsung,Samsung Galaxy S22,85999,Ultra-Premium Tier,Snapdragon,Snapdragon 8 Gen 1,8.0,128.0,50.0,3,10.0,3700,25.0,AMOLED,6.1,842080
Motorola,Motorola Edge 70 Fusion 512GB 12GB RAM,37999,High Tier,Snapdragon,Snapdragon 7s Gen 4,12.0,512.0,50.0,2,32.0,7000,68.0,AMOLED,6.8,1149292
realme,realme Narzo Power,32999,High Tier,MediaTek,MediaTek Dimensity 7400 Ultra,8.0,128.0,50.0,2,16.0,10001,80.0,AMOLED,6.8,
Lava,Lava Yuva 5G 128GB,8999,Budget Tier,Unisoc,Unisoc T750,4.0,128.0,50.0,2,8.0,5000,18.0,LCD,6.52,
POCO,POCO C65,8499,Budget Tier,MediaTek,MediaTek Helio G85,4.0,128.0,50.0,2,8.0,5000,18.0,LCD,6.74,238770
Google,Google Pixel 9,79890,Ultra-Premium Tier,Google,Google Tensor G4,12.0,256.0,50.0,2,10.5,4700,27.0,OLED,6.3,1284962
Moto,Moto G67 Power 12GB RAM 256GB,28480,Mid Tier,Snapdragon,Snapdragon 7s Gen 2,12.0,256.0,50.0,2,32.0,7000,30.0,LCD,6.7,
OPPO,OPPO Reno11,29999,Mid Tier,MediaTek,MediaTek Dimensity 7050,8.0,128.0,50.0,3,32.0,5000,67.0,AMOLED,6.7,539158
Ai+,Ai+ Pulse,7999,Budget Tier,Unisoc,Unisoc T615,4.0,64.0,50.0,1,5.0,5000,,LCD,6.7,
Motorola,"Motorola Signature 1TB, 16GB RAM",69999,Ultra-Premium Tier,Snapdragon,Snapdragon 8 Gen 5,16.0,1.0,50.0,3,50.0,5200,90.0,AMOLED,6.8,3098258
Infinix,Infinix Smart 8 HD,6699,Budget Tier,Unisoc,Unisoc T606,3.0,64.0,13.0,2,8.0,5000,10.0,LCD,6.6,229361
Nothing,Nothing Phone 3 512GB,51999,Ultra-Premium Tier,Snapdragon,Snapdragon 8s Gen 4,16.0,512.0,50.0,3,50.0,5150,65.0,AMOLED,6.67,
Motorola,Motorola Razr Fold,149999,Ultra-Premium Tier,Snapdragon,Snapdragon 8 Gen 5,12.0,256.0,50.0,3,32.0,6000,80.0,AMOLED,8.1,2786560
iQOO,iQOO Neo 10 12GB RAM,48999,Ultra-Premium Tier,Snapdragon,Snapdragon 8s Gen 4,12.0,256.0,50.0,2,32.0,7000,120.0,AMOLED,6.78,2066325
Honor,Honor 90,94990,Ultra-Premium Tier,Snapdragon,Snapdragon 7 Gen 1 Accelerated Edition,8.0,256.0,200.0,3,50.0,5000,66.0,AMOLED,6.7,634799
vivo,vivo T4X 256GB,20999,Mid Tier,MediaTek,MediaTek Dimensity 7300,8.0,256.0,50.0,2,8.0,6500,44.0,LCD,6.72,
OnePlus,OnePlus 10 Pro,47999,Ultra-Premium Tier,Snapdragon,Snapdragon 8 Gen 1,8.0,128.0,48.0,3,32.0,5000,80.0,AMOLED,6.7,0
Lava,Lava Blaze Amoled 2,18765,Mid Tier,MediaTek,MediaTek Dimensity 7060,6.0,128.0,50.0,1,8.0,5000,33.0,AMOLED,6.67,504235
Samsung,Samsung Galaxy M34,31990,High Tier,Samsung,Samsung Exynos 1280,6.0,,50.0,3,13.0,6000,25.0,AMOLED,6.5,477221
vivo,vivo S2 5G 256GB,44499,High Tier,MediaTek,MediaTek Dimensity 7360 Turbo,8.0,256.0,50.0,2,32.0,7050,44.0,AMOLED,6.83,956029
Tecno,Tecno Camon 30 Premier 5G,34999,High Tier,MediaTek,MediaTek Dimensity 8200,12.0,512.0,50.0,3,50.0,5000,70.0,AMOLED,6.77,
OnePlus,OnePlus N6 5G 6GB RAM,26999,Mid Tier,MediaTek,MediaTek Dimensity 6360 Apex,6.0,128.0,50.0,1,8.0,8000,45.0,LCD,6.8,588319
POCO,POCO X7 256GB,19999,Mid Tier,MediaTek,MediaTek Dimensity 7300 Ultra,8.0,256.0,50.0,3,20.0,5500,45.0,AMOLED,6.67,646751
OnePlus,OnePlus 11,38999,High Tier,Snapdragon,Snapdragon 8 Gen 2,8.0,128.0,50.0,3,16.0,5000,100.0,AMOLED,6.7,0
vivo,vivo Y300 Plus,23999,Mid Tier,Snapdragon,Snapdragon 695,8.0,128.0,50.0,2,32.0,5000,44.0,AMOLED,6.78,
Xiaomi,Xiaomi Redmi Turbo 5 12GB 256GB RAM,46999,Ultra-Premium Tier,MediaTek,MediaTek Dimensity 8500 Ultra,12.0,256.0,50.0,2,20.0,7540,100.0,AMOLED,6.59,
Xiaomi,Xiaomi Redmi Note 8,9699,Budget Tier,Snapdragon,Snapdragon 665,4.0,64.0,48.0,4,13.0,4000,18.0,LCD,6.3,171024
OnePlus,OnePlus Nord CE 6 Lite 5G 8GB RAM,30999,High Tier,MediaTek,MediaTek Dimensity 7400 Apex,8.0,128.0,50.0,2,8.0,7000,45.0,LCD,6.72,1015733
iQOO,iQOO 15R 512GB,61999,Ultra-Premium Tier,Snapdragon,Snapdragon 8 Gen 5,12.0,512.0,50.0,2,32.0,7600,100.0,AMOLED,6.59,
Wobble,Wobble One,23899,Mid Tier,MediaTek,MediaTek Dimensity 7400,8.0,128.0,50.0,3,50.0,5000,33.0,AMOLED,6.67,979430
Samsung,Samsung Galaxy M07 4G,11999,Budget Tier,MediaTek,MediaTek Helio G99,4.0,64.0,50.0,2,8.0,5000,25.0,LCD,6.7,
iQOO,iQOO Z6 Lite 5G,12999,Budget Tier,Snapdragon,Snapdragon 4 Gen 1,4.0,64.0,50.0,2,8.0,5000,18.0,LCD,6.58,385719
OPPO,OPPO A5 5G,19490,Mid Tier,MediaTek,MediaTek Dimensity 6300,6.0,128.0,50.0,2,8.0,6000,45.0,LCD,6.67,
OPPO,OPPO Reno8 T 5G,29999,Mid Tier,Snapdragon,Snapdragon 695,8.0,128.0,108.0,3,32.0,4800,67.0,AMOLED,6.7,408678
POCO,POCO M6 Plus,13499,Budget Tier,Snapdragon,Snapdragon 4 Gen 2 Accelerated Edition,6.0,128.0,108.0,2,13.0,5030,33.0,LCD,6.79,433376
Moto,Moto G37 Power 5G 8GB 128GB RAM,20049,Mid Tier,MediaTek,MediaTek Dimensity 6400,8.0,128.0,50.0,1,8.0,7000,30.0,LCD,6.67,570353
Google,Google Pixel 7 5G,33999,High Tier,Google,Google Tensor G2,8.0,128.0,50.0,2,10.8,4355,30.0,OLED,6.3,740256
OnePlus,OnePlus Nord 6 12GB RAM,52999,Ultra-Premium Tier,Snapdragon,Snapdragon 8s Gen 4,12.0,256.0,50.0,2,32.0,9000,80.0,AMOLED,6.78,
vivo,vivo V60 256GB,38999,High Tier,Snapdragon,Snapdragon 7 Gen 4,8.0,256.0,50.0,3,50.0,6500,90.0,AMOLED,6.77,1006885
OnePlus,OnePlus 10R 5G,31999,High Tier,MediaTek,MediaTek Dimensity 8100 Max,8.0,128.0,50.0,3,16.0,5000,80.0,AMOLED,6.7,0
Xiaomi,Xiaomi Redmi Note 12,14999,Budget Tier,Snapdragon,Snapdragon 4 Gen 1,4.0,128.0,48.0,3,13.0,5000,33.0,AMOLED,6.67,0
Samsung,Samsung Galaxy M15,15999,Mid Tier,MediaTek,MediaTek Dimensity 6100 Plus,4.0,128.0,50.0,3,13.0,6000,25.0,AMOLED,6.5,
OPPO,OPPO Find X8,79999,Ultra-Premium Tier,MediaTek,MediaTek Dimensity 9400,12.0,256.0,50.0,3,32.0,5630,80.0,OLED,6.59,2339136
OnePlus,OnePlus Nord CE 6 Lite 5G 8GB RAM 256GB,34999,High Tier,MediaTek,MediaTek Dimensity 7400 Apex,8.0,256.0,50.0,2,8.0,7000,45.0,LCD,6.72,1015733
OPPO,OPPO F31 Pro 12GB,27994,Mid Tier,MediaTek,MediaTek Dimensity 7300 Energy,12.0,128.0,50.0,2,32.0,7000,80.0,AMOLED,6.57,
Xiaomi,Xiaomi Mi 11i,20880,Mid Tier,MediaTek,MediaTek Dimensity 920,6.0,128.0,108.0,3,16.0,5160,67.0,AMOLED,6.67,781006
Samsung,Samsung Galaxy F23 5G,12999,Budget Tier,Snapdragon,Snapdragon 750G,4.0,128.0,50.0,3,8.0,5000,25.0,TFT,6.6,297179
POCO,POCO M6 Pro 5G,17990,Mid Tier,Snapdragon,Snapdragon 4 Gen 2,4.0,64.0,50.0,2,8.0,5000,18.0,LCD,6.79,430900
Tecno,Tecno Spark Go 3,11699,Budget Tier,Unisoc,Unisoc T7250,4.0,64.0,13.0,1,8.0,5000,10.0,LCD,6.745,374119
Samsung,Samsung Galaxy M04,7499,Budget Tier,MediaTek,MediaTek Helio P35,4.0,64.0,13.0,2,5.0,5000,15.0,LCD,6.5,
Samsung,Samsung Galaxy S24 Plus 5G,99999,Ultra-Premium Tier,Samsung,Samsung Exynos 2400,12.0,256.0,50.0,3,12.0,4900,45.0,AMOLED,6.7,1699489
vivo,"vivo T5x 256GB, 8GB RAM",32899,High Tier,MediaTek,MediaTek Dimensity 7400 Turbo,8.0,256.0,50.0,2,32.0,7200,44.0,LCD,6.76,
vivo,vivo V29 Pro,39999,High Tier,MediaTek,MediaTek Dimensity 8200,8.0,256.0,50.0,3,50.0,4600,80.0,AMOLED,6.78,903196
Infinix,Infinix Note 50X 8GB RAM,14999,Budget Tier,MediaTek,MediaTek Dimensity 7300 Ultimate,8.0,128.0,50.0,1,8.0,5500,45.0,LCD,6.67,
Nothing,Nothing Phone 4a 12GB RAM,40999,High Tier,Snapdragon,Snapdragon 7s Gen 4,12.0,128.0,50.0,3,32.0,5400,50.0,AMOLED,6.78,1176492
Samsung,Samsung Galaxy Z Fold7,154999,Ultra-Premium Tier,Snapdragon,Snapdragon 8 Elite,12.0,256.0,200.0,3,10.0,4400,25.0,AMOLED,8.0,2008157
realme,realme P4 Pro 256GB,30999,High Tier,Snapdragon,Snapdragon 7 Gen 4,8.0,256.0,50.0,2,50.0,7000,80.0,AMOLED,6.8,
OPPO,OPPO K13 Turbo Pro 12GB,42999,High Tier,Snapdragon,Snapdragon 8s Gen 4,12.0,256.0,50.0,2,16.0,7000,80.0,AMOLED,6.8,2029395
Infinix,Infinix Hot 30i,9499,Budget Tier,MediaTek,MediaTek Helio G37,8.0,128.0,50.0,2,5.0,5000,10.0,LCD,6.6,138566
Google,Google Pixel 11 Pro Fold,186999,Ultra-Premium Tier,Google,Google Tensor G6,16.0,512.0,48.0,3,10.0,4806,30.0,OLED,8.0,1801542
Xiaomi,Xiaomi Redmi Note 12 Pro 5G,25999,Mid Tier,MediaTek,MediaTek Dimensity 1080,6.0,128.0,50.0,3,16.0,5000,67.0,AMOLED,6.67,513980
vivo,vivo T4X 8GB RAM,18999,Mid Tier,MediaTek,MediaTek Dimensity 7300,8.0,128.0,50.0,2,8.0,6500,44.0,LCD,6.72,
iQOO,iQOO Z11x 256GB,33999,High Tier,MediaTek,MediaTek Dimensity 7400 Turbo,6.0,256.0,50.0,2,32.0,7200,44.0,LCD,6.76,960651
Lava,Lava Blaze Duo 3,24999,Mid Tier,MediaTek,MediaTek Dimensity 7060,6.0,128.0,50.0,2,8.0,5000,33.0,AMOLED,6.67,0
realme,realme P4 Lite 4G,13152,Budget Tier,Unisoc,Unisoc T7250,4.0,64.0,13.0,1,5.0,6300,15.0,LCD,6.74,363960
Samsung,Samsung Galaxy M17e 5G 6GB RAM,21499,Mid Tier,MediaTek,MediaTek Dimensity 6300,6.0,128.0,50.0,2,8.0,6000,25.0,LCD,6.7,
Samsung,Samsung Galaxy F54 5G,35999,High Tier,Samsung,Samsung Exynos 1380,8.0,256.0,108.0,3,32.0,6000,25.0,AMOLED,6.7,493224
Ai+,Ai+ Nova Flip 5G,39999,High Tier,MediaTek,MediaTek Dimensity 7300X,8.0,256.0,50.0,2,32.0,4325,33.0,AMOLED,6.9,
OPPO,OPPO F27,26499,Mid Tier,MediaTek,MediaTek Dimensity 6300,8.0,128.0,50.0,2,32.0,5000,45.0,OLED,6.67,
realme,realme Narzo 80 Lite,18999,Mid Tier,MediaTek,MediaTek Dimensity 6300,4.0,128.0,32.0,1,8.0,6000,15.0,LCD,6.67,
vivo,vivo X200 FE 512GB,59999,Ultra-Premium Tier,MediaTek,MediaTek Dimensity 9300 Plus,16.0,512.0,50.0,3,50.0,6500,90.0,AMOLED,6.31,
Motorola,Motorola Edge 40 Neo,26990,Mid Tier,MediaTek,MediaTek Dimensity 7030,8.0,128.0,50.0,2,32.0,5000,68.0,POLED,6.55,439243
Samsung,Samsung Galaxy F70 Pro 5G 8GB RAM,29999,Mid Tier,Snapdragon,Snapdragon 6 Gen 3,8.0,128.0,50.0,3,12.0,6000,45.0,AMOLED,6.7,
Samsung,Samsung Galaxy M55 5G,28999,Mid Tier,Snapdragon,Snapdragon 7 Gen 1,8.0,128.0,50.0,3,50.0,5000,45.0,AMOLED,6.7,584312
Infinix,Infinix Note 60 pro Pininfarina Limited Edition,40999,High Tier,Snapdragon,Snapdragon 7s Gen 4,8.0,256.0,50.0,2,13.0,6500,90.0,AMOLED,6.78,
Samsung,Samsung Galaxy A17 5G 256GB 8GB RAM,26499,Mid Tier,Samsung,Samsung Exynos 1330,8.0,256.0,50.0,3,13.0,5000,25.0,AMOLED,6.7,604677
Itel,Itel Zeno 100 Pro 4G,8543,Budget Tier,Unisoc,Unisoc T7100,3.0,64.0,8.0,1,5.0,5000,10.0,LCD,6.56,
Nothing,Nothing Phone 2a 256GB,24999,Mid Tier,MediaTek,MediaTek Dimensity 7200 Pro,8.0,256.0,50.0,2,32.0,5000,45.0,AMOLED,6.7,707480
Samsung,Samsung Galaxy Z Flip 8,124999,Ultra-Premium Tier,Samsung,Samsung Exynos 2600 S5E9965,12.0,256.0,50.0,2,10.0,4300,25.0,AMOLED,6.9,2317249
OPPO,OPPO Reno12,43999,High Tier,MediaTek,MediaTek Dimensity 7300 Energy,8.0,256.0,50.0,3,32.0,5000,80.0,AMOLED,6.7,612185
Itel,Itel Zeno 200 4G,9999,Budget Tier,Unisoc,Unisoc T7250,4.0,128.0,13.0,1,5.0,5000,15.0,LCD,6.75,381574
Nothing,Nothing Phone 4b 256GB,35405,High Tier,Snapdragon,Snapdragon 6 Gen 4,8.0,256.0,50.0,2,16.0,6000,33.0,AMOLED,6.77,
Apple,Apple iPhone 15 256GB,67900,Ultra-Premium Tier,Apple,Apple A16 Bionic,6.0,256.0,48.0,2,12.0,3349,20.0,OLED,6.1,
realme,realme C2,6999,Budget Tier,MediaTek,MediaTek Helio P22,2.0,16.0,13.0,2,5.0,4000,,LCD,6.1,77126
Alcatel,Alcatel V3 Ultra,17689,Mid Tier,MediaTek,MediaTek Dimensity 6300,6.0,128.0,108.0,3,32.0,5010,33.0,LCD,6.78,376729
realme,realme C75 5G,17990,Mid Tier,MediaTek,MediaTek Dimensity 6300,4.0,128.0,32.0,1,8.0,6000,45.0,LCD,6.67,
Samsung,Samsung Galaxy F16 5G 8GB RAM,15499,Mid Tier,MediaTek,MediaTek Dimensity 6300,8.0,128.0,50.0,3,13.0,5000,25.0,AMOLED,6.7,
Samsung,Samsung Galaxy A53 5G,24499,Mid Tier,Samsung,Samsung Exynos 1280,6.0,128.0,64.0,4,32.0,5000,25.0,AMOLED,6.5,379516
OnePlus,OnePlus Nord CE 6 5G 256GB,41999,High Tier,Snapdragon,Snapdragon 7s Gen 4,8.0,256.0,50.0,2,32.0,8000,80.0,AMOLED,6.78,
vivo,vivo V60e 256GB 12GB RAM,35999,High Tier,MediaTek,MediaTek Dimensity 7360 Turbo,12.0,256.0,200.0,2,50.0,6500,90.0,AMOLED,6.77,
Motorola,Motorola Edge 60 Pro 12GB RAM,33596,High Tier,MediaTek,MediaTek Dimensity 8350 Extreme Edition,12.0,256.0,50.0,3,50.0,6000,90.0,POLED,6.7,1440382
OPPO,OPPO K14 5G 256GB,25199,Mid Tier,MediaTek,MediaTek Dimensity 6300,6.0,256.0,50.0,2,8.0,7000,45.0,LCD,6.75,615625
Samsung,Samsung Galaxy F70e 5G 6GB RAM,18134,Mid Tier,MediaTek,MediaTek Dimensity 6300,6.0,128.0,50.0,2,8.0,6000,25.0,LCD,6.7,532024
Samsung,Samsung Galaxy M14,13490,Budget Tier,Samsung,Samsung Exynos 1330,4.0,128.0,50.0,3,13.0,6000,25.0,LCD,6.6,
OnePlus,OnePlus 13 512GB,63994,Ultra-Premium Tier,Snapdragon,Snapdragon 8 Elite,16.0,512.0,50.0,3,32.0,6000,100.0,AMOLED,6.82,2689625
Xiaomi,Xiaomi 14,77700,Ultra-Premium Tier,Snapdragon,Snapdragon 8 Gen 3,12.0,512.0,50.0,3,32.0,4610,90.0,AMOLED,6.36,1982613
POCO,POCO X8 Pro Max 512GB,50999,Ultra-Premium Tier,MediaTek,MediaTek Dimensity 9500s,12.0,512.0,50.0,2,20.0,9000,100.0,AMOLED,6.83,3022675
POCO,POCO C71 128GB,9999,Budget Tier,Unisoc,Unisoc T7250,6.0,128.0,32.0,1,8.0,5200,15.0,LCD,6.88,265154
OPPO,OPPO Reno12 Pro,39999,High Tier,MediaTek,MediaTek Dimensity 7300 Energy,12.0,256.0,50.0,3,50.0,5000,80.0,AMOLED,6.7,638962
POCO,POCO M7 Pro 256GB,16999,Mid Tier,MediaTek,MediaTek Dimensity 7025 Ultra,8.0,256.0,50.0,2,20.0,5110,45.0,AMOLED,6.67,486435
vivo,vivo Y200 Pro,31999,High Tier,Snapdragon,Snapdragon 695,8.0,128.0,64.0,2,16.0,5000,44.0,AMOLED,6.78,
OnePlus,OnePlus 15 512GB 16GB RAM,93999,Ultra-Premium Tier,Snapdragon,Snapdragon 8 Elite Gen 5,16.0,512.0,50.0,3,32.0,7300,120.0,AMOLED,6.78,3932097
vivo,vivo V70 FE 256GB,42999,High Tier,MediaTek,MediaTek Dimensity 7360 Turbo,8.0,256.0,200.0,2,50.0,7000,90.0,AMOLED,6.83,990352
Motorola,Motorola Edge 40,28900,Mid Tier,MediaTek,MediaTek Dimensity 8020,8.0,256.0,50.0,2,32.0,4400,68.0,POLED,6.55,675325
Infinix,Infinix Hot 60i 5G,19999,Mid Tier,MediaTek,MediaTek Dimensity 6400,4.0,128.0,50.0,1,5.0,6000,18.0,LCD,6.75,
Lava,Lava Smart 4 Plus 4G,9999,Budget Tier,Unisoc,Unisoc SC9863A,4.0,64.0,13.0,1,5.0,5000,,LCD,6.75,
realme,realme 7,11999,Budget Tier,MediaTek,MediaTek Helio G95,6.0,64.0,64.0,4,16.0,5000,30.0,LCD,6.5,299908
Blackberry,Blackberry KEY2,38999,High Tier,Snapdragon,Snapdragon 660,6.0,64.0,12.0,2,8.0,3500,,LCD,4.5,
vivo,vivo T5 Lite 5G 256GB 6GB RAM,27900,Mid Tier,MediaTek,MediaTek Dimensity 6300,6.0,256.0,50.0,2,5.0,6500,44.0,LCD,6.74,575705
Samsung,Samsung Galaxy Z Fold 4 5G,86998,Ultra-Premium Tier,Snapdragon,Snapdragon 8 Plus Gen 1,12.0,256.0,50.0,3,10.0,4400,25.0,AMOLED,7.6,1024312
vivo,vivo Y100A,21999,Mid Tier,Snapdragon,Snapdragon 695,8.0,128.0,64.0,3,16.0,4500,44.0,AMOLED,6.38,
realme,realme P3 8GB RAM,16999,Mid Tier,Snapdragon,Snapdragon 6 Gen 4,8.0,128.0,50.0,2,16.0,6000,45.0,AMOLED,6.67,
Google,Google Pixel 9 Pro XL,124999,Ultra-Premium Tier,Google,Google Tensor G4,16.0,256.0,50.0,3,42.0,5060,37.0,OLED,6.8,1323184
vivo,vivo X80 5G,44999,High Tier,MediaTek,MediaTek Dimensity 9000,8.0,128.0,50.0,3,32.0,4500,80.0,AMOLED,6.78,994933
Samsung,Samsung Galaxy M53 5G,20999,Mid Tier,MediaTek,MediaTek Dimensity 900,6.0,128.0,108.0,4,32.0,5000,25.0,AMOLED,6.7,441219
realme,realme P3x 8GB RAM,13999,Budget Tier,MediaTek,MediaTek Dimensity 6400,8.0,128.0,50.0,2,8.0,6000,45.0,LCD,6.72,414477
realme,realme 16T 8GB RAM,28999,Mid Tier,MediaTek,MediaTek Dimensity 6300,8.0,128.0,50.0,2,16.0,8000,45.0,LCD,6.81,
Motorola,Motorola Edge 70 Fusion 256 GB,32799,High Tier,Snapdragon,Snapdragon 7s Gen 4,8.0,256.0,50.0,2,32.0,7000,68.0,AMOLED,6.8,
vivo,vivo X300 FE 512GB,99999,Ultra-Premium Tier,Snapdragon,Snapdragon 8 Gen 5,12.0,512.0,50.0,3,50.0,6500,90.0,AMOLED,6.31,
realme,realme 16 Pro Plus 256GB,52919,Ultra-Premium Tier,Snapdragon,Snapdragon 7 Gen 4,8.0,256.0,200.0,3,50.0,7000,80.0,AMOLED,6.8,1434981
Infinix,Infinix Note 40X 12GB RAM,15999,Mid Tier,MediaTek,MediaTek Dimensity 6300,12.0,256.0,108.0,2,8.0,5000,18.0,LCD,6.78,409552
realme,realme Narzo 70x 5G,21990,Mid Tier,MediaTek,MediaTek Dimensity 6100 Plus,4.0,128.0,50.0,2,8.0,5000,45.0,LCD,6.72,404437
realme,realme C55,10999,Budget Tier,MediaTek,MediaTek Helio G88,4.0,64.0,64.0,2,8.0,5000,33.0,LCD,6.72,0
vivo,vivo Y400 256GB,27999,Mid Tier,Snapdragon,Snapdragon 4 Gen 2,8.0,256.0,50.0,2,32.0,6000,90.0,AMOLED,6.67,478134
Samsung,Samsung Galaxy A52s 5G,30999,High Tier,Snapdragon,Snapdragon 778G,6.0,128.0,64.0,4,32.0,4500,25.0,AMOLED,6.5,495352
vivo,vivo V25 5G,29999,Mid Tier,MediaTek,MediaTek Dimensity 900,8.0,128.0,64.0,3,50.0,4500,44.0,AMOLED,6.44,472795
vivo,vivo Y51 Pro 256GB,30999,High Tier,MediaTek,MediaTek Dimensity 7360 Turbo,8.0,256.0,50.0,2,8.0,7200,44.0,LCD,6.75,
realme,realme GT 8 Pro 512GB 16GB RAM,78999,Ultra-Premium Tier,Snapdragon,Snapdragon 8 Elite Gen 5,16.0,512.0,50.0,3,32.0,7000,120.0,AMOLED,6.79,3932397
Samsung,Samsung Galaxy F16 5G 6GB RAM,13999,Budget Tier,MediaTek,MediaTek Dimensity 6300,6.0,128.0,50.0,3,13.0,5000,25.0,AMOLED,6.7,
vivo,vivo V50e 256GB,28999,Mid Tier,MediaTek,MediaTek Dimensity 7300,8.0,256.0,50.0,2,50.0,5600,90.0,AMOLED,6.77,
Motorola,Motorola Edge 70 Max 12GB RAM,57904,Ultra-Premium Tier,Snapdragon,Snapdragon 8 Gen 5,12.0,256.0,50.0,3,32.0,7100,90.0,AMOLED,6.8,2972932
realme,realme P3 Pro 12GB RAM,23999,Mid Tier,Snapdragon,Snapdragon 7s Gen 3,12.0,256.0,50.0,2,16.0,6000,80.0,AMOLED,6.83,
Samsung,Samsung Galaxy A56 256GB,38990,High Tier,Samsung,Samsung Exynos 1580,8.0,256.0,50.0,3,12.0,5000,45.0,AMOLED,6.7,919985
Xiaomi,"Xiaomi Redmi Note 15 SE 5G 256GB, 8GB RAM",29399,Mid Tier,Snapdragon,Snapdragon 6 Gen 3,8.0,256.0,50.0,2,20.0,5800,45.0,AMOLED,6.77,
Apple,Apple iPhone 17e 512GB,84900,Ultra-Premium Tier,Apple,Apple A19,8.0,512.0,48.0,1,12.0,4005,20.0,OLED,6.1,2112540
OPPO,OPPO Reno8 5G,38999,High Tier,MediaTek,MediaTek Dimensity 1300,8.0,128.0,50.0,3,32.0,4500,80.0,AMOLED,6.4,607013
Samsung,Samsung Galaxy A36 256GB,33999,High Tier,Snapdragon,Snapdragon 6 Gen 3,8.0,256.0,50.0,3,12.0,5000,45.0,AMOLED,6.7,655225
vivo,vivo T5 Pro 256GB,45549,Ultra-Premium Tier,Snapdragon,Snapdragon 7s Gen 4,8.0,256.0,50.0,2,32.0,9020,90.0,AMOLED,6.83,1167242
Motorola,Motorola Edge 60 Fusion 12GB RAM,25468,Mid Tier,MediaTek,MediaTek Dimensity 7400,12.0,256.0,50.0,2,32.0,5500,68.0,POLED,6.67,692185
Lava,Lava Bold N2,9999,Budget Tier,Unisoc,Unisoc 9863A,4.0,64.0,13.0,2,5.0,5000,10.0,LCD,6.75,
realme,realme 12 Plus,20999,Mid Tier,MediaTek,MediaTek Dimensity 7050,8.0,128.0,50.0,3,16.0,5000,67.0,AMOLED,6.67,595408
Samsung,Samsung Galaxy M12,9449,Budget Tier,Samsung,Samsung Exynos 8 Octa 850,4.0,64.0,48.0,4,8.0,6000,15.0,LCD,6.5,127746
Samsung,Samsung Galaxy M21,14980,Budget Tier,Samsung,Samsung Exynos 9 Octa 9611,4.0,64.0,48.0,3,20.0,6000,15.0,AMOLED,6.4,168633
Motorola,"Motorola Signature 512GB, 16GB RAM",66990,Ultra-Premium Tier,Snapdragon,Snapdragon 8 Gen 5,16.0,512.0,50.0,3,50.0,5200,90.0,AMOLED,6.8,3098258
Xiaomi,Xiaomi Redmi A7 4G,12299,Budget Tier,Unisoc,Unisoc T7250,3.0,64.0,13.0,1,8.0,5200,15.0,LCD,6.88,
OPPO,OPPO Reno13 Pro,54999,Ultra-Premium Tier,MediaTek,MediaTek Dimensity 8350,12.0,256.0,50.0,3,50.0,5800,80.0,AMOLED,6.83,1146605
Nothing,Nothing Phone 4a 256GB,40158,High Tier,Snapdragon,Snapdragon 7s Gen 4,8.0,128.0,50.0,3,32.0,5400,50.0,AMOLED,6.78,1176492
OPPO,OPPO F21 Pro,27999,Mid Tier,Snapdragon,Snapdragon 680,8.0,128.0,64.0,3,32.0,4500,33.0,AMOLED,6.43,283333
realme,realme P3 Pro 256GB,21999,Mid Tier,Snapdragon,Snapdragon 7s Gen 3,8.0,256.0,50.0,2,16.0,6000,80.0,AMOLED,6.83,
Apple,Apple iPhone 11 Pro Max,109900,Ultra-Premium Tier,Apple,Apple A13 Bionic,4.0,64.0,12.0,3,12.0,3969,18.0,OLED,6.5,608363
OPPO,OPPO K13 Turbo 256GB,42990,High Tier,MediaTek,MediaTek Dimensity 8450,8.0,256.0,50.0,2,16.0,7000,80.0,AMOLED,6.8,1649304
Ai+,Ai+ Nova 2 Pro 5G 8GB RAM,19999,Mid Tier,MediaTek,MediaTek Dimensity 7100,8.0,128.0,48.0,2,13.0,6000,33.0,LCD,6.9,
Samsung,Samsung Galaxy S25 128GB,61339,Ultra-Premium Tier,Snapdragon,Snapdragon 8 Elite,12.0,128.0,50.0,3,12.0,4000,25.0,AMOLED,6.2,
Xiaomi,Xiaomi Redmi K50i,28999,Mid Tier,MediaTek,MediaTek Dimensity 8100,6.0,128.0,64.0,3,16.0,5080,67.0,LCD,6.6,0
Lava,Lava Smart 4 4G,9999,Budget Tier,Unisoc,Unisoc SC9863A,3.0,32.0,8.0,1,5.0,5000,10.0,LCD,6.56,
OPPO,OPPO K14x 5G 6GB RAM,21699,Mid Tier,MediaTek,MediaTek Dimensity 6300,6.0,128.0,50.0,2,5.0,6500,45.0,LCD,6.75,565613
POCO,POCO F5,29999,Mid Tier,Snapdragon,Snapdragon 7 Plus Gen 2,8.0,256.0,64.0,3,16.0,5000,67.0,AMOLED,6.67,0
Infinix,Infinix Smart 8 128GB,8999,Budget Tier,MediaTek,MediaTek Helio G36,8.0,128.0,50.0,1,8.0,5000,10.0,LCD,6.6,
Xiaomi,Xiaomi Redmi Note 17 5G 8GB RAM,30999,High Tier,Snapdragon,Snapdragon 4 Gen 4,8.0,128.0,50.0,2,8.0,8000,45.0,OLED,6.99,622466
realme,realme 14T,28990,Mid Tier,MediaTek,MediaTek Dimensity 6300,8.0,128.0,50.0,2,16.0,6000,45.0,AMOLED,6.67,456251
vivo,vivo V60e 256GB,33799,High Tier,MediaTek,MediaTek Dimensity 7360 Turbo,8.0,256.0,200.0,2,50.0,6500,90.0,AMOLED,6.77,
OPPO,OPPO Find X8 Pro,97900,Ultra-Premium Tier,MediaTek,MediaTek Dimensity 9400,16.0,512.0,50.0,4,32.0,5910,80.0,OLED,6.78,2336485
Samsung,Samsung Galaxy A07 5G 6GB RAM,19999,Mid Tier,MediaTek,MediaTek Dimensity 6300,6.0,128.0,50.0,2,8.0,6000,25.0,LCD,6.7,
POCO,POCO X5 Pro,25489,Mid Tier,Snapdragon,Snapdragon 778G,6.0,128.0,108.0,3,16.0,5000,67.0,AMOLED,6.67,0
Tecno,Tecno Spark Go 3 Pro 4G,15999,Mid Tier,MediaTek,MediaTek Helio G81,4.0,64.0,13.0,1,8.0,5200,10.0,LCD,6.78,371151
Samsung,Samsung Galaxy Z Fold6,139999,Ultra-Premium Tier,Snapdragon,Snapdragon 8 Gen 3,12.0,256.0,50.0,3,10.0,4400,25.0,AMOLED,7.6,1772746
realme,realme Narzo N65 5G,13999,Budget Tier,MediaTek,MediaTek Dimensity 6300,4.0,128.0,50.0,1,8.0,5000,15.0,LCD,6.67,420659
Samsung,Samsung Galaxy M47 5G 8GB RAM,34999,High Tier,Snapdragon,Snapdragon 6 Gen 3,8.0,128.0,50.0,3,12.0,6000,45.0,AMOLED,6.66,
vivo,vivo V25 Pro 5G,31499,High Tier,MediaTek,MediaTek Dimensity 1300,8.0,128.0,64.0,3,32.0,4830,66.0,AMOLED,6.56,0
Samsung,Samsung Galaxy A06,14999,Budget Tier,MediaTek,MediaTek Helio G85,4.0,64.0,50.0,2,8.0,5000,25.0,LCD,6.7,
Xiaomi,Xiaomi Redmi Note 14 Pro Plus 256GB,30489,High Tier,Snapdragon,Snapdragon 7s Gen 3,8.0,256.0,50.0,3,20.0,6200,90.0,AMOLED,6.67,725812
Xiaomi,Xiaomi Redmi A7 Pro 5G 128GB,15999,Mid Tier,Unisoc,Unisoc T8300,4.0,128.0,32.0,1,8.0,6300,15.0,LCD,6.9,
POCO,POCO X6 Neo,21955,Mid Tier,MediaTek,MediaTek Dimensity 6080,8.0,128.0,108.0,2,16.0,5000,33.0,AMOLED,6.67,445887
realme,realme P3 Ultra 256GB,28999,Mid Tier,MediaTek,MediaTek Dimensity 8350 Ultra,8.0,256.0,50.0,2,16.0,6000,80.0,AMOLED,6.83,
Samsung,Samsung Galaxy Z Fold 8 Ultra 1TB 16GB RAM,259999,Ultra-Premium Tier,Snapdragon,Snapdragon 8 Elite Gen 5,16.0,1.0,200.0,3,10.0,5000,45.0,AMOLED,8.0,3074056
Tecno,Tecno Pop X 5G 6GB RAM,17999,Mid Tier,MediaTek,MediaTek Dimensity 6400 Ultimate,6.0,128.0,50.0,1,8.0,6500,45.0,LCD,6.78,
realme,realme P4 Power 256GB,34500,High Tier,MediaTek,MediaTek Dimensity 7400 Ultra,8.0,256.0,50.0,2,16.0,10001,80.0,AMOLED,6.8,
Google,Google Pixel 9 Pro,109999,Ultra-Premium Tier,Google,Google Tensor G4,16.0,256.0,50.0,3,42.0,4700,27.0,OLED,6.3,1179756
Samsung,Samsung Galaxy F70 Pro 5G 8GB RAM 256GB,35579,High Tier,Snapdragon,Snapdragon 6 Gen 3,8.0,256.0,50.0,3,12.0,6000,45.0,AMOLED,6.7,
Samsung,Samsung Galaxy Z Flip7,95999,Ultra-Premium Tier,Samsung,Samsung Exynos 2500,12.0,256.0,50.0,2,10.0,4300,25.0,AMOLED,6.9,1515751
Motorola,Motorola Edge 50 Fusion 256GB,22790,Mid Tier,Snapdragon,Snapdragon 7s Gen 2,12.0,256.0,50.0,2,32.0,5000,68.0,POLED,6.67,620648
Samsung,Samsung Galaxy S25 FE 256GB,65999,Ultra-Premium Tier,Samsung,Samsung Exynos 2400 S5E9945,8.0,256.0,50.0,3,12.0,4900,45.0,AMOLED,6.7,2069599
OPPO,OPPO K12x 256GB,18999,Mid Tier,MediaTek,MediaTek Dimensity 6300,8.0,256.0,32.0,2,8.0,5100,45.0,LCD,6.67,
iQOO,iQOO Z10 Lite 256GB,23999,Mid Tier,MediaTek,MediaTek Dimensity 6300,8.0,256.0,50.0,2,5.0,6000,15.0,LCD,6.74,
OnePlus,OnePlus 13R 512GB,59990,Ultra-Premium Tier,Snapdragon,Snapdragon 8 Gen 3,16.0,512.0,50.0,3,16.0,6000,80.0,AMOLED,6.78,1709077
Samsung,Samsung Galaxy S24 FE 256GB,45999,Ultra-Premium Tier,Samsung,Samsung Exynos 2400e,8.0,256.0,50.0,3,10.0,4700,25.0,AMOLED,6.7,1625873
iQOO,iQOO Z11 Lite 5G 6GB RAM 256GB,26499,Mid Tier,MediaTek,MediaTek Dimensity 6300,6.0,256.0,50.0,2,5.0,6500,44.0,LCD,6.74,574553
Xiaomi,Xiaomi Redmi Note 7 Pro,13999,Budget Tier,Snapdragon,Snapdragon 675,4.0,64.0,48.0,2,13.0,4000,,LCD,6.3,181423
vivo,vivo T5x 8GB RAM,29444,Mid Tier,MediaTek,MediaTek Dimensity 7400 Turbo,8.0,128.0,50.0,2,32.0,7200,44.0,LCD,6.76,
Itel,Itel Zeno 100 Lite 4G,9132,Budget Tier,Unisoc,Unisoc T7100,3.0,64.0,8.0,1,5.0,5000,10.0,LCD,6.56,
Samsung,Samsung Galaxy F14 5G,14490,Budget Tier,Samsung,Samsung Exynos 1330,4.0,128.0,50.0,2,13.0,6000,25.0,LCD,6.6,
OPPO,OPPO Reno11 Pro,39999,High Tier,MediaTek,MediaTek Dimensity 8200,12.0,256.0,50.0,3,32.0,4600,80.0,AMOLED,6.7,922299
vivo,vivo Y21 5G 6GB RAM,26499,Mid Tier,MediaTek,MediaTek Dimensity 6300,6.0,128.0,50.0,2,5.0,6500,44.0,LCD,6.74,
POCO,POCO X8 Pro Iron Man Edition,41999,High Tier,MediaTek,MediaTek Dimensity 8500 Ultra,12.0,256.0,50.0,2,20.0,6500,100.0,OLED,6.59,
Samsung,Samsung Galaxy S22 Plus,52999,Ultra-Premium Tier,Snapdragon,Snapdragon 8 Gen 1,8.0,128.0,50.0,3,10.0,4500,45.0,AMOLED,6.6,927796
iQOO,iQOO Z11 8GB RAM 256GB,44999,High Tier,MediaTek,MediaTek Dimensity 7500 turbo,8.0,256.0,50.0,2,32.0,7050,44.0,AMOLED,6.83,1099769
vivo,vivo X80 Pro 5G,54999,Ultra-Premium Tier,Snapdragon,Snapdragon 8 Gen 1,12.0,256.0,50.0,4,32.0,4700,80.0,AMOLED,6.78,981202
vivo,vivo Y11 5G 128GB,20549,Mid Tier,MediaTek,MediaTek Dimensity 6300,4.0,128.0,13.0,2,5.0,6500,15.0,LCD,6.74,
vivo,vivo Y18,15999,Mid Tier,MediaTek,MediaTek Helio G85,4.0,64.0,50.0,2,8.0,5000,15.0,LCD,6.56,
vivo,vivo V50 512GB,37999,High Tier,Snapdragon,Snapdragon 7 Gen 3,12.0,512.0,50.0,2,50.0,6000,90.0,AMOLED,6.77,821023
Google,Google Pixel 10 Pro Fold,172999,Ultra-Premium Tier,Google,Google Tensor G5,16.0,256.0,48.0,3,10.0,5015,30.0,OLED,8.0,1553009
Motorola,Motorola Razr 60 Ultra,109000,Ultra-Premium Tier,Snapdragon,Snapdragon 8 Elite,16.0,512.0,50.0,2,50.0,4700,68.0,AMOLED,6.96,2245471
Samsung,Samsung Galaxy A37 5G 256GB,42799,High Tier,Samsung,Samsung Exynos 1480,8.0,256.0,50.0,3,12.0,5000,45.0,AMOLED,6.7,1053896
vivo,vivo X Fold 5,139999,Ultra-Premium Tier,Snapdragon,Snapdragon 8 Gen 3,16.0,512.0,50.0,3,20.0,6000,80.0,AMOLED,8.03,1985189
Samsung,Samsung Galaxy S26 Ultra 512GB,150999,Ultra-Premium Tier,Snapdragon,Snapdragon 8 Elite Gen 5,12.0,512.0,200.0,4,12.0,5000,60.0,AMOLED,6.9,3905605
Honor,Honor 90 512GB,99990,Ultra-Premium Tier,Snapdragon,Snapdragon 7 Gen 1 Accelerated Edition,12.0,512.0,200.0,3,50.0,5000,66.0,AMOLED,6.7,634799
Samsung,Samsung Galaxy A27 5G 8GB RAM 256GB,45499,Ultra-Premium Tier,Snapdragon,Snapdragon 6 Gen 3,8.0,256.0,50.0,3,12.0,5000,25.0,AMOLED,6.7,845601
realme,realme P4R 6GB 128GB,22499,Mid Tier,MediaTek,MediaTek Dimensity 6300,6.0,128.0,50.0,1,8.0,8000,45.0,LCD,6.8,
vivo,vivo X300 FE 8GB RAM,83999,Ultra-Premium Tier,Snapdragon,Snapdragon 8 Gen 5,8.0,256.0,50.0,3,50.0,6500,90.0,AMOLED,6.31,3000897
realme,realme 15T 256GB 12GB RAM,26999,Mid Tier,MediaTek,MediaTek Dimensity 6400 Max,12.0,256.0,50.0,2,50.0,7000,60.0,AMOLED,6.57,448625
POCO,POCO X4 Pro,18499,Mid Tier,Snapdragon,Snapdragon 695,6.0,64.0,64.0,3,16.0,5000,67.0,AMOLED,6.67,393322
OPPO,OPPO F33 Pro 5G 256GB,37995,High Tier,MediaTek,MediaTek Dimensity 6360 Max,8.0,256.0,50.0,2,50.0,7000,80.0,AMOLED,6.57,651333
OPPO,OPPO Reno16c 5G 256GB,53999,Ultra-Premium Tier,MediaTek,MediaTek Dimensity 7300,8.0,256.0,50.0,3,50.0,6500,45.0,AMOLED,6.57,985594
realme,realme GT 7 12GB RAM,44999,High Tier,MediaTek,MediaTek Dimensity 9400e,12.0,256.0,50.0,3,32.0,7000,120.0,AMOLED,6.78,2125733
realme,realme 13 Plus 5G,24990,Mid Tier,MediaTek,MediaTek Dimensity 7300 Energy,8.0,128.0,50.0,2,16.0,5000,80.0,OLED,6.67,739074
POCO,POCO M7 Plus 8GB,17999,Mid Tier,Snapdragon,Snapdragon 6s Gen 3,8.0,128.0,50.0,1,8.0,7000,33.0,LCD,6.9,456138
Samsung,Samsung Galaxy M52 5G,23749,Mid Tier,Snapdragon,Snapdragon 778G,6.0,128.0,64.0,3,32.0,5000,25.0,AMOLED,6.7,509278
Moto,Moto G34 8GB RAM,14999,Budget Tier,Snapdragon,Snapdragon 695,8.0,128.0,50.0,2,16.0,5000,20.0,LCD,6.5,
Xiaomi,Xiaomi Redmi 7A,7899,Budget Tier,Snapdragon,Snapdragon 439,2.0,16.0,12.0,1,5.0,4000,,LCD,5.45,75196
vivo,vivo T5 Lite 5G 6GB RAM,25498,Mid Tier,MediaTek,MediaTek Dimensity 6300,6.0,128.0,50.0,2,5.0,6500,44.0,LCD,6.74,575705
Nothing,Nothing Phone 4a Pro 12GB RAM,59930,Ultra-Premium Tier,Snapdragon,Snapdragon 7 Gen 4,12.0,256.0,50.0,3,32.0,5400,50.0,AMOLED,6.83,1411440
Samsung,Samsung Galaxy A05,9999,Budget Tier,MediaTek,MediaTek Helio G85,4.0,64.0,50.0,2,8.0,5000,25.0,LCD,6.7,
Xiaomi,"Xiaomi Redmi 15A 5G 128GB, 6GB RAM",19490,Mid Tier,Unisoc,Unisoc T8300,6.0,128.0,32.0,1,8.0,6300,15.0,LCD,6.9,
POCO,POCO C81 4G,11989,Budget Tier,Unisoc,Unisoc T7250,4.0,64.0,13.0,1,8.0,6300,15.0,LCD,6.9,
Lava,Lava Bold N1 5G 6GB RAM 128GB,16999,Mid Tier,Unisoc,Unisoc T765,6.0,128.0,13.0,1,5.0,5000,18.0,LCD,6.75,
Apple,Apple iPhone 17 Pro Max 1TB,187900,Ultra-Premium Tier,Apple,Apple A19 Pro,12.0,1.0,48.0,3,18.0,4832,40.0,OLED,6.9,2521699
OnePlus,OnePlus Nord 4 256GB,41999,High Tier,Snapdragon,Snapdragon 7 Plus Gen 3,8.0,256.0,50.0,2,16.0,5500,100.0,AMOLED,6.74,1169622
iQOO,iQOO Z11x 8GB RAM,30999,High Tier,MediaTek,MediaTek Dimensity 7400 Turbo,6.0,128.0,50.0,2,32.0,7200,44.0,LCD,6.76,960651
Apple,Apple iPhone 16 Plus 256GB,89900,Ultra-Premium Tier,Apple,Apple A18,8.0,256.0,48.0,2,12.0,4674,20.0,OLED,6.7,
OnePlus,OnePlus 8T,32999,High Tier,Snapdragon,Snapdragon 865,8.0,128.0,48.0,4,16.0,4500,65.0,AMOLED,6.55,579790
Lava,Lava Virat V1 4G,9947,Budget Tier,Unisoc,Unisoc SC9863A,4.0,64.0,13.0,1,5.0,5000,10.0,LCD,6.75,
OnePlus,OnePlus 13s 512GB,59999,Ultra-Premium Tier,Snapdragon,Snapdragon 8 Elite,12.0,512.0,50.0,2,32.0,5850,80.0,OLED,6.32,2581355
Samsung,Samsung Galaxy Z Flip5,63980,Ultra-Premium Tier,Snapdragon,Snapdragon 8 Gen 2,8.0,256.0,12.0,2,10.0,3700,25.0,AMOLED,6.7,1196102
vivo,"vivo V70 Elite 512GB, 12GB RAM",61999,Ultra-Premium Tier,Snapdragon,Snapdragon 8s Gen 3,12.0,512.0,50.0,3,50.0,6500,90.0,AMOLED,6.59,1815619
Xiaomi,Xiaomi Redmi A7 Pro 4G,12740,Budget Tier,Unisoc,Unisoc T7250,4.0,64.0,13.0,1,8.0,6300,15.0,LCD,6.9,
Samsung,Samsung Galaxy M17 6GB RAM,22999,Mid Tier,Samsung,Samsung Exynos 1330,6.0,128.0,50.0,3,13.0,5000,25.0,AMOLED,6.7,608564
Samsung,Samsung Galaxy M32,13399,Budget Tier,MediaTek,MediaTek Helio G80,4.0,64.0,64.0,4,20.0,6000,15.0,AMOLED,6.4,151937
realme,realme 13 5G,21998,Mid Tier,MediaTek,MediaTek Dimensity 6300,8.0,128.0,50.0,2,16.0,5000,45.0,LCD,6.72,452218
Samsung,Samsung Galaxy A22 5G,18999,Mid Tier,MediaTek,MediaTek Dimensity 700,6.0,128.0,48.0,3,8.0,5000,15.0,TFT,6.6,201317
OnePlus,OnePlus 8 Pro,29999,Mid Tier,Snapdragon,Snapdragon 865,8.0,128.0,48.0,4,16.0,4510,30.0,AMOLED,6.78,583524
vivo,vivo Y31 5G 6GB RAM,27999,Mid Tier,Snapdragon,Snapdragon 4 Gen 2,6.0,128.0,50.0,2,8.0,6500,44.0,LCD,6.68,
Lava,Lava Bold N4 Lite 4G,8099,Budget Tier,Unisoc,Unisoc SC9863A,3.0,32.0,8.0,1,5.0,5000,10.0,LCD,6.56,
Samsung,Samsung Galaxy Z Flip6,72000,Ultra-Premium Tier,Snapdragon,Snapdragon 8 Gen 3,12.0,256.0,50.0,2,10.0,4000,25.0,AMOLED,6.7,1497995
Samsung,Samsung Galaxy M36 8GB RAM,23999,Mid Tier,Samsung,Samsung Exynos 1380,8.0,128.0,50.0,3,13.0,5000,25.0,AMOLED,6.7,
Samsung,Samsung Galaxy Xcover 7,27208,Mid Tier,MediaTek,MediaTek Dimensity 6100 Plus,6.0,128.0,50.0,1,5.0,4050,15.0,LCD,6.6,384690
Samsung,Samsung Galaxy S23 Plus 5G,94999,Ultra-Premium Tier,Snapdragon,Snapdragon 8 Gen 2,8.0,256.0,50.0,3,12.0,4700,45.0,AMOLED,6.6,
OnePlus,OnePlus N6x 5G 128GB,22999,Mid Tier,MediaTek,MediaTek Dimensity 6360 Apex,4.0,128.0,13.0,1,5.0,7000,15.0,LCD,6.8,577250
vivo,vivo T4R 256GB,33999,High Tier,MediaTek,MediaTek Dimensity 7400,8.0,256.0,50.0,2,32.0,5700,44.0,AMOLED,6.77,699062
realme,realme 15 Pro 256GB 12GB RAM,33499,High Tier,Snapdragon,Snapdragon 7 Gen 4,12.0,256.0,50.0,2,50.0,7000,80.0,AMOLED,6.8,1086379
realme,realme C63 5G,10999,Budget Tier,MediaTek,MediaTek Dimensity 6300,4.0,128.0,32.0,1,8.0,5000,10.0,LCD,6.67,
Samsung,Samsung Galaxy M34 256GB,20999,Mid Tier,Samsung,Samsung Exynos 1280,8.0,256.0,50.0,3,13.0,6000,25.0,AMOLED,6.5,
Lava,Lava Blaze 2,7989,Budget Tier,Unisoc,Unisoc T616,6.0,128.0,13.0,2,8.0,5000,18.0,LCD,6.5,
vivo,vivo Y200e 5G 8GB RAM,19999,Mid Tier,Snapdragon,Snapdragon 4 Gen 2,8.0,128.0,50.0,2,16.0,5000,44.0,AMOLED,6.67,
Lava,Lava Bold N2 Lite 4G,9299,Budget Tier,Unisoc,Unisoc SC9863A,3.0,64.0,13.0,1,5.0,5000,10.0,LCD,6.75,
Ai+,Ai+ Nova 2 Neo 5G 6GB RAM,15999,Mid Tier,MediaTek,MediaTek Dimensity 6300,6.0,128.0,48.0,1,8.0,6000,18.0,LCD,6.75,
Xiaomi,Xiaomi 17T 512GB,69999,Ultra-Premium Tier,MediaTek,MediaTek Dimensity 8500 Ultra,12.0,512.0,50.0,3,32.0,6500,67.0,AMOLED,6.59,2136906
POCO,POCO M7 Plus 4GB RAM,15499,Mid Tier,Snapdragon,Snapdragon 6s Gen 3,4.0,128.0,50.0,1,8.0,7000,33.0,LCD,6.9,
Philips,Philips S7221 5G,20499,Mid Tier,Unisoc,Unisoc T765,4.0,128.0,64.0,1,16.0,5700,,LCD,6.67,
Samsung,Samsung Galaxy S21 FE 2023,33999,High Tier,Snapdragon,Snapdragon 888,8.0,256.0,12.0,3,32.0,4500,25.0,AMOLED,6.4,
Samsung,Samsung Galaxy F17 5G 6GB RAM,22745,Mid Tier,Samsung,Samsung Exynos 1330,6.0,128.0,50.0,3,13.0,5000,25.0,AMOLED,6.7,
Lava,Lava Blaze Pro 5G,12998,Budget Tier,MediaTek,MediaTek Dimensity 6020,8.0,128.0,50.0,1,8.0,5000,33.0,LCD,6.78,403481
Xiaomi,Xiaomi Redmi Note 9,13999,Budget Tier,MediaTek,MediaTek Helio G85,4.0,64.0,48.0,4,13.0,5020,22.5,LCD,6.53,200953
iQOO,iQOO 15 16GB RAM,93999,Ultra-Premium Tier,Snapdragon,Snapdragon 8 Elite Gen 5,16.0,512.0,50.0,3,32.0,7000,100.0,AMOLED,6.85,3842735
realme,realme 12x 6GB RAM,12499,Budget Tier,MediaTek,MediaTek Dimensity 6100 Plus,6.0,128.0,50.0,2,8.0,5000,45.0,LCD,6.72,418175
realme,realme GT 2 Pro 5G 256GB,30900,High Tier,Snapdragon,Snapdragon 8 Gen 1,12.0,256.0,50.0,3,32.0,5000,65.0,AMOLED,6.7,933319
Samsung,Samsung Galaxy M33 5G,17999,Mid Tier,Samsung,Samsung Exynos 1280,6.0,128.0,50.0,4,8.0,6000,25.0,TFT,6.6,
Samsung,Samsung Galaxy M47 5G 256GB 8GB RAM,39999,High Tier,Snapdragon,Snapdragon 6 Gen 3,6.0,256.0,50.0,3,12.0,6000,45.0,AMOLED,6.66,
Moto,Moto G60,21999,Mid Tier,Snapdragon,Snapdragon 732G,6.0,128.0,108.0,3,32.0,6000,20.0,LCD,6.8,241808
Xiaomi,Xiaomi Redmi 15C 6GB RAM,19999,Mid Tier,MediaTek,MediaTek Dimensity 6300,6.0,128.0,50.0,1,8.0,6000,33.0,LCD,6.9,556765
Motorola,Motorola Edge 70 Pro 5G 12GB RAM,42191,High Tier,MediaTek,MediaTek Dimensity 8500 Extreme,12.0,256.0,50.0,2,50.0,6500,90.0,AMOLED,6.8,2194258
Samsung,Samsung Galaxy F36 8GB RAM,23249,Mid Tier,Samsung,Samsung Exynos 1380,8.0,128.0,50.0,3,13.0,5000,25.0,AMOLED,6.7,
realme,realme GT Neo 3T 5G,29999,Mid Tier,Snapdragon,Snapdragon 870,6.0,128.0,64.0,3,16.0,5000,80.0,AMOLED,6.62,0
Motorola,Motorola Edge 60 Pro 512GB,37999,High Tier,MediaTek,MediaTek Dimensity 8350 Extreme Edition,16.0,512.0,50.0,3,50.0,6000,90.0,POLED,6.7,
realme,realme C53 6GB RAM,11999,Budget Tier,Unisoc,Unisoc T612,6.0,128.0,108.0,1,8.0,5000,18.0,LCD,6.74,
realme,realme 15T 256GB,29999,Mid Tier,MediaTek,MediaTek Dimensity 6400 Max,8.0,256.0,50.0,2,50.0,7000,60.0,AMOLED,6.57,448625
Alcatel,Alcatel V3 Pro,17399,Mid Tier,MediaTek,MediaTek Dimensity 6300,8.0,256.0,50.0,2,8.0,5200,18.0,LCD,6.67,
vivo,vivo T4 Lite 64GB,16899,Mid Tier,MediaTek,MediaTek Dimensity 6300,4.0,64.0,50.0,2,5.0,6000,15.0,LCD,6.74,
vivo,vivo T3 256GB,20499,Mid Tier,MediaTek,MediaTek Dimensity 7200,8.0,256.0,50.0,2,16.0,5000,44.0,AMOLED,6.67,715922
realme,realme 11,26990,Mid Tier,MediaTek,MediaTek Dimensity 6100 Plus,8.0,128.0,108.0,2,16.0,5000,67.0,LCD,6.72,
OPPO,"OPPO A6x 128GB, 6GB RAM",24999,Mid Tier,MediaTek,MediaTek Dimensity 6300,6.0,128.0,13.0,1,5.0,6500,45.0,LCD,6.75,
realme,realme 9 Pro Plus,24750,Mid Tier,MediaTek,MediaTek Dimensity 920,6.0,128.0,50.0,3,16.0,4500,60.0,AMOLED,6.4,505838
OPPO,OPPO Reno15 Pro Mini 512GB,64999,Ultra-Premium Tier,MediaTek,MediaTek Dimensity 8450,12.0,512.0,200.0,3,50.0,6200,80.0,AMOLED,6.32,
Philips,Philips S7221 5G 8GB RAM,22499,Mid Tier,Unisoc,Unisoc T765,8.0,128.0,64.0,1,16.0,5700,,LCD,6.67,
Xiaomi,Xiaomi Mi 11T Pro 5G,33376,High Tier,Snapdragon,Snapdragon 888,8.0,128.0,108.0,3,16.0,5000,120.0,AMOLED,6.67,806992
vivo,vivo Y21 5G 64GB,19499,Mid Tier,MediaTek,MediaTek Dimensity 6300,4.0,64.0,50.0,2,5.0,6500,44.0,LCD,6.74,
realme,realme Narzo 100x 5G 6GB RAM,23999,Mid Tier,MediaTek,MediaTek Dimensity 6300,6.0,128.0,50.0,1,8.0,8000,45.0,LCD,6.81,
realme,realme Narzo Power 256GB,34999,High Tier,MediaTek,MediaTek Dimensity 7400 Ultra,8.0,256.0,50.0,2,16.0,10001,80.0,AMOLED,6.8,
Nothing,Nothing Phone 3a Lite 256GB,30400,High Tier,MediaTek,MediaTek Dimensity 7300 Pro,8.0,256.0,50.0,3,16.0,5000,33.0,AMOLED,6.77,907685
Motorola,Motorola Edge 70 Fusion 256 GB 12GB RAM,34699,High Tier,Snapdragon,Snapdragon 7s Gen 4,12.0,256.0,50.0,2,32.0,7000,68.0,AMOLED,6.8,1149292
Samsung,Samsung Galaxy A57 5G 12GB RAM,62999,Ultra-Premium Tier,Samsung,Samsung Exynos 1680,12.0,256.0,50.0,3,12.0,5000,45.0,AMOLED,6.7,1392494
iQOO,iQOO Z11 8GB RAM,39999,High Tier,MediaTek,MediaTek Dimensity 7500 turbo,8.0,128.0,50.0,2,32.0,7050,44.0,AMOLED,6.83,1099769
realme,realme 16x 5G 6GB RAM 256GB,30999,High Tier,MediaTek,MediaTek Dimensity 6300,6.0,256.0,50.0,1,8.0,7000,45.0,LCD,6.8,632291
OPPO,OPPO A6 Pro 256GB,34999,High Tier,MediaTek,MediaTek Dimensity 6300,8.0,256.0,50.0,2,16.0,7000,80.0,AMOLED,6.57,
Xiaomi,Xiaomi Mi 11X,26999,Mid Tier,Snapdragon,Snapdragon 870,6.0,128.0,48.0,3,20.0,4520,33.0,AMOLED,6.67,590138
Samsung,Samsung Galaxy A25 5G,26999,Mid Tier,Samsung,Samsung Exynos 1280,8.0,128.0,50.0,3,13.0,5000,25.0,AMOLED,6.5,
POCO,POCO C85x 128GB,15542,Mid Tier,Unisoc,Unisoc T8300,4.0,128.0,32.0,1,8.0,6300,15.0,LCD,6.9,
Wobble,"Wobble One 12GB RAM , 256GB",22899,Mid Tier,MediaTek,MediaTek Dimensity 7400,12.0,256.0,50.0,3,50.0,5000,33.0,AMOLED,6.67,979430
Xiaomi,Xiaomi Redmi 15 256GB 8GB RAM,25499,Mid Tier,Snapdragon,Snapdragon 6s Gen 3,8.0,256.0,50.0,1,8.0,7000,33.0,LCD,6.9,
POCO,POCO F6 512GB,33999,High Tier,Snapdragon,Snapdragon 8s Gen 3,12.0,512.0,50.0,2,20.0,5000,90.0,AMOLED,6.67,
realme,"realme P4 Power 256GB, 12GB RAM",37999,High Tier,MediaTek,MediaTek Dimensity 7400 Ultra,12.0,256.0,50.0,2,16.0,10001,80.0,AMOLED,6.8,
realme,realme 16T 8GB RAM 256GB,37999,High Tier,MediaTek,MediaTek Dimensity 6300,8.0,256.0,50.0,2,16.0,8000,45.0,LCD,6.81,
POCO,POCO X3 Pro,18999,Mid Tier,Snapdragon,Snapdragon 860,6.0,128.0,48.0,4,20.0,5160,33.0,LCD,6.67,478897
Samsung,Samsung Galaxy A06 5G 128GB,11994,Budget Tier,MediaTek,MediaTek Dimensity 6300,4.0,128.0,50.0,2,8.0,5000,25.0,LCD,6.7,
Samsung,Samsung Galaxy Z Fold5,154999,Ultra-Premium Tier,Snapdragon,Snapdragon 8 Gen 2,12.0,256.0,50.0,3,10.0,4400,25.0,AMOLED,7.6,1492136
Xiaomi,Xiaomi Redmi 17 5G 8GB RAM,26999,Mid Tier,Snapdragon,Snapdragon 4 Gen 5,8.0,128.0,50.0,2,8.0,7900,45.0,LCD,6.9,
vivo,vivo X200T 512GB,69999,Ultra-Premium Tier,MediaTek,MediaTek Dimensity 9400 Plus,12.0,512.0,50.0,3,32.0,6200,90.0,AMOLED,6.67,2821319
realme,realme C67 5G,17999,Mid Tier,MediaTek,MediaTek Dimensity 6100 Plus,4.0,128.0,50.0,2,8.0,5000,33.0,LCD,6.72,398977
POCO,POCO M8 Power 5G 8GB RAM,26880,Mid Tier,Snapdragon,Snapdragon 4 Gen 4,8.0,128.0,50.0,2,8.0,8000,45.0,AMOLED,6.83,619773
Samsung,Samsung Galaxy A55 256GB,44999,High Tier,Samsung,Samsung Exynos 1480,8.0,256.0,50.0,3,32.0,5000,25.0,AMOLED,6.6,733093
Xiaomi,Xiaomi Redmi Note 12 Pro Plus 5G,33999,High Tier,MediaTek,MediaTek Dimensity 1080,8.0,256.0,200.0,3,16.0,4980,120.0,AMOLED,6.67,487593
Samsung,Samsung Galaxy A17 5G 8GB RAM,22499,Mid Tier,Samsung,Samsung Exynos 1330,8.0,128.0,50.0,3,13.0,5000,25.0,AMOLED,6.7,604677
Samsung,Samsung Galaxy S26 512GB,99999,Ultra-Premium Tier,Samsung,Samsung Exynos 2600 S5E9965,12.0,512.0,50.0,3,12.0,4300,25.0,AMOLED,6.3,3113347
realme,realme C35,9999,Budget Tier,Unisoc,Unisoc T616,4.0,64.0,50.0,3,8.0,5000,18.0,LCD,6.6,187040
realme,realme 12 Pro 12GB RAM,22999,Mid Tier,Snapdragon,Snapdragon 6 Gen 1,12.0,256.0,50.0,3,16.0,5000,67.0,AMOLED,6.7,
POCO,POCO X8 Power 5G 256GB,38999,High Tier,Snapdragon,Snapdragon 6 Gen 5,8.0,256.0,50.0,2,32.0,10000,100.0,AMOLED,6.83,
Nokia,Nokia G20,12999,Budget Tier,MediaTek,MediaTek Helio G35,4.0,64.0,48.0,4,8.0,5050,10.0,LCD,6.5,113513
OPPO,OPPO Reno10 Pro+ 5G,59999,Ultra-Premium Tier,Snapdragon,Snapdragon 8 Plus Gen 1,12.0,,50.0,3,32.0,4700,100.0,AMOLED,6.74,1076839
realme,realme P4 8GB RAM,29699,Mid Tier,MediaTek,MediaTek Dimensity 7400 Ultra,8.0,128.0,50.0,2,16.0,7000,80.0,AMOLED,6.77,
OPPO,OPPO A6c 4G 128GB,16999,Mid Tier,Unisoc,Unisoc T7250,4.0,128.0,13.0,1,5.0,7000,15.0,LCD,6.75,
vivo,vivo Y16 3GB RAM,10999,Budget Tier,MediaTek,MediaTek Helio P35,3.0,64.0,13.0,2,5.0,5000,10.0,LCD,6.51,
vivo,vivo X Fold 3 Pro,124999,Ultra-Premium Tier,Snapdragon,Snapdragon 8 Gen 3,16.0,512.0,50.0,3,32.0,5700,100.0,AMOLED,8.03,2072167
POCO,POCO M7 8GB RAM,13499,Budget Tier,Snapdragon,Snapdragon 4 Gen 2,8.0,128.0,50.0,1,8.0,5160,18.0,LCD,6.88,436798
Infinix,Infinix Smart 10,11885,Budget Tier,Unisoc,Unisoc T7250,4.0,64.0,8.0,1,8.0,5000,15.0,LCD,6.67,272128
Nothing,Nothing Phone 4a Pro 256GB,48830,Ultra-Premium Tier,Snapdragon,Snapdragon 7 Gen 4,8.0,256.0,50.0,3,32.0,5400,50.0,AMOLED,6.83,1411440
POCO,POCO M2 Pro,16990,Mid Tier,Snapdragon,Snapdragon 720G,4.0,64.0,48.0,4,16.0,5000,33.0,LCD,6.67,276927
iQOO,iQOO 15R 12GB RAM,56990,Ultra-Premium Tier,Snapdragon,Snapdragon 8 Gen 5,12.0,256.0,50.0,2,32.0,7600,100.0,AMOLED,6.59,
Tecno,Tecno Pova Curve 2 256GB,33999,High Tier,MediaTek,MediaTek Dimensity 7100,8.0,256.0,50.0,2,13.0,8000,45.0,AMOLED,6.78,
Ai+,Ai+ Nova 2 Ultra 5G 8GB RAM,22999,Mid Tier,MediaTek,MediaTek Dimensity 7400,8.0,128.0,50.0,2,13.0,6000,33.0,AMOLED,6.78,
POCO,POCO C81x 4G,10990,Budget Tier,Unisoc,Unisoc T7250,3.0,64.0,13.0,1,8.0,5200,15.0,LCD,6.88,
Samsung,Samsung Galaxy M32 128GB,15399,Mid Tier,MediaTek,MediaTek Helio G80,6.0,128.0,64.0,4,20.0,6000,15.0,AMOLED,6.4,0
Samsung,Samsung Galaxy A12,12649,Budget Tier,MediaTek,MediaTek Helio P35,4.0,64.0,48.0,4,8.0,5000,15.0,LCD,6.5,109789
Xiaomi,Xiaomi Redmi 9 Power,13999,Budget Tier,Snapdragon,Snapdragon 662,4.0,64.0,48.0,4,8.0,6000,18.0,LCD,6.53,177786
realme,realme P4s 5G 256GB,37999,High Tier,MediaTek,MediaTek Dimensity 7400 Ultra,8.0,256.0,50.0,2,16.0,8000,80.0,AMOLED,6.78,973111
realme,realme C31,10990,Budget Tier,Unisoc,Unisoc T612,3.0,32.0,13.0,3,5.0,5000,10.0,LCD,6.5,205322
Samsung,Samsung Galaxy A36 256GB 12GB RAM,41999,High Tier,Snapdragon,Snapdragon 6 Gen 3,12.0,256.0,50.0,3,12.0,5000,45.0,AMOLED,6.7,655225
iQOO,iQOO 9 Pro 5G 12GB RAM,49999,Ultra-Premium Tier,Snapdragon,Snapdragon 8 Gen 1,12.0,256.0,50.0,3,16.0,4700,120.0,AMOLED,6.78,0
Apple,Apple iPhone 17 512GB,102900,Ultra-Premium Tier,Apple,Apple A19,8.0,512.0,48.0,2,18.0,3692,40.0,OLED,6.3,2250422
iQOO,iQOO Z11 Lite 5G 6GB RAM,22499,Mid Tier,MediaTek,MediaTek Dimensity 6300,6.0,128.0,50.0,2,5.0,6500,44.0,LCD,6.74,574553
Moto,Moto G67 Power 256GB,27972,Mid Tier,Snapdragon,Snapdragon 7s Gen 2,8.0,256.0,50.0,2,32.0,7000,30.0,LCD,6.7,
Motorola,Motorola Edge 50 Pro 5G 12GB RAM,31890,High Tier,Snapdragon,Snapdragon 7 Gen 3,12.0,256.0,50.0,3,50.0,4500,125.0,POLED,6.7,827231
Infinix,Infinix Note Edge 256GB,28980,Mid Tier,MediaTek,MediaTek Dimensity 7100,8.0,256.0,50.0,1,13.0,6500,45.0,AMOLED,6.78,
realme,realme GT 7 512GB,48999,Ultra-Premium Tier,MediaTek,MediaTek Dimensity 9400e,12.0,512.0,50.0,3,32.0,7000,120.0,AMOLED,6.78,2125733
realme,realme Narzo 100x 5G 256GB 6GB RAM,26999,Mid Tier,MediaTek,MediaTek Dimensity 6300,6.0,256.0,50.0,1,8.0,8000,45.0,LCD,6.81,
Xiaomi,Xiaomi Redmi Note 14 Pro 256GB,27985,Mid Tier,MediaTek,MediaTek Dimensity 7300 Ultra,8.0,256.0,50.0,3,20.0,5500,45.0,AMOLED,6.67,
Moto,Moto G06,13133,Budget Tier,MediaTek,MediaTek Helio G81 Extreme,4.0,64.0,50.0,1,8.0,5100,,LCD,6.88,
Infinix,Infinix Smart 20 4G 4GB 128GB RAM,13890,Budget Tier,MediaTek,MediaTek Helio G81 Ultimate,4.0,128.0,8.0,1,8.0,5200,15.0,LCD,6.78,366645
POCO,POCO M8x 5G 6GB RAM,24999,Mid Tier,Snapdragon,Snapdragon 4 Gen 5,6.0,128.0,50.0,1,8.0,7900,33.0,LCD,6.9,653645
Moto,Moto g52,13990,Budget Tier,Snapdragon,Snapdragon 680,4.0,64.0,50.0,3,16.0,5000,33.0,POLED,6.6,0
POCO,POCO M4 Pro,13999,Budget Tier,MediaTek,MediaTek Helio G96,6.0,64.0,64.0,3,16.0,5000,33.0,AMOLED,6.43,309983
Samsung,Samsung Galaxy A54 5G 256GB,34999,High Tier,Samsung,Samsung Exynos 1380,8.0,256.0,50.0,3,32.0,5000,25.0,AMOLED,6.4,509330
Apple,Apple iPhone 17 Pro Max 2TB,227900,Ultra-Premium Tier,Apple,Apple A19 Pro,12.0,2.0,48.0,3,18.0,4832,40.0,OLED,6.9,2521699
OPPO,OPPO Find X9s 512GB,94999,Ultra-Premium Tier,MediaTek,MediaTek Dimensity 9500s,12.0,512.0,50.0,3,32.0,7025,80.0,AMOLED,6.59,
realme,realme Narzo 80 Lite 4G,13999,Budget Tier,Unisoc,Unisoc T7250,4.0,64.0,13.0,1,5.0,6300,15.0,LCD,6.74,
OnePlus,OnePlus 15R 512GB,70999,Ultra-Premium Tier,Snapdragon,Snapdragon 8 Gen 5,12.0,512.0,50.0,2,32.0,7400,80.0,AMOLED,6.83,2957229
OPPO,OPPO Reno8 Pro 5G,35900,High Tier,MediaTek,MediaTek Dimensity 8100 Max,12.0,256.0,50.0,3,32.0,4500,80.0,AMOLED,6.7,720632
OPPO,OPPO F27 Pro Plus 256GB,34999,High Tier,MediaTek,MediaTek Dimensity 7050,8.0,256.0,64.0,2,8.0,5000,67.0,AMOLED,6.7,544538
POCO,POCO X5,20999,Mid Tier,Snapdragon,Snapdragon 695,6.0,128.0,48.0,3,13.0,5000,33.0,AMOLED,6.67,0
realme,realme GT 7T 12GB RAM,41499,High Tier,MediaTek,MediaTek Dimensity 8400 Max,12.0,256.0,50.0,2,32.0,7000,120.0,AMOLED,6.8,1761804
Samsung,Samsung Galaxy M06 64GB,14589,Budget Tier,MediaTek,MediaTek Dimensity 6300,4.0,64.0,50.0,2,8.0,5000,25.0,LCD,6.7,
realme,realme P4 Pro 256GB 12GB RAM,32999,High Tier,Snapdragon,Snapdragon 7 Gen 4,12.0,256.0,50.0,2,50.0,7000,80.0,AMOLED,6.8,
OPPO,OPPO A38,16490,Mid Tier,MediaTek,MediaTek Helio G85,4.0,128.0,50.0,2,5.0,5000,33.0,LCD,6.56,
Samsung,Samsung Galaxy S25 Ultra 1TB,165999,Ultra-Premium Tier,Snapdragon,Snapdragon 8 Elite,12.0,1.0,200.0,4,12.0,5000,45.0,AMOLED,6.9,2209231
Xiaomi,Xiaomi 12 Pro 12GB RAM,44999,High Tier,Snapdragon,Snapdragon 8 Gen 1,12.0,256.0,50.0,3,32.0,4600,120.0,AMOLED,6.73,0
Samsung,Samsung Galaxy A27 5G 8GB RAM,34990,High Tier,Snapdragon,Snapdragon 6 Gen 3,8.0,128.0,50.0,3,12.0,5000,25.0,AMOLED,6.7,845601
Samsung,Samsung Galaxy F17 8GB RAM,24999,Mid Tier,Samsung,Samsung Exynos 1330,8.0,128.0,50.0,3,13.0,5000,25.0,AMOLED,6.7,
vivo,"vivo V70 FE 256GB, 12GB RAM",46999,Ultra-Premium Tier,MediaTek,MediaTek Dimensity 7360 Turbo,12.0,256.0,200.0,2,50.0,7000,90.0,AMOLED,6.83,990352
realme,realme P4R 6GB 256GB,26999,Mid Tier,MediaTek,MediaTek Dimensity 6300,6.0,256.0,50.0,1,8.0,8000,45.0,LCD,6.8,
realme,realme 16 256GB,39999,High Tier,MediaTek,MediaTek Dimensity 6400 Turbo,8.0,256.0,50.0,2,50.0,7000,60.0,AMOLED,6.57,
Lava,Lava Shark 5G,14999,Budget Tier,Unisoc,Unisoc T765,4.0,64.0,13.0,1,5.0,5000,10.0,LCD,6.75,387657
Samsung,Samsung Galaxy Z Fold7 512GB,186999,Ultra-Premium Tier,Snapdragon,Snapdragon 8 Elite,12.0,512.0,200.0,3,10.0,4400,25.0,AMOLED,8.0,
Xiaomi,Xiaomi Redmi Note 15 SE 5G 8GB RAM,25610,Mid Tier,Snapdragon,Snapdragon 6 Gen 3,8.0,128.0,50.0,2,20.0,5800,45.0,AMOLED,6.77,
Moto,Moto G72,18999,Mid Tier,MediaTek,MediaTek Helio G99,6.0,128.0,108.0,3,16.0,5000,33.0,POLED,6.55,356181
Xiaomi,Xiaomi Mi 11 Lite,21999,Mid Tier,Snapdragon,Snapdragon 732G,6.0,128.0,64.0,3,16.0,4250,33.0,AMOLED,6.55,288316
iQOO,iQOO Z11 12GB RAM 256GB,49999,Ultra-Premium Tier,MediaTek,MediaTek Dimensity 7500 turbo,12.0,256.0,50.0,2,32.0,7050,44.0,AMOLED,6.83,1099769
Motorola,Motorola Edge 20,25700,Mid Tier,Snapdragon,Snapdragon 778G,8.0,128.0,108.0,3,32.0,4000,30.0,OLED,6.7,523825
Xiaomi,Xiaomi Mi 11T Pro 5G 256GB,36246,High Tier,Snapdragon,Snapdragon 888,8.0,256.0,108.0,3,16.0,5000,120.0,AMOLED,6.67,806992
OPPO,"OPPO K14x 5G 128GB, 4GB RAM",19100,Mid Tier,MediaTek,MediaTek Dimensity 6300,4.0,128.0,50.0,2,5.0,6500,45.0,LCD,6.75,
Alcatel,Alcatel V3 Classic,13790,Budget Tier,MediaTek,MediaTek Dimensity 6300,4.0,128.0,50.0,2,8.0,5200,18.0,LCD,6.67,
Samsung,Samsung Galaxy M13,9649,Budget Tier,Samsung,Samsung Exynos 850,4.0,64.0,50.0,3,8.0,6000,15.0,LCD,6.6,
realme,realme 8s 5G,17999,Mid Tier,MediaTek,MediaTek Dimensity 810,6.0,128.0,64.0,3,16.0,5000,33.0,LCD,6.5,385942
OnePlus,OnePlus 7,32999,High Tier,Snapdragon,Snapdragon 855,6.0,128.0,48.0,2,16.0,3700,20.0,AMOLED,6.41,369292
Google,Google Pixel 11 Pro XL 16GB RAM 512GB,149999,Ultra-Premium Tier,Google,Google Tensor G6,16.0,512.0,50.0,3,42.0,5115,45.0,OLED,6.8,1856183
vivo,vivo Y22 2022,14499,Budget Tier,MediaTek,MediaTek Helio G70,4.0,64.0,50.0,2,8.0,5000,18.0,LCD,6.55,
realme,realme X,17999,Mid Tier,Snapdragon,Snapdragon 710,4.0,128.0,48.0,2,16.0,3765,20.0,AMOLED,6.53,156669
Lava,Lava Agni 3 5G 256GB,23598,Mid Tier,MediaTek,MediaTek Dimensity 7300X,8.0,256.0,50.0,3,16.0,5000,66.0,AMOLED,6.78,676483
vivo,vivo V40 Pro 512GB,55999,Ultra-Premium Tier,MediaTek,MediaTek Dimensity 9200 Plus,12.0,512.0,50.0,3,50.0,5500,80.0,AMOLED,6.78,1524110
realme,realme 16x 5G 6GB RAM,27999,Mid Tier,MediaTek,MediaTek Dimensity 6300,6.0,128.0,50.0,1,8.0,7000,45.0,LCD,6.8,632291
Xiaomi,Xiaomi 11i HyperCharge,25990,Mid Tier,MediaTek,MediaTek Dimensity 920,6.0,128.0,108.0,3,16.0,4500,120.0,AMOLED,6.67,429251
realme,realme 12x 8GB RAM,13499,Budget Tier,MediaTek,MediaTek Dimensity 6100 Plus,8.0,128.0,50.0,2,8.0,5000,45.0,LCD,6.72,418175
realme,realme 14 Pro Plus 512GB,37999,High Tier,Snapdragon,Snapdragon 7s Gen 3,12.0,512.0,50.0,3,32.0,6000,80.0,OLED,6.83,
realme,realme 8 6GB RAM,14499,Budget Tier,MediaTek,MediaTek Helio G95,6.0,128.0,64.0,4,16.0,5000,30.0,AMOLED,6.4,0
Samsung,Samsung Galaxy M12 128GB,10899,Budget Tier,Samsung,Samsung Exynos 8 Octa 850,6.0,128.0,48.0,4,8.0,6000,15.0,LCD,6.5,127746
OPPO,OPPO Reno15 12GB RAM,50999,Ultra-Premium Tier,Snapdragon,Snapdragon 7 Gen 4,12.0,256.0,50.0,3,50.0,6500,80.0,AMOLED,6.59,1394716
Xiaomi,Xiaomi Redmi Note 15 Pro Plus 12GB RAM,41999,High Tier,Snapdragon,Snapdragon 7s Gen 4,12.0,256.0,200.0,2,32.0,6500,100.0,AMOLED,6.83,
Tecno,Tecno Phantom V Flip,39999,High Tier,MediaTek,MediaTek Dimensity 8050,8.0,256.0,64.0,2,32.0,4000,45.0,AMOLED,6.9,666056
Samsung,Samsung Galaxy Z Flip 3,49999,Ultra-Premium Tier,Snapdragon,Snapdragon 888,8.0,128.0,12.0,2,10.0,3300,15.0,AMOLED,6.7,675661
Tecno,Tecno Pova 8 Pro 12GB RAM 512GB,54999,Ultra-Premium Tier,MediaTek,MediaTek Dimensity 7400 Ultimate,12.0,512.0,50.0,2,13.0,6500,45.0,AMOLED,6.78,792798
vivo,vivo V60 512GB 16GB RAM,48990,Ultra-Premium Tier,Snapdragon,Snapdragon 7 Gen 4,16.0,512.0,50.0,3,50.0,6500,90.0,AMOLED,6.77,1006885
Moto,Moto G31,14590,Budget Tier,MediaTek,MediaTek Helio G85,4.0,64.0,50.0,3,13.0,5000,20.0,AMOLED,6.4,194210
realme,realme P3 Ultra 12GB RAM,32499,High Tier,MediaTek,MediaTek Dimensity 8350 Ultra,12.0,256.0,50.0,2,16.0,6000,80.0,AMOLED,6.83,
Samsung,Samsung Galaxy F13,10999,Budget Tier,Samsung,Samsung Exynos 8 Octa 850,4.0,64.0,50.0,3,8.0,6000,15.0,LCD,6.6,135739
Lava,Lava Yuva Star 3,12499,Budget Tier,Unisoc,Unisoc SC9863A,4.0,64.0,13.0,1,5.0,5000,,LCD,6.75,
realme,realme C30 3GB RAM,10990,Budget Tier,Unisoc,Unisoc T612,3.0,32.0,8.0,1,5.0,5000,10.0,LCD,6.5,177251
POCO,POCO M8 8GB RAM,26999,Mid Tier,Snapdragon,Snapdragon 6 Gen 3,8.0,128.0,50.0,2,20.0,5520,45.0,AMOLED,6.77,862268
POCO,POCO C65 256GB,10999,Budget Tier,MediaTek,MediaTek Helio G85,8.0,256.0,50.0,2,8.0,5000,18.0,LCD,6.74,238770
realme,"realme 16 Pro Plus 256GB, 12GB RAM",56599,Ultra-Premium Tier,Snapdragon,Snapdragon 7 Gen 4,12.0,256.0,200.0,3,50.0,7000,80.0,AMOLED,6.8,1434981
Nothing,Nothing Phone 3a Pro 12GB RAM,34999,High Tier,Snapdragon,Snapdragon 7s Gen 3,12.0,256.0,50.0,3,50.0,5000,50.0,AMOLED,6.77,809554
Xiaomi,Xiaomi Redmi Note 11 SE,16490,Mid Tier,MediaTek,MediaTek Helio G95,6.0,64.0,64.0,4,13.0,5000,33.0,AMOLED,6.43,
Samsung,Samsung Galaxy F22,9149,Budget Tier,MediaTek,MediaTek Helio G80,4.0,64.0,48.0,4,13.0,6000,15.0,AMOLED,6.4,183262
Samsung,Samsung Galaxy M21 2021,11399,Budget Tier,Samsung,Samsung Exynos 9 Octa 9611,4.0,64.0,48.0,3,20.0,6000,15.0,AMOLED,6.4,
POCO,"POCO M8 256GB, 8GB RAM",27934,Mid Tier,Snapdragon,Snapdragon 6 Gen 3,8.0,256.0,50.0,2,20.0,5520,45.0,AMOLED,6.77,862268
OPPO,OPPO F31 Pro 256GB,27999,Mid Tier,MediaTek,MediaTek Dimensity 7300 Energy,8.0,128.0,50.0,2,32.0,7000,80.0,AMOLED,6.57,
Xiaomi,Xiaomi Redmi 15 8GB RAM,23499,Mid Tier,Snapdragon,Snapdragon 6s Gen 3,8.0,128.0,50.0,1,8.0,7000,33.0,LCD,6.9,
POCO,POCO X3,15990,Mid Tier,Snapdragon,Snapdragon 732G,6.0,64.0,64.0,4,20.0,6000,33.0,LCD,6.67,282092
OnePlus,OnePlus Nord 5 12GB RAM,48999,Ultra-Premium Tier,Snapdragon,Snapdragon 8s Gen 3,12.0,256.0,50.0,2,50.0,6800,80.0,AMOLED,6.83,1481616
Samsung,Samsung Galaxy F55 5G 12GB RAM,21350,Mid Tier,Snapdragon,Snapdragon 7 Gen 1,12.0,256.0,50.0,3,50.0,5000,45.0,AMOLED,6.7,
vivo,vivo V50 256GB,34999,High Tier,Snapdragon,Snapdragon 7 Gen 3,8.0,256.0,50.0,2,50.0,6000,90.0,AMOLED,6.77,821023
Samsung,Samsung Galaxy M13 5G,11649,Budget Tier,MediaTek,MediaTek Dimensity 700,4.0,64.0,50.0,2,5.0,5000,15.0,LCD,6.5,0
POCO,POCO C75 128GB,11499,Budget Tier,Snapdragon,Snapdragon 4s Gen 2,4.0,128.0,50.0,1,5.0,5160,18.0,LCD,6.88,
POCO,POCO X8 Pro 12GB RAM,39999,High Tier,MediaTek,MediaTek Dimensity 8500 Ultra,12.0,256.0,50.0,2,20.0,6500,100.0,OLED,6.59,
vivo,vivo V9 Youth,12990,Budget Tier,Snapdragon,Snapdragon 450,4.0,32.0,16.0,2,16.0,3260,,LCD,6.3,
Apple,Apple iPhone 16E 256GB,69900,Ultra-Premium Tier,Apple,Apple A18,8.0,256.0,48.0,1,12.0,4005,20.0,OLED,6.1,1405699
realme,realme 14x 8GB RAM,15999,Mid Tier,MediaTek,MediaTek Dimensity 6300,8.0,128.0,50.0,1,8.0,6000,45.0,LCD,6.67,422130
Samsung,Samsung Galaxy S24 Ultra 512GB,114999,Ultra-Premium Tier,Snapdragon,Snapdragon 8 Gen 3,12.0,512.0,200.0,4,12.0,5000,45.0,AMOLED,6.8,1770105
Samsung,Samsung Galaxy A13 4G,15650,Mid Tier,Samsung,Samsung Exynos 8 Octa 850,4.0,64.0,50.0,4,8.0,5000,25.0,LCD,6.6,
POCO,POCO M6 Plus 8GB RAM,14499,Budget Tier,Snapdragon,Snapdragon 4 Gen 2 Accelerated Edition,8.0,128.0,108.0,2,13.0,5030,33.0,LCD,6.79,433376
OPPO,OPPO F29 Pro 256GB,33699,High Tier,MediaTek,MediaTek Dimensity 7300 Energy,8.0,256.0,50.0,2,16.0,6000,80.0,AMOLED,6.7,
Lava,Lava Bold N2 5G 128GB,14499,Budget Tier,Unisoc,Unisoc T8200,4.0,128.0,13.0,1,5.0,6000,,LCD,6.75,515768
realme,realme GT 6 12GB RAM,46890,Ultra-Premium Tier,Snapdragon,Snapdragon 8s Gen 3,12.0,256.0,50.0,3,32.0,5500,120.0,AMOLED,6.78,1501830
HMD,HMD Vibe 2 5G 128GB,17999,Mid Tier,Unisoc,Unisoc T8200,4.0,128.0,50.0,2,8.0,6000,18.0,LCD,6.75,511972
vivo,vivo Y21 5G 8GB RAM,22999,Mid Tier,MediaTek,MediaTek Dimensity 6300,8.0,128.0,50.0,2,5.0,6500,44.0,LCD,6.74,
Apple,Apple iPhone 17 Pro 512GB,148990,Ultra-Premium Tier,Apple,Apple A19 Pro,12.0,512.0,48.0,3,18.0,3988,40.0,OLED,6.3,
Samsung,Samsung Galaxy S25 Edge 512GB,79499,Ultra-Premium Tier,Snapdragon,Snapdragon 8 Elite,12.0,512.0,200.0,2,12.0,3900,25.0,AMOLED,6.7,2664209
realme,realme P4s 5G 256GB 12GB RAM,41999,High Tier,MediaTek,MediaTek Dimensity 7400 Ultra,12.0,256.0,50.0,2,16.0,8000,80.0,AMOLED,6.78,973111
realme,realme 14T 256GB,22999,Mid Tier,MediaTek,MediaTek Dimensity 6300,8.0,256.0,50.0,2,16.0,6000,45.0,AMOLED,6.67,456251
realme,realme X3 SuperZoom Edition 256GB,24790,Mid Tier,Snapdragon,Snapdragon 855 Plus,12.0,256.0,64.0,4,32.0,4200,30.0,LCD,6.6,476587
Xiaomi,Xiaomi Redmi 6,7499,Budget Tier,MediaTek,MediaTek Helio P22,3.0,32.0,12.0,2,5.0,3000,,LCD,5.45,
realme,realme 15x 8GB RAM,27299,Mid Tier,MediaTek,MediaTek Dimensity 6300,8.0,128.0,50.0,1,50.0,7000,60.0,LCD,6.8,
POCO,POCO C65 6GB RAM,9499,Budget Tier,MediaTek,MediaTek Helio G85,6.0,128.0,50.0,2,8.0,5000,18.0,LCD,6.74,238770
POCO,POCO M5,12499,Budget Tier,MediaTek,MediaTek Helio G99,4.0,64.0,50.0,3,8.0,5000,18.0,LCD,6.58,0
Samsung,Samsung Galaxy A26 6GB RAM,21499,Mid Tier,Samsung,Samsung Exynos 1380,6.0,128.0,50.0,3,13.0,5000,25.0,AMOLED,6.7,
Samsung,Samsung Galaxy M14 4G 128GB,11999,Budget Tier,Snapdragon,Snapdragon 680,6.0,128.0,50.0,3,13.0,5000,25.0,LCD,6.7,
Infinix,Infinix Hot 70 Pro 5G 8GB RAM,27999,Mid Tier,MediaTek,MediaTek Dimensity 7100,8.0,128.0,50.0,1,8.0,6000,45.0,LCD,6.76,756960
Samsung,"Samsung Galaxy A37 5G 256GB, 12GB RAM",51499,Ultra-Premium Tier,Samsung,Samsung Exynos 1480,12.0,256.0,50.0,3,12.0,5000,45.0,AMOLED,6.7,1053896
Moto,Moto G62 5G,21999,Mid Tier,Snapdragon,Snapdragon 695,6.0,128.0,50.0,3,16.0,5000,20.0,LCD,6.5,404601
realme,realme 3 Pro,15999,Mid Tier,Snapdragon,Snapdragon 710,4.0,64.0,16.0,2,25.0,4045,,LCD,6.3,120973
Lava,Lava Shark 2,11399,Budget Tier,Unisoc,Unisoc T7250,4.0,64.0,50.0,1,8.0,5000,18.0,LCD,6.75,
Moto,Moto G73,21999,Mid Tier,MediaTek,MediaTek Dimensity 930,8.0,128.0,50.0,2,16.0,5000,30.0,LCD,6.5,418744
POCO,POCO X8 5G 8GB RAM,32999,High Tier,Snapdragon,Snapdragon 6s Gen 4,8.0,128.0,50.0,2,16.0,9000,67.0,AMOLED,6.83,
OPPO,OPPO F33 5G 256GB 8GB RAM,38999,High Tier,MediaTek,MediaTek Dimensity 6360 Max,8.0,256.0,50.0,2,16.0,7000,80.0,AMOLED,6.57,
iQOO,iQOO Z11xa 5G,28999,Mid Tier,MediaTek,MediaTek Dimensity 7400 Turbo,8.0,128.0,50.0,2,32.0,7200,44.0,LCD,6.76,
realme,realme C83 5G 128GB,19499,Mid Tier,MediaTek,MediaTek Dimensity 6300,4.0,128.0,13.0,1,5.0,7000,15.0,LCD,6.7,561364
Samsung,Samsung Galaxy S25 FE 512GB,77999,Ultra-Premium Tier,Samsung,Samsung Exynos 2400 S5E9945,8.0,512.0,50.0,3,12.0,4900,45.0,AMOLED,6.7,2069599
Samsung,Samsung Galaxy A23,22900,Mid Tier,Snapdragon,Snapdragon 680,6.0,128.0,50.0,4,8.0,5000,25.0,LCD,6.6,
Motorola,Motorola Edge 20 Fusion,24999,Mid Tier,MediaTek,MediaTek Dimensity 800U,6.0,128.0,108.0,3,32.0,5000,30.0,OLED,6.7,361183
OPPO,OPPO Reno16c 5G 256GB 12GB RAM,59999,Ultra-Premium Tier,MediaTek,MediaTek Dimensity 7300,12.0,256.0,50.0,3,50.0,6500,45.0,AMOLED,6.57,985594
iQOO,iQOO Z10R 256GB 12GB RAM,34990,High Tier,MediaTek,MediaTek Dimensity 7400,12.0,256.0,50.0,2,32.0,5700,44.0,AMOLED,6.77,
Samsung,Samsung Galaxy F12 128GB,10499,Budget Tier,Samsung,Samsung Exynos 8 Octa 850,4.0,128.0,48.0,4,8.0,6000,15.0,LCD,6.5,101743
iQOO,iQOO Z10 Lite 6GB RAM,23990,Mid Tier,MediaTek,MediaTek Dimensity 6300,6.0,128.0,50.0,2,5.0,6000,15.0,LCD,6.74,
Samsung,Samsung Galaxy F06 6GB RAM,15499,Mid Tier,MediaTek,MediaTek Dimensity 6300,6.0,128.0,50.0,2,8.0,5000,25.0,LCD,6.7,
Moto,Moto G40 Fusion,16999,Mid Tier,Snapdragon,Snapdragon 732G,4.0,64.0,64.0,3,16.0,6000,20.0,LCD,6.8,241808
realme,realme GT 6T 12GB RAM,36999,High Tier,Snapdragon,Snapdragon 7 Plus Gen 3,12.0,256.0,50.0,2,32.0,5500,120.0,AMOLED,6.78,
Samsung,Samsung Galaxy A34 8GB RAM,24999,Mid Tier,MediaTek,MediaTek Dimensity 1080,8.0,128.0,48.0,3,13.0,5000,25.0,AMOLED,6.6,
Samsung,Samsung Galaxy S23 Ultra 5G 512GB,90999,Ultra-Premium Tier,Snapdragon,Snapdragon 8 Gen 2,12.0,512.0,200.0,4,12.0,5000,45.0,AMOLED,6.8,1226598
Samsung,Samsung Galaxy Z Flip 4 5G,89999,Ultra-Premium Tier,Snapdragon,Snapdragon 8 Plus Gen 1,8.0,128.0,12.0,2,10.0,3700,25.0,AMOLED,6.7,937952
Samsung,Samsung Galaxy S26 Plus 512GB,108499,Ultra-Premium Tier,Samsung,Samsung Exynos 2600,12.0,512.0,50.0,3,12.0,4900,45.0,AMOLED,6.7,3106879
Samsung,Samsung Galaxy Z Fold 3,149999,Ultra-Premium Tier,Snapdragon,Snapdragon 888,12.0,256.0,12.0,3,10.0,4400,25.0,AMOLED,7.6,752498
realme,realme C83 5G 128GB 6GB RAM,22499,Mid Tier,MediaTek,MediaTek Dimensity 6300,6.0,128.0,13.0,1,5.0,7000,15.0,LCD,6.7,561364
Infinix,Infinix GT 30 Pro 12GB RAM,34999,High Tier,MediaTek,MediaTek Dimensity 8350 Ultimate,12.0,256.0,108.0,2,13.0,5500,45.0,AMOLED,6.78,1349476
POCO,POCO X6 5G 12GB RAM,26999,Mid Tier,Snapdragon,Snapdragon 7s Gen 2,12.0,256.0,64.0,3,16.0,5100,67.0,AMOLED,6.67,
Google,Google Pixel 8 256GB,54999,Ultra-Premium Tier,Google,Google Tensor G3,8.0,256.0,50.0,2,10.5,4575,27.0,OLED,6.2,1017180
Motorola,Motorola Edge 30 Fusion,30990,High Tier,Snapdragon,Snapdragon 888 Plus,8.0,128.0,50.0,3,32.0,4400,68.0,POLED,6.55,850308
Ai+,Ai+ Pulse 128GB,9999,Budget Tier,Unisoc,Unisoc T615,6.0,128.0,50.0,1,5.0,5000,,LCD,6.7,
Samsung,Samsung Galaxy A14 5G 4GB RAM,15499,Mid Tier,Samsung,Samsung Exynos 1330,4.0,128.0,50.0,3,13.0,5000,15.0,LCD,6.6,
Moto,Moto G71 5G,19399,Mid Tier,Snapdragon,Snapdragon 695,6.0,128.0,50.0,3,16.0,5000,33.0,AMOLED,6.4,373256
POCO,POCO X8 5G 8GB RAM 256GB,35999,High Tier,Snapdragon,Snapdragon 6s Gen 4,8.0,256.0,50.0,2,16.0,9000,67.0,AMOLED,6.83,
vivo,vivo V70 12GB RAM,64999,Ultra-Premium Tier,Snapdragon,Snapdragon 7 Gen 4,12.0,256.0,50.0,3,50.0,6500,90.0,AMOLED,6.59,
realme,realme Narzo 90X 6GB RAM,21499,Mid Tier,MediaTek,MediaTek Dimensity 6300,6.0,128.0,50.0,1,8.0,7000,60.0,LCD,6.8,
Google,Google Pixel 11 Pro  16GB RAM 512GB,134999,Ultra-Premium Tier,Google,Google Tensor G6,16.0,512.0,50.0,3,42.0,4850,30.0,OLED,6.3,1421232
POCO,POCO F6 12GB RAM,33990,High Tier,Snapdragon,Snapdragon 8s Gen 3,12.0,256.0,50.0,2,20.0,5000,90.0,AMOLED,6.67,
Samsung,Samsung Galaxy F34,24499,Mid Tier,Samsung,Samsung Exynos 1280,6.0,128.0,50.0,3,13.0,6000,25.0,AMOLED,6.5,
Samsung,Samsung Galaxy M52 5G 8GB RAM,25749,Mid Tier,Snapdragon,Snapdragon 778G,8.0,128.0,64.0,3,32.0,5000,25.0,AMOLED,6.7,0
POCO,POCO C85 5G 8GB RAM,15999,Mid Tier,MediaTek,MediaTek Dimensity 6300,8.0,128.0,50.0,1,8.0,6000,33.0,LCD,6.9,553034
realme,realme 16 Pro 256GB,42999,High Tier,MediaTek,MediaTek Dimensity 7300 Max,8.0,256.0,200.0,2,50.0,7000,80.0,AMOLED,6.78,983589
Samsung,Samsung Galaxy Z Flip 4 5G 256GB,51000,Ultra-Premium Tier,Snapdragon,Snapdragon 8 Plus Gen 1,8.0,256.0,12.0,2,10.0,3700,25.0,AMOLED,6.7,937952
Xiaomi,Xiaomi 11 Lite NE 5G,26999,Mid Tier,Snapdragon,Snapdragon 778G,6.0,128.0,64.0,3,20.0,4250,33.0,AMOLED,6.55,507021
Xiaomi,Xiaomi Redmi 3S Prime,10990,Budget Tier,Snapdragon,Snapdragon 430,3.0,32.0,13.0,1,5.0,4100,,LCD,5.0,
realme,realme C15,11999,Budget Tier,MediaTek,MediaTek Helio G35,3.0,32.0,13.0,4,8.0,6000,18.0,LCD,6.52,112822
Ai+,Ai+ Nova 2 5G 6GB RAM 128GB,14999,Budget Tier,Unisoc,Unisoc T8200,6.0,128.0,50.0,2,8.0,6000,18.0,LCD,6.75,513416
realme,realme P4 256GB 8GB RAM,31899,High Tier,MediaTek,MediaTek Dimensity 7400 Ultra,8.0,256.0,50.0,2,16.0,7000,80.0,AMOLED,6.77,
realme,realme GT 6T 256GB,28999,Mid Tier,Snapdragon,Snapdragon 7 Plus Gen 3,8.0,256.0,50.0,2,32.0,5500,120.0,AMOLED,6.78,
Nokia,Nokia C30,9999,Budget Tier,Unisoc,Unisoc SC9863A,3.0,32.0,13.0,2,5.0,6000,10.0,LCD,6.82,0
Xiaomi,Xiaomi Redmi Note 5,8499,Budget Tier,Snapdragon,Snapdragon 625,3.0,32.0,12.0,1,5.0,4000,,LCD,5.99,
Xiaomi,Xiaomi Redmi Note 13 256GB,26999,Mid Tier,MediaTek,MediaTek Dimensity 6080,8.0,256.0,108.0,3,16.0,5000,33.0,AMOLED,6.67,453830
realme,realme C55 128GB,13999,Budget Tier,MediaTek,MediaTek Helio G88,8.0,128.0,64.0,2,8.0,5000,33.0,LCD,6.72,253333
Infinix,Infinix Note 11,12499,Budget Tier,MediaTek,MediaTek Helio G88,4.0,64.0,50.0,2,16.0,5000,33.0,AMOLED,6.7,214671
realme,realme C21Y 64GB,8499,Budget Tier,Unisoc,Unisoc T610,4.0,64.0,13.0,3,5.0,5000,10.0,LCD,6.5,162658
Samsung,Samsung Galaxy S20 FE,46999,Ultra-Premium Tier,Samsung,Samsung Exynos 9 Octa 990,8.0,128.0,12.0,3,32.0,4500,25.0,AMOLED,6.5,415785
OPPO,OPPO Reno16 5G 12GB RAM,72999,Ultra-Premium Tier,Snapdragon,Snapdragon 7 Gen 4,12.0,256.0,50.0,3,50.0,6700,80.0,AMOLED,6.32,1457989
Apple,Apple iPhone 17 Pro Max 512GB,161990,Ultra-Premium Tier,Apple,Apple A19 Pro,12.0,512.0,48.0,3,18.0,4832,40.0,OLED,6.9,2521699
Apple,Apple iPhone 16 256GB,77900,Ultra-Premium Tier,Apple,Apple A18,8.0,256.0,48.0,2,12.0,3561,20.0,OLED,6.1,1764170
POCO,POCO X6 Pro 512GB,39800,High Tier,MediaTek,MediaTek Dimensity 8300 Ultra,12.0,512.0,64.0,3,16.0,5000,67.0,AMOLED,6.67,1299678
realme,realme C33 2023,9999,Budget Tier,Unisoc,Unisoc T612,4.0,64.0,50.0,2,5.0,5000,10.0,LCD,6.5,
Xiaomi,Xiaomi Redmi Y2 (Redmi S2),10499,Budget Tier,Snapdragon,Snapdragon 625,3.0,32.0,12.0,2,16.0,3080,10.0,LCD,5.99,
Samsung,Samsung Galaxy A06 5G 6GB RAM,18494,Mid Tier,MediaTek,MediaTek Dimensity 6300,6.0,128.0,50.0,2,8.0,5000,25.0,LCD,6.7,
Samsung,Samsung Galaxy M10,7899,Budget Tier,Samsung,Samsung Exynos 7 Octa 7870,2.0,,13.0,2,5.0,3400,,TFT,6.22,
Samsung,Samsung Galaxy Z Fold 8 16GB RAM 1TB,239999,Ultra-Premium Tier,Snapdragon,Snapdragon 8 Elite Gen 5,16.0,1.0,50.0,2,10.0,4800,45.0,AMOLED,7.6,3252918
Xiaomi,Xiaomi Redmi Note 15 256GB,31999,High Tier,Snapdragon,Snapdragon 6 Gen 3,8.0,256.0,108.0,2,20.0,5520,45.0,AMOLED,6.77,868311
realme,realme 15x 256GB 8GB RAM,29499,Mid Tier,MediaTek,MediaTek Dimensity 6300,8.0,256.0,50.0,1,50.0,7000,60.0,LCD,6.8,
Nothing,Nothing Phone 2a 12GB RAM,175537,Ultra-Premium Tier,MediaTek,MediaTek Dimensity 7200 Pro,12.0,256.0,50.0,2,32.0,5000,45.0,AMOLED,6.7,707480
vivo,vivo T1 Pro 5G 8GB RAM,23935,Mid Tier,Snapdragon,Snapdragon 778G,8.0,128.0,64.0,3,16.0,4700,66.0,AMOLED,6.44,
realme,realme C21Y,7499,Budget Tier,Unisoc,Unisoc T610,3.0,32.0,13.0,3,5.0,5000,10.0,LCD,6.5,162658
POCO,POCO M4 Pro 5G,16999,Mid Tier,MediaTek,MediaTek Dimensity 810,4.0,64.0,50.0,2,16.0,5000,33.0,LCD,6.6,352377
Samsung,Samsung Galaxy A22,18149,Mid Tier,MediaTek,MediaTek Helio G80,6.0,128.0,48.0,4,13.0,5000,15.0,AMOLED,6.4,230190
Moto,Moto G40 Fusion 128GB,18499,Mid Tier,Snapdragon,Snapdragon 732G,6.0,128.0,64.0,3,16.0,6000,20.0,LCD,6.8,241808
realme,realme 2,9990,Budget Tier,Snapdragon,Snapdragon 450,3.0,32.0,13.0,2,8.0,4230,,LCD,6.2,
realme,realme P4 Lite 5G 128GB,18999,Mid Tier,MediaTek,MediaTek Dimensity 6300,4.0,128.0,13.0,1,5.0,7000,15.0,LCD,6.8,
Samsung,Samsung Galaxy A56 12GB RAM 256GB,43990,High Tier,Samsung,Samsung Exynos 1580,12.0,256.0,50.0,3,12.0,5000,45.0,AMOLED,6.7,919985
Samsung,Samsung Galaxy S24 5G 128GB,54499,Ultra-Premium Tier,Samsung,Samsung Exynos 2400,8.0,128.0,50.0,3,12.0,4000,25.0,AMOLED,6.2,
Samsung,Samsung Galaxy M55 5G 256GB,31999,High Tier,Snapdragon,Snapdragon 7 Gen 1,8.0,256.0,50.0,3,50.0,5000,45.0,AMOLED,6.7,584312
Samsung,Samsung Galaxy S22 Ultra 1TB,134999,Ultra-Premium Tier,Snapdragon,Snapdragon 8 Gen 1,12.0,1.0,108.0,4,40.0,5000,45.0,AMOLED,6.8,
Xiaomi,Xiaomi Redmi Note 10 Pro Max 128GB,22999,Mid Tier,Snapdragon,Snapdragon 732G,6.0,128.0,108.0,4,16.0,5020,33.0,AMOLED,6.67,269467
OPPO,"OPPO Reno15 512GB, 12GB RAM",55999,Ultra-Premium Tier,Snapdragon,Snapdragon 7 Gen 4,12.0,512.0,50.0,3,50.0,6500,80.0,AMOLED,6.59,
OPPO,OPPO A6x 128GB,20999,Mid Tier,MediaTek,MediaTek Dimensity 6300,4.0,128.0,13.0,1,5.0,6500,45.0,LCD,6.75,
Alcatel,Alcatel V3 Ultra 8GB RAM,20840,Mid Tier,MediaTek,MediaTek Dimensity 6300,8.0,128.0,108.0,3,32.0,5010,33.0,LCD,6.78,376729
Samsung,Samsung Galaxy A15 5G 6GB RAM,17999,Mid Tier,MediaTek,MediaTek Dimensity 6100 Plus,6.0,128.0,50.0,3,13.0,5000,25.0,AMOLED,6.5,
Xiaomi,Xiaomi Redmi Note 13 Pro Plus 5G 12GB RAM,33900,High Tier,MediaTek,MediaTek Dimensity 7200 Ultra,12.0,256.0,200.0,3,16.0,5000,120.0,AMOLED,6.67,715627
Samsung,Samsung Galaxy A15 5G 256GB,22499,Mid Tier,MediaTek,MediaTek Dimensity 6100 Plus,8.0,256.0,50.0,3,13.0,5000,25.0,AMOLED,6.5,
Motorola,Motorola Edge 40 Neo 256GB,28999,Mid Tier,MediaTek,MediaTek Dimensity 7030,12.0,256.0,50.0,2,32.0,5000,68.0,POLED,6.55,429243
realme,realme C30s 64GB,10990,Budget Tier,Unisoc,Unisoc SC9863A,4.0,64.0,8.0,1,5.0,5000,10.0,LCD,6.5,
POCO,POCO X4 Pro 128GB,19499,Mid Tier,Snapdragon,Snapdragon 695,6.0,128.0,64.0,3,16.0,5000,67.0,AMOLED,6.67,393322
Xiaomi,Xiaomi Redmi 10,13999,Budget Tier,Snapdragon,Snapdragon 680,4.0,64.0,50.0,2,5.0,6000,18.0,LCD,6.7,188943
Apple,Apple iPhone 13 512GB,79900,Ultra-Premium Tier,Apple,Apple A15 Bionic,4.0,512.0,12.0,2,12.0,3227,20.0,OLED,6.1,
Samsung,Samsung Galaxy A70s,31000,High Tier,Snapdragon,Snapdragon 675,6.0,128.0,64.0,3,32.0,4500,25.0,AMOLED,6.7,204400
Xiaomi,Xiaomi Redmi Note 5 64GB,9118,Budget Tier,Snapdragon,Snapdragon 625,4.0,64.0,12.0,1,5.0,4000,,LCD,5.99,
Xiaomi,Xiaomi Redmi Note 4,9999,Budget Tier,Snapdragon,Snapdragon 625,4.0,64.0,13.0,1,5.0,4100,,LCD,5.5,
Samsung,Samsung Galaxy Z Fold 8 512GB,199999,Ultra-Premium Tier,Snapdragon,Snapdragon 8 Elite Gen 5,12.0,512.0,50.0,2,10.0,4800,45.0,AMOLED,7.6,3252918
Samsung,Samsung Galaxy Z Fold 8 Ultra 512GB,219999,Ultra-Premium Tier,Snapdragon,Snapdragon 8 Elite Gen 5,12.0,512.0,200.0,3,10.0,5000,45.0,AMOLED,8.0,3074056
realme,realme Narzo 100 Lite 5G 128GB,19999,Mid Tier,MediaTek,MediaTek Dimensity 6300,4.0,128.0,13.0,1,5.0,7000,15.0,LCD,6.81,
realme,realme C85 6GB RAM,21990,Mid Tier,MediaTek,MediaTek Dimensity 6300,6.0,128.0,50.0,1,8.0,7000,45.0,LCD,6.8,
POCO,POCO C85 5G 6GB RAM,18593,Mid Tier,MediaTek,MediaTek Dimensity 6300,6.0,128.0,50.0,1,8.0,6000,33.0,LCD,6.9,553034
Apple,Apple iPhone Air 512GB,121900,Ultra-Premium Tier,A19,A19 Pro,8.0,512.0,48.0,1,18.0,3149,20.0,OLED,6.5,2067200
Samsung,Samsung Galaxy S25 Ultra 512GB,139999,Ultra-Premium Tier,Snapdragon,Snapdragon 8 Elite,12.0,512.0,200.0,4,12.0,5000,45.0,AMOLED,6.9,2209231
Samsung,Samsung Galaxy M14 6GB RAM,14990,Budget Tier,Samsung,Samsung Exynos 1330,6.0,128.0,50.0,3,13.0,6000,25.0,LCD,6.6,
Samsung,Samsung Galaxy M33 5G 8GB RAM,18499,Mid Tier,Samsung,Samsung Exynos 1280,8.0,128.0,50.0,4,8.0,6000,25.0,TFT,6.6,400373
POCO,POCO X4 Pro 8GB RAM,21600,Mid Tier,Snapdragon,Snapdragon 695,8.0,128.0,64.0,3,16.0,5000,67.0,AMOLED,6.67,0
realme,realme Narzo 50A 128GB,12499,Budget Tier,MediaTek,MediaTek Helio G85,4.0,128.0,50.0,3,8.0,6000,18.0,LCD,6.5,218890
Samsung,Samsung Galaxy F42 8GB RAM,22990,Mid Tier,MediaTek,MediaTek Dimensity 700,8.0,128.0,64.0,3,8.0,5000,15.0,TFT,6.6,332186
OnePlus,OnePlus 9 Pro 256GB,54999,Ultra-Premium Tier,Snapdragon,Snapdragon 888,12.0,256.0,48.0,4,16.0,4500,65.0,AMOLED,6.7,697091
Itel,Itel Zeno 100 Pro 4G 4GB RAM,9599,Budget Tier,Unisoc,Unisoc T7100,4.0,64.0,8.0,1,5.0,5000,10.0,LCD,6.56,
realme,realme 15 256GB,31999,High Tier,MediaTek,MediaTek Dimensity 7300 Plus,8.0,256.0,50.0,2,50.0,7000,80.0,AMOLED,6.8,728221
OPPO,OPPO Reno13 Pro 512GB,54999,Ultra-Premium Tier,MediaTek,MediaTek Dimensity 8350,12.0,512.0,50.0,3,50.0,5800,80.0,AMOLED,6.83,1146605
Nokia,Nokia C22,12990,Budget Tier,Unisoc,Unisoc SC9863A,2.0,64.0,13.0,2,8.0,5000,10.0,LCD,6.5,
Lava,Lava Blaze Nxt,10499,Budget Tier,MediaTek,MediaTek Helio G37,4.0,64.0,13.0,2,8.0,5000,10.0,LCD,6.5,
Moto,Moto G82,21303,Mid Tier,Snapdragon,Snapdragon 695,6.0,128.0,50.0,3,16.0,5000,30.0,POLED,6.6,408898
Moto,Moto G51 5G,16290,Mid Tier,Snapdragon,Snapdragon 480 Plus,4.0,64.0,50.0,3,13.0,5000,20.0,LCD,6.8,242567
Xiaomi,Xiaomi Redmi Note 7 Pro 6GB RAM,10995,Budget Tier,Snapdragon,Snapdragon 675,6.0,64.0,48.0,2,13.0,4000,,LCD,6.3,181423
Tecno,Tecno Spark Go 3 Pro 4G 128GB,16999,Mid Tier,MediaTek,MediaTek Helio G81,4.0,128.0,13.0,1,8.0,5200,10.0,LCD,6.78,371151
Xiaomi,Xiaomi Redmi 15A 5G 128GB,17289,Mid Tier,Unisoc,Unisoc T8300,4.0,128.0,32.0,1,8.0,6300,15.0,LCD,6.9,
OPPO,OPPO A6 6GB RAM,28999,Mid Tier,MediaTek,MediaTek Dimensity 6300,6.0,128.0,50.0,2,16.0,7000,45.0,AMOLED,6.57,
realme,realme 11x 5G 8GB RAM,18497,Mid Tier,MediaTek,MediaTek Dimensity 6100 Plus,8.0,128.0,64.0,2,8.0,5000,33.0,LCD,6.72,428371
Xiaomi,Xiaomi Redmi 11 Prime 5G 128GB,16999,Mid Tier,MediaTek,MediaTek Dimensity 700,6.0,128.0,50.0,2,8.0,5000,18.0,LCD,6.58,385734
realme,realme 9i 4GB RAM,16990,Mid Tier,Snapdragon,Snapdragon 680,4.0,128.0,50.0,3,16.0,5000,33.0,LCD,6.6,
iQOO,iQOO 9 SE 256GB,34899,High Tier,Snapdragon,Snapdragon 888,12.0,256.0,48.0,3,16.0,4500,66.0,AMOLED,6.62,850550
Infinix,Infinix Hot 11,9999,Budget Tier,MediaTek,MediaTek Helio G70,4.0,64.0,13.0,2,8.0,5200,10.0,LCD,6.6,
Lenovo,Lenovo K8 Plus,10990,Budget Tier,MediaTek,MediaTek MT6757CD,3.0,32.0,13.0,2,8.0,4000,,LCD,5.2,
OPPO,OPPO F33 5G 8GB RAM,32999,High Tier,MediaTek,MediaTek Dimensity 6360 Max,8.0,128.0,50.0,2,16.0,7000,80.0,AMOLED,6.57,
Apple,Apple iPhone Air 1TB,141900,Ultra-Premium Tier,Apple,Apple A19 Pro,8.0,1.0,48.0,1,18.0,3149,20.0,OLED,6.5,2067200
OPPO,OPPO F31 Pro Plus 12GB,34999,High Tier,Snapdragon,Snapdragon 7 Gen 3,12.0,256.0,50.0,2,32.0,7000,80.0,AMOLED,6.79,1077869
realme,realme 14 Pro Plus 12GB RAM,34999,High Tier,Snapdragon,Snapdragon 7s Gen 3,12.0,256.0,50.0,3,32.0,6000,80.0,OLED,6.83,
Motorola,Motorola Razr 50,64990,Ultra-Premium Tier,MediaTek,MediaTek Dimensity 7300X,8.0,256.0,50.0,2,32.0,4200,33.0,POLED,6.9,619345
Samsung,Samsung Galaxy A05s 4GB RAM,13499,Budget Tier,Snapdragon,Snapdragon 680,4.0,128.0,50.0,3,13.0,5000,25.0,LCD,6.7,
Google,Google Pixel 8 Pro 256GB,113999,Ultra-Premium Tier,Google,Google Tensor G3,12.0,256.0,50.0,3,10.5,5050,30.0,OLED,6.7,
Samsung,Samsung Galaxy A05s,14999,Budget Tier,Snapdragon,Snapdragon 680,6.0,128.0,50.0,3,13.0,5000,25.0,LCD,6.7,
POCO,POCO X5 Pro 256GB,26999,Mid Tier,Snapdragon,Snapdragon 778G,8.0,256.0,108.0,3,16.0,5000,67.0,AMOLED,6.67,534537
realme,realme GT Neo 3 5G 256GB,38999,High Tier,MediaTek,MediaTek Dimensity 8100,8.0,256.0,50.0,3,16.0,5000,80.0,AMOLED,6.7,820539
Samsung,Samsung Galaxy M53 5G 8GB RAM,28499,Mid Tier,MediaTek,MediaTek Dimensity 900,8.0,128.0,108.0,4,32.0,5000,25.0,AMOLED,6.7,0
iQOO,iQOO 9 256GB,50650,Ultra-Premium Tier,Snapdragon,Snapdragon 888 Plus,12.0,256.0,48.0,3,16.0,4350,120.0,AMOLED,6.56,857984
Nokia,Nokia C30 64GB,10999,Budget Tier,Unisoc,Unisoc SC9863A,4.0,64.0,13.0,2,5.0,6000,10.0,LCD,6.82,91300
Nokia,Nokia G10,12999,Budget Tier,MediaTek,MediaTek Helio G25,4.0,64.0,13.0,3,8.0,5050,10.0,LCD,6.5,115616
OnePlus,OnePlus 9 256GB,39999,High Tier,Snapdragon,Snapdragon 888,12.0,256.0,48.0,3,16.0,4500,65.0,AMOLED,6.55,721281
OnePlus,OnePlus 8T 256GB,34999,High Tier,Snapdragon,Snapdragon 865,12.0,256.0,48.0,4,16.0,4500,65.0,AMOLED,6.55,579790
POCO,POCO M2,15990,Mid Tier,MediaTek,MediaTek Helio G80,6.0,64.0,13.0,4,8.0,5000,18.0,LCD,6.53,251390
Google,Google Pixel 11 512GB,104999,Ultra-Premium Tier,Google,Google Tensor G6,12.0,512.0,48.0,3,10.5,4985,30.0,OLED,6.3,1690573
realme,"realme P4 Lite 5G 128GB, 6GB RAM",21699,Mid Tier,MediaTek,MediaTek Dimensity 6300,6.0,128.0,13.0,1,5.0,7000,15.0,LCD,6.8,
OPPO,OPPO A6s 6GB RAM,23998,Mid Tier,MediaTek,MediaTek Dimensity 6300,6.0,128.0,50.0,2,5.0,6500,45.0,LCD,6.75,
Infinix,Infinix Note Edge 8GB RAM,28999,Mid Tier,MediaTek,MediaTek Dimensity 7100,8.0,128.0,50.0,1,13.0,6500,45.0,AMOLED,6.78,
realme,realme 15 256GB 12GB RAM,32998,High Tier,MediaTek,MediaTek Dimensity 7300 Plus,12.0,256.0,50.0,2,50.0,7000,80.0,AMOLED,6.8,728221
OPPO,OPPO A5 Pro 256GB,27990,Mid Tier,MediaTek,MediaTek Dimensity 6300,8.0,256.0,50.0,2,8.0,5800,45.0,LCD,6.67,
OPPO,OPPO Reno12 Pro 512GB,52499,Ultra-Premium Tier,MediaTek,MediaTek Dimensity 7300 Energy,12.0,512.0,50.0,3,50.0,5000,80.0,AMOLED,6.7,638962
realme,realme Narzo 70x 5G 6GB RAM,17999,Mid Tier,MediaTek,MediaTek Dimensity 6100 Plus,6.0,128.0,50.0,2,8.0,5000,45.0,LCD,6.72,404437
Samsung,Samsung Galaxy A55 12GB RAM,47990,Ultra-Premium Tier,Samsung,Samsung Exynos 1480,12.0,256.0,50.0,3,32.0,5000,25.0,AMOLED,6.6,733093
Samsung,Samsung Galaxy A25 5G 256GB,29999,Mid Tier,Samsung,Samsung Exynos 1280,8.0,256.0,50.0,3,13.0,5000,25.0,AMOLED,6.5,
Samsung,Samsung Galaxy S23 FE 256GB,54999,Ultra-Premium Tier,Samsung,Samsung Exynos 2200,8.0,256.0,50.0,3,10.0,4500,25.0,AMOLED,6.4,1073002
Moto,Moto G32 128GB,18999,Mid Tier,Snapdragon,Snapdragon 680,8.0,128.0,50.0,3,16.0,5000,33.0,LCD,6.5,245680
Xiaomi,Xiaomi Redmi 11 Prime 128GB,17999,Mid Tier,MediaTek,MediaTek Helio G99,6.0,128.0,50.0,3,8.0,5000,18.0,LCD,6.58,
vivo,vivo V25 Pro 5G 256GB,37490,High Tier,MediaTek,MediaTek Dimensity 1300,12.0,256.0,64.0,3,32.0,4830,66.0,AMOLED,6.56,705961
Xiaomi,Xiaomi Mi 11T Pro 5G 12GB RAM,37758,High Tier,Snapdragon,Snapdragon 888,12.0,256.0,108.0,3,16.0,5000,120.0,AMOLED,6.67,806992
Xiaomi,Xiaomi Mi 11i 8GB RAM,24990,Mid Tier,MediaTek,MediaTek Dimensity 920,8.0,128.0,108.0,3,16.0,5160,67.0,AMOLED,6.67,781006
Xiaomi,Xiaomi 11i HyperCharge 8GB RAM,32990,High Tier,MediaTek,MediaTek Dimensity 920,8.0,128.0,108.0,3,16.0,4500,120.0,AMOLED,6.67,0
Xiaomi,Xiaomi Redmi Note 11T 5G 8GB RAM,18998,Mid Tier,MediaTek,MediaTek Dimensity 810,8.0,128.0,50.0,2,16.0,5000,33.0,LCD,6.6,394082
Moto,Moto E40,10999,Budget Tier,Unisoc,Unisoc T700,4.0,64.0,48.0,3,8.0,5000,10.0,LCD,6.5,
POCO,POCO C31 64GB,9490,Budget Tier,MediaTek,MediaTek Helio G35,4.0,64.0,13.0,3,5.0,5000,10.0,LCD,6.53,124264
Samsung,Samsung Galaxy A52s 5G 8GB RAM,32499,High Tier,Snapdragon,Snapdragon 778G,8.0,128.0,64.0,4,32.0,4500,25.0,AMOLED,6.5,495352
Samsung,Samsung Galaxy M21 2021 128GB,13999,Budget Tier,Samsung,Samsung Exynos 9 Octa 9611,6.0,128.0,48.0,3,20.0,6000,15.0,AMOLED,6.4,
realme,realme C25s,12990,Budget Tier,MediaTek,MediaTek Helio G85,4.0,64.0,13.0,3,8.0,6000,18.0,LCD,6.5,220165
Xiaomi,Xiaomi Mi 10T Pro,32999,High Tier,Snapdragon,Snapdragon 865,8.0,128.0,108.0,3,20.0,5000,33.0,LCD,6.67,567321
Xiaomi,Xiaomi Mi 10T,24799,Mid Tier,Snapdragon,Snapdragon 865,6.0,128.0,64.0,3,20.0,5000,33.0,LCD,6.67,592540
Xiaomi,Xiaomi Redmi Note 9 128GB,12499,Budget Tier,MediaTek,MediaTek Helio G85,4.0,128.0,48.0,4,13.0,5020,22.5,LCD,6.53,200953
OnePlus,OnePlus 7 256GB,33999,High Tier,Snapdragon,Snapdragon 855,6.0,256.0,48.0,2,16.0,3700,20.0,AMOLED,6.41,369292
Samsung,Samsung Galaxy M30 128GB,16999,Mid Tier,Samsung,Samsung Exynos 7 Octa 7904,6.0,128.0,13.0,3,16.0,5000,15.0,AMOLED,6.4,
Tecno,Tecno Pova 8 5G 8GB 128GB,31999,High Tier,MediaTek,MediaTek Dimensity 7100,8.0,128.0,50.0,1,13.0,8000,45.0,LCD,6.76,
Lava,Lava Bold N2 Pro,123131,Ultra-Premium Tier,Unisoc,Unisoc T7250,4.0,128.0,50.0,1,8.0,5000,18.0,LCD,6.75,
realme,"realme 16 256GB, 12GB RAM",42999,High Tier,MediaTek,MediaTek Dimensity 6400 Turbo,12.0,256.0,50.0,2,50.0,7000,60.0,AMOLED,6.57,
vivo,vivo V70 Elite 12GB RAM,71999,Ultra-Premium Tier,Snapdragon,Snapdragon 8s Gen 3,12.0,256.0,50.0,3,50.0,6500,90.0,AMOLED,6.59,1815619
OPPO,OPPO A6 6GB RAM 256GB,31999,High Tier,MediaTek,MediaTek Dimensity 6300,6.0,256.0,50.0,2,16.0,7000,45.0,AMOLED,6.57,
iQOO,"iQOO Z10 Lite 128GB, 4GB RAM",18999,Mid Tier,MediaTek,MediaTek Dimensity 6300,4.0,128.0,50.0,2,5.0,6000,15.0,LCD,6.74,
Samsung,Samsung Galaxy S25 Plus 512GB,87999,Ultra-Premium Tier,Snapdragon,Snapdragon 8 Elite,12.0,512.0,50.0,3,12.0,4900,45.0,AMOLED,6.7,2298707
Moto,Moto G13,14999,Budget Tier,MediaTek,MediaTek Helio G85,4.0,64.0,50.0,3,8.0,5000,10.0,LCD,6.5,209807
Moto,Moto G13 128GB,13999,Budget Tier,MediaTek,MediaTek Helio G85,4.0,128.0,50.0,3,8.0,5000,10.0,LCD,6.5,209807
Samsung,Samsung Galaxy A04,11999,Budget Tier,MediaTek,MediaTek Helio P35,4.0,64.0,50.0,2,5.0,5000,,LCD,6.5,
Samsung,Samsung Galaxy A04e 64GB,9999,Budget Tier,MediaTek,MediaTek Helio P35,3.0,64.0,13.0,2,5.0,5000,,LCD,6.5,
Samsung,Samsung Galaxy M04 128GB,8499,Budget Tier,MediaTek,MediaTek Helio P35,4.0,128.0,13.0,2,5.0,5000,15.0,LCD,6.5,
Samsung,Samsung Galaxy A53 5G 256GB,42999,High Tier,Samsung,Samsung Exynos 1280,8.0,256.0,64.0,4,32.0,5000,25.0,AMOLED,6.5,
POCO,POCO M5 128GB,14499,Budget Tier,MediaTek,MediaTek Helio G99,6.0,128.0,50.0,3,8.0,5000,18.0,LCD,6.58,366351
Samsung,Samsung Galaxy M13 128GB,13999,Budget Tier,Samsung,Samsung Exynos 850,6.0,128.0,50.0,3,8.0,6000,15.0,LCD,6.6,
Moto,Moto G52 128GB,19999,Mid Tier,Snapdragon,Snapdragon 680,6.0,128.0,50.0,3,16.0,5000,33.0,POLED,6.6,266309
Xiaomi,Xiaomi 11 Lite NE 5G 8GB RAM,27999,Mid Tier,Snapdragon,Snapdragon 778G,8.0,128.0,64.0,3,20.0,4250,33.0,AMOLED,6.55,0
Xiaomi,Xiaomi Redmi 10 Prime 128GB,15700,Mid Tier,MediaTek,MediaTek Helio G88,6.0,128.0,50.0,4,8.0,6000,18.0,LCD,6.5,249038
Motorola,Motorola Edge 20 Fusion 8GB RAM,24980,Mid Tier,MediaTek,MediaTek Dimensity 800U,8.0,128.0,108.0,3,32.0,5000,30.0,OLED,6.7,361183
OnePlus,OnePlus 9R 256GB,37999,High Tier,Snapdragon,Snapdragon 870,12.0,256.0,48.0,4,16.0,4500,65.0,AMOLED,6.55,477462
Moto,Moto G10 Power,12999,Budget Tier,Snapdragon,Snapdragon 460,4.0,64.0,48.0,4,8.0,6000,20.0,LCD,6.5,144364
realme,realme 7i 128GB,14249,Budget Tier,Snapdragon,Snapdragon 662,4.0,128.0,64.0,4,16.0,5000,18.0,LCD,6.5,179231
realme,realme 5 Pro 6GB RAM,13792,Budget Tier,Snapdragon,Snapdragon 712,6.0,64.0,48.0,4,16.0,4035,20.0,LCD,6.3,180355
Samsung,Samsung Galaxy Z Flip 8 512GB,144999,Ultra-Premium Tier,Samsung,Samsung Exynos 2600 S5E9965,12.0,512.0,50.0,2,10.0,4300,25.0,AMOLED,6.9,2317249
Infinix,Infinix Note 60 Pro 5G 256GB,37899,High Tier,Snapdragon,Snapdragon 7s Gen 4,8.0,256.0,50.0,2,13.0,6500,90.0,AMOLED,6.78,1064913
Tecno,Tecno Spark 50 5G 6GB RAM,22999,Mid Tier,MediaTek,MediaTek Dimensity 6400 Ultimate,6.0,128.0,50.0,1,8.0,6500,45.0,LCD,6.78,579646
OPPO,OPPO Reno15 Pro 512GB,72999,Ultra-Premium Tier,MediaTek,MediaTek Dimensity 8450,12.0,512.0,200.0,3,50.0,6500,80.0,AMOLED,6.78,2131620
realme,realme Narzo 90X 8GB RAM,23499,Mid Tier,MediaTek,MediaTek Dimensity 6300,8.0,128.0,50.0,1,8.0,7000,60.0,LCD,6.8,
Samsung,Samsung Galaxy F06 64GB,14928,Budget Tier,MediaTek,MediaTek Dimensity 6300,4.0,64.0,50.0,2,8.0,5000,25.0,LCD,6.7,
Lava,Lava Yuva Star 2,11399,Budget Tier,Unisoc,Unisoc SC9863A,4.0,64.0,13.0,1,5.0,5000,10.0,LCD,6.75,
realme,realme C75 5G 6GB RAM,22990,Mid Tier,MediaTek,MediaTek Dimensity 6300,6.0,128.0,32.0,1,8.0,6000,45.0,LCD,6.67,
OPPO,OPPO Reno13 256GB,40999,High Tier,MediaTek,MediaTek Dimensity 8350,8.0,256.0,50.0,3,50.0,5600,80.0,AMOLED,6.59,
OPPO,OPPO Reno12 Pro Manish Malhotra Limited Edition,53999,Ultra-Premium Tier,MediaTek,MediaTek Dimensity 7300 Energy,12.0,256.0,50.0,3,50.0,5000,80.0,AMOLED,6.7,
Google,Google Pixel 9 Pro Fold,132900,Ultra-Premium Tier,Google,Google Tensor G4,16.0,256.0,48.0,3,10.0,4650,21.0,OLED,8.0,1187754
realme,realme 12 Pro 256GB,35990,High Tier,Snapdragon,Snapdragon 6 Gen 1,8.0,256.0,50.0,3,16.0,5000,67.0,AMOLED,6.7,594028
Samsung,Samsung Galaxy S24 Ultra 1TB,159999,Ultra-Premium Tier,Snapdragon,Snapdragon 8 Gen 3,12.0,1.0,200.0,4,12.0,5000,45.0,AMOLED,6.8,1770105
OPPO,OPPO A58 4G,20900,Mid Tier,MediaTek,MediaTek Helio G85,6.0,128.0,50.0,2,8.0,5000,33.0,LCD,6.72,
Samsung,Samsung Galaxy F34 8GB RAM,25999,Mid Tier,Samsung,Samsung Exynos 1280,8.0,128.0,50.0,3,13.0,6000,25.0,AMOLED,6.5,
Xiaomi,Xiaomi Redmi Note 12 4G,18999,Mid Tier,Snapdragon,Snapdragon 685,6.0,64.0,50.0,3,13.0,5000,33.0,AMOLED,6.67,
Samsung,Samsung Galaxy F14 5G 6GB RAM,15990,Mid Tier,Samsung,Samsung Exynos 1330,6.0,128.0,50.0,2,13.0,6000,25.0,LCD,6.6,
Samsung,Samsung Galaxy A14 5G 8GB RAM,22999,Mid Tier,Samsung,Samsung Exynos 1330,8.0,128.0,50.0,3,13.0,5000,15.0,LCD,6.6,0
Moto,Moto G32,14890,Budget Tier,Snapdragon,Snapdragon 680,4.0,64.0,50.0,3,16.0,5000,33.0,LCD,6.5,245680
Samsung,Samsung Galaxy A23 8GB RAM,24900,Mid Tier,Snapdragon,Snapdragon 680,8.0,128.0,50.0,4,8.0,5000,25.0,LCD,6.6,
Samsung,Samsung Galaxy S22 Plus 256GB,63070,Ultra-Premium Tier,Snapdragon,Snapdragon 8 Gen 1,8.0,256.0,50.0,3,10.0,4500,45.0,AMOLED,6.6,927796
Moto,Moto G31 128GB,16999,Mid Tier,MediaTek,MediaTek Helio G85,6.0,128.0,50.0,3,13.0,5000,20.0,AMOLED,6.4,194210
Samsung,Samsung Galaxy F12,11499,Budget Tier,Samsung,Samsung Exynos 8 Octa 850,4.0,64.0,48.0,4,8.0,6000,15.0,LCD,6.5,101743
realme,realme X7 Pro,29999,Mid Tier,MediaTek,MediaTek Dimensity 1000 Plus,8.0,128.0,64.0,4,32.0,4500,65.0,AMOLED,6.55,518426
realme,realme X50 Pro 8GB RAM,41999,High Tier,Snapdragon,Snapdragon 865,8.0,128.0,64.0,4,32.0,4200,65.0,AMOLED,6.44,581492
Motorola,Motorola One Vision,18999,Mid Tier,Samsung,Samsung Exynos 9 Octa 9609,4.0,128.0,48.0,2,25.0,3500,15.0,LCD,6.3,149177
realme,realme Narzo 100 Lite 5G 6GB RAM 128GB,22999,Mid Tier,MediaTek,MediaTek Dimensity 6300,6.0,128.0,13.0,1,5.0,7000,15.0,LCD,6.81,
realme,realme P4 Lite 4G 128GB,14674,Budget Tier,Unisoc,Unisoc T7250,4.0,128.0,13.0,1,5.0,6300,15.0,LCD,6.74,363960
realme,"realme 16 Pro 256GB, 12GB RAM",47599,Ultra-Premium Tier,MediaTek,MediaTek Dimensity 7300 Max,12.0,256.0,200.0,2,50.0,7000,80.0,AMOLED,6.78,983589
Samsung,Samsung Galaxy Z Fold7 1TB,186999,Ultra-Premium Tier,Snapdragon,Snapdragon 8 Elite,16.0,1.0,200.0,3,10.0,4400,25.0,AMOLED,8.0,
Acer,Acer Super ZX 8GB RAM,19499,Mid Tier,MediaTek,MediaTek Dimensity 6300,8.0,128.0,64.0,3,13.0,5000,33.0,LCD,6.8,
realme,realme 14 Pro 256GB,26999,Mid Tier,MediaTek,MediaTek Dimensity 7300 Energy,8.0,256.0,50.0,2,16.0,6000,45.0,OLED,6.77,736220
OPPO,OPPO Find X8 512GB,89999,Ultra-Premium Tier,MediaTek,MediaTek Dimensity 9400,16.0,512.0,50.0,3,32.0,5630,80.0,OLED,6.59,2339136
realme,realme 13 Plus 5G 12GB RAM,26999,Mid Tier,MediaTek,MediaTek Dimensity 7300 Energy,12.0,256.0,50.0,2,16.0,5000,80.0,OLED,6.67,739074
realme,realme Narzo N65 5G 6GB RAM,14999,Budget Tier,MediaTek,MediaTek Dimensity 6300,6.0,128.0,50.0,1,8.0,5000,15.0,LCD,6.67,420659
Google,Google Pixel 8A 256GB,56999,Ultra-Premium Tier,Google,Google Tensor G3,8.0,256.0,64.0,2,13.0,4492,18.0,OLED,6.1,1072406
Samsung,Samsung Galaxy S24 5G 512GB,69999,Ultra-Premium Tier,Samsung,Samsung Exynos 2400,8.0,512.0,50.0,3,12.0,4000,25.0,AMOLED,6.2,1727225
Samsung,Samsung Galaxy S24 Plus 5G 512GB,109999,Ultra-Premium Tier,Samsung,Samsung Exynos 2400,12.0,512.0,50.0,3,12.0,4900,45.0,AMOLED,6.7,1699489
realme,realme C51 128GB,15990,Mid Tier,Unisoc,Unisoc T612,4.0,128.0,50.0,2,5.0,5000,33.0,LCD,6.74,
Samsung,Samsung Galaxy M34 8GB RAM,25890,Mid Tier,Samsung,Samsung Exynos 1280,8.0,128.0,50.0,3,13.0,6000,25.0,AMOLED,6.5,0
Moto,Moto E13 4GB RAM,10999,Budget Tier,Unisoc,Unisoc T606,4.0,64.0,13.0,1,5.0,5000,10.0,LCD,6.5,182147
Samsung,Samsung Galaxy A23 5G 8GB RAM,24999,Mid Tier,Snapdragon,Snapdragon 695,8.0,128.0,50.0,4,8.0,5000,25.0,LCD,6.6,
Xiaomi,Xiaomi Redmi Note 12 Pro 5G 8GB RAM,26999,Mid Tier,MediaTek,MediaTek Dimensity 1080,8.0,128.0,50.0,3,16.0,5000,67.0,AMOLED,6.67,513980
Samsung,Samsung Galaxy A04e 128GB,11499,Budget Tier,MediaTek,MediaTek Helio P35,4.0,128.0,13.0,2,5.0,5000,,LCD,6.5,
Moto,Moto G62 5G 8GB RAM,24999,Mid Tier,Snapdragon,Snapdragon 695,8.0,128.0,50.0,3,16.0,5000,20.0,LCD,6.5,0
Moto,Moto G42,16490,Mid Tier,Snapdragon,Snapdragon 680,4.0,64.0,50.0,3,16.0,5000,20.0,AMOLED,6.4,243481
Samsung,Samsung Galaxy F13 128GB,16999,Mid Tier,Samsung,Samsung Exynos 8 Octa 850,4.0,128.0,50.0,3,8.0,6000,15.0,LCD,6.6,135739
Motorola,Motorola Edge 30 8GB RAM,34999,High Tier,Snapdragon,Snapdragon 778G Plus,8.0,128.0,50.0,3,32.0,4020,33.0,POLED,6.5,0
realme,realme GT Neo 3 5G 150W,42999,High Tier,MediaTek,MediaTek Dimensity 8100,12.0,256.0,50.0,3,16.0,4500,150.0,AMOLED,6.7,
realme,realme C31 64GB,14990,Budget Tier,Unisoc,Unisoc T612,4.0,64.0,13.0,3,5.0,5000,10.0,LCD,6.5,205322
realme,realme C35 128GB,10999,Budget Tier,Unisoc,Unisoc T616,4.0,128.0,50.0,3,8.0,5000,18.0,LCD,6.6,187040
Samsung,Samsung Galaxy Z Flip 3 256GB,84999,Ultra-Premium Tier,Snapdragon,Snapdragon 888,8.0,256.0,12.0,2,10.0,3300,15.0,AMOLED,6.7,675661
Samsung,Samsung Galaxy A22 5G 8GB RAM,20999,Mid Tier,MediaTek,MediaTek Dimensity 700,8.0,128.0,48.0,3,8.0,5000,15.0,TFT,6.6,201317
realme,realme X3 SuperZoom Edition 8GB RAM,24490,Mid Tier,Snapdragon,Snapdragon 855 Plus,8.0,256.0,64.0,4,32.0,4200,30.0,LCD,6.6,476587
Xiaomi,Xiaomi Redmi 9 Prime 128GB,13888,Budget Tier,MediaTek,MediaTek Helio G80,4.0,128.0,13.0,4,8.0,5020,18.0,LCD,6.53,191437
realme,realme 5 64GB,11999,Budget Tier,Snapdragon,Snapdragon 665,4.0,64.0,12.0,4,13.0,5000,,LCD,6.5,139753
realme,realme 3,10999,Budget Tier,MediaTek,MediaTek Helio P70,3.0,32.0,13.0,2,13.0,4230,,LCD,6.2,138129
Xiaomi,Xiaomi Redmi Note 3 32GB,11990,Budget Tier,Snapdragon,Snapdragon 650,3.0,32.0,16.0,1,5.0,4050,,LCD,5.5,
Lyf,Lyf Earth 1,21173,Mid Tier,Snapdragon,Snapdragon 615,3.0,32.0,13.0,2,5.0,3500,,AMOLED,5.5,
Google,Google Pixel 11 16GB RAM 512GB,104999,Ultra-Premium Tier,Google,Google Tensor G6,16.0,512.0,48.0,3,10.5,4985,30.0,OLED,6.3,1690573
Ai+,Ai+ Pulse 2 6GB RAM 128GB,12690,Budget Tier,Unisoc,Unisoc T7250,6.0,128.0,50.0,2,8.0,6000,18.0,LCD,6.74,
realme,realme C83 5G 6GB RAM,22999,Mid Tier,MediaTek,MediaTek Dimensity 6300,6.0,128.0,13.0,1,5.0,7000,15.0,LCD,6.7,561364
Itel,Itel Zeno 100 4GB RAM,10999,Budget Tier,Unisoc,Unisoc T7100,4.0,64.0,8.0,1,5.0,5000,,LCD,6.6,
Apple,Apple iPhone 17 Pro 1TB,174900,Ultra-Premium Tier,Apple,Apple A19 Pro,12.0,1.0,48.0,3,18.0,3988,40.0,OLED,6.3,
realme,realme Narzo 80 Lite 6GB RAM,21499,Mid Tier,MediaTek,MediaTek Dimensity 6300,6.0,128.0,32.0,1,8.0,6000,15.0,LCD,6.67,
Apple,Apple iPhone 16E 512GB,89900,Ultra-Premium Tier,Apple,Apple A18,8.0,512.0,48.0,1,12.0,4005,20.0,OLED,6.1,1405699
realme,realme C61 128GB,15990,Mid Tier,Unisoc,Unisoc T612,4.0,128.0,32.0,1,5.0,5000,10.0,LCD,6.78,
Samsung,Samsung Galaxy A05 128GB,12499,Budget Tier,MediaTek,MediaTek Helio G85,6.0,128.0,50.0,2,8.0,5000,25.0,LCD,6.7,
realme,realme 11 256GB,26990,Mid Tier,MediaTek,MediaTek Dimensity 6100 Plus,8.0,256.0,108.0,2,16.0,5000,67.0,LCD,6.72,
Lava,Lava Yuva 2,8399,Budget Tier,Unisoc,Unisoc T606,3.0,64.0,13.0,2,5.0,5000,10.0,LCD,6.5,
Samsung,Samsung Galaxy Z Fold5 512GB,164999,Ultra-Premium Tier,Snapdragon,Snapdragon 8 Gen 2,12.0,512.0,50.0,3,10.0,4400,25.0,AMOLED,7.6,1492136
realme,realme Narzo N53 128GB,12999,Budget Tier,Unisoc,Unisoc T612,6.0,128.0,50.0,1,8.0,5000,33.0,LCD,6.74,219189
POCO,POCO F5 256GB,33999,High Tier,Snapdragon,Snapdragon 7 Plus Gen 2,12.0,256.0,64.0,3,16.0,5000,67.0,AMOLED,6.67,943804
realme,realme GT Neo 3T 5G 8GB RAM,31999,High Tier,Snapdragon,Snapdragon 870,8.0,128.0,64.0,3,16.0,5000,80.0,AMOLED,6.62,715648
realme,realme GT Neo 3T 5G 256GB,33999,High Tier,Snapdragon,Snapdragon 870,8.0,256.0,64.0,3,16.0,5000,80.0,AMOLED,6.62,715648
Samsung,Samsung Galaxy M13 5G 128GB,15999,Mid Tier,MediaTek,MediaTek Dimensity 700,6.0,128.0,50.0,2,5.0,5000,15.0,LCD,6.5,268018
POCO,POCO M4 5G,14999,Budget Tier,MediaTek,MediaTek Dimensity 700,4.0,64.0,50.0,2,8.0,5000,18.0,LCD,6.58,
realme,realme 9 5G 128GB,23990,Mid Tier,MediaTek,MediaTek Dimensity 810,6.0,128.0,48.0,3,16.0,5000,18.0,LCD,6.5,369949
realme,realme 9 5G SE 8GB RAM,21990,Mid Tier,Snapdragon,Snapdragon 778G,8.0,128.0,48.0,3,16.0,5000,30.0,LCD,6.6,
realme,realme 9 Pro Plus 8GB RAM,26900,Mid Tier,MediaTek,MediaTek Dimensity 920,8.0,128.0,50.0,3,16.0,4500,60.0,AMOLED,6.4,505838
Xiaomi,Xiaomi Redmi Note 11T 5G 128GB,17796,Mid Tier,MediaTek,MediaTek Dimensity 810,6.0,128.0,50.0,2,16.0,5000,33.0,LCD,6.6,394082
Xiaomi,Xiaomi Mi 11X 8GB RAM,28999,Mid Tier,Snapdragon,Snapdragon 870,8.0,128.0,48.0,3,20.0,4520,33.0,AMOLED,6.67,590138
Gionee,Gionee Max Pro,8990,Budget Tier,Unisoc,Unisoc SC9863A,3.0,32.0,13.0,2,8.0,6000,,LCD,6.52,
Xiaomi,Xiaomi Redmi 9 Power 6GB RAM,18990,Mid Tier,Snapdragon,Snapdragon 662,6.0,128.0,48.0,4,8.0,6000,18.0,LCD,6.53,177786
Samsung,Samsung Galaxy A12 128GB,12649,Budget Tier,MediaTek,MediaTek Helio P35,4.0,128.0,48.0,4,8.0,5000,15.0,LCD,6.5,109789
realme,realme C15 64GB,12999,Budget Tier,MediaTek,MediaTek Helio G35,4.0,64.0,13.0,4,8.0,6000,18.0,LCD,6.52,0
Xiaomi,Xiaomi Redmi 8A,8499,Budget Tier,Snapdragon,Snapdragon 439,2.0,32.0,12.0,1,8.0,5000,18.0,LCD,6.22,85703
Samsung,Samsung Galaxy Z Flip7,121999,Ultra-Premium Tier,Samsung,Samsung Exynos 2500,12.0,512.0,50.0,2,10.0,4300,25.0,AMOLED,6.9,
Samsung,Samsung Galaxy Z Flip7 512GB,89999,Ultra-Premium Tier,Samsung,Samsung Exynos 2400 S5E9945,8.0,256.0,50.0,2,10.0,4000,25.0,AMOLED,6.7,
Samsung,Samsung Galaxy Z Flip7 FE 256GB,17999,Mid Tier,MediaTek,MediaTek Dimensity 6300,6.0,128.0,50.0,2,8.0,5200,18.0,LCD,6.67,
Itel,Itel Ace 3 Shine,120999,Ultra-Premium Tier,Snapdragon,Snapdragon 8 Gen 3,12.0,512.0,50.0,2,10.0,4000,25.0,AMOLED,6.7,1497995
Cellecor,Cellecor D6,16999,Mid Tier,MediaTek,MediaTek Dimensity 6100 Plus,6.0,128.0,50.0,2,8.0,5000,33.0,LCD,6.72,398977
Nokia,Nokia 106 2023 Dual SIM,69999,Ultra-Premium Tier,Snapdragon,Snapdragon 8 Gen 2,8.0,512.0,12.0,2,10.0,3700,25.0,AMOLED,6.7,1196102
MTR,MTR M340,79999,Ultra-Premium Tier,Snapdragon,Snapdragon 8 Gen 2,8.0,256.0,50.0,3,12.0,3900,25.0,AMOLED,6.1,1207652
Samsung,Samsung Galaxy S23 5G 256GB,104999,Ultra-Premium Tier,Snapdragon,Snapdragon 8 Gen 2,8.0,512.0,50.0,3,12.0,4700,45.0,AMOLED,6.6,
Samsung,Samsung Galaxy S23 Plus 5G 512GB,154999,Ultra-Premium Tier,Snapdragon,Snapdragon 8 Gen 2,12.0,1.0,200.0,4,12.0,5000,45.0,AMOLED,6.8,1226598
MTR,MTR M1000,17999,Mid Tier,MediaTek,MediaTek Dimensity 700,6.0,128.0,50.0,2,8.0,5000,18.0,LCD,6.58,
VOX,VOX Mobile V12,26056,Mid Tier,Snapdragon,Snapdragon 695,8.0,128.0,108.0,3,16.0,5000,67.0,AMOLED,6.67,0
Good,Good One Magic,21999,Mid Tier,MediaTek,MediaTek Dimensity 720,8.0,128.0,48.0,4,13.0,5000,15.0,TFT,6.5,299628
I,I Kall K25 2021,21990,Mid Tier,Snapdragon,Snapdragon 732G,8.0,128.0,64.0,3,16.0,4250,33.0,AMOLED,6.55,0
Micromax,Micromax X743,23999,Mid Tier,Snapdragon,Snapdragon 750G,6.0,128.0,108.0,4,16.0,4820,33.0,LCD,6.67,328730
Xiaomi,Xiaomi Mi 10i 128GB,16990,Mid Tier,Snapdragon,Snapdragon 662,4.0,128.0,48.0,4,8.0,6000,18.0,LCD,6.53,177786
SeniorWorld,SeniorWorld Udaan 2,18990,Mid Tier,MediaTek,MediaTek Helio G95,8.0,128.0,48.0,4,16.0,4500,65.0,LCD,6.5,0
Micromax,Micromax X701,11990,Budget Tier,MediaTek,MediaTek MT6755,4.0,32.0,13.0,1,8.0,3500,,LCD,5.5,
Lenovo,Lenovo K5 Note,9490,Budget Tier,Snapdragon,Snapdragon 410,2.0,16.0,13.0,1,5.0,5000,,LCD,5.5,
Apple,Apple iphone Ultra,15999,Mid Tier,Snapdragon,Snapdragon 6 Gen 4,6.0,128.0,50.0,2,16.0,6000,45.0,AMOLED,6.67,764410
realme,realme P3,23999,Mid Tier,Snapdragon,Snapdragon 8s Gen 3,8.0,128.0,50.0,2,32.0,6400,80.0,AMOLED,6.78,1476651
iQOO,iQOO Neo 10R,29999,Mid Tier,Snapdragon,Snapdragon 8s Gen 4,8.0,256.0,50.0,2,16.0,7000,80.0,AMOLED,6.8,2029394
OPPO,OPPO K13 Turbo Pro,27999,Mid Tier,Snapdragon,Snapdragon 7 Gen 4,8.0,128.0,50.0,3,32.0,6500,90.0,AMOLED,6.77,1010472
vivo,vivo T4 Pro,20255,Mid Tier,Snapdragon,Snapdragon 7s Gen 3,8.0,128.0,50.0,2,32.0,7300,90.0,AMOLED,6.77,804936
iQOO,iQOO Z10,12999,Budget Tier,MediaTek,MediaTek Dimensity 6400,6.0,128.0,50.0,2,8.0,6000,45.0,LCD,6.72,414477
realme,realme P3x,46999,Ultra-Premium Tier,MediaTek,MediaTek Dimensity 9500s,12.0,256.0,50.0,2,20.0,9000,100.0,AMOLED,6.83,3022675
POCO,POCO X8 Pro Max,34416,High Tier,Snapdragon,Snapdragon 7 Gen 4,8.0,128.0,50.0,3,50.0,6500,90.0,AMOLED,6.77,1006885
vivo,vivo V60,20999,Mid Tier,MediaTek,MediaTek Dimensity 7400 Ultra,6.0,128.0,50.0,2,16.0,7000,80.0,AMOLED,6.77,775973
realme,realme P4,34999,High Tier,MediaTek,MediaTek Dimensity 7500 turbo,6.0,128.0,50.0,2,32.0,7050,44.0,AMOLED,6.83,1107676
vivo,vivo T5 5G,18999,Mid Tier,MediaTek,MediaTek Dimensity 7300 Pro,8.0,128.0,50.0,3,16.0,5000,33.0,AMOLED,6.77,688050
CMF,CMF Phone 2 Pro,20999,Mid Tier,Snapdragon,Snapdragon 7s Gen 3,8.0,128.0,50.0,2,16.0,6000,80.0,AMOLED,6.83,834739
realme,realme P3 Pro,35999,High Tier,MediaTek,MediaTek Dimensity 9300 Plus,8.0,256.0,50.0,3,32.0,5500,90.0,AMOLED,6.67,1945482
vivo,vivo T4 Ultra,30999,High Tier,MediaTek,MediaTek Dimensity 8400 Max,8.0,256.0,50.0,2,32.0,7000,120.0,AMOLED,6.8,1761804
realme,realme GT 7T,18999,Mid Tier,Snapdragon,Snapdragon 7s Gen 2,8.0,128.0,50.0,2,32.0,7000,30.0,LCD,6.7,851360
Moto,Moto G67 Power,25999,Mid Tier,MediaTek,MediaTek Dimensity 8450,8.0,128.0,50.0,2,16.0,7000,80.0,AMOLED,6.8,1649304
OPPO,OPPO K13 Turbo 5G,33999,High Tier,Snapdragon,Snapdragon 7 Gen 4,8.0,128.0,50.0,2,50.0,7000,80.0,AMOLED,6.8,1086379
realme,realme 15 Pro 5G,52880,Ultra-Premium Tier,MediaTek,MediaTek Dimensity 9300 Plus,12.0,256.0,50.0,3,50.0,6500,90.0,AMOLED,6.31,1981630
vivo,vivo X200 FE,20999,Mid Tier,Snapdragon,Snapdragon 7s Gen 2,8.0,128.0,50.0,2,32.0,5500,33.0,POLED,6.67,625098
Moto,Moto G96 5G,75999,Ultra-Premium Tier,MediaTek,MediaTek Dimensity 9500,12.0,256.0,200.0,3,50.0,6040,90.0,AMOLED,6.31,3004951
vivo,vivo X300,13999,Budget Tier,Snapdragon,Snapdragon 6 Gen 1,6.0,128.0,50.0,2,8.0,6000,44.0,LCD,6.72,549494
vivo,vivo T3x 6GB RAM,12499,Budget Tier,Snapdragon,Snapdragon 4 Gen 2,6.0,128.0,108.0,2,13.0,5030,33.0,LCD,6.79,445212
Xiaomi,Xiaomi Redmi 13 5G,23999,Mid Tier,MediaTek,MediaTek Dimensity 9200 Plus,8.0,128.0,50.0,2,50.0,5500,80.0,AMOLED,6.78,1445926
vivo,vivo T3 Ultra,22500,Mid Tier,MediaTek,MediaTek Dimensity 8350 Apex,8.0,128.0,50.0,2,16.0,7100,80.0,AMOLED,6.77,1402278
OnePlus,OnePlus Nord CE 5 5G,14989,Budget Tier,MediaTek,MediaTek Dimensity 7025 Ultra,6.0,128.0,50.0,3,20.0,5110,45.0,AMOLED,6.67,457426
Xiaomi,Xiaomi Redmi Note 14 5G,18729,Mid Tier,MediaTek,MediaTek Dimensity 7400,8.0,128.0,50.0,2,32.0,5700,44.0,AMOLED,6.77,666321
iQOO,iQOO Z10R,22999,Mid Tier,MediaTek,MediaTek Dimensity 7400,8.0,128.0,50.0,2,32.0,5700,44.0,AMOLED,6.77,699062
vivo,vivo T4R,22999,Mid Tier,Snapdragon,Snapdragon 7 Gen 3,8.0,128.0,50.0,2,16.0,5500,80.0,AMOLED,6.77,812119
vivo,vivo T3 Pro,11039,Budget Tier,Snapdragon,Snapdragon 6 Gen 1,4.0,128.0,50.0,2,8.0,6000,44.0,LCD,6.72,552168
iQOO,iQOO Z9x,12999,Budget Tier,MediaTek,MediaTek Dimensity 6300,4.0,128.0,50.0,2,8.0,5500,44.0,LCD,6.68,
vivo,vivo Y29 5G,24991,Mid Tier,MediaTek,MediaTek Dimensity 7300,8.0,128.0,50.0,2,50.0,5500,80.0,AMOLED,6.77,670195
vivo,vivo V40e,16999,Mid Tier,Snapdragon,Snapdragon 6s Gen 3,6.0,128.0,50.0,1,8.0,7000,33.0,LCD,6.9,456138
POCO,POCO M7 Plus,8999,Budget Tier,MediaTek,MediaTek Helio G85,4.0,128.0,50.0,3,8.0,5000,18.0,LCD,6.74,
Xiaomi,Xiaomi Redmi 13C,12499,Budget Tier,Snapdragon,Snapdragon 6 Gen 1,4.0,128.0,50.0,2,8.0,6000,44.0,LCD,6.72,549494
vivo,vivo T3x,21999,Mid Tier,MediaTek,MediaTek Dimensity 7300 Ultimate,8.0,128.0,64.0,2,13.0,5500,45.0,AMOLED,6.78,675134
Infinix,Infinix Note 50s 5G+,11990,Budget Tier,MediaTek,MediaTek Dimensity 6300,6.0,128.0,50.0,1,8.0,5000,15.0,LCD,6.67,433932
realme,realme C65 5G 6GB RAM,21500,Mid Tier,Snapdragon,Snapdragon 6 Gen 1,8.0,256.0,108.0,2,16.0,6600,66.0,AMOLED,6.78,576392
Honor,Honor X9c,27999,Mid Tier,Snapdragon,Snapdragon 8s Gen 3,8.0,256.0,50.0,3,32.0,5500,120.0,AMOLED,6.78,1501830
realme,realme GT 6,14999,Budget Tier,MediaTek,MediaTek Dimensity 7300 Ultimate,8.0,128.0,50.0,1,13.0,6000,45.0,LCD,6.78,676261
Tecno,Tecno Pova 7 5G,88078,Ultra-Premium Tier,MediaTek,MediaTek Dimensity 9500,16.0,512.0,50.0,4,50.0,7500,80.0,AMOLED,6.78,2891046
OPPO,OPPO Find X9 Pro,18999,Mid Tier,MediaTek,MediaTek Dimensity 7300 Ultimate,8.0,128.0,64.0,2,13.0,6000,45.0,AMOLED,6.78,
Tecno,Tecno Pova 7 Pro 5G,7249,Budget Tier,Unisoc,Unisoc T612,4.0,64.0,32.0,1,5.0,5000,10.0,LCD,6.78,
realme,realme C61,56999,Ultra-Premium Tier,Snapdragon,Snapdragon 8 Elite,12.0,256.0,50.0,3,32.0,6000,120.0,AMOLED,6.82,2805924
iQOO,iQOO 13 5G,25991,Mid Tier,MediaTek,MediaTek Dimensity 7300,8.0,128.0,50.0,2,32.0,5500,90.0,AMOLED,6.77,700962
vivo,vivo Y400 Pro,13999,Budget Tier,MediaTek,MediaTek Dimensity 6300,4.0,128.0,50.0,2,5.0,6000,15.0,LCD,6.74,
vivo,vivo T4 Lite,109900,Ultra-Premium Tier,Apple,Apple A18 Pro,8.0,128.0,48.0,3,12.0,3582,20.0,OLED,6.3,1747550
Apple,Apple iPhone 16 Pro,15499,Mid Tier,MediaTek,MediaTek Dimensity 6300,8.0,128.0,50.0,3,13.0,5000,25.0,AMOLED,6.7,411561
Samsung,Samsung Galaxy A16 5G,58356,Ultra-Premium Tier,MediaTek,MediaTek Dimensity 9400,12.0,256.0,50.0,3,32.0,5800,90.0,AMOLED,6.67,2537181
vivo,vivo X200,28999,Mid Tier,Snapdragon,Snapdragon 8 Plus Gen 1,8.0,128.0,50.0,3,16.0,5000,100.0,AMOLED,6.74,832546
OnePlus,OnePlus 11R,15999,Mid Tier,MediaTek,MediaTek Dimensity 7300 Ultimate,6.0,128.0,64.0,1,13.0,5500,45.0,AMOLED,6.78,684142
Tecno,Tecno Pova Curve 5G,15999,Mid Tier,MediaTek,MediaTek Dimensity 6300,4.0,128.0,50.0,2,8.0,6000,45.0,LCD,6.67,447305
OPPO,OPPO K13x 5G,14399,Budget Tier,MediaTek,MediaTek Dimensity 7025 Ultra,6.0,128.0,50.0,3,20.0,5110,45.0,AMOLED,6.67,
Xiaomi,Xiaomi Redmi Note 14 SE,29999,Mid Tier,Snapdragon,Snapdragon 7 Gen 3,8.0,256.0,50.0,3,50.0,5200,100.0,AMOLED,6.7,825206
Honor,Honor 200,29991,Mid Tier,Snapdragon,Snapdragon 7 Gen 3,8.0,128.0,50.0,2,50.0,5000,80.0,AMOLED,6.78,804164
vivo,vivo V30,11999,Budget Tier,MediaTek,MediaTek Dimensity 6020,4.0,128.0,50.0,2,8.0,5000,18.0,LCD,6.58,
vivo,vivo T2x,16996,Mid Tier,MediaTek,MediaTek Dimensity 7400,8.0,128.0,50.0,2,16.0,6000,80.0,OLED,6.7,711323
realme,realme Narzo 80 Pro,33999,High Tier,Snapdragon,Snapdragon 8 Gen 2,8.0,128.0,50.0,3,16.0,5500,100.0,OLED,6.78,1240474
OnePlus,OnePlus 12R,49999,Ultra-Premium Tier,Snapdragon,Snapdragon 8 Elite,12.0,256.0,50.0,3,16.0,5800,120.0,AMOLED,6.78,2810079
realme,realme GT 7 Pro,27999,Mid Tier,Snapdragon,Snapdragon 7 Gen 3,8.0,256.0,50.0,3,50.0,4500,125.0,POLED,6.7,827231
Motorola,Motorola Edge 50 Pro 5G,14965,Budget Tier,Snapdragon,Snapdragon 695,8.0,128.0,108.0,3,16.0,5000,67.0,LCD,6.72,406506
OnePlus,OnePlus Nord CE 3 Lite 5G,24499,Mid Tier,MediaTek,MediaTek Dimensity 7300,8.0,128.0,50.0,2,50.0,5600,90.0,AMOLED,6.77,688905
vivo,vivo V50e,7989,Budget Tier,Unisoc,Unisoc T7225,4.0,64.0,13.0,2,5.0,5500,15.0,LCD,6.74,
vivo,vivo Y19e,15999,Mid Tier,Unisoc,Unisoc T8200,6.0,128.0,50.0,1,8.0,6000,18.0,LCD,6.74,
Lava,Lava Virat V1 Pro 5G,9119,Budget Tier,Snapdragon,Snapdragon 4 Gen 2,4.0,64.0,50.0,1,8.0,5160,18.0,LCD,6.88,438871
Xiaomi,Xiaomi Redmi 14C,18466,Mid Tier,MediaTek,MediaTek Dimensity 7300,8.0,128.0,50.0,2,16.0,5500,44.0,AMOLED,6.77,702347
iQOO,iQOO Z9s,21999,Mid Tier,MediaTek,MediaTek Dimensity 7400,8.0,128.0,64.0,2,13.0,5500,45.0,AMOLED,6.78,727195
Infinix,Infinix GT 30,16988,Mid Tier,MediaTek,MediaTek Dimensity 6400 Max,6.0,128.0,50.0,2,50.0,7000,60.0,AMOLED,6.57,
realme,realme Narzo 90,25999,Mid Tier,MediaTek,MediaTek Dimensity 7400,12.0,256.0,50.0,3,50.0,5500,68.0,POLED,6.67,715780
Motorola,Motorola Edge 60,78999,Ultra-Premium Tier,Snapdragon,Snapdragon 8 Gen 1,12.0,256.0,108.0,4,40.0,5000,45.0,AMOLED,6.8,912577
Samsung,Samsung Galaxy S22 Ultra,28999,Mid Tier,Snapdragon,Snapdragon 7s Gen 2,8.0,128.0,200.0,3,16.0,5100,67.0,AMOLED,6.67,580250
Xiaomi,Xiaomi Redmi Note 13 Pro,25999,Mid Tier,Snapdragon,Snapdragon 7s Gen 2,8.0,,50.0,3,32.0,5200,80.0,AMOLED,6.7,617481
realme,realme 13 Pro Plus,134900,Ultra-Premium Tier,Apple,Apple A17 Pro,8.0,128.0,48.0,3,12.0,3274,20.0,OLED,6.1,
Apple,Apple iPhone 15 Pro,19991,Mid Tier,MediaTek,MediaTek Dimensity 7300,8.0,128.0,50.0,2,8.0,6500,44.0,LCD,6.72,
vivo,vivo Y31 Pro,22499,Mid Tier,Google,Google Tensor,6.0,128.0,12.2,2,8.0,4410,18.0,OLED,6.1,688083
Google,Google Pixel 6A,69900,Ultra-Premium Tier,Apple,Apple A16 Bionic,6.0,128.0,48.0,2,12.0,4383,20.0,OLED,6.7,1302867
Apple,Apple iPhone 15 Plus,24999,Mid Tier,Snapdragon,Snapdragon 7 Plus Gen 3,8.0,128.0,50.0,2,16.0,5500,100.0,AMOLED,6.74,1169622
OnePlus,OnePlus Nord 4,159900,Ultra-Premium Tier,Apple,Apple A17 Pro,8.0,256.0,48.0,3,12.0,4441,20.0,OLED,6.7,1545034
Apple,Apple iPhone 15 Pro Max,54900,Ultra-Premium Tier,Apple,Apple A15 Bionic,6.0,128.0,12.0,2,12.0,3279,20.0,OLED,6.1,1286140
Apple,Apple iPhone 14,21999,Mid Tier,MediaTek,MediaTek Dimensity 7020,8.0,256.0,108.0,3,32.0,5000,45.0,AMOLED,6.78,461827
Infinix,Infinix Note 40 Pro 5G,9499,Budget Tier,MediaTek,MediaTek Dimensity 6100 Plus,4.0,128.0,50.0,2,5.0,5000,18.0,LCD,6.74,375663
Xiaomi,Xiaomi Redmi 13C 5G,17999,Mid Tier,Snapdragon,Snapdragon 782G,8.0,128.0,50.0,3,16.0,5000,80.0,AMOLED,6.7,0
OnePlus,OnePlus Nord CE 3 5G,23999,Mid Tier,MediaTek,MediaTek Dimensity 7200 Pro,8.0,128.0,50.0,2,32.0,5000,45.0,AMOLED,6.7,707480
Nothing,Nothing Phone 2a,25991,Mid Tier,Snapdragon,Snapdragon 695,8.0,128.0,64.0,2,50.0,5000,44.0,AMOLED,6.78,447351
vivo,vivo V29e,37099,High Tier,MediaTek,MediaTek Dimensity 9300,12.0,256.0,50.0,3,32.0,5000,120.0,AMOLED,6.78,2038916
vivo,vivo X100,10999,Budget Tier,Unisoc,Unisoc T8200,6.0,128.0,50.0,1,5.0,5000,18.0,LCD,6.7,
Ai+,Ai+ Nova,7965,Budget Tier,Snapdragon,Snapdragon 4s Gen 2,4.0,64.0,50.0,1,5.0,5160,18.0,LCD,6.88,381047
Xiaomi,Xiaomi Redmi A4,50399,Ultra-Premium Tier,Snapdragon,Snapdragon 8 Gen 3,12.0,256.0,50.0,3,32.0,5400,100.0,OLED,6.82,1738936
OnePlus,OnePlus 12,10491,Budget Tier,MediaTek,MediaTek Dimensity 6300,4.0,64.0,13.0,2,5.0,5500,15.0,LCD,6.74,
vivo,vivo Y19 5G,20991,Mid Tier,Snapdragon,Snapdragon 4 Gen 2,8.0,128.0,50.0,2,32.0,5000,80.0,AMOLED,6.67,
vivo,vivo Y300,32991,High Tier,Snapdragon,Snapdragon 778G,8.0,128.0,50.0,3,50.0,4600,80.0,AMOLED,6.78,587520
vivo,vivo V29,20480,Mid Tier,MediaTek,MediaTek Dimensity 7300 Energy,8.0,128.0,50.0,2,16.0,6000,80.0,AMOLED,6.7,633480
OPPO,OPPO F29 Pro,22949,Mid Tier,Snapdragon,Snapdragon 7 Plus Gen 3,8.0,128.0,50.0,2,32.0,5500,120.0,AMOLED,6.78,1450949
realme,realme GT 6T,10999,Budget Tier,MediaTek,MediaTek Dimensity 6300,4.0,128.0,50.0,3,13.0,5000,25.0,AMOLED,6.7,
Samsung,Samsung Galaxy M16 5G,9999,Budget Tier,Samsung,Samsung Exynos 1330,4.0,64.0,50.0,3,13.0,5000,15.0,LCD,6.6,0
Samsung,Samsung Galaxy A14 5G,25995,Mid Tier,Snapdragon,Snapdragon 8s Gen 3,8.0,256.0,50.0,2,32.0,6400,80.0,AMOLED,6.78,
iQOO,iQOO Neo 10R 256GB,11999,Budget Tier,Snapdragon,Snapdragon 4 Gen 2,4.0,128.0,50.0,2,8.0,5000,18.0,LCD,6.79,0
Xiaomi,Xiaomi Redmi 12 5G,21991,Mid Tier,Snapdragon,Snapdragon 4 Gen 1,8.0,128.0,64.0,2,16.0,4800,44.0,AMOLED,6.67,417839
vivo,vivo Y200 5G,29598,Mid Tier,Snapdragon,Snapdragon 8s Gen 3,8.0,256.0,50.0,3,32.0,4700,67.0,AMOLED,6.55,1443011
Xiaomi,Xiaomi 14 Civi,30999,High Tier,Snapdragon,Snapdragon 8 Gen 2,8.0,256.0,50.0,3,16.0,5000,120.0,AMOLED,6.78,0
iQOO,iQOO 11 5G,21499,Mid Tier,MediaTek,MediaTek Dimensity 7300X,8.0,128.0,50.0,3,16.0,5000,66.0,AMOLED,6.78,676483
Lava,Lava Agni 3 5G,12499,Budget Tier,MediaTek,MediaTek Dimensity 6300,4.0,128.0,32.0,1,5.0,6000,45.0,LCD,6.67,
OPPO,OPPO A5x,48899,Ultra-Premium Tier,Snapdragon,Snapdragon 8 Gen 3,12.0,256.0,50.0,3,16.0,5000,120.0,AMOLED,6.78,2073660
iQOO,iQOO 12 5G,19999,Mid Tier,MediaTek,MediaTek Dimensity 7020,8.0,256.0,108.0,3,32.0,5000,33.0,AMOLED,6.78,485194
Infinix,Infinix Note 40 5G,119900,Ultra-Premium Tier,Apple,Apple A16 Bionic,6.0,128.0,48.0,3,12.0,3200,20.0,OLED,6.1,
Apple,Apple iPhone 14 Pro,29999,Mid Tier,MediaTek,MediaTek Dimensity 9200 Plus,8.0,256.0,50.0,2,50.0,5500,80.0,AMOLED,6.78,1445926
vivo,vivo T3 Ultra 256GB,20799,Mid Tier,MediaTek,MediaTek Dimensity 1080,6.0,128.0,48.0,3,13.0,5000,25.0,AMOLED,6.6,
Apple,Apple iPhone 11,43900,High Tier,Apple,Apple A13 Bionic,4.0,64.0,12.0,2,12.0,3110,18.0,LCD,6.1,451844
realme,realme 12 Pro Plus,21999,Mid Tier,Snapdragon,Snapdragon 7s Gen 2,8.0,128.0,50.0,3,32.0,5000,67.0,AMOLED,6.7,0
vivo,vivo Y28 5G,12991,Budget Tier,MediaTek,MediaTek Dimensity 6020,4.0,128.0,50.0,2,8.0,5000,15.0,LCD,6.56,
Samsung,Samsung Galaxy A54 5G,25999,Mid Tier,Samsung,Samsung Exynos 1380,8.0,128.0,50.0,3,32.0,5000,25.0,AMOLED,6.4,509330
realme,realme 10 Pro 5G,18999,Mid Tier,Snapdragon,Snapdragon 695,6.0,128.0,108.0,2,16.0,5000,33.0,LCD,6.72,0
iQOO,iQOO Neo 9 Pro,38989,High Tier,Snapdragon,Snapdragon 8 Gen 2,8.0,256.0,50.0,2,16.0,5160,120.0,AMOLED,6.78,1611015
vivo,vivo T2 Pro,22798,Mid Tier,MediaTek,MediaTek Dimensity 7200,8.0,128.0,64.0,2,16.0,4600,66.0,AMOLED,6.78,722349
vivo,vivo T2,15999,Mid Tier,Snapdragon,Snapdragon 695,6.0,128.0,64.0,2,16.0,4500,44.0,AMOLED,6.38,
vivo,vivo V27,29800,Mid Tier,MediaTek,MediaTek Dimensity 7200,8.0,128.0,50.0,3,50.0,4600,66.0,AMOLED,6.78,705685
HMD,HMD Vibe 2 5G,14999,Budget Tier,Unisoc,Unisoc T8200,4.0,64.0,50.0,2,8.0,6000,18.0,LCD,6.75,511972
OnePlus,OnePlus Nord 3 5G,19250,Mid Tier,MediaTek,MediaTek Dimensity 9000,8.0,128.0,50.0,3,16.0,5000,80.0,AMOLED,6.74,0
Google,Google Pixel 10 Pro,109999,Ultra-Premium Tier,Google,Google Tensor G5,16.0,256.0,50.0,3,42.0,4870,30.0,OLED,6.3,1565089
realme,realme C25Y 64GB,5999,Budget Tier,Unisoc,Unisoc T610,4.0,64.0,50.0,3,8.0,5000,18.0,LCD,6.5,195157
Infinix,Infinix GT 20 Pro 5G,24999,Mid Tier,MediaTek,MediaTek Dimensity 8200 Ultimate,8.0,256.0,108.0,3,32.0,5000,45.0,AMOLED,6.78,936985
Xiaomi,Xiaomi 15,69990,Ultra-Premium Tier,Snapdragon,Snapdragon 8 Elite,12.0,512.0,50.0,3,32.0,5240,90.0,OLED,6.36,2431158
Google,Google Pixel 7 Pro 5G,44999,High Tier,Google,Google Tensor G2,12.0,128.0,50.0,3,10.8,5000,30.0,OLED,6.7,740510
realme,realme 11 Pro,23999,Mid Tier,MediaTek,MediaTek Dimensity 7050,8.0,128.0,100.0,2,16.0,5000,67.0,AMOLED,6.7,537061
OPPO,OPPO A3X,9820,Budget Tier,MediaTek,MediaTek Dimensity 6300,4.0,64.0,8.0,1,5.0,5100,45.0,LCD,6.67,
Apple,Apple iPhone 13 Pro,119900,Ultra-Premium Tier,Apple,Apple A15 Bionic,6.0,128.0,12.0,3,12.0,3095,20.0,OLED,6.1,819845
Lava,Lava Bold 2 5G,12999,Budget Tier,MediaTek,MediaTek Dimensity 7060,6.0,128.0,50.0,1,8.0,5000,33.0,AMOLED,6.67,
OnePlus,OnePlus Nord CE 5 5G 12GB RAM,23267,Mid Tier,MediaTek,MediaTek Dimensity 8350 Apex,12.0,256.0,50.0,2,16.0,7100,80.0,AMOLED,6.77,1402278
Tecno,Tecno Pova 6 Neo,11999,Budget Tier,MediaTek,MediaTek Dimensity 6300,6.0,128.0,108.0,1,8.0,5000,18.0,LCD,6.67,443163
OPPO,OPPO F25 Pro,19999,Mid Tier,MediaTek,MediaTek Dimensity 7050,8.0,128.0,64.0,3,32.0,5000,67.0,AMOLED,6.7,601441
iQOO,iQOO Z9s Pro,23598,Mid Tier,Snapdragon,Snapdragon 7 Gen 3,8.0,128.0,50.0,2,16.0,5500,80.0,AMOLED,6.77,803223
vivo,vivo V30 Pro,38991,High Tier,MediaTek,MediaTek Dimensity 8200,8.0,256.0,50.0,3,50.0,5000,80.0,AMOLED,6.78,948361
vivo,vivo Y200e 5G,19991,Mid Tier,Snapdragon,Snapdragon 4 Gen 2,6.0,128.0,50.0,2,16.0,5000,44.0,AMOLED,6.67,
Samsung,Samsung Galaxy F15,12999,Budget Tier,MediaTek,MediaTek Dimensity 6100 Plus,4.0,128.0,50.0,3,13.0,6000,25.0,AMOLED,6.5,
Xiaomi,Xiaomi 12 Pro 5G,34580,High Tier,Snapdragon,Snapdragon 8 Gen 1,8.0,256.0,50.0,3,32.0,4600,120.0,AMOLED,6.73,968607
Honor,Honor 200 Pro,57999,Ultra-Premium Tier,Snapdragon,Snapdragon 8s Gen 3,12.0,512.0,50.0,3,50.0,5200,100.0,OLED,6.78,1278713
OPPO,OPPO A5x 64GB,9999,Budget Tier,MediaTek,MediaTek Dimensity 6300,4.0,64.0,32.0,1,5.0,6000,45.0,LCD,6.67,
Apple,Apple iPhone 14 Pro Max,134900,Ultra-Premium Tier,Apple,Apple A16 Bionic,6.0,128.0,48.0,3,12.0,4323,20.0,OLED,6.7,945794
iQOO,iQOO Z9,18404,Mid Tier,MediaTek,MediaTek Dimensity 7200,8.0,128.0,50.0,2,16.0,5000,44.0,AMOLED,6.67,728534
OnePlus,OnePlus Nord CE 2 Lite 5G,14999,Budget Tier,Snapdragon,Snapdragon 695,6.0,128.0,64.0,3,16.0,5000,33.0,LCD,6.59,0
vivo,vivo Y39,16991,Mid Tier,Snapdragon,Snapdragon 4 Gen 2,8.0,128.0,50.0,2,8.0,6500,44.0,LCD,6.68,
OnePlus,OnePlus Nord CE 3 Lite 5G 256GB,17999,Mid Tier,Snapdragon,Snapdragon 695,8.0,256.0,108.0,3,16.0,5000,67.0,LCD,6.72,406506
Xiaomi,Xiaomi Redmi A5,8999,Budget Tier,Unisoc,Unisoc T7250,3.0,64.0,32.0,1,8.0,5200,15.0,LCD,6.88,
realme,realme P1 Pro 5G,15999,Mid Tier,Snapdragon,Snapdragon 6 Gen 1,8.0,128.0,50.0,2,16.0,5000,45.0,OLED,6.7,605466
iQOO,iQOO Neo 10 256GB,33920,High Tier,Snapdragon,Snapdragon 8s Gen 4,8.0,256.0,50.0,2,32.0,7000,120.0,AMOLED,6.78,2066325
iQOO,iQOO Z10R 256GB,20999,Mid Tier,MediaTek,MediaTek Dimensity 7400,8.0,256.0,50.0,2,32.0,5700,44.0,AMOLED,6.77,
Apple,Apple iPhone 13 Pro Max,129900,Ultra-Premium Tier,Apple,Apple A15 Bionic,6.0,128.0,12.0,3,12.0,4352,20.0,OLED,6.7,846870
realme,realme C30,4999,Budget Tier,Unisoc,Unisoc T612,2.0,32.0,8.0,1,5.0,5000,10.0,LCD,6.5,0
Infinix,Infinix Hot 50 5G,9999,Budget Tier,MediaTek,MediaTek Dimensity 6300,4.0,128.0,48.0,2,8.0,5000,18.0,LCD,6.7,434944
Apple,Apple iPhone 12,49900,Ultra-Premium Tier,Apple,Apple A14 Bionic,4.0,64.0,12.0,2,12.0,2815,20.0,OLED,6.1,621879
Samsung,Samsung Galaxy S20 FE 5G,26799,Mid Tier,Snapdragon,Snapdragon 865,8.0,128.0,12.0,3,32.0,4500,25.0,AMOLED,6.5,554252
realme,realme 15 Lite,15045,Mid Tier,MediaTek,MediaTek Dimensity 7300 Energy,8.0,128.0,50.0,2,16.0,5000,80.0,OLED,6.67,
vivo,vivo V30e,25991,Mid Tier,Snapdragon,Snapdragon 6 Gen 1,8.0,128.0,50.0,2,50.0,5500,44.0,AMOLED,6.78,569641
Samsung,Samsung Galaxy A73 5G,30999,High Tier,Snapdragon,Snapdragon 778G,8.0,128.0,108.0,4,32.0,5000,25.0,AMOLED,6.7,530293
realme,realme 12x,11999,Budget Tier,MediaTek,MediaTek Dimensity 6100 Plus,4.0,128.0,50.0,2,8.0,5000,45.0,LCD,6.72,418175
realme,realme 12 Pro,19999,Mid Tier,Snapdragon,Snapdragon 6 Gen 1,8.0,128.0,50.0,3,16.0,5000,67.0,AMOLED,6.7,594028
Apple,Apple iPhone 16e,57900,Ultra-Premium Tier,Apple,Apple A18,8.0,128.0,48.0,1,12.0,4005,20.0,OLED,6.1,
vivo,vivo V27 Pro,37999,High Tier,MediaTek,MediaTek Dimensity 8200,8.0,128.0,50.0,3,50.0,4600,66.0,AMOLED,6.78,0
OPPO,OPPO A3 5G,13870,Budget Tier,MediaTek,MediaTek Dimensity 6300,6.0,128.0,50.0,1,5.0,5100,45.0,LCD,6.67,
realme,realme P3 Lite,10490,Budget Tier,MediaTek,MediaTek Dimensity 6300,4.0,128.0,32.0,1,8.0,6000,45.0,LCD,6.67,
vivo,vivo X90 5G,49499,Ultra-Premium Tier,MediaTek,MediaTek Dimensity 9200,8.0,256.0,50.0,3,32.0,4810,120.0,AMOLED,6.78,
vivo,vivo X100 Pro 5G,89999,Ultra-Premium Tier,MediaTek,MediaTek Dimensity 9300,16.0,512.0,50.0,3,32.0,5400,100.0,AMOLED,6.78,1881325
Samsung,Samsung Galaxy M51,22990,Mid Tier,Snapdragon,Snapdragon 730G,6.0,128.0,64.0,4,32.0,7000,25.0,AMOLED,6.7,224310
Tecno,Tecno Spark Go 5G,10999,Budget Tier,MediaTek,MediaTek Dimensity 6400,4.0,128.0,50.0,1,5.0,6000,18.0,LCD,6.745,418472
POCO,POCO X6 5G,21999,Mid Tier,Snapdragon,Snapdragon 7s Gen 2,8.0,256.0,64.0,3,16.0,5100,67.0,AMOLED,6.67,593702
realme,realme C65 5G,10499,Budget Tier,MediaTek,MediaTek Dimensity 6300,4.0,64.0,50.0,1,8.0,5000,15.0,LCD,6.67,433932
OnePlus,OnePlus Nord CE 2 5G,18990,Mid Tier,MediaTek,MediaTek Dimensity 900,6.0,128.0,64.0,3,16.0,4500,65.0,AMOLED,6.43,423161
OPPO,OPPO A3 Pro,19350,Mid Tier,MediaTek,MediaTek Dimensity 6300,8.0,128.0,50.0,2,8.0,5100,45.0,LCD,6.67,
OnePlus,OnePlus 9R,20999,Mid Tier,Snapdragon,Snapdragon 870,8.0,128.0,48.0,4,16.0,4500,65.0,AMOLED,6.55,477462
vivo,vivo Y28s,10000,Budget Tier,MediaTek,MediaTek Dimensity 6300,4.0,128.0,50.0,2,8.0,5000,15.0,LCD,6.56,
vivo,vivo Y58,14596,Budget Tier,Snapdragon,Snapdragon 4 Gen 2,8.0,128.0,50.0,2,8.0,6000,44.0,LCD,6.72,
Infinix,Infinix Note 40X,14999,Budget Tier,MediaTek,MediaTek Dimensity 6300,8.0,256.0,108.0,2,8.0,5000,18.0,LCD,6.78,409552
Moto,Moto G34,11999,Budget Tier,Snapdragon,Snapdragon 695,4.0,128.0,50.0,2,16.0,5000,20.0,LCD,6.5,
realme,realme 13 Pro,19999,Mid Tier,Snapdragon,Snapdragon 7s Gen 2,8.0,128.0,50.0,3,32.0,5200,45.0,OLED,6.7,664130
Lava,Lava Bold N1 5G,9999,Budget Tier,Unisoc,Unisoc T765,4.0,64.0,13.0,1,5.0,5000,18.0,LCD,6.75,516090
Moto,Moto G54,17999,Mid Tier,MediaTek,MediaTek Dimensity 7020,8.0,128.0,50.0,2,16.0,6000,30.0,LCD,6.5,385264
realme,realme Narzo 80X,11665,Budget Tier,MediaTek,MediaTek Dimensity 6400,6.0,128.0,50.0,2,8.0,6000,45.0,LCD,6.72,
vivo,vivo T2x 8GB RAM,14999,Budget Tier,MediaTek,MediaTek Dimensity 6020,8.0,128.0,50.0,2,8.0,5000,18.0,LCD,6.58,
vivo,vivo S1,19990,Mid Tier,MediaTek,MediaTek Helio P65,4.0,128.0,16.0,3,32.0,4500,18.0,AMOLED,6.38,146341
OPPO,OPPO A78 5G,18300,Mid Tier,MediaTek,MediaTek Dimensity 700,8.0,128.0,50.0,2,8.0,5000,33.0,LCD,6.56,342826
Lava,Lava Play Ultra,16990,Mid Tier,MediaTek,MediaTek Dimensity 7300,6.0,128.0,64.0,2,13.0,5000,33.0,AMOLED,6.67,690352
OnePlus,OnePlus Nord 2T 5G,27900,Mid Tier,MediaTek,MediaTek Dimensity 1300,8.0,128.0,50.0,3,32.0,4500,80.0,AMOLED,6.43,0
Xiaomi,Xiaomi Redmi A3X,5999,Budget Tier,Unisoc,Unisoc T603,3.0,64.0,8.0,2,5.0,5000,10.0,LCD,6.71,
Samsung,Samsung Galaxy A33 5G,19980,Mid Tier,Samsung,Samsung Exynos 1280,6.0,128.0,48.0,4,13.0,5000,25.0,AMOLED,6.4,
OnePlus,OnePlus Nord CE 5G,20999,Mid Tier,Snapdragon,Snapdragon 750G,6.0,128.0,64.0,3,16.0,4500,30.0,AMOLED,6.43,392543
OnePlus,OnePlus Nord 2,29999,Mid Tier,MediaTek,MediaTek Dimensity 1200,6.0,128.0,50.0,3,32.0,4500,65.0,AMOLED,6.43,541522
Tecno,Tecno Spark Go 2,7499,Budget Tier,Unisoc,Unisoc T7250,4.0,64.0,13.0,1,8.0,5000,15.0,LCD,6.67,
realme,realme 8 5G 8GB RAM,13226,Budget Tier,MediaTek,MediaTek Dimensity 700,8.0,128.0,48.0,3,16.0,5000,18.0,LCD,6.5,354859
Apple,Apple iPhone 12 Pro,109900,Ultra-Premium Tier,Apple,Apple A14 Bionic,6.0,128.0,12.0,3,12.0,2815,20.0,OLED,6.1,632370
iQOO,iQOO Neo 6 5G,27999,Mid Tier,Snapdragon,Snapdragon 870,8.0,128.0,64.0,3,16.0,4700,80.0,AMOLED,6.62,0
iQOO,iQOO Z7 Pro,26999,Mid Tier,MediaTek,MediaTek Dimensity 7200,8.0,128.0,64.0,2,16.0,4600,66.0,AMOLED,6.78,
OPPO,OPPO A3x 4G,7505,Budget Tier,Snapdragon,Snapdragon 6s 4G Gen 1,4.0,64.0,8.0,1,5.0,5100,45.0,LCD,6.67,
Honor,Honor X9B,21999,Mid Tier,4nm,4nm Snapdragon 6 Gen 1,8.0,,108.0,3,16.0,5800,35.0,AMOLED,6.78,494241
OPPO,OPPO A79 5G,15578,Mid Tier,MediaTek,MediaTek Dimensity 6020,8.0,128.0,50.0,2,8.0,5000,33.0,LCD,6.72,392118
realme,realme 10 Pro Plus 5G,24999,Mid Tier,MediaTek,MediaTek Dimensity 1080,6.0,128.0,108.0,3,16.0,5000,67.0,AMOLED,6.7,0
Moto,Moto G04,6999,Budget Tier,Unisoc,Unisoc T606,4.0,64.0,16.0,1,5.0,5000,15.0,LCD,6.56,258102
vivo,vivo V23 5G,26400,Mid Tier,MediaTek,MediaTek Dimensity 920,8.0,128.0,64.0,3,50.0,4200,44.0,AMOLED,6.44,477993
iQOO,iQOO Z10x 256GB,16499,Mid Tier,MediaTek,MediaTek Dimensity 7300,8.0,256.0,50.0,2,8.0,6500,44.0,LCD,6.72,696045
Samsung,Samsung Galaxy Note 20 Ultra 5G,99901,Ultra-Premium Tier,Samsung,Samsung Exynos 9 Octa 990,12.0,256.0,108.0,3,10.0,4500,25.0,AMOLED,6.9,488007
iQOO,iQOO Neo 10R 12GB RAM,27990,Mid Tier,Snapdragon,Snapdragon 8s Gen 3,12.0,256.0,50.0,2,32.0,6400,80.0,AMOLED,6.78,
Motorola,Motorola Razr 60,49999,Ultra-Premium Tier,MediaTek,MediaTek Dimensity 7400X,8.0,256.0,50.0,2,32.0,4500,30.0,POLED,6.9,676447
realme,realme 11 Pro Plus,27999,Mid Tier,MediaTek,MediaTek Dimensity 7050,8.0,256.0,200.0,3,32.0,5000,100.0,AMOLED,6.7,0
Samsung,Samsung Galaxy S21 Ultra,128999,Ultra-Premium Tier,Samsung,Samsung Exynos 2100,12.0,256.0,108.0,4,40.0,5000,25.0,AMOLED,6.8,646482
realme,realme C53,10999,Budget Tier,Unisoc,Unisoc T612,6.0,64.0,108.0,1,8.0,5000,18.0,LCD,6.74,250983
realme,realme 11x 5G,14999,Budget Tier,MediaTek,MediaTek Dimensity 6100 Plus,6.0,128.0,64.0,2,8.0,5000,33.0,LCD,6.72,0
Apple,Apple iPhone 12 Mini,49999,Ultra-Premium Tier,Apple,Apple A14 Bionic,4.0,64.0,12.0,2,12.0,2227,20.0,OLED,5.4,630403
Samsung,Samsung Galaxy F62,29999,Mid Tier,Samsung,Samsung Exynos 9 Octa 9825,6.0,128.0,64.0,4,32.0,7000,25.0,AMOLED,6.7,425285
vivo,vivo Y20,16990,Mid Tier,Snapdragon,Snapdragon 460,4.0,64.0,13.0,3,8.0,5000,18.0,LCD,6.51,
Moto,Moto G24 Power,9999,Budget Tier,MediaTek,MediaTek Helio G85,4.0,128.0,50.0,2,16.0,6000,30.0,LCD,6.56,266894
OPPO,OPPO Reno10 Pro 5G,31753,High Tier,Snapdragon,Snapdragon 778G,12.0,,50.0,3,32.0,4600,80.0,AMOLED,6.7,575976
vivo,vivo Y29 5G 6GB RAM,15480,Mid Tier,MediaTek,MediaTek Dimensity 6300,6.0,128.0,50.0,2,8.0,5500,44.0,LCD,6.68,
iQOO,iQOO Z9x 6GB RAM,11999,Budget Tier,Snapdragon,Snapdragon 6 Gen 1,6.0,128.0,50.0,2,8.0,6000,44.0,LCD,6.72,552168
Apple,Apple iPhone 14 Plus,69900,Ultra-Premium Tier,Apple,Apple A15 Bionic,6.0,128.0,12.0,2,12.0,4325,20.0,OLED,6.7,854468
Blackberry,Blackberry Priv,30739,High Tier,Snapdragon,Snapdragon 808,3.0,32.0,18.0,1,2.0,3410,,AMOLED,5.4,
vivo,vivo T3 Ultra 12GB RAM,31999,High Tier,MediaTek,MediaTek Dimensity 9200 Plus,12.0,256.0,50.0,2,50.0,5500,80.0,AMOLED,6.78,1445926
Samsung,Samsung Galaxy M31,17499,Mid Tier,Samsung,Samsung Exynos 9 Octa 9611,6.0,64.0,64.0,4,32.0,6000,15.0,AMOLED,6.4,194497
Xiaomi,Xiaomi 13 Pro,48424,Ultra-Premium Tier,Snapdragon,Snapdragon 8 Gen 2,12.0,256.0,50.0,3,32.0,4820,120.0,AMOLED,6.73,1258345
Moto,Moto G04 128GB,7999,Budget Tier,Unisoc,Unisoc T606,8.0,128.0,16.0,1,5.0,5000,15.0,LCD,6.56,258102
realme,realme X7,8899,Budget Tier,MediaTek,MediaTek Dimensity 800U,6.0,128.0,64.0,3,16.0,4310,50.0,AMOLED,6.4,335217
iQOO,iQOO Neo 7 Pro,32782,High Tier,Snapdragon,Snapdragon 8 Plus Gen 1,8.0,128.0,50.0,3,16.0,5000,120.0,AMOLED,6.78,1284112
Tecno,Tecno Spark 30C 128GB,10499,Budget Tier,MediaTek,MediaTek Dimensity 6300,4.0,128.0,48.0,1,8.0,5000,18.0,LCD,6.67,418173
Samsung,Samsung Galaxy M16 8GB RAM,11999,Budget Tier,MediaTek,MediaTek Dimensity 6300,8.0,128.0,50.0,3,13.0,5000,25.0,AMOLED,6.7,
Moto,Moto G84,22999,Mid Tier,Snapdragon,Snapdragon 695,12.0,256.0,50.0,2,16.0,5000,30.0,POLED,6.55,368181
Xiaomi,Xiaomi Redmi Note 9 Pro,8490,Budget Tier,Snapdragon,Snapdragon 720G,4.0,64.0,48.0,4,16.0,5020,18.0,LCD,6.67,0
Xiaomi,Xiaomi Redmi Note 10 Pro,16932,Mid Tier,Snapdragon,Snapdragon 732G,6.0,64.0,64.0,4,16.0,5020,33.0,AMOLED,6.67,331961
Xiaomi,Xiaomi Redmi Note 11 Pro Plus 5G,19999,Mid Tier,Snapdragon,Snapdragon 695,6.0,128.0,108.0,3,16.0,5000,67.0,AMOLED,6.67,396736
vivo,vivo S1 Pro,20990,Mid Tier,Snapdragon,Snapdragon 665,8.0,128.0,48.0,4,32.0,4500,18.0,AMOLED,6.38,172519
realme,realme Narzo 70 Pro,17999,Mid Tier,MediaTek,MediaTek Dimensity 7050,8.0,128.0,50.0,3,16.0,5000,67.0,AMOLED,6.67,611860
OnePlus,OnePlus Nord,27999,Mid Tier,Snapdragon,Snapdragon 765G,8.0,128.0,48.0,4,32.0,4115,30.0,AMOLED,6.44,331193
OnePlus,OnePlus Nord CE 4 Lite 5G 256GB,19949,Mid Tier,Snapdragon,Snapdragon 695,8.0,256.0,50.0,2,16.0,5500,80.0,AMOLED,6.67,468021
Xiaomi,Xiaomi Redmi Note 10S,14999,Budget Tier,MediaTek,MediaTek Helio G95,6.0,64.0,64.0,4,13.0,5000,33.0,AMOLED,6.43,324498
Samsung,Samsung Galaxy M56 256GB,25599,Mid Tier,Samsung,Samsung Exynos 1480,8.0,256.0,50.0,3,12.0,5000,45.0,AMOLED,6.7,
POCO,POCO M6,10499,Budget Tier,MediaTek,MediaTek Dimensity 6100 Plus,4.0,128.0,50.0,2,5.0,5000,18.0,LCD,6.74,385207
realme,realme Narzo 60 Pro 5G 1TB,23488,Mid Tier,MediaTek,MediaTek Dimensity 7050,12.0,1.0,100.0,2,16.0,5000,67.0,AMOLED,6.7,569173
realme,realme C73,10999,Budget Tier,MediaTek,MediaTek Dimensity 6300,4.0,64.0,32.0,1,8.0,6000,15.0,LCD,6.67,
POCO,POCO F7 512GB,37999,High Tier,Snapdragon,Snapdragon 8s Gen 4,12.0,512.0,50.0,2,20.0,7550,90.0,AMOLED,6.83,2106422
realme,realme P1 8GB RAM,14999,Budget Tier,MediaTek,MediaTek Dimensity 7050,8.0,128.0,50.0,2,16.0,5000,45.0,AMOLED,6.67,418175
vivo,vivo T1,15990,Mid Tier,Snapdragon,Snapdragon 695,4.0,128.0,50.0,3,16.0,5000,18.0,LCD,6.58,409989
vivo,vivo X70 Pro,46990,Ultra-Premium Tier,MediaTek,MediaTek Dimensity 1200,8.0,128.0,50.0,4,32.0,4450,44.0,AMOLED,6.56,675722
OPPO,OPPO F29 256GB,18925,Mid Tier,Snapdragon,Snapdragon 6 Gen 1,8.0,256.0,50.0,2,16.0,6500,45.0,AMOLED,6.7,611535
vivo,vivo X90 Pro,74999,Ultra-Premium Tier,MediaTek,MediaTek Dimensity 9200,12.0,256.0,50.0,3,32.0,4870,120.0,AMOLED,6.78,1203466
iQOO,iQOO 13 5G 512GB,60988,Ultra-Premium Tier,Snapdragon,Snapdragon 8 Elite,16.0,512.0,50.0,3,32.0,6000,120.0,AMOLED,6.82,2805924
Lava,Lava Bold N1 Pro,8399,Budget Tier,Unisoc,Unisoc T606,4.0,128.0,50.0,1,8.0,5000,18.0,LCD,6.67,241398
realme,realme Narzo 80 Lite 4G 128GB,7900,Budget Tier,Unisoc,Unisoc T7250,6.0,128.0,13.0,1,5.0,6300,15.0,LCD,6.74,
iQOO,iQOO Neo 7,34899,High Tier,MediaTek,MediaTek Dimensity 8200,8.0,128.0,64.0,3,16.0,5000,120.0,AMOLED,6.78,0
POCO,POCO F4 5G,27999,Mid Tier,Snapdragon,Snapdragon 870,6.0,128.0,64.0,3,20.0,4500,67.0,AMOLED,6.67,735714
OnePlus,OnePlus 9 Pro,39999,High Tier,Snapdragon,Snapdragon 888,8.0,128.0,48.0,4,16.0,4500,65.0,AMOLED,6.7,697091
Moto,Moto G35 8GB RAM,13999,Budget Tier,Unisoc,Unisoc T760,8.0,128.0,50.0,2,16.0,5000,18.0,LCD,6.72,
Samsung,Samsung Galaxy A51,25999,Mid Tier,Samsung,Samsung Exynos 9 Octa 9611,6.0,128.0,48.0,4,32.0,4000,15.0,AMOLED,6.5,171285
Xiaomi,Xiaomi Redmi Note 8 Pro,16999,Mid Tier,MediaTek,MediaTek Helio G90T,6.0,64.0,64.0,4,20.0,4500,18.0,LCD,6.53,286100
Xiaomi,Xiaomi Redmi 12,9499,Budget Tier,MediaTek,MediaTek Helio G88,4.0,128.0,50.0,3,8.0,5000,18.0,LCD,6.79,
realme,realme Narzo N61,6831,Budget Tier,Unisoc,Unisoc T612,4.0,64.0,32.0,1,5.0,5000,10.0,LCD,6.74,
OPPO,OPPO F21 Pro 5G,25999,Mid Tier,Snapdragon,Snapdragon 695,8.0,128.0,64.0,3,16.0,4500,33.0,AMOLED,6.43,377430
iQOO,iQOO Z9 Lite,11499,Budget Tier,MediaTek,MediaTek Dimensity 6300,4.0,128.0,50.0,2,8.0,5000,15.0,LCD,6.56,401756
Tecno,Tecno Camon 30 5G,19999,Mid Tier,MediaTek,MediaTek Dimensity 7020,8.0,256.0,50.0,2,50.0,5000,33.0,AMOLED,6.78,513359
Xiaomi,Xiaomi 14 Ultra,119999,Ultra-Premium Tier,Snapdragon,Snapdragon 8 Gen 3,16.0,512.0,50.0,4,32.0,5000,90.0,AMOLED,6.73,2020176
Itel,Itel A95,9999,Budget Tier,MediaTek,MediaTek Dimensity 6300,4.0,128.0,50.0,1,8.0,5000,10.0,LCD,6.67,408889
realme,realme 8,13499,Budget Tier,MediaTek,MediaTek Helio G95,4.0,128.0,64.0,4,16.0,5000,30.0,AMOLED,6.4,297216
Xiaomi,Xiaomi Redmi Note 11 4G,9499,Budget Tier,Snapdragon,Snapdragon 680,4.0,64.0,50.0,4,13.0,5000,33.0,AMOLED,6.43,269010
iQOO,iQOO 7,19990,Mid Tier,Snapdragon,Snapdragon 870,8.0,128.0,48.0,3,16.0,4400,66.0,AMOLED,6.62,632841
vivo,vivo V21 5G,26390,Mid Tier,MediaTek,MediaTek Dimensity 800U,8.0,128.0,64.0,3,44.0,4000,33.0,AMOLED,6.44,311308
Xiaomi,Xiaomi Redmi Note 11 Pro,19990,Mid Tier,MediaTek,MediaTek Helio G96,6.0,128.0,108.0,4,16.0,5000,67.0,AMOLED,6.67,301901
Samsung,Samsung Galaxy S20 Ultra,99991,Ultra-Premium Tier,Samsung,Samsung Exynos 9 Octa 990,12.0,128.0,108.0,3,40.0,5000,45.0,AMOLED,6.9,492456
realme,realme 9i,11999,Budget Tier,Snapdragon,Snapdragon 680,4.0,64.0,50.0,3,16.0,5000,33.0,LCD,6.6,271963
Samsung,Samsung Galaxy S10,71000,Ultra-Premium Tier,Samsung,Samsung Exynos 9 Octa 9820,8.0,128.0,12.0,3,10.0,3400,15.0,AMOLED,6.1,271486
OPPO,"OPPO K14 5G 256GB, 8GB RAM",28999,Mid Tier,MediaTek,MediaTek Dimensity 6300,8.0,256.0,50.0,2,8.0,7000,45.0,LCD,6.75,615625
BlackZone,BlackZone S25 Ultra Maxx,9999,Budget Tier,Unisoc,Unisoc T606,8.0,128.0,32.0,1,16.0,5000,,LCD,6.6,
Infinix,Infinix GT 10 Pro,20999,Mid Tier,MediaTek,MediaTek Dimensity 8050,8.0,256.0,108.0,3,32.0,5000,45.0,AMOLED,6.67,724521
Xiaomi,Xiaomi Redmi Note 10,10160,Budget Tier,Snapdragon,Snapdragon 678,4.0,64.0,48.0,4,13.0,5000,33.0,AMOLED,6.43,238519
Sony,Sony Xperia XZ2,74990,Ultra-Premium Tier,Snapdragon,Snapdragon 845,6.0,64.0,19.0,1,5.0,3180,,LCD,5.7,
realme,realme GT 2 5G,24999,Mid Tier,Snapdragon,Snapdragon 888,8.0,128.0,50.0,3,16.0,5000,65.0,AMOLED,6.62,0
Samsung,Samsung Galaxy A35 256GB,20999,Mid Tier,Samsung,Samsung Exynos 1380,8.0,256.0,50.0,3,13.0,5000,25.0,AMOLED,6.6,612769
Honor,Honor 200 Lite,20499,Mid Tier,MediaTek,MediaTek Dimensity 6080,8.0,256.0,108.0,3,50.0,4500,35.0,AMOLED,6.7,
Apple,Apple iPhone 12 Pro Max,119900,Ultra-Premium Tier,Apple,Apple A14 Bionic,6.0,128.0,12.0,3,12.0,3687,20.0,OLED,6.7,651459
vivo,vivo V20,27990,Mid Tier,Snapdragon,Snapdragon 720G,8.0,128.0,64.0,3,44.0,4000,33.0,AMOLED,6.44,282796
OnePlus,OnePlus 10T,32599,High Tier,Snapdragon,Snapdragon 8 Plus Gen 1,8.0,128.0,50.0,3,16.0,4800,150.0,AMOLED,6.7,0
Google,Google Pixel 6,25499,Mid Tier,Google,Google Tensor,8.0,128.0,50.0,2,8.0,4614,30.0,OLED,6.4,717872
OPPO,OPPO A6x 4G,12999,Budget Tier,Snapdragon,Snapdragon 685,4.0,64.0,13.0,1,5.0,6500,,LCD,6.75,
OPPO,OPPO F19 Pro+ 5G,19986,Mid Tier,MediaTek,MediaTek Dimensity 800U,8.0,128.0,48.0,4,16.0,4310,50.0,AMOLED,6.43,310715
POCO,POCO C61,7499,Budget Tier,MediaTek,MediaTek Helio G36,4.0,64.0,8.0,2,5.0,5000,10.0,LCD,6.71,0
Infinix,Infinix Hot 40i,9999,Budget Tier,Unisoc,Unisoc T606,8.0,256.0,50.0,2,32.0,5000,18.0,LCD,6.6,266030
Xiaomi,Xiaomi Redmi Note 9 Pro Max,15927,Mid Tier,Snapdragon,Snapdragon 720G,6.0,64.0,64.0,4,32.0,5020,33.0,LCD,6.67,277621
Tecno,Tecno Spark 30C,9977,Budget Tier,MediaTek,MediaTek Dimensity 6300,4.0,64.0,48.0,1,8.0,5000,18.0,LCD,6.67,418173
realme,realme GT Master Edition 5G,21999,Mid Tier,Snapdragon,Snapdragon 778G,6.0,128.0,64.0,3,32.0,4300,65.0,AMOLED,6.43,539766
OnePlus,OnePlus 7T,31990,High Tier,Snapdragon,Snapdragon 855 Plus,8.0,128.0,48.0,3,16.0,3800,30.0,AMOLED,6.55,487810
Honor,Honor 9X,15999,Mid Tier,HiSilicon,HiSilicon Kirin,4.0,128.0,48.0,3,16.0,4000,,LCD,6.59,187409
Apple,Apple iPhone XR,47900,Ultra-Premium Tier,Apple,Apple A12 Bionic,3.0,64.0,12.0,1,7.0,2942,,LCD,6.1,366895
vivo,vivo T4 Lite 8GB RAM,16999,Mid Tier,MediaTek,MediaTek Dimensity 6300,8.0,256.0,50.0,2,5.0,6000,15.0,LCD,6.74,
vivo,vivo Y100A 256GB,14999,Budget Tier,Snapdragon,Snapdragon 695,8.0,256.0,64.0,3,16.0,4500,44.0,AMOLED,6.38,
Lava,Lava Agni 2 5G,19483,Mid Tier,MediaTek,MediaTek Dimensity 7050,8.0,256.0,50.0,4,16.0,4700,66.0,AMOLED,6.78,544907
realme,realme GT Neo 3 5G,20899,Mid Tier,MediaTek,MediaTek Dimensity 8100,8.0,128.0,50.0,3,16.0,5000,80.0,AMOLED,6.7,820539
Itel,Itel A90,6689,Budget Tier,Unisoc,Unisoc T7100,4.0,64.0,13.0,1,5.0,5000,15.0,LCD,6.6,155425
realme,realme C63,8899,Budget Tier,Unisoc,Unisoc T612,4.0,128.0,50.0,1,8.0,5000,45.0,LCD,6.74,
realme,realme GT 7T 512GB,34840,High Tier,MediaTek,MediaTek Dimensity 8400 Max,12.0,512.0,50.0,2,32.0,7000,120.0,AMOLED,6.8,1761804
realme,realme P4x 256GB 8GB RAM,20999,Mid Tier,MediaTek,MediaTek Dimensity 7400 Ultra,8.0,256.0,50.0,2,8.0,7000,45.0,LCD,6.72,974831
POCO,POCO F1,21999,Mid Tier,Snapdragon,Snapdragon 845,6.0,64.0,12.0,2,20.0,4000,18.0,LCD,6.18,267207
Infinix,Infinix Zero 40,27999,Mid Tier,MediaTek,MediaTek Dimensity 8200 Ultimate,12.0,256.0,108.0,3,50.0,5000,45.0,AMOLED,6.78,
vivo,vivo T3 Lite 6GB RAM,11499,Budget Tier,MediaTek,MediaTek Dimensity 6300,6.0,128.0,50.0,2,8.0,5000,15.0,LCD,6.56,
vivo,vivo Y18i,7491,Budget Tier,Unisoc,Unisoc T612,4.0,64.0,13.0,2,5.0,5000,15.0,LCD,6.56,
vivo,vivo V40e 256GB,26394,Mid Tier,MediaTek,MediaTek Dimensity 7300,8.0,256.0,50.0,2,50.0,5500,80.0,AMOLED,6.77,670195
Nubia,Nubia Red Magic 3,38999,High Tier,Snapdragon,Snapdragon 855,8.0,128.0,48.0,1,16.0,5000,18.0,AMOLED,6.65,358802
Xiaomi,Xiaomi Redmi 9i,9999,Budget Tier,MediaTek,MediaTek Helio G25,4.0,64.0,13.0,1,5.0,5000,10.0,LCD,6.53,
OnePlus,OnePlus 9 RT,25249,Mid Tier,Snapdragon,Snapdragon 888,8.0,128.0,50.0,3,16.0,4500,65.0,AMOLED,6.62,795111
vivo,vivo Y21 2021,13499,Budget Tier,MediaTek,MediaTek Helio P35,4.0,64.0,13.0,2,8.0,5000,18.0,LCD,6.51,
realme,realme Narzo 60 5G,15276,Mid Tier,MediaTek,MediaTek Dimensity 6020,8.0,128.0,64.0,2,16.0,5000,33.0,AMOLED,6.43,391929
vivo,vivo T1 44W,14499,Budget Tier,Snapdragon,Snapdragon 680,4.0,128.0,50.0,3,16.0,5000,44.0,AMOLED,6.44,0
Samsung,Samsung Galaxy A72,35999,High Tier,Snapdragon,Snapdragon 720G,8.0,128.0,64.0,4,32.0,5000,25.0,AMOLED,6.7,247629
Lava,Lava Blaze Curve 5G,16999,Mid Tier,MediaTek,MediaTek Dimensity 7050,8.0,128.0,64.0,3,32.0,5000,33.0,AMOLED,6.67,575509
realme,realme GT Neo 2 5G,22999,Mid Tier,Snapdragon,Snapdragon 870,8.0,128.0,64.0,3,16.0,5000,65.0,AMOLED,6.62,720150
realme,realme 7 Pro,12999,Budget Tier,Snapdragon,Snapdragon 720G,6.0,128.0,64.0,4,32.0,4500,65.0,AMOLED,6.4,288727
Samsung,Samsung Galaxy M31s,11999,Budget Tier,Samsung,Samsung Exynos 9 Octa 9611,6.0,128.0,64.0,4,32.0,6000,25.0,AMOLED,6.5,157068
realme,realme P1 Speed 5G,14499,Budget Tier,MediaTek,MediaTek Dimensity 7300 Energy,8.0,128.0,50.0,2,16.0,5000,45.0,OLED,6.67,
realme,realme 12,16999,Mid Tier,MediaTek,MediaTek Dimensity 6100 Plus,6.0,128.0,108.0,2,8.0,5000,45.0,LCD,6.72,417413
iQOO,iQOO Z7,21999,Mid Tier,MediaTek,MediaTek Dimensity 920,6.0,128.0,64.0,2,16.0,4500,44.0,AMOLED,6.38,0
OnePlus,OnePlus 7 Pro 12GB RAM,57999,Ultra-Premium Tier,Snapdragon,Snapdragon 855,12.0,256.0,48.0,3,16.0,4000,30.0,AMOLED,6.67,371812
realme,realme Narzo 70,16999,Mid Tier,MediaTek,MediaTek Dimensity 7050,6.0,128.0,50.0,2,16.0,5000,45.0,AMOLED,6.67,584952
iQOO,iQOO Z3,22990,Mid Tier,Snapdragon,Snapdragon 768G,6.0,128.0,64.0,3,16.0,4400,55.0,LCD,6.58,379927
Samsung,Samsung Galaxy A50,21000,Mid Tier,Samsung,Samsung Exynos 7 Octa 9610,4.0,64.0,25.0,3,25.0,4000,15.0,AMOLED,6.4,143399
Infinix,Infinix Note 50s 6GB RAM,19999,Mid Tier,MediaTek,MediaTek Dimensity 7300 Ultimate,6.0,128.0,64.0,2,13.0,5500,45.0,AMOLED,6.78,
Apple,Apple iPhone 13 Mini,64900,Ultra-Premium Tier,Apple,Apple A15 Bionic,4.0,128.0,12.0,2,12.0,2406,20.0,OLED,5.4,776629
Tecno,Tecno Pop 9 5G,11999,Budget Tier,MediaTek,MediaTek Dimensity 6300,4.0,64.0,48.0,1,8.0,5000,18.0,LCD,6.67,
Tecno,Tecno Camon 20 Pro,15199,Mid Tier,MediaTek,MediaTek Dimensity 8050,8.0,128.0,64.0,3,32.0,5000,33.0,AMOLED,6.67,605882
Xiaomi,Xiaomi Redmi Note 5 Pro,8591,Budget Tier,Snapdragon,Snapdragon 636,4.0,64.0,12.0,2,20.0,4000,,LCD,5.99,
Xiaomi,Xiaomi Redmi 10 Prime,8224,Budget Tier,MediaTek,MediaTek Helio G88,4.0,64.0,50.0,4,8.0,6000,18.0,LCD,6.5,249038
Xiaomi,Xiaomi Redmi 9 Prime,9790,Budget Tier,MediaTek,MediaTek Helio G80,4.0,64.0,13.0,4,8.0,5020,18.0,LCD,6.53,191437
vivo,vivo X60,34990,High Tier,Snapdragon,Snapdragon 870,8.0,128.0,48.0,3,32.0,4300,33.0,AMOLED,6.56,628050
HMD,HMD Vibe 5G,8499,Budget Tier,Unisoc,Unisoc T760,4.0,128.0,50.0,2,8.0,5000,18.0,LCD,6.67,
realme,realme C12,5300,Budget Tier,MediaTek,MediaTek Helio G35,3.0,32.0,13.0,3,5.0,6000,10.0,LCD,6.52,108184
iQOO,iQOO Z10 256GB,22779,Mid Tier,Snapdragon,Snapdragon 7s Gen 3,8.0,256.0,50.0,2,32.0,7300,90.0,AMOLED,6.77,
Infinix,Infinix Note 30 5G,14999,Budget Tier,MediaTek,MediaTek Dimensity 6080,4.0,128.0,108.0,3,16.0,5000,45.0,LCD,6.78,0
realme,realme 10,9999,Budget Tier,MediaTek,MediaTek Helio G99,4.0,64.0,50.0,2,16.0,5000,33.0,AMOLED,6.4,0
Samsung,Samsung Galaxy S9 Plus,70000,Ultra-Premium Tier,Samsung,Samsung Exynos 9 Octa 9810,6.0,64.0,12.0,2,8.0,3500,,AMOLED,6.2,248237
Lava,Lava Storm Play,13499,Budget Tier,MediaTek,MediaTek Dimensity 7060,6.0,128.0,50.0,2,8.0,5000,18.0,LCD,6.75,503166
vivo,vivo T5 Pro 12GB RAM 256GB,39999,High Tier,Snapdragon,Snapdragon 7s Gen 4,12.0,256.0,50.0,2,32.0,9020,90.0,AMOLED,6.83,1167242
iQOO,iQOO Z5 5G,29990,Mid Tier,Snapdragon,Snapdragon 778G,8.0,128.0,64.0,3,16.0,5000,44.0,LCD,6.67,557775
Motorola,Motorola Edge 30,30999,High Tier,Snapdragon,Snapdragon 778G Plus,6.0,128.0,50.0,3,32.0,4020,33.0,POLED,6.5,541618
Nothing,Nothing Phone 2 256GB,38999,High Tier,Snapdragon,Snapdragon 8 Plus Gen 1,12.0,256.0,50.0,2,32.0,4700,45.0,AMOLED,6.7,1195555
Samsung,Samsung Galaxy A71,29501,Mid Tier,Snapdragon,Snapdragon 730,8.0,128.0,64.0,4,32.0,4500,25.0,AMOLED,6.7,266827
OnePlus,OnePlus Nord CE 5 5G 256GB,23801,Mid Tier,MediaTek,MediaTek Dimensity 8350 Apex,8.0,256.0,50.0,2,16.0,7100,80.0,AMOLED,6.77,1402278
Samsung,Samsung Galaxy M17 8GB RAM,15111,Mid Tier,Samsung,Samsung Exynos 1330,8.0,128.0,50.0,3,13.0,5000,25.0,AMOLED,6.7,608564
vivo,vivo Y28e,14998,Budget Tier,MediaTek,MediaTek Dimensity 6300,4.0,64.0,13.0,2,5.0,5000,15.0,LCD,6.56,
Xiaomi,Xiaomi Redmi K20 Pro,20999,Mid Tier,Snapdragon,Snapdragon 855,6.0,128.0,48.0,3,20.0,4000,,AMOLED,6.39,373945
Tecno,Tecno Pova 7 Pro 5G 256GB,19999,Mid Tier,MediaTek,MediaTek Dimensity 7300 Ultimate,8.0,256.0,64.0,2,13.0,6000,45.0,AMOLED,6.78,
Samsung,Samsung Galaxy M30s,14999,Budget Tier,Samsung,Samsung Exynos 9 Octa 9611,4.0,64.0,48.0,3,16.0,6000,15.0,AMOLED,6.4,135678
vivo,vivo V23 Pro 5G,38982,High Tier,MediaTek,MediaTek Dimensity 1200,8.0,128.0,108.0,3,50.0,4300,44.0,AMOLED,6.56,704585
Samsung,Samsung Galaxy M35 8GB RAM,15020,Mid Tier,Samsung,Samsung Exynos 1380,8.0,128.0,50.0,3,13.0,6000,25.0,AMOLED,6.6,611292
Moto,Moto G85 256GB,22999,Mid Tier,Snapdragon,Snapdragon 6s Gen 3,12.0,256.0,50.0,2,32.0,5000,33.0,POLED,6.67,471687
Xiaomi,Xiaomi Redmi A3,6399,Budget Tier,MediaTek,MediaTek Helio G36,3.0,64.0,8.0,2,5.0,5000,10.0,LCD,6.7,
Infinix,Infinix Zero 30,23999,Mid Tier,MediaTek,MediaTek Dimensity 8020,8.0,256.0,108.0,3,50.0,5000,68.0,AMOLED,6.78,
Apple,Apple iPhone XS,89900,Ultra-Premium Tier,Apple,Apple A12 Bionic,4.0,64.0,12.0,2,7.0,2658,,OLED,5.8,433713
realme,realme Narzo 50A,8599,Budget Tier,MediaTek,MediaTek Helio G85,4.0,64.0,50.0,3,8.0,6000,18.0,LCD,6.5,218890
iQOO,iQOO 9 SE,30999,High Tier,Snapdragon,Snapdragon 888,8.0,128.0,48.0,3,16.0,4500,66.0,AMOLED,6.62,0
OnePlus,OnePlus 8,41999,High Tier,Snapdragon,Snapdragon 865,6.0,128.0,48.0,3,16.0,4300,30.0,AMOLED,6.55,579239
Nokia,Nokia 1,3799,Budget Tier,MediaTek,MediaTek MT6737,1.0,8.0,5.0,1,2.0,2150,,LCD,4.5,
Samsung,Samsung Galaxy F56 256GB,26999,Mid Tier,Samsung,Samsung Exynos 1480,8.0,256.0,50.0,3,12.0,5000,45.0,AMOLED,6.7,
vivo,vivo V30 Pro 512GB,43991,High Tier,MediaTek,MediaTek Dimensity 8200,12.0,512.0,50.0,3,50.0,5000,80.0,AMOLED,6.78,
vivo,vivo Y31 Pro 256GB,21991,Mid Tier,MediaTek,MediaTek Dimensity 7300,8.0,256.0,50.0,2,8.0,6500,44.0,LCD,6.72,
vivo,vivo Y400 Pro 256GB,27991,Mid Tier,MediaTek,MediaTek Dimensity 7300,8.0,256.0,50.0,2,32.0,5500,90.0,AMOLED,6.77,700962
OPPO,OPPO F19,20990,Mid Tier,Snapdragon,Snapdragon 662,6.0,128.0,48.0,3,16.0,5000,33.0,AMOLED,6.43,214348
Xiaomi,Xiaomi Redmi 6A,5499,Budget Tier,MediaTek,MediaTek Helio A22,2.0,16.0,13.0,1,5.0,3000,,LCD,5.45,
Nokia,Nokia G42 256GB,16319,Mid Tier,Snapdragon,Snapdragon 480 Plus,8.0,256.0,50.0,3,8.0,5000,20.0,LCD,6.56,
OPPO,OPPO A5x 6GB RAM,13999,Budget Tier,MediaTek,MediaTek Dimensity 6300,6.0,128.0,32.0,1,5.0,6000,45.0,LCD,6.67,
Apple,Apple iPhone X,91900,Ultra-Premium Tier,Apple,Apple A11 Bionic,3.0,64.0,12.0,2,7.0,2716,,OLED,5.8,364586
Xiaomi,Xiaomi Redmi 5A,5999,Budget Tier,Snapdragon,Snapdragon 425,2.0,16.0,13.0,1,5.0,3000,,LCD,5.0,
vivo,vivo T5 5G 8GB RAM,39999,High Tier,MediaTek,MediaTek Dimensity 7500 turbo,8.0,128.0,50.0,2,32.0,7050,44.0,AMOLED,6.83,1107676
Samsung,Samsung Galaxy S20 Plus,83000,Ultra-Premium Tier,Samsung,Samsung Exynos 9 Octa 990,8.0,128.0,12.0,3,10.0,4500,25.0,AMOLED,6.7,492438
realme,realme P2 Pro 256GB,19999,Mid Tier,Snapdragon,Snapdragon 7s Gen 2,12.0,256.0,50.0,2,32.0,5200,80.0,OLED,6.7,670441
Infinix,Infinix GT 30 256GB,23999,Mid Tier,MediaTek,MediaTek Dimensity 7400,8.0,256.0,64.0,2,13.0,5500,45.0,AMOLED,6.78,727195
vivo,vivo T4 Ultra 512GB,39999,High Tier,MediaTek,MediaTek Dimensity 9300 Plus,12.0,512.0,50.0,3,32.0,5500,90.0,AMOLED,6.67,1945482
OnePlus,OnePlus 7 Pro,48999,Ultra-Premium Tier,Snapdragon,Snapdragon 855,6.0,128.0,48.0,3,16.0,4000,,AMOLED,6.67,371812
Samsung,Samsung Galaxy A21s,14001,Budget Tier,Samsung,Samsung Exynos 8 Octa 850,4.0,64.0,48.0,4,13.0,5000,15.0,LCD,6.5,121139
vivo,vivo T4 256GB,26999,Mid Tier,Snapdragon,Snapdragon 7s Gen 3,8.0,256.0,50.0,2,32.0,7300,90.0,AMOLED,6.77,797572
iQOO,iQOO Z6 5G,15199,Mid Tier,Snapdragon,Snapdragon 695,4.0,128.0,50.0,3,16.0,5000,18.0,LCD,6.58,410397
Samsung,Samsung Galaxy F41,12999,Budget Tier,Samsung,Samsung Exynos 9 Octa 9611,6.0,64.0,64.0,3,32.0,6000,15.0,AMOLED,6.4,186675
Infinix,Infinix Zero Ultra,36999,High Tier,MediaTek,MediaTek Dimensity 920,8.0,256.0,200.0,3,32.0,4500,180.0,AMOLED,6.8,
realme,realme 8 5G,11999,Budget Tier,MediaTek,MediaTek Dimensity 700,4.0,128.0,48.0,3,16.0,5000,18.0,LCD,6.5,354859
Apple,Apple iPhone SE 2022 (iPhone SE 3),47600,Ultra-Premium Tier,Apple,Apple A15 Bionic,4.0,64.0,12.0,1,7.0,2018,20.0,LCD,4.7,762983
OPPO,OPPO Find X9 512GB 16GB RAM,71212,Ultra-Premium Tier,MediaTek,MediaTek Dimensity 9500,16.0,512.0,50.0,4,32.0,7025,80.0,AMOLED,6.59,3568720
Itel,Itel S23 Plus,14999,Budget Tier,Unisoc,Unisoc T616,8.0,256.0,50.0,1,32.0,5000,18.0,AMOLED,6.78,303038
realme,realme 9 5G,13999,Budget Tier,MediaTek,MediaTek Dimensity 810,4.0,64.0,48.0,3,16.0,5000,18.0,LCD,6.5,0
OnePlus,OnePlus 12R 256GB,36499,High Tier,Snapdragon,Snapdragon 8 Gen 2,8.0,256.0,50.0,3,16.0,5500,100.0,OLED,6.78,1240474
realme,realme 9i 5G,10999,Budget Tier,MediaTek,MediaTek Dimensity 810,4.0,64.0,50.0,3,8.0,5000,18.0,LCD,6.6,0
realme,realme XT,16999,Mid Tier,Snapdragon,Snapdragon 712,4.0,64.0,64.0,4,16.0,4000,20.0,AMOLED,6.4,180514
Samsung,Samsung Galaxy S21 Plus,63999,Ultra-Premium Tier,Samsung,Samsung Exynos 2100,8.0,128.0,12.0,3,10.0,4800,25.0,AMOLED,6.7,626954
vivo,vivo T5 5G 8GB RAM 256GB,44999,High Tier,MediaTek,MediaTek Dimensity 7500 turbo,8.0,256.0,50.0,2,32.0,7050,44.0,AMOLED,6.83,1107676
realme,realme Narzo 60 Pro 5G,23310,Mid Tier,MediaTek,MediaTek Dimensity 7050,8.0,128.0,100.0,2,16.0,5000,67.0,AMOLED,6.7,0
OPPO,OPPO F29 Pro 12GB RAM,23988,Mid Tier,MediaTek,MediaTek Dimensity 7300 Energy,12.0,256.0,50.0,2,16.0,6000,80.0,AMOLED,6.7,
OPPO,OPPO A3X 128GB,10626,Budget Tier,MediaTek,MediaTek Dimensity 6300,4.0,128.0,8.0,1,5.0,5100,45.0,LCD,6.67,
Apple,Apple iPhone 7,31500,High Tier,Apple,Apple A10 Fusion,2.0,32.0,12.0,1,7.0,1960,,LCD,4.7,
Honor,Honor 200 512GB,34999,High Tier,Snapdragon,Snapdragon 7 Gen 3,12.0,512.0,50.0,3,50.0,5200,100.0,AMOLED,6.7,825206
vivo,vivo V17 Pro,32990,High Tier,Snapdragon,Snapdragon 675,8.0,128.0,48.0,4,32.0,4100,18.0,AMOLED,6.44,177116
realme,realme GT 7 Pro 512GB,54999,Ultra-Premium Tier,Snapdragon,Snapdragon 8 Elite,16.0,512.0,50.0,3,16.0,5800,120.0,AMOLED,6.78,2810079
realme,realme 8 Pro,14999,Budget Tier,Snapdragon,Snapdragon 720G,6.0,128.0,108.0,4,16.0,4500,50.0,AMOLED,6.4,286454
Samsung,Samsung Galaxy A70,30900,High Tier,Snapdragon,Snapdragon 675,6.0,128.0,32.0,3,32.0,4500,25.0,AMOLED,6.7,168858
vivo,vivo T5 5G 12GB RAM 256GB,49999,Ultra-Premium Tier,MediaTek,MediaTek Dimensity 7500 turbo,12.0,256.0,50.0,2,32.0,7050,44.0,AMOLED,6.83,1107676
vivo,vivo V19,30990,High Tier,Snapdragon,Snapdragon 712,8.0,128.0,48.0,4,32.0,4500,33.0,AMOLED,6.44,245294
realme,realme Narzo 90 8GB RAM,17899,Mid Tier,MediaTek,MediaTek Dimensity 6400 Max,8.0,128.0,50.0,2,50.0,7000,60.0,AMOLED,6.57,
Tecno,Tecno Phantom X2,30399,High Tier,MediaTek,MediaTek Dimensity 9000,8.0,256.0,64.0,3,32.0,5160,45.0,AMOLED,6.8,978644
Samsung,Samsung Galaxy A31,23999,Mid Tier,MediaTek,MediaTek Helio P65,6.0,128.0,48.0,4,20.0,5000,15.0,AMOLED,6.4,152476
OnePlus,OnePlus Open,104769,Ultra-Premium Tier,Snapdragon,Snapdragon 8 Gen 2,16.0,512.0,48.0,3,20.0,4805,67.0,AMOLED,7.82,1337767
OnePlus,OnePlus 11R 256GB,35554,High Tier,Snapdragon,Snapdragon 8 Plus Gen 1,16.0,256.0,50.0,3,16.0,5000,100.0,AMOLED,6.74,832546
vivo,vivo V40 256GB,27990,Mid Tier,Snapdragon,Snapdragon 7 Gen 3,8.0,256.0,50.0,2,50.0,5500,80.0,AMOLED,6.78,810653
Apple,Apple iPhone SE 2020 (iPhone SE 2),39900,High Tier,Apple,Apple A13 Bionic,3.0,64.0,12.0,1,7.0,1821,,LCD,4.7,377458
Lava,Lava Blaze Dragon,11931,Budget Tier,Snapdragon,Snapdragon 4 Gen 2,4.0,128.0,50.0,1,8.0,5000,18.0,LCD,6.74,429659
iQOO,iQOO 12 5G 512GB,63999,Ultra-Premium Tier,Snapdragon,Snapdragon 8 Gen 3,16.0,512.0,50.0,3,16.0,5000,120.0,AMOLED,6.78,
OnePlus,OnePlus 8 Pro 256GB,24499,Mid Tier,Snapdragon,Snapdragon 865,12.0,256.0,48.0,4,16.0,4510,30.0,AMOLED,6.78,583524
OPPO,OPPO F7,22990,Mid Tier,MediaTek,MediaTek Helio P60,4.0,64.0,16.0,1,25.0,3400,,LCD,6.23,
iQOO,iQOO Z10x 8GB RAM,15019,Mid Tier,MediaTek,MediaTek Dimensity 7300,8.0,128.0,50.0,2,8.0,6500,44.0,LCD,6.72,696045
POCO,POCO X2,14999,Budget Tier,Snapdragon,Snapdragon 730G,6.0,64.0,64.0,4,20.0,4500,27.0,LCD,6.67,279444
OPPO,OPPO A16e 64GB,8490,Budget Tier,MediaTek,MediaTek Helio P22,4.0,64.0,13.0,1,5.0,4230,,LCD,6.52,
Samsung,Samsung Galaxy S10 Lite,39999,High Tier,Snapdragon,Snapdragon 855,8.0,128.0,48.0,3,32.0,4500,25.0,AMOLED,6.7,466381
vivo,vivo V15 Pro,32990,High Tier,Snapdragon,Snapdragon 675,6.0,128.0,48.0,3,32.0,3700,,AMOLED,6.39,181420
vivo,vivo Y19 5G 128GB,11499,Budget Tier,MediaTek,MediaTek Dimensity 6300,4.0,128.0,13.0,2,5.0,5500,15.0,LCD,6.74,
OPPO,OPPO A18,9499,Budget Tier,MediaTek,MediaTek Helio G85,4.0,64.0,8.0,2,5.0,5000,,LCD,6.56,
realme,realme 5,7999,Budget Tier,Snapdragon,Snapdragon 665,3.0,32.0,12.0,4,13.0,5000,,LCD,6.5,139753
vivo,vivo X60 Pro,54990,Ultra-Premium Tier,Snapdragon,Snapdragon 870,12.0,256.0,48.0,3,32.0,4200,33.0,AMOLED,6.56,630794
Apple,Apple iPhone XS Max,109900,Ultra-Premium Tier,Apple,Apple A12 Bionic,4.0,64.0,12.0,2,7.0,3174,,OLED,6.5,447893
Xiaomi,Xiaomi Redmi Note 15 Pro 256GB,34999,High Tier,MediaTek,MediaTek Dimensity 7400 Ultra,8.0,256.0,200.0,2,20.0,6580,45.0,AMOLED,6.83,
realme,realme X7 Max,21990,Mid Tier,MediaTek,MediaTek Dimensity 1200,8.0,128.0,64.0,3,16.0,4500,50.0,AMOLED,6.43,629120
vivo,vivo V17,27990,Mid Tier,Snapdragon,Snapdragon 675,8.0,128.0,48.0,4,32.0,4500,18.0,AMOLED,6.44,227722
Lava,Lava Blaze Amoled,11400,Budget Tier,MediaTek,MediaTek Dimensity 6300,4.0,128.0,64.0,2,16.0,5000,33.0,AMOLED,6.67,
vivo,vivo Y21G,13491,Budget Tier,MediaTek,MediaTek Helio G70,4.0,64.0,13.0,2,8.0,5000,18.0,LCD,6.51,
realme,realme Narzo 50 Pro 5G,19890,Mid Tier,MediaTek,MediaTek Dimensity 920,6.0,128.0,48.0,3,16.0,5000,33.0,AMOLED,6.4,0
POCO,POCO M3 Pro 5G,14499,Budget Tier,MediaTek,MediaTek Dimensity 700,4.0,64.0,48.0,3,8.0,5000,18.0,LCD,6.5,259120
vivo,vivo T4 Pro 256GB 12GB RAM,31999,High Tier,Snapdragon,Snapdragon 7 Gen 4,12.0,256.0,50.0,3,32.0,6500,90.0,AMOLED,6.77,1010472
realme,realme 12 8GB RAM,17999,Mid Tier,MediaTek,MediaTek Dimensity 6100 Plus,8.0,128.0,108.0,2,8.0,5000,45.0,LCD,6.72,417413
Xiaomi,Xiaomi Mi A3,9999,Budget Tier,Snapdragon,Snapdragon 665,4.0,64.0,48.0,3,32.0,4030,18.0,AMOLED,6.08,140257
realme,realme C71 128GB,9699,Budget Tier,Unisoc,Unisoc T7250,6.0,128.0,13.0,1,5.0,6300,15.0,LCD,6.74,
Tecno,Tecno Camon 20 Avocado Art Edition,14999,Budget Tier,MediaTek,MediaTek Helio G85,8.0,256.0,64.0,3,32.0,5000,33.0,AMOLED,6.67,
iQOO,iQOO Z6 Pro,22999,Mid Tier,Snapdragon,Snapdragon 778G,6.0,128.0,64.0,3,16.0,4700,66.0,AMOLED,6.44,550719
vivo,vivo Y29 5G 8GB RAM,16991,Mid Tier,MediaTek,MediaTek Dimensity 6300,8.0,128.0,50.0,2,8.0,5500,44.0,LCD,6.68,
OnePlus,OnePlus Nord CE 3 5G 256GB,23749,Mid Tier,Snapdragon,Snapdragon 782G,12.0,256.0,50.0,3,16.0,5000,80.0,AMOLED,6.7,676978
Xiaomi,Xiaomi Redmi 9A,6499,Budget Tier,MediaTek,MediaTek Helio G25,2.0,32.0,13.0,1,5.0,5000,10.0,LCD,6.53,
Tecno,Tecno Pova Curve 256GB 8GB RAM,19999,Mid Tier,MediaTek,MediaTek Dimensity 7300 Ultimate,8.0,256.0,64.0,1,13.0,5500,45.0,AMOLED,6.78,684142
realme,realme 8i,11499,Budget Tier,MediaTek,MediaTek Helio G96,4.0,64.0,50.0,3,16.0,5000,18.0,LCD,6.6,341987
realme,realme C3,6220,Budget Tier,MediaTek,MediaTek Helio G70,3.0,32.0,12.0,2,5.0,5000,10.0,LCD,6.5,191814
HMD,HMD Crest 5G,9849,Budget Tier,Unisoc,Unisoc T760,6.0,128.0,50.0,2,50.0,5000,33.0,OLED,6.67,
Samsung,Samsung Galaxy A52,30499,High Tier,Snapdragon,Snapdragon 720G,6.0,128.0,64.0,4,32.0,4500,25.0,AMOLED,6.5,253590
OnePlus,OnePlus 6T,30025,High Tier,Snapdragon,Snapdragon 845,6.0,128.0,16.0,2,16.0,3700,,AMOLED,6.41,406086
vivo,vivo Y19s 5G 128GB 6GB RAM,15491,Mid Tier,MediaTek,MediaTek Dimensity 6300,6.0,128.0,13.0,2,5.0,6000,15.0,LCD,6.74,
realme,realme 7i,11849,Budget Tier,Snapdragon,Snapdragon 662,4.0,64.0,64.0,4,16.0,5000,18.0,LCD,6.5,179231
Xiaomi,Xiaomi Redmi 11 Prime 5G,13049,Budget Tier,MediaTek,MediaTek Dimensity 700,4.0,64.0,50.0,2,8.0,5000,18.0,LCD,6.58,0
vivo,vivo Y15s 2021,9491,Budget Tier,MediaTek,MediaTek Helio P35,3.0,32.0,13.0,2,8.0,5000,10.0,LCD,6.51,121590
realme,realme Narzo 60X 5G,11141,Budget Tier,MediaTek,MediaTek Dimensity 6100 Plus,4.0,128.0,50.0,2,8.0,5000,33.0,LCD,6.72,
Motorola,Motorola Edge 30 Ultra 5G,69999,Ultra-Premium Tier,Snapdragon,Snapdragon 8 Plus Gen 1,8.0,128.0,200.0,3,60.0,4610,125.0,POLED,6.67,1048812
realme,realme GT 7 Dream Edition,47999,Ultra-Premium Tier,MediaTek,MediaTek Dimensity 9400e,16.0,512.0,50.0,3,32.0,7000,120.0,AMOLED,6.78,2125733
vivo,vivo V20 Pro,34985,High Tier,Snapdragon,Snapdragon 765G,8.0,128.0,64.0,3,44.0,4000,33.0,AMOLED,6.44,322450
realme,realme Narzo 20,12999,Budget Tier,MediaTek,MediaTek Helio G85,4.0,64.0,48.0,3,8.0,6000,18.0,LCD,6.5,204495
realme,realme 2 Pro,13990,Budget Tier,Snapdragon,Snapdragon 660,4.0,64.0,16.0,2,16.0,3500,,LCD,6.3,
Samsung,Samsung Galaxy S9,62500,Ultra-Premium Tier,Samsung,Samsung Exynos 9 Octa 9810,4.0,64.0,12.0,1,8.0,3000,,AMOLED,5.8,365059
Tecno,Tecno Camon 20,13199,Budget Tier,MediaTek,MediaTek Helio G85,8.0,256.0,64.0,3,32.0,5000,33.0,AMOLED,6.67,
realme,realme Narzo N53,7791,Budget Tier,Unisoc,Unisoc T612,4.0,64.0,50.0,1,8.0,5000,33.0,LCD,6.74,0
OnePlus,OnePlus 10 Pro 256GB,36999,High Tier,Snapdragon,Snapdragon 8 Gen 1,12.0,256.0,48.0,3,32.0,5000,80.0,AMOLED,6.7,845333
Apple,Apple iPhone 15 Pro Max 1TB,199900,Ultra-Premium Tier,Apple,Apple,8.0,1.0,48.0,3,12.0,4441,20.0,OLED,6.7,1545034
OPPO,OPPO A74 5G,20999,Mid Tier,Snapdragon,Snapdragon 480,6.0,128.0,48.0,3,8.0,5000,18.0,LCD,6.5,250140
Xiaomi,Xiaomi Mi 11X Pro,22699,Mid Tier,Snapdragon,Snapdragon 888,8.0,128.0,108.0,3,20.0,4520,33.0,AMOLED,6.67,771717
Apple,Apple iPhone 11 Pro,106600,Ultra-Premium Tier,Apple,Apple A13 Bionic,4.0,64.0,12.0,3,12.0,3046,18.0,OLED,5.8,461219
Tecno,Tecno Spark Go 2 3GB RAM,6699,Budget Tier,Unisoc,Unisoc T7250,3.0,64.0,13.0,1,8.0,5000,15.0,LCD,6.67,
vivo,vivo T4 Ultra 12GB RAM,37999,High Tier,MediaTek,MediaTek Dimensity 9300 Plus,12.0,256.0,50.0,3,32.0,5500,90.0,AMOLED,6.67,1945482
HMD,HMD Crest Max,11849,Budget Tier,Unisoc,Unisoc T760,8.0,256.0,64.0,3,50.0,5000,33.0,OLED,6.67,
Motorola,Motorola Edge 20 Pro,26494,Mid Tier,Snapdragon,Snapdragon 870,8.0,128.0,108.0,3,32.0,4500,30.0,OLED,6.7,706440
realme,realme GT 5G,18999,Mid Tier,Snapdragon,Snapdragon 888,8.0,128.0,64.0,3,16.0,4500,65.0,AMOLED,6.43,825131
vivo,vivo Y75 5G,19999,Mid Tier,MediaTek,MediaTek Dimensity 700,8.0,128.0,50.0,3,16.0,5000,18.0,LCD,6.58,
OPPO,OPPO A55 4G,15999,Mid Tier,MediaTek,MediaTek Helio G35,4.0,64.0,50.0,3,16.0,5000,18.0,LCD,6.51,117992
Honor,Honor 9 Lite,13490,Budget Tier,HiSilicon,HiSilicon Kirin,3.0,32.0,13.0,2,13.0,3000,,LCD,5.65,
vivo,vivo X70 Pro Plus,79990,Ultra-Premium Tier,Snapdragon,Snapdragon 888 Plus,12.0,256.0,50.0,4,32.0,4500,55.0,AMOLED,6.78,824550
POCO,POCO F3 GT,26999,Mid Tier,MediaTek,MediaTek Dimensity 1200,6.0,128.0,64.0,3,16.0,5065,67.0,AMOLED,6.67,538911
iQOO,iQOO 7 Legend,37999,High Tier,Snapdragon,Snapdragon 888,8.0,128.0,48.0,3,16.0,4000,66.0,AMOLED,6.62,721965
LG,LG Wing,80000,Ultra-Premium Tier,Snapdragon,Snapdragon 765G,8.0,128.0,64.0,3,32.0,4000,25.0,POLED,6.8,325395
OPPO,OPPO Reno14 12GB RAM,44999,High Tier,MediaTek,MediaTek Dimensity 8350,12.0,256.0,50.0,3,50.0,6000,80.0,OLED,6.59,1405935
POCO,POCO C50,5299,Budget Tier,MediaTek,MediaTek Helio A22,2.0,32.0,8.0,2,5.0,5000,10.0,LCD,6.52,
iQOO,iQOO 9,28990,Mid Tier,Snapdragon,Snapdragon 888 Plus,8.0,128.0,48.0,3,16.0,4350,120.0,AMOLED,6.56,857984
vivo,vivo Y73 2021,19982,Mid Tier,MediaTek,MediaTek Helio G95,8.0,128.0,64.0,3,16.0,4000,33.0,AMOLED,6.44,
vivo,vivo Y50,19990,Mid Tier,Snapdragon,Snapdragon 665,8.0,128.0,13.0,4,16.0,5000,,LCD,6.53,
Samsung,Samsung Galaxy A30s,18900,Mid Tier,Samsung,Samsung Exynos 7 Octa 7904,4.0,64.0,25.0,3,16.0,4000,15.0,AMOLED,6.4,142039
Lava,Lava Blaze Duo,15989,Mid Tier,MediaTek,MediaTek Dimensity 7025,6.0,128.0,64.0,2,16.0,5000,33.0,AMOLED,6.67,501118
vivo,vivo Y02T,7499,Budget Tier,MediaTek,MediaTek Helio P35,4.0,64.0,8.0,1,5.0,5000,10.0,LCD,6.51,
realme,realme Narzo 30,10999,Budget Tier,MediaTek,MediaTek Helio G95,4.0,64.0,48.0,3,16.0,5000,30.0,LCD,6.5,305495
vivo,vivo X50 Pro,54990,Ultra-Premium Tier,Snapdragon,Snapdragon 765G,8.0,256.0,48.0,4,32.0,4315,33.0,AMOLED,6.56,333227
OPPO,OPPO K13x 8GB RAM,18999,Mid Tier,MediaTek,MediaTek Dimensity 6300,8.0,128.0,50.0,2,8.0,6000,45.0,LCD,6.67,447305
Nubia,Nubia Red Magic 3S,39999,High Tier,Snapdragon,Snapdragon 855 Plus,8.0,128.0,48.0,1,16.0,5000,27.0,AMOLED,6.65,484670
iQOO,iQOO Z10 12GB RAM,23999,Mid Tier,Snapdragon,Snapdragon 7s Gen 3,12.0,256.0,50.0,2,32.0,7300,90.0,AMOLED,6.77,
realme,realme Narzo N65 5G 8GB RAM,11890,Budget Tier,MediaTek,MediaTek Dimensity 6300,8.0,128.0,50.0,1,8.0,5000,15.0,LCD,6.67,
vivo,vivo T3x 8GB RAM,15499,Mid Tier,Snapdragon,Snapdragon 6 Gen 1,8.0,128.0,50.0,2,8.0,6000,44.0,LCD,6.72,549494
Xiaomi,Xiaomi Redmi Note 11S,11999,Budget Tier,MediaTek,MediaTek Helio G96,6.0,64.0,108.0,4,16.0,5000,33.0,AMOLED,6.43,302056
Itel,Itel P55 5G,8690,Budget Tier,MediaTek,MediaTek Dimensity 6080,4.0,64.0,50.0,2,8.0,5000,18.0,LCD,6.6,404880
Samsung,Samsung Galaxy A14 5G 128GB,13799,Budget Tier,Samsung,Samsung Exynos 1330,6.0,128.0,50.0,3,13.0,5000,15.0,LCD,6.6,409771
Lava,Lava Z21,5999,Budget Tier,,,2.0,32.0,5.0,1,2.0,3100,,LCD,5.0,
POCO,POCO M3,11499,Budget Tier,Snapdragon,Snapdragon 662,6.0,64.0,48.0,3,8.0,6000,18.0,LCD,6.53,178246
realme,realme 6i,14999,Budget Tier,MediaTek,MediaTek Helio G90T,4.0,64.0,48.0,4,16.0,4300,30.0,LCD,6.5,284550
realme,realme X2,15999,Mid Tier,Snapdragon,Snapdragon 730G,4.0,64.0,64.0,4,32.0,4000,30.0,AMOLED,6.4,266028
Samsung,Samsung Galaxy A26 256GB,27999,Mid Tier,Samsung,Samsung Exynos 1380,8.0,256.0,50.0,3,13.0,5000,25.0,AMOLED,6.7,610383
realme,realme P1 Pro 256GB,16999,Mid Tier,Snapdragon,Snapdragon 6 Gen 1,8.0,256.0,50.0,2,16.0,5000,45.0,OLED,6.7,605466
Motorola,Motorola Edge 30 Pro 5G,55999,Ultra-Premium Tier,Snapdragon,Snapdragon 8 Gen 1,8.0,128.0,50.0,3,60.0,4800,68.0,POLED,6.7,974272
vivo,vivo V60 256GB 12GB RAM,37650,High Tier,Snapdragon,Snapdragon 7 Gen 4,12.0,256.0,50.0,3,50.0,6500,90.0,AMOLED,6.77,1006885
OnePlus,OnePlus Nord 5 512GB,37875,High Tier,Snapdragon,Snapdragon 8s Gen 3,12.0,512.0,50.0,2,50.0,6800,80.0,AMOLED,6.83,1481616
vivo,vivo V30e 256GB,25989,Mid Tier,Snapdragon,Snapdragon 6 Gen 1,8.0,256.0,50.0,2,50.0,5500,44.0,AMOLED,6.78,569641
realme,realme 12 Plus 256GB,21999,Mid Tier,MediaTek,MediaTek Dimensity 7050,8.0,256.0,50.0,3,16.0,5000,67.0,AMOLED,6.67,595408
realme,realme 11 Pro 256GB,24999,Mid Tier,MediaTek,MediaTek Dimensity 7050,8.0,256.0,100.0,2,16.0,5000,67.0,AMOLED,6.7,537061
realme,realme Narzo 50,10499,Budget Tier,MediaTek,MediaTek Helio G96,4.0,64.0,50.0,3,16.0,5000,33.0,LCD,6.6,348006
realme,realme C21 64GB,5999,Budget Tier,MediaTek,MediaTek Helio G35,4.0,64.0,13.0,3,5.0,5000,10.0,LCD,6.5,131494
OPPO,OPPO Reno 2Z,18999,Mid Tier,MediaTek,MediaTek Helio P90,8.0,256.0,48.0,4,16.0,4000,,AMOLED,6.5,217093
Xiaomi,Xiaomi Redmi Note 6 Pro,9438,Budget Tier,Snapdragon,Snapdragon 636,4.0,64.0,12.0,2,20.0,4000,,LCD,6.26,
Lava,Lava Blaze 2 5G 128GB,7999,Budget Tier,MediaTek,MediaTek Dimensity 6020,6.0,128.0,50.0,2,8.0,5000,18.0,LCD,6.56,
POCO,POCO C55,9499,Budget Tier,MediaTek,MediaTek Helio G85,4.0,64.0,50.0,2,5.0,5000,10.0,LCD,6.71,0
Xiaomi,Xiaomi Redmi 10A,7817,Budget Tier,MediaTek,MediaTek Helio G25,3.0,32.0,13.0,1,5.0,5000,10.0,LCD,6.53,101608
Xiaomi,Xiaomi Redmi Note 11T 5G,13999,Budget Tier,MediaTek,MediaTek Dimensity 810,6.0,64.0,50.0,2,16.0,5000,33.0,LCD,6.6,394082
realme,realme C11 2021,4100,Budget Tier,Unisoc,Unisoc SC9863A,2.0,32.0,8.0,1,5.0,5000,10.0,LCD,6.5,105251
realme,realme 6,13999,Budget Tier,MediaTek,MediaTek Helio G90T,4.0,64.0,64.0,4,16.0,4300,30.0,LCD,6.5,290483
Xiaomi,Xiaomi Redmi Note 7S,7109,Budget Tier,Snapdragon,Snapdragon 660,3.0,32.0,48.0,2,13.0,4000,,LCD,6.3,141951
Honor,Honor 8X,17999,Mid Tier,HiSilicon,HiSilicon Kirin,4.0,64.0,20.0,2,16.0,3750,,LCD,6.5,
Tecno,Tecno Pova 6 Neo 256GB,13995,Budget Tier,MediaTek,MediaTek Dimensity 6300,8.0,256.0,108.0,1,8.0,5000,18.0,LCD,6.67,443163
OnePlus,OnePlus 12 512GB,55880,Ultra-Premium Tier,Snapdragon,Snapdragon 8 Gen 3,16.0,512.0,50.0,3,32.0,5400,100.0,OLED,6.82,1738936
Motorola,Motorola Razr 40 Ultra,49000,Ultra-Premium Tier,Snapdragon,Snapdragon 8 Plus Gen 1,8.0,256.0,12.0,2,32.0,3800,30.0,POLED,6.9,1063156
realme,realme 9,16998,Mid Tier,Snapdragon,Snapdragon 680,6.0,128.0,108.0,3,16.0,5000,33.0,AMOLED,6.4,278452
iQOO,iQOO 3,37990,High Tier,Snapdragon,Snapdragon 865,8.0,128.0,48.0,4,16.0,4440,55.0,AMOLED,6.44,589793
vivo,vivo V15,26990,Mid Tier,MediaTek,MediaTek Helio P70,6.0,64.0,12.0,3,32.0,4000,,LCD,6.53,209461
Xiaomi,Xiaomi Redmi Note 7,7720,Budget Tier,Snapdragon,Snapdragon 660,3.0,32.0,12.0,2,13.0,4000,,LCD,6.3,250302
Apple,Apple iPhone 7 Plus,37900,High Tier,Apple,Apple A10 Fusion,3.0,32.0,12.0,2,7.0,2900,,LCD,5.5,
vivo,vivo X300 512GB 16GB RAM,85999,Ultra-Premium Tier,MediaTek,MediaTek Dimensity 9500,16.0,512.0,200.0,3,50.0,6040,90.0,AMOLED,6.31,3004951
Samsung,Samsung Galaxy Note 20,86000,Ultra-Premium Tier,Samsung,Samsung Exynos 9 Octa 990,8.0,256.0,12.0,3,10.0,4300,25.0,AMOLED,6.7,545374
Samsung,Samsung Galaxy S7,35999,High Tier,Samsung,Samsung Exynos 8 Octa 8890,4.0,32.0,12.0,1,5.0,3000,,AMOLED,5.1,
vivo,vivo X300 512GB,81999,Ultra-Premium Tier,MediaTek,MediaTek Dimensity 9500,12.0,512.0,200.0,3,50.0,6040,90.0,AMOLED,6.31,3004951
vivo,vivo Y19 5G 6GB RAM,12991,Budget Tier,MediaTek,MediaTek Dimensity 6300,6.0,128.0,13.0,2,5.0,5500,15.0,LCD,6.74,
realme,realme Narzo 80 Pro 256GB,18404,Mid Tier,MediaTek,MediaTek Dimensity 7400,8.0,256.0,50.0,2,16.0,6000,80.0,OLED,6.7,711323
iQOO,iQOO Z6 4G 8GB RAM,11990,Budget Tier,Snapdragon,Snapdragon 680,8.0,128.0,50.0,3,16.0,5000,44.0,AMOLED,6.44,290292
OPPO,OPPO A31 2020 128GB,13989,Budget Tier,MediaTek,MediaTek Helio P35,6.0,128.0,12.0,3,8.0,4230,,LCD,6.5,103730
Lyf,Lyf Flame 7S,2499,Budget Tier,Spreadtrum,Spreadtrum SC9830A,1.0,8.0,5.0,1,0.3,1800,,TFT,4.0,
Cubot,Cubot King Kong X,55149,Ultra-Premium Tier,MediaTek,MediaTek Dimensity 7050,16.0,256.0,100.0,2,32.0,10200,33.0,LCD,6.58,
Tecno,Tecno Pop 9,6499,Budget Tier,MediaTek,MediaTek Helio G50,3.0,64.0,13.0,1,8.0,5000,15.0,LCD,6.67,
Lava,Lava Blaze X,16990,Mid Tier,MediaTek,MediaTek Dimensity 6300,4.0,128.0,64.0,2,16.0,5000,33.0,AMOLED,6.67,424427
vivo,vivo Y18 128GB,8491,Budget Tier,MediaTek,MediaTek Helio G85,4.0,128.0,50.0,2,8.0,5000,15.0,LCD,6.56,
POCO,POCO C55 128GB,7999,Budget Tier,MediaTek,MediaTek Helio G85,6.0,128.0,50.0,2,5.0,5000,10.0,LCD,6.71,253881
vivo,vivo Y100,16788,Mid Tier,MediaTek,MediaTek Dimensity 900,8.0,128.0,64.0,3,16.0,4500,44.0,AMOLED,6.38,
OnePlus,OnePlus Nord CE 2 Lite 5G 8GB RAM,19500,Mid Tier,Snapdragon,Snapdragon 695,8.0,128.0,64.0,3,16.0,5000,33.0,LCD,6.59,402165
realme,realme 5s,11999,Budget Tier,Snapdragon,Snapdragon 665,4.0,64.0,48.0,4,13.0,5000,10.0,LCD,6.5,168989
Nubia,Nubia Red Magic 3S 256GB,49999,Ultra-Premium Tier,Snapdragon,Snapdragon 855 Plus,12.0,256.0,48.0,1,16.0,5000,27.0,AMOLED,6.65,484670
Apple,Apple iPhone 5s,25000,Mid Tier,Apple,Apple A7,1.0,16.0,8.0,1,1.2,1560,,LCD,4.0,
Blackberry,Blackberry Q5,13990,Budget Tier,Snapdragon,Snapdragon 400,2.0,8.0,5.0,1,2.0,2180,,LCD,3.1,
vivo,vivo T4R 256GB 12GB RAM,26999,Mid Tier,MediaTek,MediaTek Dimensity 7400,12.0,256.0,50.0,2,32.0,5700,44.0,AMOLED,6.77,699062
OPPO,OPPO F25 Pro 256GB,30999,High Tier,MediaTek,MediaTek Dimensity 7050,8.0,256.0,64.0,3,32.0,5000,67.0,AMOLED,6.7,601441
vivo,vivo V29 256GB,36991,High Tier,Snapdragon,Snapdragon 778G,12.0,256.0,50.0,3,50.0,4600,80.0,AMOLED,6.78,587520
realme,realme Narzo 60X 5G 6GB RAM,11925,Budget Tier,MediaTek,MediaTek Dimensity 6100 Plus,6.0,128.0,50.0,2,8.0,5000,33.0,LCD,6.72,
Moto,Moto G14,9999,Budget Tier,Unisoc,Unisoc T616,4.0,128.0,50.0,2,8.0,5000,20.0,LCD,6.5,283998
OnePlus,OnePlus Nord 3 5G 256GB,27990,Mid Tier,MediaTek,MediaTek Dimensity 9000,16.0,256.0,50.0,3,16.0,5000,80.0,AMOLED,6.74,915179
iQOO,iQOO Neo 6 5G 256GB,22990,Mid Tier,Snapdragon,Snapdragon 870,12.0,256.0,64.0,3,16.0,4700,80.0,AMOLED,6.62,745060
Samsung,Samsung Galaxy A03,6449,Budget Tier,Unisoc,Unisoc T606,3.0,32.0,48.0,2,5.0,5000,10.0,LCD,6.5,177815
realme,realme Narzo 30A,6499,Budget Tier,MediaTek,MediaTek Helio G85,3.0,32.0,13.0,2,8.0,6000,18.0,LCD,6.5,202855
realme,realme 6 Pro,17999,Mid Tier,Snapdragon,Snapdragon 720G,6.0,64.0,64.0,4,16.0,4300,30.0,LCD,6.6,285167
realme,realme X2 Pro,31999,High Tier,Snapdragon,Snapdragon 855 Plus,8.0,128.0,64.0,4,16.0,4000,50.0,AMOLED,6.5,467275
vivo,vivo U10,10990,Budget Tier,Snapdragon,Snapdragon 665,3.0,32.0,13.0,3,8.0,5000,18.0,LCD,6.35,168654
Samsung,Samsung Galaxy A50s,24900,Mid Tier,Samsung,Samsung Exynos 9 Octa 9611,4.0,128.0,48.0,3,32.0,4000,15.0,AMOLED,6.4,153226
Xiaomi,Xiaomi Redmi 6 Pro,7000,Budget Tier,Snapdragon,Snapdragon 625,3.0,32.0,12.0,2,5.0,4000,,LCD,5.84,
Samsung,Samsung Galaxy Note 8,74000,Ultra-Premium Tier,Samsung,Samsung Exynos 9 Octa 8895,6.0,64.0,12.0,2,8.0,3300,15.0,AMOLED,6.3,
Samsung,Samsung Galaxy J2 (2015),7400,Budget Tier,Samsung,Samsung Exynos 3 Quad 3475,1.0,8.0,5.0,1,2.0,2000,,AMOLED,4.7,
realme,realme GT 8 Pro Dream Edition,79999,Ultra-Premium Tier,Snapdragon,Snapdragon 8 Elite Gen 5,16.0,512.0,50.0,3,32.0,7000,120.0,AMOLED,6.79,3932397
vivo,vivo T4 12GB RAM,28999,Mid Tier,Snapdragon,Snapdragon 7s Gen 3,12.0,256.0,50.0,2,32.0,7300,90.0,AMOLED,6.77,797572
vivo,vivo Y29 5G 256GB,18991,Mid Tier,MediaTek,MediaTek Dimensity 6300,8.0,256.0,50.0,2,8.0,5500,44.0,LCD,6.68,
OnePlus,OnePlus Nord 4 12GB RAM,29321,Mid Tier,Snapdragon,Snapdragon 7 Plus Gen 3,12.0,256.0,50.0,2,16.0,5500,100.0,AMOLED,6.74,1169622
Itel,Itel S24,7999,Budget Tier,MediaTek,MediaTek Helio G91,8.0,128.0,108.0,2,8.0,5000,18.0,LCD,6.56,265150
realme,realme Narzo N53 8GB RAM,8750,Budget Tier,Unisoc,Unisoc T612,8.0,128.0,50.0,1,8.0,5000,33.0,LCD,6.74,0
POCO,POCO C51,8499,Budget Tier,MediaTek,MediaTek Helio G36,4.0,64.0,8.0,2,5.0,5000,10.0,LCD,6.52,103483
iQOO,iQOO Z6 Pro 256GB,17990,Mid Tier,Snapdragon,Snapdragon 778G,12.0,256.0,64.0,3,16.0,4700,66.0,AMOLED,6.44,0
OnePlus,OnePlus 10R 256GB,29999,Mid Tier,MediaTek,MediaTek Dimensity 8100 Max,12.0,256.0,50.0,3,16.0,5000,80.0,AMOLED,6.7,807638
realme,realme 9 5G SE,15999,Mid Tier,Snapdragon,Snapdragon 778G,6.0,128.0,48.0,3,16.0,5000,30.0,LCD,6.6,541000
realme,realme X7 Max 256GB,28999,Mid Tier,MediaTek,MediaTek Dimensity 1200,12.0,256.0,64.0,3,16.0,4500,50.0,AMOLED,6.43,629120
Moto,Moto G 5G,24999,Mid Tier,Snapdragon,Snapdragon 750G,6.0,128.0,48.0,3,16.0,5000,20.0,LCD,6.7,326394
LG,LG Velvet,54599,Ultra-Premium Tier,Snapdragon,Snapdragon 845,6.0,128.0,48.0,3,16.0,4300,25.0,POLED,6.8,349835
Asus,Asus ROG Phone 3 12GB RAM,57999,Ultra-Premium Tier,Snapdragon,Snapdragon 865 Plus,12.0,128.0,64.0,3,24.0,6000,30.0,AMOLED,6.59,614628
Samsung,Samsung Galaxy M01,7900,Budget Tier,Snapdragon,Snapdragon 439,3.0,32.0,13.0,2,5.0,4000,,LCD,5.71,103806
OPPO,OPPO A9 2020 4GB RAM,16845,Mid Tier,Snapdragon,Snapdragon 665,4.0,128.0,48.0,4,16.0,5000,10.0,LCD,6.5,134811
vivo,vivo Z1 Pro,15990,Mid Tier,Snapdragon,Snapdragon 712,4.0,64.0,16.0,3,32.0,5000,18.0,LCD,6.53,109750
Apple,Apple iPhone 8 Plus,49900,Ultra-Premium Tier,Apple,Apple A11 Bionic,3.0,64.0,12.0,2,7.0,2675,,LCD,5.5,396963
Lava,Lava Blaze Dragon 6GB RAM,9999,Budget Tier,Snapdragon,Snapdragon 4 Gen 2,6.0,128.0,50.0,1,8.0,5000,18.0,LCD,6.74,
iQOO,iQOO Neo 10 512GB,44889,High Tier,Snapdragon,Snapdragon 8s Gen 4,16.0,512.0,50.0,2,32.0,7000,120.0,AMOLED,6.78,2066325
Infinix,Infinix Smart 9 HD,6699,Budget Tier,MediaTek,MediaTek Helio G50,3.0,64.0,13.0,1,8.0,5000,10.0,LCD,6.7,141654
Samsung,Samsung Galaxy A16 6GB RAM,13899,Budget Tier,MediaTek,MediaTek Dimensity 6300,6.0,128.0,50.0,3,13.0,5000,25.0,AMOLED,6.7,
Infinix,Infinix Zero Flip,54999,Ultra-Premium Tier,MediaTek,MediaTek Dimensity 8020,8.0,512.0,50.0,2,50.0,4720,70.0,AMOLED,6.9,810633
vivo,vivo V40 512GB,41999,High Tier,Snapdragon,Snapdragon 7 Gen 3,12.0,512.0,50.0,2,50.0,5500,80.0,AMOLED,6.78,810653
OPPO,OPPO A3 Pro 256GB,16930,Mid Tier,MediaTek,MediaTek Dimensity 6300,8.0,256.0,50.0,2,8.0,5100,45.0,LCD,6.67,
Itel,Itel A70,7299,Budget Tier,Unisoc,Unisoc T603,4.0,64.0,13.0,1,8.0,5000,,LCD,6.6,155087
vivo,vivo Y36,14999,Budget Tier,Snapdragon,Snapdragon 680,8.0,128.0,50.0,2,16.0,5000,44.0,LCD,6.64,
vivo,vivo Y16 128GB,9999,Budget Tier,MediaTek,MediaTek Helio P35,4.0,128.0,13.0,2,5.0,5000,10.0,LCD,6.51,
Xiaomi,Xiaomi Redmi 12C,7499,Budget Tier,MediaTek,MediaTek Helio G85,4.0,64.0,50.0,2,5.0,5000,10.0,LCD,6.71,0
Tecno,Tecno Pova 3,9999,Budget Tier,MediaTek,MediaTek Helio G88,4.0,64.0,50.0,2,8.0,7000,33.0,LCD,6.9,0
vivo,vivo Y75,19982,Mid Tier,MediaTek,MediaTek Helio G96,8.0,128.0,50.0,3,44.0,4050,44.0,AMOLED,6.44,
realme,realme 9 Pro,15403,Mid Tier,Snapdragon,Snapdragon 695,6.0,128.0,64.0,3,16.0,5000,33.0,LCD,6.6,
Samsung,Samsung Galaxy M51 8GB RAM,28999,Mid Tier,Snapdragon,Snapdragon 730G,8.0,128.0,64.0,4,32.0,7000,25.0,AMOLED,6.7,224310
vivo,vivo Y11 2019,9990,Budget Tier,Snapdragon,Snapdragon 439,3.0,32.0,13.0,2,8.0,5000,,LCD,6.35,
OnePlus,OnePlus 7T Pro,52999,Ultra-Premium Tier,Snapdragon,Snapdragon 855 Plus,8.0,256.0,48.0,3,16.0,4085,30.0,AMOLED,6.67,483785
realme,realme 5 Pro,14999,Budget Tier,Snapdragon,Snapdragon 712,4.0,64.0,48.0,4,16.0,4035,20.0,LCD,6.3,180355
Honor,Honor 20,35999,High Tier,HiSilicon,HiSilicon Kirin,6.0,128.0,48.0,4,32.0,3750,,LCD,6.26,284861
Samsung,Samsung Galaxy A7 2018,22300,Mid Tier,Samsung,Samsung Exynos 7 Octa 7885,4.0,64.0,24.0,3,24.0,3300,,AMOLED,6.0,
Sony,Sony Xperia XZs,29990,Mid Tier,Snapdragon,Snapdragon 820,4.0,64.0,19.0,1,13.0,2900,,LCD,5.2,
OPPO,OPPO F31 256GB,28999,Mid Tier,MediaTek,MediaTek Dimensity 6300,8.0,256.0,50.0,2,16.0,7000,80.0,AMOLED,6.57,
Infinix,Infinix Note 50s 5G+ 256GB,24999,Mid Tier,MediaTek,MediaTek Dimensity 7300 Ultimate,8.0,256.0,64.0,2,13.0,5500,45.0,AMOLED,6.78,675134
OPPO,OPPO Reno13 512GB,34999,High Tier,MediaTek,MediaTek Dimensity 8350,12.0,512.0,50.0,3,50.0,5600,80.0,AMOLED,6.59,
Oukitel,Oukitel WP35,39999,High Tier,MediaTek,MediaTek Dimensity 6100 Plus,8.0,256.0,64.0,2,32.0,11000,18.0,LCD,6.6,
Apple,Apple iPhone 16 512GB,97900,Ultra-Premium Tier,Apple,Apple A18,8.0,512.0,48.0,2,12.0,3561,20.0,OLED,6.1,1764170
iQOO,iQOO Z9 Lite 6GB RAM,11498,Budget Tier,MediaTek,MediaTek Dimensity 6300,6.0,128.0,50.0,2,8.0,5000,15.0,LCD,6.56,401756
realme,realme GT 6T 512GB,31047,High Tier,Snapdragon,Snapdragon 7 Plus Gen 3,12.0,512.0,50.0,2,32.0,5500,120.0,AMOLED,6.78,
vivo,vivo Y18e,7991,Budget Tier,MediaTek,MediaTek Helio G85,4.0,64.0,13.0,2,5.0,5000,15.0,LCD,6.56,
Samsung,Samsung Galaxy M55 5G 12GB RAM,22999,Mid Tier,Snapdragon,Snapdragon 7 Gen 1,12.0,256.0,50.0,3,50.0,5000,45.0,AMOLED,6.7,584312
POCO,POCO C61 128GB,8499,Budget Tier,MediaTek,MediaTek Helio G36,6.0,128.0,8.0,2,5.0,5000,10.0,LCD,6.71,
vivo,vivo Y200 5G 256GB,17990,Mid Tier,Snapdragon,Snapdragon 4 Gen 1,8.0,256.0,64.0,2,16.0,4800,44.0,AMOLED,6.67,
vivo,vivo Y17s 128GB,10491,Budget Tier,MediaTek,MediaTek Helio G85,4.0,128.0,50.0,2,8.0,5000,15.0,LCD,6.56,
iQOO,iQOO Neo 7 Pro 256GB,35391,High Tier,Snapdragon,Snapdragon 8 Plus Gen 1,12.0,256.0,50.0,3,16.0,5000,120.0,AMOLED,6.78,1284112
OnePlus,OnePlus 11 256GB,38994,High Tier,Snapdragon,Snapdragon 8 Gen 2,16.0,256.0,50.0,3,16.0,5000,100.0,AMOLED,6.7,1027699
Moto,Moto E32,7999,Budget Tier,MediaTek,MediaTek Helio G37,4.0,64.0,50.0,2,8.0,5000,10.0,LCD,6.5,
OPPO,OPPO F21s Pro 5G,19404,Mid Tier,Snapdragon,Snapdragon 695,8.0,128.0,64.0,3,16.0,4500,33.0,AMOLED,6.43,
realme,realme Narzo 50 5G,17999,Mid Tier,MediaTek,MediaTek Dimensity 810,4.0,64.0,48.0,2,8.0,5000,33.0,LCD,6.6,388714
Nokia,Nokia G21,14499,Budget Tier,Unisoc,Unisoc T606,4.0,64.0,50.0,3,8.0,5050,18.0,LCD,6.5,0
Asus,Asus ROG Phone 5s 5G,55999,Ultra-Premium Tier,Snapdragon,Snapdragon 888 Plus,8.0,128.0,64.0,3,24.0,6000,65.0,AMOLED,6.78,819452
POCO,POCO C31,8499,Budget Tier,MediaTek,MediaTek Helio G35,3.0,32.0,13.0,3,5.0,5000,10.0,LCD,6.53,124264
Samsung,Samsung Galaxy A32 4G,22001,Mid Tier,MediaTek,MediaTek Helio G80,6.0,128.0,64.0,4,20.0,5000,15.0,AMOLED,6.4,157215
vivo,vivo Y51A,21990,Mid Tier,Snapdragon,Snapdragon 662,8.0,128.0,48.0,3,16.0,5000,18.0,LCD,6.58,214456
vivo,vivo V20 SE,23990,Mid Tier,Snapdragon,Snapdragon 665,8.0,128.0,48.0,3,32.0,4100,33.0,AMOLED,6.44,184721
realme,realme Narzo 20 Pro,6899,Budget Tier,MediaTek,MediaTek Helio G95,6.0,64.0,48.0,4,16.0,4500,65.0,LCD,6.5,298338
LG,LG G8X ThinQ,70000,Ultra-Premium Tier,Snapdragon,Snapdragon 855,6.0,128.0,12.0,2,32.0,4000,,OLED,6.4,439719
Samsung,Samsung Galaxy A2 Core,5900,Budget Tier,Samsung,Samsung Exynos 7 Octa 7870,1.0,16.0,5.0,1,5.0,2600,,LCD,5.0,
Samsung,Samsung Galaxy A50 6GB RAM,24000,Mid Tier,Samsung,Samsung Exynos 7 Octa 9610,6.0,64.0,25.0,3,25.0,4000,15.0,AMOLED,6.4,143399
vivo,vivo Y95,18990,Mid Tier,Snapdragon,Snapdragon 439,4.0,64.0,13.0,2,20.0,4030,,LCD,6.22,
realme,realme 15 Lite 256GB,20990,Mid Tier,MediaTek,MediaTek MT6878,8.0,256.0,50.0,2,16.0,5000,80.0,OLED,6.67,
realme,realme P3 Lite 6GB RAM,13999,Budget Tier,MediaTek,MediaTek Dimensity 6300,6.0,128.0,32.0,1,8.0,6000,45.0,LCD,6.67,
Tecno,Tecno Pova Curve 8GB RAM,17999,Mid Tier,MediaTek,MediaTek Dimensity 7300 Ultimate,8.0,128.0,64.0,1,13.0,5500,45.0,AMOLED,6.78,684142
Samsung,Samsung Galaxy M16 6GB RAM,11999,Budget Tier,MediaTek,MediaTek Dimensity 6300,6.0,128.0,50.0,3,13.0,5000,25.0,AMOLED,6.7,
vivo,vivo Y300 256GB,22999,Mid Tier,Snapdragon,Snapdragon 4 Gen 2,8.0,256.0,50.0,2,32.0,5000,80.0,AMOLED,6.67,
realme,realme C65 5G 8GB RAM,12590,Budget Tier,MediaTek,MediaTek Dimensity 6300,8.0,128.0,50.0,1,8.0,5000,15.0,LCD,6.67,
Samsung,Samsung Galaxy M35 256GB,20400,Mid Tier,Samsung,Samsung Exynos 1380,8.0,256.0,50.0,3,13.0,6000,25.0,AMOLED,6.6,611292
realme,realme Narzo N63,7354,Budget Tier,Unisoc,Unisoc T612,4.0,64.0,50.0,1,8.0,5000,45.0,LCD,6.74,254459
POCO,POCO X6 Neo 256GB,17999,Mid Tier,MediaTek,MediaTek Dimensity 6080,12.0,256.0,108.0,2,16.0,5000,33.0,AMOLED,6.67,445887
Moto,Moto G24 Power 8GB RAM,10999,Budget Tier,MediaTek,MediaTek Helio G85,8.0,128.0,50.0,2,16.0,6000,30.0,LCD,6.56,266894
Nokia,Nokia C32 6GB RAM,8699,Budget Tier,Unisoc,Unisoc SC9863A1,6.0,128.0,50.0,2,8.0,5000,10.0,LCD,6.51,
Infinix,Infinix Note 30 5G 256GB,15999,Mid Tier,MediaTek,MediaTek Dimensity 6080,8.0,256.0,108.0,3,16.0,5000,45.0,LCD,6.78,394293
Moto,Moto E13,6999,Budget Tier,Unisoc,Unisoc T606,2.0,64.0,13.0,1,5.0,5000,10.0,LCD,6.5,0
vivo,vivo Y02,8991,Budget Tier,MediaTek,MediaTek Helio P22,3.0,32.0,8.0,1,5.0,5000,10.0,LCD,6.51,
realme,realme C33,8999,Budget Tier,Unisoc,Unisoc T612,3.0,32.0,50.0,2,5.0,5000,10.0,LCD,6.5,0
Samsung,Samsung Galaxy A73 5G 256GB,49990,Ultra-Premium Tier,Snapdragon,Snapdragon 778G,8.0,256.0,108.0,4,32.0,5000,25.0,AMOLED,6.7,530293
vivo,vivo V23e 5G,24999,Mid Tier,MediaTek,MediaTek Dimensity 810,8.0,128.0,50.0,3,44.0,4050,44.0,AMOLED,6.44,
Apple,Apple iPhone 13 Mini 256GB,74900,Ultra-Premium Tier,Apple,Apple A15 Bionic,4.0,256.0,12.0,2,12.0,2406,20.0,OLED,5.4,776629
Samsung,Samsung Galaxy A03s,6799,Budget Tier,MediaTek,MediaTek Helio P35,3.0,32.0,13.0,3,5.0,5000,,LCD,6.5,119526
vivo,vivo Y53s 4G,15490,Mid Tier,MediaTek,MediaTek Helio G80,8.0,128.0,64.0,3,16.0,5000,18.0,LCD,6.58,244668
realme,realme C21,9999,Budget Tier,MediaTek,MediaTek Helio G35,3.0,32.0,13.0,3,5.0,5000,10.0,LCD,6.5,131494
Xiaomi,Xiaomi Redmi Note 10 Pro 128GB,14999,Budget Tier,Snapdragon,Snapdragon 732G,6.0,128.0,64.0,4,16.0,5020,33.0,AMOLED,6.67,331961
Infinix,Infinix Zero 8i,9499,Budget Tier,MediaTek,MediaTek Helio G90T,8.0,128.0,48.0,3,16.0,4500,33.0,LCD,6.85,291302
realme,realme 5i,10999,Budget Tier,Snapdragon,Snapdragon 665,4.0,64.0,12.0,4,8.0,5000,10.0,LCD,6.5,172716
Samsung,Samsung Galaxy A10s,10000,Budget Tier,MediaTek,MediaTek Helio P22,2.0,32.0,13.0,2,8.0,4000,,LCD,6.2,
Samsung,Samsung Galaxy M40,15798,Mid Tier,Snapdragon,Snapdragon 675,6.0,128.0,32.0,3,16.0,3500,15.0,LCD,6.3,173420
Samsung,Samsung Galaxy S10 512GB,92000,Ultra-Premium Tier,Samsung,Samsung Exynos 9 Octa 9820,8.0,512.0,12.0,3,10.0,3400,15.0,AMOLED,6.1,271486
vivo,vivo V11,24990,Mid Tier,MediaTek,MediaTek Helio P60,6.0,64.0,16.0,2,25.0,3315,,LCD,6.3,
Nokia,Nokia 6.1 Plus (Nokia X6),17199,Mid Tier,Snapdragon,Snapdragon 636,4.0,64.0,16.0,2,16.0,3060,,LCD,5.8,168464
Samsung,Samsung Galaxy J8 2018,17000,Mid Tier,Snapdragon,Snapdragon 450,4.0,64.0,16.0,2,16.0,3500,,AMOLED,6.0,
Nokia,Nokia 8 Sirocco,54999,Ultra-Premium Tier,Snapdragon,Snapdragon 835,6.0,128.0,12.0,2,5.0,3260,,POLED,5.5,
Infinix,Infinix Zero 5,17999,Mid Tier,MediaTek,MediaTek MT6757,6.0,64.0,12.0,2,16.0,4350,,LCD,5.98,
Samsung,Samsung Galaxy J7 Prime 32GB,15300,Mid Tier,Samsung,Samsung Exynos 7 Octa 7870,3.0,32.0,13.0,1,8.0,3300,,TFT,5.5,
Sony,Sony Xperia Z5 Premium Dual,62990,Ultra-Premium Tier,Snapdragon,Snapdragon 810,3.0,32.0,23.0,1,5.0,3430,,LCD,5.5,
Nokia,Nokia 808 PureView,34499,High Tier,,,512.0,1.0,41.0,1,0.3,1400,,AMOLED,4.0,
vivo,vivo T4 Lite 6GB RAM,14999,Budget Tier,MediaTek,MediaTek Dimensity 6300,6.0,128.0,50.0,2,5.0,6000,15.0,LCD,6.74,
OPPO,OPPO K13x 6GB RAM,16999,Mid Tier,MediaTek,MediaTek Dimensity 6300,6.0,128.0,50.0,2,8.0,6000,45.0,LCD,6.67,447305
Samsung,Samsung Galaxy A16 256GB,20499,Mid Tier,MediaTek,MediaTek Dimensity 6300,8.0,256.0,50.0,3,13.0,5000,25.0,AMOLED,6.7,411561
Apple,Apple iPhone 16 Pro 512GB,139900,Ultra-Premium Tier,Apple,Apple A18 Pro,8.0,512.0,48.0,3,12.0,3582,20.0,OLED,6.3,1747550
iQOO,iQOO Z9s 256GB,20568,Mid Tier,MediaTek,MediaTek Dimensity 7300,8.0,256.0,50.0,2,16.0,5500,44.0,AMOLED,6.77,
iQOO,iQOO Z9s Pro 256GB,27490,Mid Tier,Snapdragon,Snapdragon 7 Gen 3,8.0,256.0,50.0,2,16.0,5500,80.0,AMOLED,6.77,803223
OnePlus,OnePlus 12R 8GB RAM,33488,High Tier,Snapdragon,Snapdragon 8 Gen 2,8.0,256.0,50.0,3,16.0,5500,100.0,OLED,6.78,1240474
Itel,Itel P55,6699,Budget Tier,Unisoc,Unisoc T606,4.0,128.0,50.0,2,8.0,5000,18.0,LCD,6.6,249328
OPPO,OPPO Reno11 256GB,26947,Mid Tier,MediaTek,MediaTek Dimensity 7050,8.0,256.0,50.0,3,32.0,5000,67.0,AMOLED,6.7,539158
Xiaomi,Xiaomi Redmi Note 13 12GB RAM,29949,Mid Tier,MediaTek,MediaTek Dimensity 6080,12.0,256.0,108.0,3,16.0,5000,33.0,AMOLED,6.67,453830
Infinix,Infinix Smart 7 HD,6199,Budget Tier,Unisoc,Unisoc SC9863A1,2.0,64.0,8.0,2,5.0,5000,10.0,LCD,6.6,101464
vivo,vivo T2x 6GB RAM,12999,Budget Tier,MediaTek,MediaTek Dimensity 6020,6.0,128.0,50.0,2,8.0,5000,18.0,LCD,6.58,
Lava,Lava Yuva 2 Pro,6348,Budget Tier,MediaTek,MediaTek Helio G37,4.0,64.0,13.0,3,5.0,5000,10.0,LCD,6.5,123326
I,I Kall Z13,5751,Budget Tier,,,4.0,64.0,20.0,1,13.0,5000,,LCD,6.53,
vivo,vivo T1x 4G,11999,Budget Tier,Snapdragon,Snapdragon 680,4.0,64.0,50.0,2,8.0,5000,18.0,LCD,6.58,
Infinix,Infinix Note 12 Pro,18999,Mid Tier,MediaTek,MediaTek Dimensity 810,8.0,128.0,108.0,3,16.0,5000,33.0,AMOLED,6.7,387252
OPPO,OPPO A57 2022,14999,Budget Tier,MediaTek,MediaTek Helio G35,4.0,64.0,13.0,2,8.0,5000,33.0,LCD,6.56,
vivo,vivo X80 5G 256GB,42990,High Tier,MediaTek,MediaTek Dimensity 9000,12.0,256.0,50.0,3,32.0,4500,80.0,AMOLED,6.78,994933
Asus,Asus 8z,48999,Ultra-Premium Tier,Snapdragon,Snapdragon 888,8.0,128.0,64.0,2,12.0,4000,30.0,AMOLED,5.9,755552
Xiaomi,Xiaomi Redmi Note 11S 8GB RAM,12545,Budget Tier,MediaTek,MediaTek Helio G96,8.0,128.0,108.0,4,16.0,5000,33.0,AMOLED,6.43,0
realme,realme GT Master Edition 5G 256GB,19999,Mid Tier,Snapdragon,Snapdragon 778G,8.0,256.0,64.0,3,32.0,4300,65.0,AMOLED,6.43,0
vivo,vivo Y72 5G,19982,Mid Tier,Snapdragon,Snapdragon 480,8.0,128.0,48.0,2,8.0,5000,18.0,LCD,6.58,
vivo,vivo X60 Pro Plus,56358,Ultra-Premium Tier,Snapdragon,Snapdragon 888,12.0,256.0,50.0,4,32.0,4200,55.0,AMOLED,6.56,681107
realme,realme Narzo 30 Pro,13499,Budget Tier,MediaTek,MediaTek Dimensity 800U,6.0,64.0,48.0,3,16.0,5000,30.0,LCD,6.5,343288
Nokia,Nokia 3.4,13999,Budget Tier,Snapdragon,Snapdragon 460,4.0,64.0,13.0,3,8.0,4000,,LCD,6.39,145505
Nokia,Nokia 5.4,16799,Mid Tier,Snapdragon,Snapdragon 662,4.0,64.0,48.0,4,16.0,4000,10.0,LCD,6.39,178545
vivo,vivo Y12s,10039,Budget Tier,MediaTek,MediaTek Helio P35,3.0,32.0,13.0,2,8.0,5000,10.0,LCD,6.51,108715
Tecno,Tecno Pova 128GB,12499,Budget Tier,MediaTek,MediaTek Helio G80,6.0,128.0,16.0,3,8.0,6000,18.0,LCD,6.8,195498
OnePlus,OnePlus Nord 64GB,24999,Mid Tier,Snapdragon,Snapdragon 765G,6.0,64.0,48.0,4,32.0,4115,30.0,AMOLED,6.44,0
vivo,vivo Y90,7990,Budget Tier,MediaTek,MediaTek Helio A22,2.0,16.0,8.0,1,5.0,4030,,LCD,6.22,
Xiaomi,Xiaomi Redmi K20,22999,Mid Tier,Snapdragon,Snapdragon 730,6.0,64.0,48.0,3,20.0,4000,18.0,AMOLED,6.39,209539
Nubia,Nubia Red Magic 3 256GB,49999,Ultra-Premium Tier,Snapdragon,Snapdragon 855,12.0,256.0,48.0,1,16.0,5000,18.0,AMOLED,6.65,358802
vivo,vivo Y15 2019,14501,Budget Tier,MediaTek,MediaTek Helio P22,4.0,64.0,13.0,3,16.0,5000,,LCD,6.35,
vivo,vivo Y17,18990,Mid Tier,MediaTek,MediaTek Helio P35,4.0,128.0,13.0,3,20.0,5000,18.0,LCD,6.35,
Apple,Apple iPhone 8,39900,High Tier,Apple,Apple A11 Bionic,2.0,64.0,12.0,1,7.0,1821,,LCD,4.7,355121
Sony,Sony Xperia XA1 Plus 32GB,19990,Mid Tier,MediaTek,MediaTek MT6757,4.0,32.0,23.0,1,8.0,3430,,LCD,5.5,
Samsung,Samsung Galaxy S8,49990,Ultra-Premium Tier,Samsung,Samsung Exynos 9 Octa 8895,4.0,64.0,12.0,1,8.0,3000,,AMOLED,5.8,
Samsung,Samsung Galaxy S8 Plus,53990,Ultra-Premium Tier,Samsung,Samsung Exynos 9 Octa 8895,4.0,64.0,12.0,1,8.0,3500,15.0,AMOLED,6.2,
Itel,Itel Zeno 100,8699,Budget Tier,Unisoc,Unisoc T7100,3.0,64.0,8.0,1,5.0,5000,,LCD,6.6,
Tecno,Tecno Pova 7 5G 256GB,15999,Mid Tier,MediaTek,MediaTek Dimensity 7300 Ultimate,8.0,256.0,50.0,1,13.0,6000,45.0,LCD,6.78,676261
Lava,Lava Storm Lite,10358,Budget Tier,MediaTek,MediaTek Dimensity 6400,4.0,64.0,50.0,1,5.0,5000,15.0,LCD,6.74,
Lava,Lava Bold N1,7499,Budget Tier,Unisoc,Unisoc SC9863A,4.0,64.0,13.0,1,5.0,5000,10.0,LCD,6.74,146647
realme,realme Narzo 80X 8GB RAM,12446,Budget Tier,MediaTek,MediaTek Dimensity 6400,8.0,128.0,50.0,2,8.0,6000,45.0,LCD,6.72,
realme,realme P2 Pro 512GB,23999,Mid Tier,Snapdragon,Snapdragon 7s Gen 2,12.0,512.0,50.0,2,32.0,5200,80.0,OLED,6.7,670441
Itel,Itel A50,6149,Budget Tier,Unisoc,Unisoc T603,3.0,64.0,8.0,1,5.0,5000,10.0,LCD,6.6,151010
Itel,Itel A50C,5739,Budget Tier,Unisoc,Unisoc T603,2.0,32.0,8.0,1,5.0,4000,10.0,LCD,6.6,
realme,realme Narzo 70x 5G 8GB RAM,12741,Budget Tier,MediaTek,MediaTek Dimensity 6100 Plus,8.0,128.0,50.0,2,8.0,5000,45.0,LCD,6.72,
Infinix,Infinix GT 20 Pro 5G 12GB RAM,26999,Mid Tier,MediaTek,MediaTek Dimensity 8200 Ultimate,12.0,256.0,108.0,3,32.0,5000,45.0,AMOLED,6.78,
realme,realme C65 5G 128GB,10580,Budget Tier,MediaTek,MediaTek Dimensity 6300,4.0,128.0,50.0,1,8.0,5000,15.0,LCD,6.67,433932
realme,realme 12 Pro Plus 12GB RAM,23999,Mid Tier,Snapdragon,Snapdragon 7s Gen 2,12.0,256.0,50.0,3,32.0,5000,67.0,AMOLED,6.7,
Nokia,Nokia G42,12999,Budget Tier,Snapdragon,Snapdragon 480 Plus,6.0,128.0,50.0,3,8.0,5000,20.0,LCD,6.56,
iQOO,iQOO Z7s 5G 8GB RAM,17195,Mid Tier,Snapdragon,Snapdragon 695,8.0,128.0,64.0,2,16.0,4500,44.0,AMOLED,6.38,
realme,realme Narzo N55,10830,Budget Tier,MediaTek,MediaTek Helio G88,4.0,64.0,64.0,2,8.0,5000,33.0,LCD,6.72,0
iQOO,iQOO Z6 Lite 5G 128GB,11999,Budget Tier,Snapdragon,Snapdragon 4 Gen 1,6.0,128.0,50.0,2,8.0,5000,18.0,LCD,6.58,
Infinix,Infinix Note 12 Pro 4G,16999,Mid Tier,MediaTek,MediaTek Helio G99,8.0,256.0,108.0,2,16.0,5000,33.0,AMOLED,6.7,380698
Nokia,Nokia G21 128GB,16999,Mid Tier,Unisoc,Unisoc T606,6.0,128.0,50.0,3,8.0,5050,18.0,LCD,6.5,197913
Nokia,Nokia C01 Plus 32GB,7999,Budget Tier,Unisoc,Unisoc SC9863A,2.0,32.0,5.0,1,5.0,3000,,LCD,5.45,
POCO,POCO M4 Pro 128GB,9999,Budget Tier,MediaTek,MediaTek Helio G96,6.0,128.0,64.0,3,16.0,5000,33.0,AMOLED,6.43,309983
Samsung,Samsung Galaxy S22 Ultra 512GB,99999,Ultra-Premium Tier,Snapdragon,Snapdragon 8 Gen 1,12.0,512.0,108.0,4,40.0,5000,45.0,AMOLED,6.8,912577
Xiaomi,Xiaomi Redmi Note 11S 128GB,10899,Budget Tier,MediaTek,MediaTek Helio G96,6.0,128.0,108.0,4,16.0,5000,33.0,AMOLED,6.43,302056
realme,realme Narzo 50i,6299,Budget Tier,Unisoc,Unisoc SC9863A,2.0,32.0,8.0,1,5.0,5000,10.0,LCD,6.5,121181
Apple,Apple iPhone 13 Pro Max 256GB,139900,Ultra-Premium Tier,Apple,Apple A15 Bionic,6.0,256.0,12.0,3,12.0,4352,20.0,OLED,6.7,846870
vivo,vivo V21e 5G,24982,Mid Tier,MediaTek,MediaTek Dimensity 700,8.0,128.0,64.0,2,32.0,4000,44.0,AMOLED,6.44,341089
iQOO,iQOO 7 12GB RAM,26499,Mid Tier,Snapdragon,Snapdragon 870,12.0,256.0,48.0,3,16.0,4400,66.0,AMOLED,6.62,632841
Nokia,Nokia 5.4 6GB RAM,18499,Mid Tier,Snapdragon,Snapdragon 662,6.0,64.0,48.0,4,16.0,4000,10.0,LCD,6.39,178545
Samsung,Samsung Galaxy M02s,9923,Budget Tier,Snapdragon,Snapdragon 450,3.0,32.0,13.0,3,5.0,5000,15.0,LCD,6.5,93583
Apple,Apple iPhone 12 Pro Max 256GB,129900,Ultra-Premium Tier,Apple,Apple A14 Bionic,6.0,256.0,12.0,3,12.0,3687,20.0,OLED,6.7,0
realme,realme 6 6GB RAM,12999,Budget Tier,MediaTek,MediaTek Helio G90T,6.0,64.0,64.0,4,16.0,4300,30.0,LCD,6.5,290483
OnePlus,OnePlus 7T Pro McLaren Edition,50900,Ultra-Premium Tier,Snapdragon,Snapdragon 855 Plus,12.0,256.0,48.0,3,16.0,4085,30.0,AMOLED,6.67,483785
Motorola,Motorola One Macro,11999,Budget Tier,MediaTek,MediaTek Helio P70,4.0,64.0,13.0,3,8.0,4000,10.0,LCD,6.2,159825
Lenovo,Lenovo K10 Note,16999,Mid Tier,Snapdragon,Snapdragon 710,4.0,64.0,16.0,3,16.0,4050,,LCD,6.39,169246
realme,realme 3i,8999,Budget Tier,MediaTek,MediaTek Helio P60,3.0,32.0,13.0,2,13.0,4230,,LCD,6.22,133123
Xiaomi,Xiaomi Redmi 6 Pro 64GB,8499,Budget Tier,Snapdragon,Snapdragon 625,4.0,64.0,12.0,2,5.0,4000,,LCD,5.84,
Samsung,Samsung Galaxy A6 64GB,25500,Mid Tier,Samsung,Samsung Exynos 7 Octa 7870,4.0,64.0,16.0,1,16.0,3000,,AMOLED,5.6,
Samsung,Samsung Galaxy J6,11500,Budget Tier,Samsung,Samsung Exynos 7 Octa 7870,3.0,32.0,13.0,1,8.0,3000,,AMOLED,5.6,68465
iVooMi,iVooMi i2,8999,Budget Tier,MediaTek,MediaTek MT6739,3.0,32.0,13.0,2,8.0,4000,,LCD,5.45,
Sony,Sony Xperia XZ1,44990,High Tier,Snapdragon,Snapdragon 835,4.0,64.0,19.0,1,13.0,2700,,LCD,5.2,
HTC,HTC Desire 828 Dual SIM,15490,Mid Tier,MediaTek,MediaTek MT6753,2.0,16.0,13.0,1,4.0,2800,,LCD,5.5,
Apple,Apple iPhone 6s 128GB,55999,Ultra-Premium Tier,Apple,Apple A9,2.0,128.0,12.0,1,5.0,1715,,LCD,4.7,
Xiaomi,Xiaomi Redmi 2 Prime,6999,Budget Tier,Snapdragon,Snapdragon 410,2.0,16.0,8.0,1,2.0,2200,,LCD,4.7,
Apple,Apple iPhone 5c 8GB,14999,Budget Tier,Apple,Apple A6,1.0,8.0,8.0,1,1.2,1510,,LCD,4.0,
Sony,Sony Xperia Z3,41990,High Tier,Snapdragon,Snapdragon 801,3.0,16.0,20.7,1,2.2,3100,,LCD,5.2,
LG,LG Optimus G Pro,29999,Mid Tier,Snapdragon,Snapdragon S4 Pro,2.0,16.0,13.0,1,2.1,3140,,LCD,5.5,
Lava,Lava Yuva Smart 2,7549,Budget Tier,Unisoc,Unisoc 9863A,3.0,64.0,13.0,1,5.0,5000,,LCD,6.75,
realme,realme 15 Pro 512GB 12GB RAM,35249,High Tier,Snapdragon,Snapdragon 7 Gen 4,12.0,512.0,50.0,2,50.0,7000,80.0,AMOLED,6.8,
Samsung,Samsung Galaxy Z Flip7 FE,89999,Ultra-Premium Tier,Samsung,Samsung Exynos 2400 S5E9945,8.0,128.0,50.0,2,10.0,4000,25.0,AMOLED,6.7,
OPPO,OPPO Reno14 Pro 512GB,60999,Ultra-Premium Tier,MediaTek,MediaTek Dimensity 8450,12.0,512.0,50.0,3,50.0,6200,80.0,OLED,6.83,1617077
realme,realme Narzo 80 Pro 12GB RAM,22450,Mid Tier,MediaTek,MediaTek Dimensity 7400,12.0,256.0,50.0,2,16.0,6000,80.0,OLED,6.7,711323
vivo,vivo Y39 256GB,18999,Mid Tier,Snapdragon,Snapdragon 4 Gen 2,8.0,256.0,50.0,2,8.0,6500,44.0,LCD,6.68,
Tecno,Tecno Pop 9 8GB RAM,10299,Budget Tier,MediaTek,MediaTek Dimensity 6300,8.0,128.0,48.0,1,8.0,5000,18.0,LCD,6.67,
vivo,vivo X200 512GB,60999,Ultra-Premium Tier,MediaTek,MediaTek Dimensity 9400,16.0,512.0,50.0,3,32.0,5800,90.0,AMOLED,6.67,2537181
Oukitel,Oukitel WP50,26778,Mid Tier,MediaTek,MediaTek Dimensity 6100 Plus,4.0,256.0,48.0,3,8.0,6500,18.0,LCD,6.6,
Apple,Apple iPhone 16 Pro 256GB,119900,Ultra-Premium Tier,Apple,Apple A18 Pro,8.0,256.0,48.0,3,12.0,3582,20.0,OLED,6.3,1747550
Itel,Itel A50 4GB RAM,6090,Budget Tier,Unisoc,Unisoc T603,4.0,64.0,8.0,1,5.0,5000,10.0,LCD,6.6,151010
realme,realme 13 Pro 512GB,26775,Mid Tier,Snapdragon,Snapdragon 7s Gen 2,12.0,512.0,50.0,3,32.0,5200,45.0,AMOLED,6.7,664130
realme,realme 13 Pro Plus 512GB,28999,Mid Tier,Snapdragon,Snapdragon 7s Gen 2,12.0,512.0,50.0,3,32.0,5200,80.0,OLED,6.7,617481
Infinix,Infinix Smart 8 HD 4GB RAM,6999,Budget Tier,Unisoc,Unisoc T606,4.0,64.0,13.0,2,8.0,5000,10.0,LCD,6.6,
Itel,Itel P55 8GB RAM,8299,Budget Tier,Unisoc,Unisoc T606,8.0,128.0,50.0,2,8.0,5000,18.0,LCD,6.6,249328
POCO,POCO X6 5G 512GB,24999,Mid Tier,Snapdragon,Snapdragon 7s Gen 2,12.0,512.0,64.0,3,16.0,5100,67.0,AMOLED,6.67,593702
OPPO,OPPO A59 5G 6GB RAM,16410,Mid Tier,MediaTek,MediaTek Dimensity 6020,6.0,128.0,13.0,2,8.0,5000,33.0,LCD,6.56,
Lava,Lava Blaze 2 5G,8499,Budget Tier,MediaTek,MediaTek Dimensity 6020,4.0,64.0,50.0,2,8.0,5000,18.0,LCD,6.56,
OPPO,OPPO Find N3 Flip,48990,Ultra-Premium Tier,MediaTek,MediaTek Dimensity 9200,12.0,256.0,50.0,3,32.0,4300,44.0,AMOLED,6.8,997512
Itel,Itel P55 5G 128GB,9095,Budget Tier,MediaTek,MediaTek Dimensity 6080,6.0,128.0,50.0,2,8.0,5000,18.0,LCD,6.6,404880
vivo,vivo Y17s,9499,Budget Tier,MediaTek,MediaTek Helio G85,4.0,64.0,50.0,2,8.0,5000,15.0,LCD,6.56,
Apple,Apple iPhone 15 Plus 256GB,79900,Ultra-Premium Tier,Apple,Apple A16 Bionic,6.0,256.0,48.0,2,12.0,4383,20.0,OLED,6.7,1302867
vivo,vivo V29e 256GB,27991,Mid Tier,Snapdragon,Snapdragon 695,8.0,256.0,64.0,2,50.0,5000,44.0,AMOLED,6.78,447351
Xiaomi,Xiaomi Redmi Note 12 4G 128GB,12499,Budget Tier,Snapdragon,Snapdragon 685,6.0,128.0,50.0,3,13.0,5000,33.0,AMOLED,6.67,
POCO,POCO X5 256GB,14499,Budget Tier,Snapdragon,Snapdragon 695,8.0,256.0,48.0,3,13.0,5000,33.0,AMOLED,6.67,401418
Samsung,Samsung Galaxy A34 256GB,25499,Mid Tier,MediaTek,MediaTek Dimensity 1080,8.0,256.0,48.0,3,13.0,5000,25.0,AMOLED,6.6,
OPPO,OPPO A55 4G 4GB RAM,18990,Mid Tier,MediaTek,MediaTek Helio G35,4.0,128.0,50.0,3,16.0,5000,18.0,LCD,6.51,
realme,realme Narzo 50i Prime,6999,Budget Tier,Unisoc,Unisoc T612,3.0,32.0,8.0,1,5.0,5000,10.0,LCD,6.5,0
Apple,Apple iPhone 14 Pro 256GB,129900,Ultra-Premium Tier,Apple,Apple A16 Bionic,6.0,256.0,48.0,3,12.0,3200,20.0,OLED,6.1,
Lava,Lava Blaze,9699,Budget Tier,MediaTek,MediaTek Helio A22,3.0,64.0,13.0,2,8.0,5000,10.0,LCD,6.51,99846
POCO,POCO F4 5G 256GB,33999,High Tier,Snapdragon,Snapdragon 870,12.0,256.0,64.0,3,20.0,4500,67.0,AMOLED,6.67,
Moto,Moto G22,9999,Budget Tier,MediaTek,MediaTek Helio G37,4.0,64.0,50.0,4,16.0,5000,20.0,LCD,6.5,114996
Moto,Moto E32s,5799,Budget Tier,MediaTek,MediaTek Helio G37,3.0,32.0,16.0,3,8.0,5000,15.0,LCD,6.5,115667
iQOO,iQOO Z6 Pro 8GB RAM,18200,Mid Tier,Snapdragon,Snapdragon 778G,8.0,128.0,64.0,3,16.0,4700,66.0,AMOLED,6.44,0
iQOO,iQOO Z6 4G 6GB RAM,11590,Budget Tier,Snapdragon,Snapdragon 680,6.0,128.0,50.0,3,16.0,5000,44.0,AMOLED,6.44,0
realme,realme 9 8GB RAM,13999,Budget Tier,Snapdragon,Snapdragon 680,8.0,128.0,108.0,3,16.0,5000,33.0,AMOLED,6.4,0
POCO,POCO M4 Pro 5G 8GB RAM,14999,Budget Tier,MediaTek,MediaTek Dimensity 810,8.0,128.0,50.0,2,16.0,5000,33.0,LCD,6.6,
Infinix,Infinix Zero 5G,19999,Mid Tier,MediaTek,MediaTek Dimensity 900,8.0,128.0,48.0,3,16.0,5000,33.0,LCD,6.78,457966
OnePlus,OnePlus 9 RT 256GB,28980,Mid Tier,Snapdragon,Snapdragon 888,12.0,256.0,50.0,3,16.0,4500,65.0,AMOLED,6.62,795111
Itel,Itel A26,5470,Budget Tier,Unisoc,Unisoc SC9832E,2.0,32.0,5.0,1,2.0,3020,,LCD,5.7,
Apple,Apple iPhone 13 256GB,59900,Ultra-Premium Tier,Apple,Apple A15 Bionic,4.0,256.0,12.0,2,12.0,3227,20.0,OLED,6.1,
Samsung,Samsung Galaxy M32 5G,14999,Budget Tier,MediaTek,MediaTek Dimensity 720,6.0,128.0,48.0,4,13.0,5000,15.0,TFT,6.5,299628
vivo,vivo Y33s,16499,Mid Tier,MediaTek,MediaTek Helio G80,8.0,128.0,50.0,3,16.0,5000,18.0,LCD,6.58,249714
vivo,vivo Y21 2021 128GB,17990,Mid Tier,MediaTek,MediaTek Helio P35,4.0,128.0,13.0,2,8.0,5000,18.0,LCD,6.51,
Infinix,Infinix Note 10,10999,Budget Tier,MediaTek,MediaTek Helio G85,4.0,64.0,48.0,3,16.0,5000,18.0,LCD,6.95,204003
OnePlus,OnePlus Nord CE 5G 8GB RAM,21999,Mid Tier,Snapdragon,Snapdragon 750G,8.0,128.0,64.0,3,16.0,4500,30.0,AMOLED,6.43,0
Samsung,Samsung Galaxy F02s,6619,Budget Tier,Snapdragon,Snapdragon 450,3.0,32.0,13.0,3,5.0,5000,15.0,LCD,6.5,
Xiaomi,Xiaomi Redmi Note 10 Pro Max 8GB RAM,24999,Mid Tier,Snapdragon,Snapdragon 732G,8.0,128.0,108.0,4,16.0,5020,33.0,AMOLED,6.67,269467
Xiaomi,Xiaomi Redmi Note 10 128GB,16990,Mid Tier,Snapdragon,Snapdragon 678,6.0,128.0,48.0,4,13.0,5000,33.0,AMOLED,6.43,238519
TCL,TCL L7,4890,Budget Tier,Snapdragon,Snapdragon 215,2.0,32.0,8.0,1,5.0,3000,,LCD,5.5,
Asus,Asus ROG Phone 5 Ultimate,85999,Ultra-Premium Tier,Snapdragon,Snapdragon 888,18.0,512.0,64.0,3,24.0,6000,65.0,AMOLED,6.78,
Itel,Itel A47,4890,Budget Tier,,,2.0,32.0,5.0,2,5.0,3020,,LCD,5.5,
Xiaomi,Xiaomi Mi 10i 8GB RAM,18999,Mid Tier,Snapdragon,Snapdragon 750G,8.0,128.0,108.0,4,16.0,4820,33.0,LCD,6.67,328730
Tecno,Tecno Spark 6 Go,9049,Budget Tier,MediaTek,MediaTek Helio A25,4.0,64.0,13.0,2,8.0,5000,,TFT,6.52,
Apple,Apple iPhone 12 Mini 128GB,64900,Ultra-Premium Tier,Apple,Apple A14 Bionic,4.0,128.0,12.0,2,12.0,2227,20.0,OLED,5.4,0
Tecno,Tecno Camon 16,11449,Budget Tier,MediaTek,MediaTek Helio G70,4.0,64.0,64.0,3,16.0,5000,18.0,TFT,6.8,
POCO,POCO C3,7499,Budget Tier,MediaTek,MediaTek Helio G35,3.0,32.0,13.0,3,5.0,5000,10.0,LCD,6.53,98021
Tecno,Tecno Spark Power 2 Air,8499,Budget Tier,MediaTek,MediaTek Helio A22,3.0,32.0,13.0,3,8.0,6000,,LCD,7.0,
POCO,POCO M2 128GB,12499,Budget Tier,MediaTek,MediaTek Helio G80,6.0,128.0,13.0,4,8.0,5000,18.0,LCD,6.53,251390
Asus,Asus ROG Phone 3,55999,Ultra-Premium Tier,Snapdragon,Snapdragon 865 Plus,8.0,128.0,64.0,3,24.0,6000,30.0,AMOLED,6.59,614628
Honor,Honor 9S,7999,Budget Tier,MediaTek,MediaTek Helio P22,2.0,32.0,8.0,1,5.0,3020,,TFT,5.45,
Tecno,Tecno Spark 6 Air,8999,Budget Tier,MediaTek,MediaTek Helio A22,2.0,32.0,13.0,2,8.0,6000,,LCD,7.0,
Samsung,Samsung Galaxy M01 Core,6998,Budget Tier,MediaTek,MediaTek MT6739,1.0,16.0,8.0,1,5.0,3000,,LCD,5.3,38773
Samsung,Samsung Galaxy M11,12999,Budget Tier,Snapdragon,Snapdragon 450,3.0,32.0,13.0,3,8.0,5000,15.0,LCD,6.4,
Motorola,Motorola Razr 2019,149999,Ultra-Premium Tier,Snapdragon,Snapdragon 710,6.0,128.0,16.0,1,5.0,2510,15.0,POLED,6.2,
Samsung,Samsung Galaxy M21 128GB,16499,Mid Tier,Samsung,Samsung Exynos 9 Octa 9611,6.0,128.0,48.0,3,20.0,6000,15.0,AMOLED,6.4,168633
Huawei,Huawei P30 Lite 6GB RAM,25990,Mid Tier,HiSilicon,HiSilicon Kirin,6.0,128.0,24.0,3,32.0,3340,,LCD,6.15,
realme,realme 6 Pro 128GB,18900,Mid Tier,Snapdragon,Snapdragon 720G,6.0,128.0,64.0,4,16.0,4300,30.0,LCD,6.6,285167
Samsung,Samsung Galaxy A20s,12900,Budget Tier,Snapdragon,Snapdragon 450,3.0,32.0,13.0,3,8.0,4000,15.0,TFT,6.5,
Huawei,Huawei Y9 Prime 2019,19990,Mid Tier,HiSilicon,HiSilicon Kirin,4.0,128.0,16.0,3,16.0,4000,,TFT,6.59,
Xiaomi,Xiaomi Redmi K20 Pro 256GB,20999,Mid Tier,Snapdragon,Snapdragon 855,8.0,256.0,48.0,3,20.0,4000,27.0,AMOLED,6.39,373945
LG,LG W30,10990,Budget Tier,MediaTek,MediaTek Helio P22,3.0,32.0,12.0,3,16.0,4000,,LCD,6.26,77145
Nokia,Nokia 2.2,8599,Budget Tier,MediaTek,MediaTek Helio A22,2.0,16.0,13.0,1,5.0,3000,,LCD,5.71,65184
vivo,vivo Y91 3GB RAM,10990,Budget Tier,Snapdragon,Snapdragon 439,3.0,32.0,13.0,2,8.0,4030,,LCD,6.22,
LG,LG V40 ThinQ,60000,Ultra-Premium Tier,Snapdragon,Snapdragon 845,6.0,128.0,12.0,3,8.0,3300,,OLED,6.4,
Samsung,Samsung Galaxy J6 Plus,13800,Budget Tier,Snapdragon,Snapdragon 425,4.0,64.0,13.0,2,8.0,3300,,TFT,6.0,
POCO,POCO F1 128GB,24999,Mid Tier,Snapdragon,Snapdragon 845,6.0,128.0,12.0,2,20.0,4000,,LCD,6.18,267207
Samsung,Samsung Galaxy J2 Core,6400,Budget Tier,Samsung,Samsung Exynos 7 Quad 7570,1.0,8.0,8.0,1,5.0,2600,,TFT,5.0,
Honor,Honor 9N,13999,Budget Tier,HiSilicon,HiSilicon Kirin,3.0,32.0,13.0,2,16.0,3000,,LCD,5.84,
Samsung,Samsung Galaxy J2 2018,8200,Budget Tier,Snapdragon,Snapdragon 425,2.0,16.0,8.0,1,5.0,2600,,AMOLED,5.0,
Spice,Spice K601,5290,Budget Tier,,,2.0,16.0,5.0,1,5.0,2700,,LCD,5.0,
Alcatel,Alcatel Idol 4,16999,Mid Tier,Snapdragon,Snapdragon 617,3.0,16.0,13.0,1,8.0,2610,,LCD,5.2,
Nextbit,Nextbit Robin,19999,Mid Tier,Snapdragon,Snapdragon 808,3.0,32.0,13.0,1,5.0,2680,,LCD,5.2,
Xiaomi,Xiaomi Mi4,14999,Budget Tier,Snapdragon,Snapdragon 801,3.0,16.0,13.0,1,8.0,3080,,LCD,5.0,
Panasonic,Panasonic Eluga S,4999,Budget Tier,MediaTek,MediaTek MT6592M,1.0,8.0,8.0,1,5.0,2100,,LCD,5.0,
Apple,Apple iPhone 6 16GB,52000,Ultra-Premium Tier,Apple,Apple A8,1.0,16.0,8.0,1,1.2,1810,,LCD,4.7,
Samsung,Samsung Galaxy Note 3,39999,High Tier,Samsung,Samsung Exynos 5 5420,3.0,32.0,13.0,1,2.0,3200,,AMOLED,5.7,
vivo,vivo Y19s 5G 128GB,13491,Budget Tier,MediaTek,MediaTek Dimensity 6300,4.0,128.0,13.0,2,5.0,6000,15.0,LCD,6.74,
Itel,Itel A90 Limited Edition,6999,Budget Tier,Unisoc,Unisoc T7100,3.0,64.0,13.0,1,5.0,5000,15.0,LCD,6.6,155425
Honor,Honor X7c,19990,Mid Tier,Snapdragon,Snapdragon 4 Gen 2,8.0,256.0,50.0,2,5.0,5200,35.0,TFT,6.8,
Lava,Lava Storm Lite 128GB,8999,Budget Tier,MediaTek,MediaTek Dimensity 6400,4.0,128.0,50.0,1,5.0,5000,15.0,LCD,6.74,
Tecno,Tecno Spark 30C 8GB RAM,12999,Budget Tier,MediaTek,MediaTek Dimensity 6300,8.0,128.0,48.0,1,8.0,5000,18.0,LCD,6.67,
realme,realme 14 Pro Plus 256GB,30330,High Tier,Snapdragon,Snapdragon 7s Gen 3,8.0,256.0,50.0,3,32.0,6000,80.0,OLED,6.83,
Itel,Itel Aura 05i,5596,Budget Tier,Unisoc,Unisoc SC9863A,2.0,32.0,5.0,1,5.0,4000,10.0,LCD,6.56,
Lava,Lava Blaze Duo 8GB RAM,17039,Mid Tier,MediaTek,MediaTek Dimensity 7025,8.0,128.0,64.0,2,16.0,5000,33.0,AMOLED,6.67,501118
Doogee,Doogee Blade 10 Pro,18000,Mid Tier,Unisoc,Unisoc T606,6.0,256.0,50.0,1,8.0,5150,,LCD,6.56,
Infinix,Infinix Zero 40 512GB,30999,High Tier,MediaTek,MediaTek Dimensity 8200 Ultimate,12.0,512.0,108.0,3,50.0,5000,45.0,AMOLED,6.78,
Apple,Apple iPhone 16 Pro 1TB,159900,Ultra-Premium Tier,Apple,Apple A18 Pro,8.0,1.0,48.0,3,12.0,3582,20.0,OLED,6.3,1747550
Samsung,Samsung Galaxy A06 128GB,8899,Budget Tier,MediaTek,MediaTek Helio G85,4.0,128.0,50.0,2,8.0,5000,25.0,LCD,6.7,
iQOO,iQOO Z9s Pro 12GB RAM,29447,Mid Tier,Snapdragon,Snapdragon 7 Gen 3,12.0,256.0,50.0,2,16.0,5500,80.0,AMOLED,6.77,803223
realme,realme Narzo N61 128GB,7599,Budget Tier,Unisoc,Unisoc T612,6.0,128.0,32.0,1,5.0,5000,10.0,LCD,6.74,
Tecno,Tecno Spark 20 Pro 5G 256GB,18999,Mid Tier,MediaTek,MediaTek Dimensity 6080,8.0,256.0,108.0,2,8.0,5000,33.0,LCD,6.78,
Moto,Moto G04s,9999,Budget Tier,Unisoc,Unisoc T606,4.0,64.0,50.0,1,5.0,5000,15.0,LCD,6.6,
Samsung,Samsung Galaxy F55 5G 256GB,22999,Mid Tier,Snapdragon,Snapdragon 7 Gen 1,8.0,256.0,50.0,3,50.0,5000,45.0,AMOLED,6.7,
Infinix,Infinix Note 40 Pro Plus 5G,24999,Mid Tier,MediaTek,MediaTek Dimensity 7020,12.0,256.0,108.0,3,32.0,4600,100.0,AMOLED,6.78,
Tecno,Tecno Pova 6 Pro 12GB RAM,24900,Mid Tier,MediaTek,MediaTek Dimensity 6080,12.0,256.0,108.0,3,32.0,6000,70.0,AMOLED,6.78,
Infinix,Infinix Smart 8 Plus,7799,Budget Tier,MediaTek,MediaTek Helio G36,4.0,128.0,50.0,1,8.0,6000,18.0,LCD,6.6,
Xiaomi,Xiaomi Redmi A3 128GB,7499,Budget Tier,MediaTek,MediaTek Helio G36,4.0,64.0,8.0,2,5.0,5000,10.0,LCD,6.7,
iQOO,iQOO Neo 9 Pro 12GB RAM,39984,High Tier,Snapdragon,Snapdragon 8 Gen 2,12.0,256.0,50.0,2,16.0,5160,120.0,AMOLED,6.78,1611015
vivo,vivo Y28 5G 6GB RAM,12850,Budget Tier,MediaTek,MediaTek Dimensity 6020,6.0,128.0,50.0,2,8.0,5000,15.0,LCD,6.56,
Motorola,Motorola Razr 40,52999,Ultra-Premium Tier,Snapdragon,Snapdragon 7 Gen 1,8.0,256.0,64.0,2,32.0,4200,33.0,POLED,6.9,
Apple,Apple iPhone 15 Pro 1TB,184900,Ultra-Premium Tier,Apple,Apple A17 Pro,8.0,1.0,48.0,3,12.0,3274,20.0,OLED,6.1,
POCO,POCO C51 128GB,8999,Budget Tier,MediaTek,MediaTek Helio G36,6.0,128.0,8.0,2,5.0,5000,10.0,LCD,6.52,
realme,realme C51,8999,Budget Tier,Unisoc,Unisoc T612,4.0,64.0,50.0,2,5.0,5000,33.0,LCD,6.74,249012
Tecno,Tecno Pova 5,14999,Budget Tier,MediaTek,MediaTek Helio G99,8.0,128.0,50.0,2,8.0,6000,45.0,LCD,6.78,
POCO,POCO M6 Pro 5G 128GB,12999,Budget Tier,Snapdragon,Snapdragon 4 Gen 2,6.0,128.0,50.0,2,8.0,5000,18.0,LCD,6.79,430900
Tecno,Tecno Camon 20 Pro 256GB,19999,Mid Tier,MediaTek,MediaTek Dimensity 8050,8.0,256.0,64.0,3,32.0,5000,33.0,AMOLED,6.67,605882
realme,realme 11 Pro Plus 12GB RAM,29999,Mid Tier,MediaTek,MediaTek Dimensity 7050,12.0,256.0,200.0,3,32.0,5000,100.0,AMOLED,6.7,534876
Samsung,Samsung Galaxy A14,10399,Budget Tier,Samsung,Samsung Exynos 8 Octa 850,4.0,64.0,50.0,3,13.0,5000,10.0,LCD,6.6,
Tecno,Tecno Spark 10C,13899,Budget Tier,,,8.0,128.0,16.0,2,8.0,5000,18.0,LCD,6.6,
vivo,vivo X90 5G 12GB RAM,45999,Ultra-Premium Tier,MediaTek,MediaTek Dimensity 9200,12.0,256.0,50.0,3,32.0,4810,120.0,AMOLED,6.78,
Tecno,Tecno Spark 10 5G 128GB,11699,Budget Tier,MediaTek,MediaTek Dimensity 6020,8.0,128.0,50.0,2,8.0,5000,18.0,LCD,6.6,
iQOO,iQOO 11 5G 16GB RAM,59990,Ultra-Premium Tier,Snapdragon,Snapdragon 8 Gen 2,16.0,256.0,50.0,3,16.0,5000,120.0,AMOLED,6.78,1280715
vivo,vivo Y16,9991,Budget Tier,MediaTek,MediaTek Helio P35,3.0,32.0,13.0,2,5.0,5000,10.0,LCD,6.51,
vivo,vivo Y16 64GB,8999,Budget Tier,MediaTek,MediaTek Helio P35,4.0,64.0,13.0,2,5.0,5000,10.0,LCD,6.51,
Xiaomi,Xiaomi Redmi 11 Prime,9499,Budget Tier,MediaTek,MediaTek Helio G99,4.0,64.0,50.0,3,8.0,5000,18.0,LCD,6.58,
Xiaomi,Xiaomi Redmi A1,8999,Budget Tier,MediaTek,MediaTek Helio A22,2.0,32.0,8.0,2,5.0,5000,10.0,LCD,6.52,89878
Apple,Apple iPhone 14 256GB,64900,Ultra-Premium Tier,Apple,Apple A15 Bionic,6.0,256.0,12.0,2,12.0,3279,20.0,OLED,6.1,1286140
Apple,Apple iPhone 14 Plus 512GB,99900,Ultra-Premium Tier,Apple,Apple A15 Bionic,6.0,512.0,12.0,2,12.0,4325,20.0,OLED,6.7,854468
vivo,vivo Y35 2022,16991,Mid Tier,Snapdragon,Snapdragon 680,8.0,128.0,50.0,3,16.0,5000,44.0,LCD,6.58,
Infinix,Infinix Hot 12 Pro,10999,Budget Tier,Unisoc,Unisoc T616,6.0,64.0,50.0,2,8.0,5000,18.0,LCD,6.6,0
Tecno,Tecno Spark 9,9099,Budget Tier,MediaTek,MediaTek Helio G37,4.0,64.0,13.0,2,8.0,5000,,LCD,6.6,
Xiaomi,Xiaomi Redmi K50i 256GB,25999,Mid Tier,MediaTek,MediaTek Dimensity 8100,8.0,256.0,64.0,3,16.0,5080,67.0,LCD,6.6,800596
Infinix,Infinix Note 12,11999,Budget Tier,MediaTek,MediaTek Helio G88,4.0,64.0,50.0,2,16.0,5000,33.0,AMOLED,6.7,
Samsung,Samsung Galaxy A33 5G 8GB RAM,27999,Mid Tier,Samsung,Samsung Exynos 1280,8.0,128.0,48.0,4,13.0,5000,25.0,AMOLED,6.4,
Xiaomi,Xiaomi Redmi Note 11 Pro 8GB RAM,15291,Mid Tier,MediaTek,MediaTek Helio G96,8.0,128.0,108.0,4,16.0,5000,67.0,AMOLED,6.67,301901
Samsung,Samsung Galaxy F23 5G 6GB RAM,23999,Mid Tier,Snapdragon,Snapdragon 750G,6.0,128.0,50.0,3,8.0,5000,25.0,TFT,6.6,297179
Xiaomi,Xiaomi Redmi Note 11 Pro Plus 5G 256GB,23999,Mid Tier,Snapdragon,Snapdragon 695,8.0,256.0,108.0,3,16.0,5000,67.0,AMOLED,6.67,0
Lava,Lava X2,5499,Budget Tier,MediaTek,MediaTek Helio G35,2.0,32.0,8.0,2,5.0,5000,,LCD,6.5,
Micromax,Micromax IN Note 2,17999,Mid Tier,MediaTek,MediaTek Helio G95,4.0,64.0,48.0,4,16.0,5000,30.0,AMOLED,6.43,311562
realme,realme 9i 128GB,14499,Budget Tier,Snapdragon,Snapdragon 680,6.0,128.0,50.0,3,16.0,5000,33.0,LCD,6.6,271963
vivo,vivo Y21e,10990,Budget Tier,Snapdragon,Snapdragon 680,3.0,64.0,13.0,2,8.0,5000,18.0,LCD,6.51,
Samsung,Samsung Galaxy A03 Core,6622,Budget Tier,Unisoc,Unisoc SC9863A,2.0,32.0,8.0,1,5.0,5000,,LCD,6.5,113874
Xiaomi,Xiaomi Redmi Note 10T,14999,Budget Tier,MediaTek,MediaTek Dimensity 700,4.0,64.0,48.0,3,8.0,5000,18.0,LCD,6.5,359003
vivo,vivo Y51A 6GB RAM,20990,Mid Tier,Snapdragon,Snapdragon 662,6.0,128.0,48.0,3,16.0,5000,18.0,LCD,6.58,214456
realme,realme C25s 128GB,9999,Budget Tier,MediaTek,MediaTek Helio G85,4.0,128.0,13.0,3,8.0,6000,18.0,LCD,6.5,220165
iQOO,iQOO Z3 8GB RAM,24990,Mid Tier,Snapdragon,Snapdragon 768G,8.0,128.0,64.0,3,16.0,4400,55.0,LCD,6.58,0
POCO,POCO X3 Pro 8GB RAM,20999,Mid Tier,Snapdragon,Snapdragon 860,8.0,128.0,48.0,4,20.0,5160,33.0,LCD,6.67,478897
realme,realme Narzo 30 Pro 128GB,16499,Mid Tier,MediaTek,MediaTek Dimensity 800U,8.0,128.0,48.0,3,16.0,5000,30.0,LCD,6.5,343288
VOTO,VOTO V2i 16GB,4444,Budget Tier,Spreadtrum,Spreadtrum SC9832A,2.0,16.0,13.0,1,8.0,3000,,LCD,5.0,
LG,LG W41 Pro,8209,Budget Tier,MediaTek,MediaTek Helio G35,6.0,128.0,48.0,4,8.0,5000,,LCD,6.5,
Samsung,Samsung Galaxy F62 8GB RAM,31999,High Tier,Samsung,Samsung Exynos 9 Octa 9825,8.0,128.0,64.0,4,32.0,7000,25.0,AMOLED,6.7,425285
vivo,vivo Y31 2021,20490,Mid Tier,Snapdragon,Snapdragon 662,6.0,128.0,48.0,3,16.0,5000,18.0,LCD,6.58,220647
vivo,vivo Y20G,17999,Mid Tier,MediaTek,MediaTek Helio G80,6.0,128.0,13.0,3,8.0,5000,18.0,LCD,6.51,230127
POCO,POCO C3 64GB,8499,Budget Tier,MediaTek,MediaTek Helio G35,4.0,64.0,13.0,3,5.0,5000,10.0,LCD,6.53,0
vivo,vivo Y20 6GB RAM,17990,Mid Tier,Snapdragon,Snapdragon 460,6.0,64.0,13.0,3,8.0,5000,18.0,LCD,6.51,
realme,realme Narzo 20 128GB,13990,Budget Tier,MediaTek,MediaTek Helio G85,4.0,128.0,48.0,3,8.0,6000,18.0,LCD,6.5,204495
vivo,vivo Y20i,10995,Budget Tier,Snapdragon,Snapdragon 460,3.0,64.0,13.0,3,8.0,5000,18.0,LCD,6.51,
OnePlus,OnePlus Nord 256GB,21999,Mid Tier,Snapdragon,Snapdragon 765G,12.0,256.0,48.0,4,32.0,4115,30.0,AMOLED,6.44,0
Samsung,Samsung Galaxy M01 Core 32GB,8400,Budget Tier,MediaTek,MediaTek MT6739,2.0,32.0,8.0,1,5.0,3000,,LCD,5.3,38773
vivo,vivo Y30,18990,Mid Tier,MediaTek,MediaTek Helio P35,4.0,128.0,13.0,4,8.0,5000,,LCD,6.47,
Motorola,Motorola One Fusion Plus,19999,Mid Tier,Snapdragon,Snapdragon 730G,6.0,128.0,64.0,4,16.0,5000,18.0,LCD,6.5,274684
Tecno,Tecno Spark Power 2,9949,Budget Tier,MediaTek,MediaTek Helio P22,4.0,64.0,16.0,3,16.0,6000,18.0,LCD,7.0,
Xiaomi,Xiaomi Redmi Note 9 Pro Max 128GB,19999,Mid Tier,Snapdragon,Snapdragon 720G,6.0,128.0,64.0,4,32.0,5020,33.0,LCD,6.67,277621
Samsung,Samsung Galaxy M31 128GB,18000,Mid Tier,Samsung,Samsung Exynos 9 Octa 9611,6.0,128.0,64.0,4,32.0,6000,15.0,AMOLED,6.4,194497
Xiaomi,Xiaomi Redmi 8A Dual 64GB,7999,Budget Tier,Snapdragon,Snapdragon 439,3.0,64.0,13.0,2,8.0,5000,18.0,LCD,6.22,
Xiaomi,Xiaomi Redmi 8 64GB,10749,Budget Tier,Snapdragon,Snapdragon 439,4.0,64.0,12.0,2,8.0,5000,18.0,LCD,6.22,0
Lenovo,Lenovo A6 Note,9999,Budget Tier,MediaTek,MediaTek Helio P22,3.0,32.0,13.0,2,5.0,4000,10.0,LCD,6.08,
Moto,Moto E6s,9999,Budget Tier,MediaTek,MediaTek Helio P22,4.0,64.0,13.0,2,8.0,3000,,LCD,6.1,79221
vivo,vivo Z1x,19990,Mid Tier,Snapdragon,Snapdragon 712,6.0,64.0,48.0,3,32.0,4500,22.5,AMOLED,6.38,186499
Samsung,Samsung Galaxy A80,52000,Ultra-Premium Tier,Snapdragon,Snapdragon 730G,8.0,128.0,48.0,2,48.0,3700,25.0,AMOLED,6.7,202484
Lava,Lava Z93,9999,Budget Tier,MediaTek,MediaTek Helio P22,3.0,32.0,13.0,2,8.0,3500,,LCD,6.22,79138
Honor,Honor 20i,16999,Mid Tier,HiSilicon,HiSilicon Kirin,4.0,128.0,24.0,3,32.0,3400,,LCD,6.21,126895
Lava,Lava Z51,5299,Budget Tier,Spreadtrum,Spreadtrum SC9832A,1.0,16.0,5.0,1,5.0,2550,,TFT,5.0,
Xiaomi,Xiaomi Redmi Go 16GB,4999,Budget Tier,Snapdragon,Snapdragon 425,1.0,16.0,8.0,1,5.0,3000,,LCD,5.0,
vivo,vivo Y91i 32GB,9990,Budget Tier,MediaTek,MediaTek Helio P22,2.0,32.0,13.0,1,5.0,4030,,LCD,6.22,
realme,realme C1 2019,8999,Budget Tier,Snapdragon,Snapdragon 450,2.0,32.0,13.0,2,5.0,4230,,LCD,6.2,
Honor,Honor 10 Lite,16999,Mid Tier,HiSilicon,HiSilicon Kirin,4.0,64.0,13.0,2,24.0,3400,,LCD,6.21,
XOLO,XOLO Era 4X 2GB RAM,7199,Budget Tier,MediaTek,MediaTek MT6739,2.0,16.0,8.0,1,5.0,3000,,LCD,5.45,
Panasonic,Panasonic Eluga Ray 600,12999,Budget Tier,MediaTek,MediaTek MT6739,3.0,32.0,13.0,1,8.0,4000,,LCD,5.99,
OPPO,OPPO A83 2018 16GB 2GB RAM,9990,Budget Tier,MediaTek,MediaTek MT6763T,2.0,16.0,13.0,1,8.0,3180,,TFT,5.7,
Xiaomi,Xiaomi Redmi 6A 32GB,5849,Budget Tier,MediaTek,MediaTek Helio A22,2.0,32.0,13.0,1,5.0,3000,,LCD,5.45,
Xiaomi,Xiaomi Redmi 6 64GB,6999,Budget Tier,MediaTek,MediaTek Helio P22,3.0,64.0,12.0,2,5.0,3000,,LCD,5.45,
LG,LG Candy,6500,Budget Tier,Snapdragon,Snapdragon 210,2.0,16.0,8.0,1,5.0,2500,,LCD,5.0,
vivo,vivo Y81,13990,Budget Tier,MediaTek,MediaTek Helio P22,3.0,32.0,13.0,1,5.0,3260,,LCD,6.22,
Moto,Moto E5 Plus,11999,Budget Tier,Snapdragon,Snapdragon 430,3.0,32.0,12.0,1,5.0,5000,,LCD,6.0,
Nokia,Nokia 7 Plus,25800,Mid Tier,Snapdragon,Snapdragon 660,4.0,64.0,12.0,2,16.0,3800,,LCD,6.0,
vivo,vivo V9,19990,Mid Tier,Snapdragon,Snapdragon 626,4.0,64.0,16.0,2,24.0,3260,,LCD,6.3,90303
Nokia,Nokia 6 64GB,19499,Mid Tier,Snapdragon,Snapdragon 430,4.0,64.0,16.0,1,8.0,3000,,LCD,5.5,
InFocus,InFocus A2,5299,Budget Tier,Spreadtrum,Spreadtrum SC9832A,2.0,16.0,5.0,1,5.0,2400,,LCD,5.0,
Samsung,Samsung Galaxy On Nxt 16GB,11200,Budget Tier,Samsung,Samsung Exynos 7 Octa 7870,3.0,16.0,13.0,1,8.0,3300,,TFT,5.5,
Nokia,Nokia 2,6904,Budget Tier,Snapdragon,Snapdragon 212,1.0,8.0,8.0,1,5.0,4100,,LCD,5.0,
Lyf,Lyf C459,2800,Budget Tier,Snapdragon,Snapdragon 210,1.0,8.0,5.0,1,2.0,2000,,TFT,4.5,
Lephone,Lephone W2,3333,Budget Tier,,,1.0,8.0,2.0,1,0.3,1300,,TFT,4.5,
HTC,HTC U11,53990,Ultra-Premium Tier,Snapdragon,Snapdragon 835,6.0,128.0,12.0,1,16.0,3000,,LCD,5.5,
Lephone,Lephone W7,4878,Budget Tier,Spreadtrum,Spreadtrum SC9832A,1.0,8.0,5.0,1,2.0,1800,,TFT,5.0,
vivo,vivo Y53,9990,Budget Tier,Snapdragon,Snapdragon 425,2.0,16.0,8.0,1,5.0,2500,,LCD,5.0,
Lava,Lava Z25,18000,Mid Tier,MediaTek,MediaTek MT6750,4.0,32.0,13.0,1,8.0,3020,,LCD,5.5,
Samsung,Samsung Galaxy J1 2016,7550,Budget Tier,Spreadtrum,Spreadtrum SC7727SE,1.0,8.0,5.0,1,2.0,2050,,AMOLED,4.5,
Zen,Zen Admire Thrill,3171,Budget Tier,,,1.0,8.0,5.0,1,2.0,1750,,LCD,4.5,
Huawei,Huawei P9,39999,High Tier,HiSilicon,HiSilicon Kirin,3.0,32.0,12.0,2,8.0,3000,,LCD,5.2,
Lyf,Lyf Wind 3,6999,Budget Tier,Snapdragon,Snapdragon 410,2.0,16.0,8.0,1,2.0,2920,,LCD,5.5,
Honor,Honor 5C,9999,Budget Tier,HiSilicon,HiSilicon Kirin,2.0,16.0,13.0,1,8.0,3000,,LCD,5.2,
Yu,Yu Yunicorn,14999,Budget Tier,MediaTek,MediaTek MT6755,4.0,32.0,13.0,1,5.0,4000,,LCD,5.5,
LG,LG G5,52990,Ultra-Premium Tier,Snapdragon,Snapdragon 820,4.0,32.0,16.0,2,8.0,2800,,LCD,5.3,
Asus,Asus Zenfone Selfie 16GB,14999,Budget Tier,Snapdragon,Snapdragon 615,2.0,16.0,13.0,1,13.0,3000,,LCD,5.5,
Lenovo,Lenovo S60,11900,Budget Tier,Snapdragon,Snapdragon 410,2.0,8.0,13.0,1,5.0,2150,,LCD,5.0,
Honor,Honor Bee,4999,Budget Tier,Spreadtrum,Spreadtrum SC7731,1.0,8.0,8.0,1,2.0,1730,,TFT,4.5,
Lava,Lava Iris Alfa L,8000,Budget Tier,MediaTek,MediaTek,1.0,8.0,8.0,1,2.0,3000,,LCD,5.5,
Lava,Lava Iris Fuel 10,6699,Budget Tier,MediaTek,MediaTek,1.0,8.0,5.0,1,2.0,3000,,TFT,4.5,
Lenovo,Lenovo Sisley S90,19999,Mid Tier,Snapdragon,Snapdragon 410,2.0,32.0,13.0,1,8.0,2300,,AMOLED,5.0,
Alcatel,Alcatel One Touch Fire C,1805,Budget Tier,Spreadtrum,Spreadtrum,0.125,0.25,1.3,1,,1000,,LCD,3.5,
Huawei,Huawei Ascend Y600,9990,Budget Tier,MediaTek,MediaTek MT6572,512.0,4.0,5.0,1,0.3,2100,,TFT,5.0,
Huawei,Huawei Ascend G730,14990,Budget Tier,MediaTek,MediaTek MT6572,1.0,4.0,5.0,1,0.3,2300,,LCD,5.5,
Huawei,Huawei Honor 3X,25999,Mid Tier,MediaTek,MediaTek MT6592,2.0,8.0,13.0,1,5.0,3000,,LCD,5.5,
Huawei,Huawei Ascend G700,16500,Mid Tier,MediaTek,MediaTek MT6589,2.0,8.0,8.0,1,1.3,2150,,LCD,5.0,
Huawei,Huawei Ascend Y320,6499,Budget Tier,MediaTek,MediaTek MT6572,512.0,4.0,2.0,1,,1350,,TFT,4.0,
Lava,Lava Iris 506Q,9999,Budget Tier,,,512.0,4.0,5.0,1,0.3,2000,,TFT,5.0,
XOLO,XOLO A800,11999,Budget Tier,MediaTek,MediaTek MT6577,512.0,4.0,8.0,1,0.3,1600,,LCD,4.5,
Karbonn,Karbonn A9 Plus,9990,Budget Tier,Snapdragon,Snapdragon S2,512.0,4.0,5.0,1,1.3,1420,,LCD,4.0,
Huawei,Huawei Sonic,12999,Budget Tier,,,0.25,0.5,3.2,1,,1400,,LCD,3.5,
Huawei,Huawei IDEOS X5 U8800,12999,Budget Tier,Snapdragon,Snapdragon S2,512.0,4.0,5.0,1,,1500,,LCD,3.8,
Dell,Dell Venue,16999,Mid Tier,Snapdragon,Snapdragon S1,512.0,1.0,8.0,1,,1400,,AMOLED,4.1,
Tecno,Tecno Spark Go 1 4GB RAM,7299,Budget Tier,Unisoc,Unisoc T615,4.0,64.0,13.0,1,8.0,5000,15.0,LCD,6.67,
realme,realme 15 Pro 256GB 8GB RAM,32999,High Tier,Snapdragon,Snapdragon 7 Gen 4,8.0,256.0,50.0,2,50.0,7000,80.0,AMOLED,6.8,
realme,realme C73 128GB,11999,Budget Tier,MediaTek,MediaTek Dimensity 6300,4.0,128.0,32.0,1,8.0,6000,15.0,LCD,6.67,
Itel,Itel A95 6GB RAM,11498,Budget Tier,MediaTek,MediaTek Dimensity 6300,6.0,128.0,50.0,1,8.0,5000,10.0,LCD,6.67,
Xiaomi,Xiaomi Redmi Note 14 Pro Plus 512GB,34207,High Tier,Snapdragon,Snapdragon 7s Gen 3,12.0,512.0,50.0,3,20.0,6200,90.0,AMOLED,6.67,725812
vivo,vivo Y18T,8491,Budget Tier,Unisoc,Unisoc T612,4.0,128.0,50.0,2,8.0,5000,15.0,LCD,6.56,
Apple,Apple iPhone 16 Plus 512GB,109900,Ultra-Premium Tier,Apple,Apple A18,8.0,512.0,48.0,2,12.0,4674,20.0,OLED,6.7,
Infinix,Infinix Hot 50 5G 8GB RAM,10999,Budget Tier,MediaTek,MediaTek Dimensity 6300,8.0,128.0,48.0,1,8.0,5000,18.0,LCD,6.7,434944
iQOO,iQOO Z9s 12GB RAM,21465,Mid Tier,MediaTek,MediaTek Dimensity 7300,12.0,256.0,50.0,2,16.0,5500,44.0,AMOLED,6.77,
realme,realme 13 5G 256GB,17999,Mid Tier,MediaTek,MediaTek Dimensity 6300,8.0,256.0,50.0,2,16.0,5000,45.0,LCD,6.72,
OPPO,OPPO F27 256GB,21489,Mid Tier,MediaTek,MediaTek Dimensity 6300,8.0,256.0,50.0,2,32.0,5000,45.0,OLED,6.67,
Lava,Lava Blaze X 6GB RAM,15399,Mid Tier,MediaTek,MediaTek Dimensity 6300,6.0,128.0,64.0,2,16.0,5000,33.0,AMOLED,6.67,424427
Lava,Lava Blaze X 8GB RAM,16599,Mid Tier,MediaTek,MediaTek Dimensity 6300,8.0,128.0,64.0,2,16.0,5000,33.0,AMOLED,6.67,424427
Itel,Itel Color Pro 5G,10302,Budget Tier,MediaTek,MediaTek Dimensity 6080,6.0,128.0,50.0,1,8.0,5000,18.0,LCD,6.6,432270
Samsung,Samsung Galaxy Z Fold6 5G 512GB,113999,Ultra-Premium Tier,Snapdragon,Snapdragon 8 Gen 3,12.0,512.0,50.0,3,10.0,4400,25.0,AMOLED,7.6,1772746
vivo,vivo Y28s 6GB RAM,14491,Budget Tier,MediaTek,MediaTek Dimensity 6300,6.0,128.0,50.0,2,8.0,5000,15.0,LCD,6.56,
iQOO,iQOO Z9x 8GB RAM,15799,Mid Tier,Snapdragon,Snapdragon 6 Gen 1,8.0,128.0,50.0,2,8.0,6000,44.0,LCD,6.72,552168
Lava,Lava O2,9999,Budget Tier,Unisoc,Unisoc T616,8.0,128.0,50.0,1,8.0,5000,18.0,LCD,6.5,
iQOO,iQOO Z9 256GB,18951,Mid Tier,MediaTek,MediaTek Dimensity 7200,8.0,256.0,50.0,2,16.0,5000,44.0,AMOLED,6.67,728534
Lava,Lava Z33,5488,Budget Tier,,,3.0,32.0,8.0,1,5.0,5000,,LCD,6.51,
Itel,Itel P55 Plus,8499,Budget Tier,Unisoc,Unisoc T606,8.0,256.0,50.0,1,8.0,5000,45.0,LCD,6.6,0
realme,realme 12 Pro Plus 256GB,22999,Mid Tier,Snapdragon,Snapdragon 7s Gen 2,8.0,256.0,50.0,3,32.0,5000,67.0,AMOLED,6.7,0
Xiaomi,Xiaomi Redmi Note 13 Pro Plus 5G 512GB,37999,High Tier,MediaTek,MediaTek Dimensity 7200 Ultra,12.0,512.0,200.0,3,16.0,5000,120.0,AMOLED,6.67,715627
OPPO,OPPO A18 128GB,15999,Mid Tier,MediaTek,MediaTek Helio G85,4.0,128.0,8.0,2,5.0,5000,,LCD,6.56,
Lava,Lava O1,6699,Budget Tier,Unisoc,Unisoc T606,4.0,64.0,13.0,2,5.0,5000,18.0,LCD,6.56,
Moto,Moto G54 256GB,21999,Mid Tier,MediaTek,MediaTek Dimensity 7020,12.0,256.0,50.0,2,16.0,6000,30.0,LCD,6.5,385264
Apple,Apple iPhone 15 Pro 512GB,164900,Ultra-Premium Tier,Apple,Apple A17 Pro,8.0,512.0,48.0,3,12.0,3274,20.0,OLED,6.1,
Moto,Moto E13 128GB,10999,Budget Tier,Unisoc,Unisoc T606,8.0,128.0,13.0,1,5.0,5000,10.0,LCD,6.5,
Xiaomi,Xiaomi Redmi Note 12 Pro 5G 12GB RAM,25499,Mid Tier,MediaTek,MediaTek Dimensity 1080,12.0,256.0,50.0,3,16.0,5000,67.0,AMOLED,6.67,513980
Infinix,Infinix Hot 30 5G 8GB RAM,13499,Budget Tier,MediaTek,MediaTek Dimensity 6020,8.0,128.0,50.0,1,8.0,6000,18.0,LCD,6.78,
Xiaomi,Xiaomi Redmi A2 Plus,6299,Budget Tier,MediaTek,MediaTek Helio G36,4.0,64.0,8.0,2,5.0,5000,10.0,LCD,6.52,78868
vivo,vivo T2 8GB RAM,17999,Mid Tier,Snapdragon,Snapdragon 695,8.0,128.0,64.0,2,16.0,4500,44.0,AMOLED,6.38,
Infinix,Infinix Zero 5G 2023,17999,Mid Tier,MediaTek,MediaTek Dimensity 920,8.0,128.0,50.0,3,16.0,5000,33.0,LCD,6.78,
POCO,POCO C50 3GB RAM,5999,Budget Tier,MediaTek,MediaTek Helio A22,3.0,32.0,8.0,2,5.0,5000,10.0,LCD,6.52,
Infinix,Infinix Hot 20 5G,13208,Budget Tier,MediaTek,MediaTek Dimensity 810,4.0,64.0,50.0,2,8.0,5000,18.0,LCD,6.6,305823
OnePlus,OnePlus Nord 2T 256GB,26998,Mid Tier,MediaTek,MediaTek Dimensity 1300,12.0,256.0,50.0,3,32.0,4500,80.0,AMOLED,6.43,608879
Lava,Lava Z3 Pro,7998,Budget Tier,MediaTek,MediaTek Helio A25,3.0,32.0,8.0,1,5.0,5000,,LCD,6.51,
Moto,Moto G82 8GB RAM,23900,Mid Tier,Snapdragon,Snapdragon 695,8.0,128.0,50.0,3,16.0,5000,30.0,POLED,6.6,0
Infinix,Infinix Hot 12 Play,8999,Budget Tier,Unisoc,Unisoc T610,4.0,64.0,13.0,2,8.0,6000,10.0,LCD,6.82,194820
iQOO,iQOO Z6 4G,14499,Budget Tier,Snapdragon,Snapdragon 680,4.0,128.0,50.0,3,16.0,5000,44.0,AMOLED,6.44,0
Samsung,Samsung Galaxy A53 5G 8GB RAM,21999,Mid Tier,Samsung,Samsung Exynos 1280,8.0,128.0,64.0,4,32.0,5000,25.0,AMOLED,6.5,379516
Tecno,Tecno Spark 8C,7090,Budget Tier,Unisoc,Unisoc T606,3.0,64.0,13.0,2,8.0,5000,,LCD,6.6,144753
Asus,Asus ROG Phone 5s Pro 5G,85999,Ultra-Premium Tier,Snapdragon,Snapdragon 888 Plus,18.0,512.0,64.0,3,24.0,6000,65.0,AMOLED,6.78,
vivo,vivo T1 8GB RAM,19990,Mid Tier,Snapdragon,Snapdragon 695,8.0,128.0,50.0,3,16.0,5000,18.0,LCD,6.58,409989
Xiaomi,Xiaomi Redmi Note 11 4G 6GB RAM,9990,Budget Tier,Snapdragon,Snapdragon 680,6.0,64.0,50.0,4,13.0,5000,33.0,AMOLED,6.43,269010
vivo,vivo Y21A,12999,Budget Tier,MediaTek,MediaTek Helio P22,4.0,64.0,13.0,2,8.0,5000,18.0,LCD,6.51,
vivo,vivo Y33T,17989,Mid Tier,Snapdragon,Snapdragon 680,8.0,128.0,50.0,3,16.0,5000,18.0,LCD,6.58,
vivo,vivo V23 Pro 5G 256GB,34999,High Tier,MediaTek,MediaTek Dimensity 1200,12.0,256.0,108.0,3,50.0,4300,44.0,AMOLED,6.56,0
Infinix,Infinix Note 11S 128GB,15999,Mid Tier,MediaTek,MediaTek Helio G96,8.0,128.0,50.0,3,16.0,5000,33.0,LCD,6.95,0
OnePlus,OnePlus Nord 2 Pac Man Edition,37999,High Tier,MediaTek,MediaTek Dimensity 1200,12.0,256.0,50.0,3,32.0,4500,65.0,AMOLED,6.43,541522
Lava,Lava Z3,8499,Budget Tier,MediaTek,MediaTek,3.0,32.0,8.0,2,5.0,5000,,LCD,6.51,
Xiaomi,Xiaomi Redmi 9i Sport,8999,Budget Tier,MediaTek,MediaTek Helio G25,4.0,64.0,13.0,1,5.0,5000,10.0,LCD,6.53,102000
I,I Kall Z5,4699,Budget Tier,,,3.0,16.0,8.0,1,5.0,3000,,LCD,5.45,
Xiaomi,Xiaomi Redmi 9 Activ 128GB,15490,Mid Tier,MediaTek,MediaTek Helio G35,6.0,128.0,13.0,2,5.0,5000,10.0,LCD,6.53,203078
realme,realme 8i 128GB,13499,Budget Tier,MediaTek,MediaTek Helio G96,6.0,128.0,50.0,3,16.0,5000,18.0,LCD,6.6,341987
vivo,vivo Y12G 64GB,11982,Budget Tier,Snapdragon,Snapdragon 439,3.0,64.0,13.0,2,8.0,5000,,LCD,6.51,
I,I Kall Z3,5799,Budget Tier,,,4.0,32.0,8.0,1,5.0,4000,,LCD,6.0,
Xiaomi,Xiaomi Redmi Note 10T 128GB,13490,Budget Tier,MediaTek,MediaTek Dimensity 700,6.0,128.0,48.0,3,8.0,5000,18.0,LCD,6.5,359003
POCO,POCO F3 GT 256GB,30999,High Tier,MediaTek,MediaTek Dimensity 1200,8.0,256.0,64.0,3,16.0,5065,67.0,AMOLED,6.67,538911
Samsung,Samsung Galaxy F22 128GB,11999,Budget Tier,MediaTek,MediaTek Helio G80,6.0,128.0,48.0,4,13.0,6000,15.0,AMOLED,6.4,183262
OnePlus,OnePlus Nord CE 5G 256GB,26999,Mid Tier,Snapdragon,Snapdragon 750G,12.0,256.0,64.0,3,16.0,4500,30.0,AMOLED,6.43,392543
POCO,POCO M3 Pro 5G 128GB,16499,Mid Tier,MediaTek,MediaTek Dimensity 700,6.0,128.0,48.0,3,8.0,5000,18.0,LCD,6.5,259120
Infinix,Infinix Hot 10S,9999,Budget Tier,MediaTek,MediaTek Helio G85,4.0,64.0,48.0,2,8.0,6000,10.0,LCD,6.82,197888
Lava,Lava Z2 Max,8449,Budget Tier,MediaTek,MediaTek Helio A20,2.0,32.0,13.0,2,8.0,6000,,LCD,7.0,
Infinix,Infinix Hot 10 Play,9499,Budget Tier,MediaTek,MediaTek Helio G35,4.0,64.0,13.0,2,8.0,6000,10.0,LCD,6.82,103809
Xiaomi,Xiaomi Mi 11X Pro 256GB,29999,Mid Tier,Snapdragon,Snapdragon 888,8.0,256.0,108.0,3,20.0,4520,33.0,AMOLED,6.67,771717
POCO,POCO M2 4GB RAM,9999,Budget Tier,MediaTek,MediaTek Helio G80,4.0,64.0,13.0,4,8.0,5000,18.0,LCD,6.53,251390
vivo,vivo X60 256GB,46990,Ultra-Premium Tier,Snapdragon,Snapdragon 870,12.0,256.0,48.0,3,32.0,4300,33.0,AMOLED,6.56,628050
Moto,Moto G30,14999,Budget Tier,Snapdragon,Snapdragon 662,4.0,64.0,64.0,4,13.0,5000,20.0,LCD,6.5,172667
LG,LG W41,13999,Budget Tier,MediaTek,MediaTek Helio G35,4.0,64.0,48.0,4,8.0,5000,,LCD,6.5,
LG,LG W41 Plus,18000,Mid Tier,MediaTek,MediaTek Helio G35,4.0,128.0,48.0,4,8.0,5000,,LCD,6.5,
Moto,Moto E7 Power,9999,Budget Tier,MediaTek,MediaTek Helio G25,2.0,32.0,13.0,2,5.0,5000,10.0,LCD,6.5,104632
Samsung,Samsung Galaxy M02 3GB RAM,7999,Budget Tier,MediaTek,MediaTek MT6739,3.0,32.0,13.0,2,5.0,5000,,LCD,6.5,
Lava,Lava Z6,9299,Budget Tier,MediaTek,MediaTek Helio G35,6.0,64.0,13.0,3,16.0,5000,,LCD,6.51,106551
Infinix,Infinix Smart HD 2021,6499,Budget Tier,MediaTek,MediaTek Helio A20,2.0,32.0,8.0,1,5.0,5000,,LCD,6.1,72821
Moto,Moto G9 Power,15999,Mid Tier,Snapdragon,Snapdragon 662,4.0,64.0,64.0,3,16.0,6000,20.0,LCD,6.8,169608
Tecno,Tecno Pova,10449,Budget Tier,MediaTek,MediaTek Helio G80,4.0,64.0,16.0,3,8.0,6000,18.0,LCD,6.8,195498
Micromax,Micromax IN Note 1,15499,Mid Tier,MediaTek,MediaTek Helio G85,4.0,64.0,48.0,4,16.0,5000,18.0,LCD,6.67,197441
Gionee,Gionee F8 Neo,5554,Budget Tier,Unisoc,Unisoc SC9863A,2.0,32.0,8.0,1,5.0,3000,10.0,LCD,5.45,
Samsung,Samsung Galaxy A21s 128GB,16999,Mid Tier,Samsung,Samsung Exynos 8 Octa 850,6.0,128.0,48.0,4,13.0,5000,15.0,LCD,6.5,121139
Itel,Itel A48,5999,Budget Tier,,,2.0,32.0,5.0,1,5.0,3000,,LCD,6.1,
vivo,vivo V20 256GB,23999,Mid Tier,Snapdragon,Snapdragon 720G,8.0,256.0,64.0,3,44.0,4000,33.0,AMOLED,6.44,282796
Samsung,Samsung Galaxy F41 128GB,20999,Mid Tier,Samsung,Samsung Exynos 9 Octa 9611,6.0,128.0,64.0,3,32.0,6000,15.0,AMOLED,6.4,186675
POCO,POCO X3 128GB,16990,Mid Tier,Snapdragon,Snapdragon 732G,6.0,128.0,64.0,4,20.0,6000,33.0,LCD,6.67,282092
Samsung,Samsung Galaxy Z Fold 2,189999,Ultra-Premium Tier,Snapdragon,Snapdragon 865 Plus,12.0,256.0,12.0,3,10.0,4500,25.0,AMOLED,7.6,587152
Tecno,Tecno Spark Go 2020,6999,Budget Tier,MediaTek,MediaTek Helio A20,2.0,32.0,13.0,2,8.0,5000,,TFT,6.52,
realme,realme 7 Pro 8GB RAM,22999,Mid Tier,Snapdragon,Snapdragon 720G,8.0,128.0,64.0,4,32.0,4500,65.0,AMOLED,6.4,288727
Xiaomi,Xiaomi Redmi 9,8935,Budget Tier,MediaTek,MediaTek Helio G35,4.0,64.0,13.0,2,5.0,5000,10.0,LCD,6.53,
Moto,Moto G9,14999,Budget Tier,Snapdragon,Snapdragon 662,4.0,64.0,48.0,3,8.0,5000,20.0,LCD,6.5,176500
Asus,Asus ROG Phone 3 256GB,65999,Ultra-Premium Tier,Snapdragon,Snapdragon 865 Plus,12.0,256.0,64.0,3,24.0,6000,30.0,AMOLED,6.59,614628
realme,realme 6i 6GB RAM,7999,Budget Tier,MediaTek,MediaTek Helio G90T,6.0,64.0,48.0,4,16.0,4300,30.0,LCD,6.5,284550
Infinix,Infinix Smart 4 Plus,7990,Budget Tier,MediaTek,MediaTek Helio A25,3.0,32.0,13.0,1,8.0,6000,10.0,LCD,6.82,0
vivo,vivo X50,39990,High Tier,Snapdragon,Snapdragon 730,8.0,128.0,48.0,4,32.0,4200,33.0,AMOLED,6.56,281854
Infinix,Infinix Hot 9,11999,Budget Tier,MediaTek,MediaTek Helio P22,4.0,64.0,13.0,3,8.0,5000,10.0,LCD,6.6,103181
Samsung,Samsung Galaxy J2 Core 2020,6999,Budget Tier,Samsung,Samsung Exynos 7 Quad 7570,1.0,16.0,8.0,1,5.0,2600,,LCD,5.0,
Samsung,Samsung Galaxy M11 64GB,9999,Budget Tier,Snapdragon,Snapdragon 450,4.0,64.0,13.0,3,8.0,5000,15.0,LCD,6.4,
Samsung,Samsung Galaxy M31 8GB RAM,18999,Mid Tier,Samsung,Samsung Exynos 9 Octa 9611,8.0,128.0,64.0,4,32.0,6000,15.0,AMOLED,6.4,194497
Honor,Honor 9X Pro,18490,Mid Tier,HiSilicon,HiSilicon Kirin,6.0,256.0,48.0,3,16.0,4000,10.0,LCD,6.59,
realme,realme 5i 128GB,11999,Budget Tier,Snapdragon,Snapdragon 665,4.0,128.0,12.0,4,8.0,5000,10.0,LCD,6.5,172716
Tecno,Tecno Camon 15 Pro,16999,Mid Tier,MediaTek,MediaTek Helio P35,6.0,128.0,48.0,3,32.0,4000,,LCD,6.53,118467
Honor,Honor 9X 6GB RAM,19999,Mid Tier,HiSilicon,HiSilicon Kirin,6.0,128.0,48.0,3,16.0,4000,,LCD,6.59,187409
realme,realme 5s 128GB,12999,Budget Tier,Snapdragon,Snapdragon 665,4.0,128.0,48.0,4,13.0,5000,10.0,LCD,6.5,168989
Tecno,Tecno Spark Power,10499,Budget Tier,MediaTek,MediaTek Helio P22,4.0,64.0,13.0,3,13.0,6000,,AMOLED,6.35,96849
Infinix,Infinix S5 Lite,9999,Budget Tier,MediaTek,MediaTek Helio P22,4.0,64.0,16.0,2,16.0,4000,,LCD,6.6,91086
vivo,vivo Z1x 4GB RAM,15990,Mid Tier,Snapdragon,Snapdragon 712,4.0,128.0,48.0,3,32.0,4500,22.5,AMOLED,6.38,186499
Moto,Moto G8 Plus,9040,Budget Tier,Snapdragon,Snapdragon 665,4.0,64.0,48.0,3,25.0,4000,15.0,LCD,6.3,167968
LG,LG W30 Pro,9289,Budget Tier,Snapdragon,Snapdragon 632,4.0,64.0,13.0,3,16.0,4050,,LCD,6.21,
Xiaomi,Xiaomi Redmi Note 8 128GB,11699,Budget Tier,Snapdragon,Snapdragon 665,6.0,128.0,48.0,4,13.0,4000,18.0,LCD,6.3,171024
Xiaomi,Xiaomi Redmi Note 8 Pro 8GB RAM,19999,Mid Tier,MediaTek,MediaTek Helio G90T,8.0,128.0,64.0,4,20.0,4500,18.0,LCD,6.53,286100
Lenovo,Lenovo Z6 Pro,39999,High Tier,Snapdragon,Snapdragon 855,8.0,128.0,48.0,4,32.0,4000,18.0,AMOLED,6.39,
Samsung,Samsung Galaxy A10s 3GB RAM,11000,Budget Tier,MediaTek,MediaTek Helio P22,3.0,32.0,13.0,2,8.0,4000,,LCD,6.2,
Gionee,Gionee F9,7900,Budget Tier,Unisoc,Unisoc SC9863,3.0,32.0,13.0,1,8.0,3520,,LCD,5.71,
OPPO,OPPO A9,16990,Mid Tier,MediaTek,MediaTek Helio P70,4.0,128.0,16.0,2,16.0,4020,,LCD,6.53,146944
Tecno,Tecno Phantom 9,16999,Mid Tier,MediaTek,MediaTek Helio P35,6.0,128.0,16.0,3,32.0,3500,,AMOLED,6.4,87730
Nokia,Nokia 9,56299,Ultra-Premium Tier,Snapdragon,Snapdragon 845,6.0,128.0,12.0,4,20.0,3320,,POLED,5.99,
Coolpad,Coolpad Cool 3 Plus,6490,Budget Tier,MediaTek,MediaTek Helio A22,2.0,16.0,13.0,1,8.0,3000,,LCD,5.71,65899
Karbonn,Karbonn Platinum P9 2018,3999,Budget Tier,,,2.0,16.0,8.0,2,8.0,2500,,LCD,5.45,
vivo,vivo Y12,14990,Budget Tier,MediaTek,MediaTek Helio P22,4.0,32.0,13.0,3,8.0,5000,,LCD,6.35,79317
realme,realme C2 32GB,8999,Budget Tier,MediaTek,MediaTek Helio P22,3.0,32.0,13.0,2,5.0,4000,,LCD,6.1,77126
realme,realme C2 2GB RAM,7999,Budget Tier,MediaTek,MediaTek Helio P22,2.0,32.0,13.0,2,5.0,4000,,LCD,6.1,77126
XOLO,XOLO ZX 128GB,16999,Mid Tier,MediaTek,MediaTek Helio P22,6.0,128.0,13.0,2,16.0,3260,,LCD,6.22,
Xiaomi,Xiaomi Redmi Note 7 Pro 128GB,17999,Mid Tier,Snapdragon,Snapdragon 675,6.0,128.0,48.0,2,13.0,4000,,LCD,6.3,181423
XOLO,XOLO Era 5X,8999,Budget Tier,MediaTek,MediaTek Helio A22,3.0,32.0,13.0,1,13.0,3000,,LCD,5.7,
Samsung,Samsung Galaxy A10,8700,Budget Tier,Samsung,Samsung Exynos 7 Octa 7884,2.0,32.0,13.0,1,5.0,3400,,TFT,6.2,
Panasonic,Panasonic P110,4999,Budget Tier,MediaTek,MediaTek MT6739,1.0,16.0,5.0,1,5.0,2300,,LCD,5.34,
realme,realme C1 2019 3GB RAM,9999,Budget Tier,Snapdragon,Snapdragon 450,3.0,32.0,13.0,2,5.0,4230,,LCD,6.2,
Coolpad,Coolpad Mega 5M,3449,Budget Tier,Spreadtrum,Spreadtrum SC9832A,1.0,16.0,5.0,1,2.0,2000,,LCD,5.0,
Panasonic,Panasonic Eluga Z1 Pro,12990,Budget Tier,MediaTek,MediaTek Helio P22,4.0,64.0,13.0,2,8.0,4000,,LCD,6.19,
Lava,Lava Z81,11500,Budget Tier,MediaTek,MediaTek Helio A22,3.0,32.0,13.0,1,13.0,3000,,LCD,5.7,
Lenovo,Lenovo A5,6999,Budget Tier,MediaTek,MediaTek MT6739,2.0,16.0,13.0,1,8.0,4000,,LCD,5.45,
Apple,Apple iPhone XR 128GB,44999,High Tier,Apple,Apple A12 Bionic,3.0,128.0,12.0,1,7.0,2942,,LCD,6.1,366895
realme,realme C1,8990,Budget Tier,Snapdragon,Snapdragon 450,2.0,16.0,13.0,2,5.0,4230,,LCD,6.2,
Motorola,Motorola One Power (P30 Note),18999,Mid Tier,Snapdragon,Snapdragon 636,4.0,64.0,16.0,2,12.0,5000,,LCD,6.2,
Ulefone,Ulefone X,12999,Budget Tier,MediaTek,MediaTek MT6763T,4.0,64.0,13.0,2,8.0,3300,,LCD,5.85,
Nokia,Nokia 3.1 32GB,9800,Budget Tier,MediaTek,MediaTek MT6750,3.0,32.0,13.0,1,8.0,2990,,LCD,5.2,
Honor,Honor Play 6GB RAM,25999,Mid Tier,HiSilicon,HiSilicon Kirin,6.0,64.0,16.0,2,16.0,3750,,LCD,6.3,
Asus,Asus Zenfone Max Pro M1 6GB RAM,17999,Mid Tier,Snapdragon,Snapdragon 636,6.0,64.0,16.0,2,16.0,5000,10.0,LCD,5.99,
vivo,vivo Y71i,9990,Budget Tier,Snapdragon,Snapdragon 425,2.0,16.0,8.0,1,5.0,3360,,LCD,6.0,
Intex,Intex Indie 5,7299,Budget Tier,MediaTek,MediaTek MT6737,2.0,16.0,8.0,1,8.0,4000,,LCD,5.0,
Nokia,Nokia 6.1 (Nokia 6 2018) 64GB,20095,Mid Tier,Snapdragon,Snapdragon 630,4.0,64.0,16.0,1,8.0,3000,,LCD,5.5,
Panasonic,Panasonic P95,6490,Budget Tier,Snapdragon,Snapdragon 212,1.0,16.0,8.0,1,5.0,2300,,LCD,5.0,
Coolpad,Coolpad Note 6,9499,Budget Tier,Snapdragon,Snapdragon 435,4.0,32.0,13.0,1,8.0,4070,,LCD,5.5,
Gionee,Gionee S11 Lite,15490,Mid Tier,Snapdragon,Snapdragon 430,4.0,32.0,13.0,2,16.0,3030,,LCD,5.7,
Nokia,Nokia 6.1 (Nokia 6 2018),17979,Mid Tier,Snapdragon,Snapdragon 630,3.0,32.0,16.0,1,8.0,3000,,LCD,5.5,
InFocus,InFocus Vision 3,7999,Budget Tier,MediaTek,MediaTek MT6737,2.0,16.0,13.0,2,8.0,4000,,LCD,5.7,
LG,LG V30 Plus,60000,Ultra-Premium Tier,Snapdragon,Snapdragon 835,4.0,128.0,16.0,2,5.0,3300,,OLED,6.0,
Nokia,Nokia 8,29082,Mid Tier,Snapdragon,Snapdragon 835,4.0,64.0,13.0,2,13.0,3090,,LCD,5.3,
Micromax,Micromax Bharat 2 Plus,3599,Budget Tier,Spreadtrum,Spreadtrum SC9832A,1.0,8.0,5.0,1,2.0,1600,,TFT,4.0,
vivo,vivo V7 Plus,22221,Mid Tier,Snapdragon,Snapdragon 450,4.0,64.0,16.0,1,24.0,3225,,LCD,5.99,
Xiaomi,Xiaomi Mi A1,12999,Budget Tier,Snapdragon,Snapdragon 625,4.0,64.0,12.0,2,5.0,3080,,LCD,5.5,
Micromax,Micromax Canvas Infinity,9297,Budget Tier,Snapdragon,Snapdragon 425,3.0,32.0,13.0,1,16.0,2900,,LCD,5.7,
Swipe,Swipe Konnect Power,4066,Budget Tier,Spreadtrum,Spreadtrum SC9832A,2.0,16.0,8.0,1,5.0,3000,,LCD,5.0,
Yu,Yu Yunique 2,5999,Budget Tier,MediaTek,MediaTek MT6737,2.0,16.0,13.0,1,5.0,2500,,LCD,5.0,
Gionee,Gionee A1 Plus,14990,Budget Tier,MediaTek,MediaTek MT6757CD,4.0,64.0,13.0,2,20.0,4550,,LCD,6.0,
Sony,Sony Xperia XA1 Ultra,22990,Mid Tier,MediaTek,MediaTek MT6757,4.0,64.0,23.0,1,16.0,2700,,LCD,6.0,
Samsung,Samsung Galaxy J3 Pro,8490,Budget Tier,Spreadtrum,Spreadtrum SC9830i,2.0,16.0,8.0,1,5.0,2600,,AMOLED,5.0,
Lava,Lava X41 Plus,4999,Budget Tier,,,2.0,32.0,8.0,1,5.0,2500,,LCD,5.0,
Lenovo,Lenovo Phab 2 Pro,30000,High Tier,Snapdragon,Snapdragon 652,4.0,64.0,16.0,1,8.0,4050,,LCD,6.4,
Lenovo,Lenovo K6 Power 32GB,9999,Budget Tier,Snapdragon,Snapdragon 430,3.0,32.0,13.0,1,8.0,4000,,LCD,5.0,
Lyf,Lyf F8,4699,Budget Tier,Snapdragon,Snapdragon 210,1.0,8.0,8.0,1,5.0,2000,,TFT,4.5,
Lyf,Lyf F1,4999,Budget Tier,Snapdragon,Snapdragon 617,3.0,32.0,16.0,1,8.0,3200,,LCD,5.5,
Honor,Honor 8,29999,Mid Tier,HiSilicon,HiSilicon Kirin,4.0,32.0,12.0,2,8.0,3000,,LCD,5.2,
Apple,Apple iPhone 7 Plus 128GB,42900,High Tier,Apple,Apple A10 Fusion,3.0,128.0,12.0,2,7.0,2900,,LCD,5.5,
Apple,Apple iPhone 6s 32GB,29900,Mid Tier,Apple,Apple A9,2.0,32.0,12.0,1,5.0,1715,,LCD,4.7,
Asus,Asus Zenfone 3 ZE552KL,28999,Mid Tier,Snapdragon,Snapdragon 625,4.0,64.0,16.0,1,8.0,3000,,LCD,5.5,
LG,LG X screen,8200,Budget Tier,Snapdragon,Snapdragon 410,2.0,16.0,13.0,1,8.0,2300,,LCD,4.93,
Samsung,Samsung Galaxy On7 Pro,8490,Budget Tier,Snapdragon,Snapdragon 410,2.0,16.0,13.0,1,5.0,3000,,TFT,5.5,
Intex,Intex Aqua 3G Pro Q,3390,Budget Tier,Spreadtrum,Spreadtrum SC7731,512.0,4.0,2.0,1,0.3,1300,,TFT,4.0,
HTC,HTC Desire 628 Dual SIM,15400,Mid Tier,MediaTek,MediaTek MT6753,3.0,32.0,13.0,1,5.0,2200,,LCD,5.0,
Panasonic,Panasonic Eluga I3,5549,Budget Tier,MediaTek,MediaTek MT6735,2.0,16.0,13.0,1,5.0,2700,,LCD,5.5,
Gionee,Gionee M5 Lite CDMA,13649,Budget Tier,MediaTek,MediaTek MT6735,3.0,32.0,8.0,1,5.0,4000,,LCD,5.0,
HTC,HTC Desire 626 Dual SIM,11810,Budget Tier,MediaTek,MediaTek MT6752,2.0,16.0,13.0,1,5.0,2000,,LCD,5.0,
Google,Google Nexus 6P 32GB,39999,High Tier,Snapdragon,Snapdragon 810,3.0,32.0,12.3,1,8.0,3450,,AMOLED,5.7,
Apple,Apple iPhone 6s 64GB,72000,Ultra-Premium Tier,Apple,Apple A9,2.0,64.0,12.0,1,5.0,1715,,LCD,4.7,
Micromax,Micromax Canvas Blaze 4G Q400,4928,Budget Tier,Snapdragon,Snapdragon 210,1.0,8.0,5.0,1,2.0,2000,,LCD,4.5,
Sony,Sony Xperia Z3+,55990,Ultra-Premium Tier,Snapdragon,Snapdragon 810,3.0,32.0,20.7,1,5.1,2930,,LCD,5.2,
Lenovo,Lenovo A6000 Plus,7499,Budget Tier,Snapdragon,Snapdragon 410,2.0,16.0,8.0,1,2.0,2300,,LCD,5.0,
Yu,Yu Yureka,10999,Budget Tier,Snapdragon,Snapdragon 615,2.0,16.0,13.0,1,5.0,2500,,LCD,5.5,
HTC,HTC Desire Eye,35500,High Tier,Snapdragon,Snapdragon 801,2.0,16.0,13.0,1,13.0,2400,,LCD,5.2,
Asus,Asus PadFone Mini PF400CG,12999,Budget Tier,Intel,Intel Atom,1.0,8.0,8.0,1,2.0,1200,,LCD,4.0,
Lava,Lava Iris 500,5499,Budget Tier,,,512.0,4.0,5.0,1,0.3,1800,,LCD,5.0,
Apple,Apple iPhone 6 Plus 128GB,48999,Ultra-Premium Tier,Apple,Apple A8,1.0,128.0,8.0,1,1.2,2915,,LCD,5.5,
Lenovo,Lenovo Vibe Z2 Pro (K920),29999,Mid Tier,Snapdragon,Snapdragon 801,3.0,32.0,16.0,1,5.0,4000,,LCD,6.0,
Lenovo,Lenovo A536,9999,Budget Tier,MediaTek,MediaTek MT6582M,1.0,8.0,5.0,1,2.0,2000,,LCD,5.0,
XOLO,XOLO Q1000s Plus,15499,Mid Tier,MediaTek,MediaTek MT6589T,2.0,32.0,13.0,1,5.0,3000,,LCD,5.0,
XOLO,XOLO A550s IPS,6799,Budget Tier,MediaTek,MediaTek MT6572M,512.0,4.0,5.0,1,0.3,1400,,LCD,4.0,
Asus,"Asus Zenfone 5 (8GB, 1.6GHz)",8499,Budget Tier,Intel,Intel Atom,2.0,8.0,8.0,1,2.0,2110,,LCD,5.0,
MTS,MTS Blaze 5.0,13999,Budget Tier,Snapdragon,Snapdragon S4 Play,1.0,4.0,8.0,1,0.3,2500,,LCD,5.0,
XOLO,XOLO Q600S,7999,Budget Tier,Broadcom,Broadcom BCM23550,1.0,4.0,5.0,1,0.3,2000,,LCD,4.5,
LG,LG G Pro 2,42021,High Tier,Snapdragon,Snapdragon 800,3.0,16.0,13.0,1,2.1,3200,,LCD,5.9,
XOLO,XOLO Q2500,14999,Budget Tier,,,1.0,4.0,8.0,1,2.0,3000,,LCD,6.0,
MTS,MTS Blaze 4.0,7999,Budget Tier,Snapdragon,Snapdragon S4 Play,512.0,4.0,3.2,1,,1400,,LCD,4.0,
Lava,Lava Iris 405 Plus,6999,Budget Tier,,,512.0,4.0,5.0,1,0.3,1400,,LCD,4.0,
Lenovo,Lenovo Vibe X,25999,Mid Tier,MediaTek,MediaTek MT6589,2.0,16.0,13.0,1,5.0,2000,,LCD,5.0,
Lava,Lava Iris 354e,4499,Budget Tier,,,256.0,2.0,2.0,1,0.3,1400,,TFT,3.5,
LG,LG G2 32GB,31971,High Tier,Snapdragon,Snapdragon 800,2.0,32.0,13.0,1,2.1,3000,,LCD,5.2,
Videocon,Videocon A24,4790,Budget Tier,,,512.0,4.0,3.2,1,0.3,1450,,TFT,4.0,
Maxx,Maxx AX8 Race,9999,Budget Tier,MediaTek,MediaTek MTK6575,512.0,4.0,8.0,1,0.3,2300,,,5.0,
Videocon,Videocon A30,7699,Budget Tier,,,512.0,4.0,5.0,1,0.3,1500,,LCD,4.0,
Nokia,Nokia C5-05,7959,Budget Tier,,,0.125,0.25,2.0,1,,1000,,LCD,3.2,
Apple,Apple iPhone 4 8GB,22900,Mid Tier,Apple,Apple A4,512.0,8.0,5.0,1,0.3,1420,,LCD,3.5,
vivo,vivo Y19s,13499,Budget Tier,Unisoc,Unisoc T612,6.0,128.0,50.0,2,5.0,5500,15.0,LCD,6.68,
Motorola,Motorola Razr Fold 16GB 512GB RAM,159999,Ultra-Premium Tier,Snapdragon,Snapdragon 8 Gen 5,16.0,512.0,50.0,3,32.0,6000,80.0,AMOLED,8.1,2786560
Lava,Lava Storm Play 256GB 8GB RAM,15499,Mid Tier,MediaTek,MediaTek Dimensity 7060,8.0,256.0,50.0,2,8.0,5000,18.0,LCD,6.75,
Ai+,Ai+ Nova 8GB,12999,Budget Tier,Unisoc,Unisoc T8200,8.0,128.0,50.0,1,5.0,5000,18.0,LCD,6.7,
OPPO,OPPO Reno14 512GB,47999,Ultra-Premium Tier,MediaTek,MediaTek Dimensity 8350,12.0,512.0,50.0,3,50.0,6000,80.0,OLED,6.59,1405935
OPPO,OPPO A5 5G 8GB RAM,17899,Mid Tier,MediaTek,MediaTek Dimensity 6300,8.0,128.0,50.0,2,8.0,6000,45.0,LCD,6.67,
Itel,Itel A80,7040,Budget Tier,Unisoc,Unisoc T603,4.0,128.0,50.0,1,8.0,5000,10.0,LCD,6.67,157831
Lava,Lava Yuva 4,6999,Budget Tier,Unisoc,Unisoc T606,4.0,64.0,50.0,1,8.0,5000,10.0,LCD,6.56,
realme,realme P1 Speed 5G 256GB,16499,Mid Tier,MediaTek,MediaTek Dimensity 7300 Energy,12.0,256.0,50.0,2,16.0,5000,45.0,OLED,6.67,
Lava,Lava O3,6223,Budget Tier,Unisoc,Unisoc 9863A,3.0,64.0,13.0,1,5.0,5000,,LCD,6.75,
Lava,Lava O3 4GB RAM,6199,Budget Tier,Unisoc,Unisoc 9863A,4.0,64.0,13.0,1,5.0,5000,,LCD,6.75,
Tecno,Tecno Spark Go 1,6899,Budget Tier,Unisoc,Unisoc T615,3.0,64.0,13.0,1,8.0,5000,15.0,LCD,6.67,
realme,realme 13 Pro Plus 12GB RAM,26999,Mid Tier,Snapdragon,Snapdragon 7s Gen 2,12.0,256.0,50.0,3,32.0,5200,80.0,OLED,6.7,617481
vivo,vivo Y28s 8GB RAM,15197,Mid Tier,MediaTek,MediaTek Dimensity 6300,8.0,128.0,50.0,2,8.0,5000,15.0,LCD,6.56,
realme,realme P1 Pro 12GB RAM,17998,Mid Tier,Snapdragon,Snapdragon 6 Gen 1,12.0,256.0,50.0,2,16.0,5000,45.0,OLED,6.7,
realme,realme Narzo 70 8GB RAM,15575,Mid Tier,MediaTek,MediaTek Dimensity 7050,8.0,128.0,50.0,2,16.0,5000,45.0,AMOLED,6.67,584952
Samsung,Samsung Galaxy F15 8GB RAM,16499,Mid Tier,MediaTek,MediaTek Dimensity 6100 Plus,8.0,128.0,50.0,3,13.0,6000,25.0,AMOLED,6.5,
realme,realme Narzo 70 Pro 256GB,18791,Mid Tier,MediaTek,MediaTek Dimensity 7050,8.0,256.0,50.0,3,16.0,5000,67.0,AMOLED,6.67,
Nokia,Nokia G42 4GB RAM,11999,Budget Tier,Snapdragon,Snapdragon 480 Plus,4.0,128.0,50.0,3,8.0,5000,20.0,LCD,6.56,
vivo,vivo V30 12GB RAM,33991,High Tier,Snapdragon,Snapdragon 7 Gen 3,12.0,256.0,50.0,2,50.0,5000,80.0,AMOLED,6.78,
Itel,Itel P55T,7261,Budget Tier,Unisoc,Unisoc T606,4.0,128.0,50.0,2,8.0,6000,18.0,LCD,6.56,
Infinix,Infinix Smart 8,7299,Budget Tier,MediaTek,MediaTek Helio G36,4.0,64.0,50.0,1,8.0,5000,10.0,LCD,6.6,142347
Xiaomi,Xiaomi Redmi Note 13 Pro 256GB,30999,High Tier,Snapdragon,Snapdragon 7s Gen 2,8.0,256.0,200.0,3,16.0,5100,67.0,AMOLED,6.67,580250
Xiaomi,Xiaomi Redmi Note 13 Pro 12GB RAM,32999,High Tier,Snapdragon,Snapdragon 7s Gen 2,12.0,256.0,200.0,3,16.0,5100,67.0,AMOLED,6.67,580250
vivo,vivo Y28 5G 8GB RAM,13999,Budget Tier,MediaTek,MediaTek Dimensity 6020,8.0,128.0,50.0,2,8.0,5000,15.0,LCD,6.56,
Itel,Itel A70 256GB,8074,Budget Tier,Unisoc,Unisoc T603,4.0,256.0,13.0,1,8.0,5000,,LCD,6.6,155087
vivo,vivo X100 512GB,69999,Ultra-Premium Tier,MediaTek,MediaTek Dimensity 9300,16.0,512.0,50.0,3,32.0,5000,120.0,AMOLED,6.78,2038916
POCO,POCO M6 256GB,13499,Budget Tier,MediaTek,MediaTek Dimensity 6100 Plus,8.0,256.0,50.0,2,5.0,5000,18.0,LCD,6.74,
POCO,POCO M6 64GB,8999,Budget Tier,MediaTek,MediaTek Dimensity 6100 Plus,4.0,64.0,50.0,2,5.0,5000,18.0,LCD,6.74,
Lava,Lava Yuva 3 Pro,9999,Budget Tier,Unisoc,Unisoc T616,8.0,128.0,50.0,1,8.0,5000,18.0,LCD,6.5,
POCO,POCO M6 Pro 5G 256GB,14999,Budget Tier,Snapdragon,Snapdragon 4 Gen 2,8.0,256.0,50.0,2,8.0,5000,18.0,LCD,6.79,
vivo,vivo V29 Pro 12GB RAM,36999,High Tier,MediaTek,MediaTek Dimensity 8200,12.0,256.0,50.0,3,50.0,4600,80.0,AMOLED,6.78,903196
vivo,vivo T2 Pro 256GB,23999,Mid Tier,MediaTek,MediaTek Dimensity 7200,8.0,256.0,64.0,2,16.0,4600,66.0,AMOLED,6.78,
Apple,Apple iPhone 15 Plus 512GB,99900,Ultra-Premium Tier,Apple,Apple A16 Bionic,6.0,512.0,48.0,2,12.0,4383,20.0,OLED,6.7,1302867
Infinix,Infinix Zero 30 12GB RAM,24999,Mid Tier,MediaTek,MediaTek Dimensity 8020,12.0,256.0,108.0,3,50.0,5000,68.0,AMOLED,6.78,
Itel,Itel S23 4GB RAM,6990,Budget Tier,Unisoc,Unisoc T606,4.0,128.0,50.0,2,8.0,5000,10.0,LCD,6.6,
realme,realme C53 128GB,9999,Budget Tier,Unisoc,Unisoc T612,4.0,128.0,108.0,1,8.0,5000,18.0,LCD,6.74,0
Infinix,Infinix Hot 30 5G,12499,Budget Tier,MediaTek,MediaTek Dimensity 6020,4.0,128.0,50.0,1,8.0,6000,18.0,LCD,6.78,
vivo,vivo Y56 4GB RAM,15999,Mid Tier,MediaTek,MediaTek Dimensity 700,4.0,128.0,50.0,2,16.0,5000,18.0,LCD,6.58,
Nokia,Nokia C32 128GB,10999,Budget Tier,Unisoc,Unisoc SC9863A1,4.0,128.0,50.0,2,8.0,5000,10.0,LCD,6.51,116762
Tecno,Tecno Spark 10 5G 256GB,15999,Mid Tier,MediaTek,MediaTek Dimensity 6020,8.0,256.0,50.0,2,8.0,5000,18.0,LCD,6.6,
Tecno,Tecno Spark 10 Pro,11099,Budget Tier,MediaTek,MediaTek Helio G88,8.0,128.0,50.0,3,32.0,5000,18.0,LCD,6.78,
Nokia,Nokia C12 Pro,6299,Budget Tier,Unisoc,Unisoc SC9863A1,2.0,64.0,8.0,1,5.0,4000,10.0,LCD,6.3,104714
vivo,vivo V27 Pro 256GB,39950,High Tier,MediaTek,MediaTek Dimensity 8200,8.0,256.0,50.0,3,50.0,4600,66.0,AMOLED,6.78,0
Infinix,Infinix Zero 5G 2023 Turbo,19999,Mid Tier,MediaTek,MediaTek Dimensity 1080,8.0,256.0,50.0,3,16.0,5000,33.0,LCD,6.78,501552
realme,realme 10 128GB,12999,Budget Tier,MediaTek,MediaTek Helio G99,8.0,128.0,50.0,2,16.0,5000,33.0,AMOLED,6.4,383657
Samsung,Samsung Galaxy A04s 128GB,8999,Budget Tier,Samsung,Samsung Exynos 850,4.0,128.0,50.0,3,5.0,5000,15.0,LCD,6.5,
Samsung,Samsung Galaxy F04,11499,Budget Tier,MediaTek,MediaTek Helio P35,4.0,64.0,13.0,2,5.0,5000,15.0,LCD,6.5,
Xiaomi,Xiaomi Redmi Note 12 6GB RAM,15299,Mid Tier,Snapdragon,Snapdragon 4 Gen 1,6.0,128.0,48.0,3,13.0,5000,33.0,AMOLED,6.67,366146
Xiaomi,Xiaomi Redmi Note 12 Pro 5G 256GB,23499,Mid Tier,MediaTek,MediaTek Dimensity 1080,8.0,256.0,50.0,3,16.0,5000,67.0,AMOLED,6.67,513980
Infinix,Infinix Zero 20,17999,Mid Tier,MediaTek,MediaTek Helio G99,8.0,128.0,108.0,3,60.0,4500,45.0,AMOLED,6.7,373725
realme,realme 10 Pro 5G 8GB RAM,19999,Mid Tier,Snapdragon,Snapdragon 695,8.0,128.0,108.0,2,16.0,5000,33.0,LCD,6.72,409133
Nokia,Nokia C31 64GB,7399,Budget Tier,Unisoc,Unisoc SC9863A,4.0,64.0,13.0,3,5.0,5050,10.0,LCD,6.7,
Infinix,Infinix Hot 20 Play,8999,Budget Tier,MediaTek,MediaTek Helio G37,4.0,64.0,13.0,2,8.0,6000,18.0,LCD,6.82,125391
Moto,Moto E22s,7499,Budget Tier,MediaTek,MediaTek Helio G37,4.0,64.0,16.0,2,8.0,5000,10.0,LCD,6.5,122150
Motorola,Motorola Edge 30 Ultra 5G 256GB,74999,Ultra-Premium Tier,Snapdragon,Snapdragon 8 Plus Gen 1,12.0,256.0,200.0,3,60.0,4610,125.0,POLED,6.67,
Samsung,Samsung Galaxy M32 Prime Edition 128GB,17998,Mid Tier,MediaTek,MediaTek Helio G80,6.0,128.0,64.0,4,20.0,6000,15.0,AMOLED,6.4,
Tecno,Tecno Spark 9 3GB RAM,9990,Budget Tier,MediaTek,MediaTek Helio G37,3.0,64.0,13.0,2,8.0,5000,,LCD,6.6,
Samsung,Samsung Galaxy A04s,7399,Budget Tier,Samsung,Samsung Exynos 850,4.0,64.0,50.0,3,5.0,5000,15.0,LCD,6.5,
realme,realme C30s,6899,Budget Tier,Unisoc,Unisoc SC9863A,2.0,32.0,8.0,1,5.0,5000,10.0,LCD,6.5,
vivo,vivo V25 5G 256GB,26999,Mid Tier,MediaTek,MediaTek Dimensity 900,12.0,256.0,64.0,3,50.0,4500,44.0,AMOLED,6.44,0
vivo,vivo Y22 2022 128GB,15491,Mid Tier,MediaTek,MediaTek Helio G70,6.0,128.0,50.0,2,8.0,5000,18.0,LCD,6.55,
Itel,Itel Vision 3 Turbo,6999,Budget Tier,Unisoc,Unisoc SC9863A,3.0,64.0,8.0,2,5.0,5000,18.0,LCD,6.6,
Lava,Lava Blaze Pro,12999,Budget Tier,MediaTek,MediaTek Helio G37,4.0,64.0,50.0,3,8.0,5000,,LCD,6.5,119127
Apple,Apple iPhone 14 512GB,89900,Ultra-Premium Tier,Apple,Apple A15 Bionic,6.0,512.0,12.0,2,12.0,3279,20.0,OLED,6.1,1286140
Apple,Apple iPhone 14 Pro 512GB,149900,Ultra-Premium Tier,Apple,Apple A16 Bionic,6.0,512.0,48.0,3,12.0,3200,20.0,OLED,6.1,
OPPO,OPPO A77 2022 128GB,19999,Mid Tier,MediaTek,MediaTek Helio G35,4.0,128.0,50.0,2,8.0,5000,33.0,LCD,6.56,
realme,realme 9i 5G 128GB,16800,Mid Tier,MediaTek,MediaTek Dimensity 810,6.0,128.0,50.0,3,8.0,5000,18.0,LCD,6.6,394519
Infinix,Infinix Hot 12,9999,Budget Tier,MediaTek,MediaTek Helio G37,4.0,64.0,50.0,2,8.0,6000,18.0,LCD,6.82,127076
Samsung,Samsung Galaxy Z Fold 4 5G 512GB,94999,Ultra-Premium Tier,Snapdragon,Snapdragon 8 Plus Gen 1,12.0,512.0,50.0,3,10.0,4400,25.0,AMOLED,7.6,1024312
Infinix,Infinix Hot 12 Pro 128GB,12999,Budget Tier,Unisoc,Unisoc T616,8.0,128.0,50.0,2,8.0,5000,18.0,LCD,6.6,258473
Infinix,Infinix Smart 6 HD,6999,Budget Tier,MediaTek,MediaTek Helio A22,2.0,32.0,8.0,1,5.0,5000,10.0,TFT,6.6,89745
Itel,Itel A23S,4999,Budget Tier,Unisoc,Unisoc SC9832E,2.0,32.0,2.0,1,0.3,3020,,TFT,5.0,
Nokia,Nokia C21 Plus 64GB,12999,Budget Tier,Unisoc,Unisoc SC9863A,4.0,64.0,13.0,2,5.0,5050,10.0,LCD,6.5,102317
realme,realme C35 6GB RAM,11999,Budget Tier,Unisoc,Unisoc T616,6.0,128.0,50.0,3,8.0,5000,18.0,LCD,6.6,
POCO,POCO F4 5G 8GB RAM,22699,Mid Tier,Snapdragon,Snapdragon 870,8.0,128.0,64.0,3,20.0,4500,67.0,AMOLED,6.67,
Moto,Moto E32s 64GB,7499,Budget Tier,MediaTek,MediaTek Helio G37,4.0,64.0,16.0,3,8.0,5000,15.0,LCD,6.5,0
Xiaomi,Xiaomi Redmi 10 Prime 2022,8999,Budget Tier,MediaTek,MediaTek Helio G88,4.0,64.0,50.0,4,8.0,6000,18.0,LCD,6.5,
vivo,vivo Y15c,9499,Budget Tier,MediaTek,MediaTek Helio P35,3.0,32.0,13.0,2,8.0,5000,10.0,LCD,6.51,
vivo,vivo Y01,7991,Budget Tier,MediaTek,MediaTek Helio P35,2.0,32.0,8.0,1,5.0,5000,10.0,LCD,6.51,
vivo,vivo T1 Pro 5G,23999,Mid Tier,Snapdragon,Snapdragon 778G,6.0,128.0,64.0,3,16.0,4700,66.0,AMOLED,6.44,
vivo,vivo T1 44W 6GB RAM,15999,Mid Tier,Snapdragon,Snapdragon 680,6.0,128.0,50.0,3,16.0,5000,44.0,AMOLED,6.44,0
realme,realme Narzo 50A Prime,8899,Budget Tier,Unisoc,Unisoc T612,4.0,64.0,50.0,3,8.0,5000,18.0,LCD,6.6,219145
Infinix,Infinix Smart 6,7499,Budget Tier,MediaTek,MediaTek Helio A22,2.0,64.0,8.0,2,5.0,5000,10.0,LCD,6.6,94855
Micromax,Micromax IN 2C,5999,Budget Tier,Unisoc,Unisoc T610,3.0,32.0,8.0,2,5.0,5000,10.0,LCD,6.52,184259
Samsung,Samsung Galaxy A13 4G 128GB,19990,Mid Tier,Samsung,Samsung Exynos 8 Octa 850,4.0,128.0,50.0,4,8.0,5000,25.0,LCD,6.6,
Samsung,Samsung Galaxy A13 4G 6GB RAM,11999,Budget Tier,Samsung,Samsung Exynos 8 Octa 850,6.0,128.0,50.0,4,8.0,5000,25.0,LCD,6.6,
POCO,POCO M4 Pro 8GB RAM,10999,Budget Tier,MediaTek,MediaTek Helio G96,8.0,128.0,64.0,3,16.0,5000,33.0,AMOLED,6.43,309983
realme,realme 9 Pro 8GB RAM,18000,Mid Tier,Snapdragon,Snapdragon 695,8.0,128.0,64.0,3,16.0,5000,33.0,LCD,6.6,
OnePlus,OnePlus Nord CE 2 5G 8GB RAM,20999,Mid Tier,MediaTek,MediaTek Dimensity 900,8.0,128.0,64.0,3,16.0,4500,65.0,AMOLED,6.43,0
realme,realme 9 Pro Plus 256GB,22999,Mid Tier,MediaTek,MediaTek Dimensity 920,8.0,256.0,50.0,3,16.0,4500,60.0,AMOLED,6.4,505838
I,I Kall Z7 Ultra,5889,Budget Tier,,,4.0,32.0,13.0,1,8.0,4000,,LCD,6.26,
Asus,Asus ROG Phone 5s 5G 256GB,63999,Ultra-Premium Tier,Snapdragon,Snapdragon 888 Plus,12.0,256.0,64.0,3,24.0,6000,65.0,AMOLED,6.78,0
Itel,Itel A27,5080,Budget Tier,Unisoc,Unisoc SC9832E,2.0,32.0,5.0,1,2.0,4000,,LCD,5.45,
Xiaomi,Xiaomi Redmi Note 11 4G 128GB,12499,Budget Tier,Snapdragon,Snapdragon 680,6.0,128.0,50.0,4,13.0,5000,33.0,AMOLED,6.43,269010
Infinix,Infinix Hot 11S 128GB,11999,Budget Tier,MediaTek,MediaTek Helio G88,4.0,128.0,50.0,2,8.0,5000,18.0,LCD,6.78,176856
Lava,Lava Z1s,5299,Budget Tier,,,2.0,16.0,5.0,1,2.0,3100,,LCD,5.0,
vivo,vivo V23 5G 256GB,34982,High Tier,MediaTek,MediaTek Dimensity 920,12.0,256.0,64.0,3,50.0,4200,44.0,AMOLED,6.44,0
vivo,vivo Y21T,15200,Mid Tier,Snapdragon,Snapdragon 680,4.0,128.0,50.0,3,8.0,5000,18.0,LCD,6.58,
Lava,Lava Z6 128GB,11499,Budget Tier,MediaTek,MediaTek Helio G35,6.0,128.0,13.0,3,16.0,5000,,LCD,6.51,
Xiaomi,Xiaomi Redmi Note 10S 8GB RAM,18499,Mid Tier,MediaTek,MediaTek Helio G95,8.0,128.0,64.0,4,13.0,5000,33.0,AMOLED,6.43,324498
Lava,Lava Agni 5G,23999,Mid Tier,MediaTek,MediaTek Dimensity 810,8.0,128.0,64.0,4,16.0,5000,30.0,LCD,6.78,379571
Samsung,Samsung Galaxy A32 4G 8GB RAM,27999,Mid Tier,MediaTek,MediaTek Helio G80,8.0,128.0,64.0,4,20.0,5000,15.0,AMOLED,6.4,157215
vivo,vivo Y3s,9482,Budget Tier,MediaTek,MediaTek Helio P35,2.0,32.0,13.0,1,5.0,5000,10.0,LCD,6.51,
vivo,vivo Y20T,15482,Mid Tier,Snapdragon,Snapdragon 662,6.0,64.0,13.0,3,8.0,5000,18.0,LCD,6.51,
Apple,Apple iPhone 13 Pro 512GB,149900,Ultra-Premium Tier,Apple,Apple A15 Bionic,6.0,512.0,12.0,3,12.0,3095,20.0,OLED,6.1,819845
Apple,Apple iPhone 13 Pro Max 1TB,179900,Ultra-Premium Tier,Apple,Apple A15 Bionic,6.0,1.0,12.0,3,12.0,4352,20.0,OLED,6.7,846870
Itel,Itel Vision 2S,5490,Budget Tier,Unisoc,Unisoc SC9863A,2.0,32.0,8.0,2,5.0,5000,,LCD,6.52,
Samsung,Samsung Galaxy A03s 64GB,7999,Budget Tier,MediaTek,MediaTek Helio P35,4.0,64.0,13.0,3,5.0,5000,,LCD,6.5,119526
Nokia,Nokia C20 Plus 3GB RAM,11099,Budget Tier,Unisoc,Unisoc SC9863A,3.0,32.0,8.0,2,5.0,4950,10.0,LCD,6.5,96683
Micromax,Micromax IN 2B,10499,Budget Tier,Unisoc,Unisoc T610,4.0,64.0,13.0,2,5.0,5000,10.0,LCD,6.52,166035
OnePlus,OnePlus Nord 2 256GB,29992,Mid Tier,MediaTek,MediaTek Dimensity 1200,12.0,256.0,50.0,3,32.0,4500,65.0,AMOLED,6.43,541522
Lava,Lava Z2 3GB RAM,8999,Budget Tier,MediaTek,MediaTek Helio G35,3.0,32.0,13.0,2,8.0,5000,,LCD,6.51,
Lava,Lava Z2s,7999,Budget Tier,MediaTek,MediaTek Helio G35,2.0,32.0,8.0,1,5.0,5000,,LCD,6.51,
iQOO,iQOO Z3 256GB,22990,Mid Tier,Snapdragon,Snapdragon 768G,8.0,256.0,64.0,3,16.0,4400,55.0,LCD,6.58,379927
LG,LG W11,7990,Budget Tier,MediaTek,MediaTek Helio P22,3.0,32.0,13.0,2,8.0,4000,,LCD,6.52,
Xiaomi,Xiaomi Redmi Note 10S 128GB,16499,Mid Tier,MediaTek,MediaTek Helio G95,6.0,128.0,64.0,4,13.0,5000,33.0,AMOLED,6.43,324498
LG,LG W31 Plus,15000,Mid Tier,MediaTek,MediaTek Helio G25,4.0,128.0,13.0,3,8.0,4000,,LCD,6.52,
Samsung,Samsung Galaxy M42 5G 8GB RAM,21999,Mid Tier,Snapdragon,Snapdragon 750G,8.0,128.0,48.0,4,20.0,5000,15.0,AMOLED,6.6,0
Itel,Itel Vision 2,8488,Budget Tier,,,2.0,32.0,13.0,2,8.0,4000,,LCD,6.6,
realme,realme C25 128GB,11999,Budget Tier,MediaTek,MediaTek Helio G70,4.0,128.0,13.0,3,8.0,6000,18.0,LCD,6.5,195041
realme,realme C20,6499,Budget Tier,MediaTek,MediaTek Helio G35,2.0,32.0,8.0,1,5.0,5000,10.0,LCD,6.5,121181
realme,realme 8 8GB RAM,10799,Budget Tier,MediaTek,MediaTek Helio G95,8.0,128.0,64.0,4,16.0,5000,30.0,AMOLED,6.4,297216
Micromax,Micromax IN 1,14999,Budget Tier,MediaTek,MediaTek Helio G80,4.0,64.0,48.0,3,8.0,5000,18.0,LCD,6.67,192373
Asus,Asus ROG Phone 5,55999,Ultra-Premium Tier,Snapdragon,Snapdragon 888,8.0,128.0,64.0,3,24.0,6000,65.0,AMOLED,6.78,722427
vivo,vivo V20 2021 256GB,30990,High Tier,Snapdragon,Snapdragon 730,8.0,256.0,64.0,3,44.0,4000,33.0,AMOLED,6.44,
Moto,Moto E7 Power 64GB,6999,Budget Tier,MediaTek,MediaTek Helio G25,4.0,64.0,13.0,2,5.0,5000,10.0,LCD,6.5,104632
Infinix,Infinix Smart 5,7499,Budget Tier,MediaTek,MediaTek Helio G25,2.0,32.0,13.0,2,8.0,6000,10.0,LCD,6.82,85208
POCO,POCO M3 128GB,12999,Budget Tier,Snapdragon,Snapdragon 662,6.0,128.0,48.0,3,8.0,6000,18.0,LCD,6.53,0
Gionee,Gionee F11,7499,Budget Tier,,,3.0,32.0,13.0,2,5.0,5000,,LCD,6.1,
LG,LG K42,14000,Budget Tier,MediaTek,MediaTek Helio P22,3.0,64.0,13.0,4,8.0,4000,10.0,LCD,6.6,
Samsung,Samsung Galaxy M02s 64GB,11499,Budget Tier,Snapdragon,Snapdragon 450,4.0,64.0,13.0,3,5.0,5000,15.0,LCD,6.5,93583
Lava,Lava Z1,6249,Budget Tier,MediaTek,MediaTek Helio A20,2.0,16.0,5.0,1,5.0,3100,10.0,TFT,5.0,
LG,LG W31,9999,Budget Tier,MediaTek,MediaTek Helio P22,4.0,64.0,13.0,3,8.0,4000,,LCD,6.52,
vivo,vivo Y51 2020,21990,Mid Tier,Snapdragon,Snapdragon 665,8.0,128.0,48.0,3,16.0,5000,18.0,LCD,6.58,
vivo,vivo Y1s,9290,Budget Tier,MediaTek,MediaTek Helio P35,2.0,32.0,13.0,1,5.0,4030,,LCD,6.22,
Micromax,Micromax IN 1B,8999,Budget Tier,MediaTek,MediaTek Helio G35,2.0,32.0,13.0,2,8.0,5000,10.0,LCD,6.52,106210
Micromax,Micromax IN Note 1 128GB,16999,Mid Tier,MediaTek,MediaTek Helio G85,4.0,128.0,48.0,4,16.0,5000,18.0,LCD,6.67,197441
realme,realme C15 Qualcomm Edition 64GB,12999,Budget Tier,Snapdragon,Snapdragon 460,4.0,64.0,13.0,4,8.0,6000,18.0,LCD,6.5,
Apple,Apple iPhone 12 Mini 256GB,74900,Ultra-Premium Tier,Apple,Apple A14 Bionic,6.0,256.0,12.0,2,12.0,2227,20.0,OLED,5.4,630403
Apple,Apple iPhone 12 256GB,64900,Ultra-Premium Tier,Apple,Apple A14 Bionic,4.0,256.0,12.0,2,12.0,2815,20.0,OLED,6.1,621879
Infinix,Infinix Hot 10,13999,Budget Tier,MediaTek,MediaTek Helio G70,6.0,128.0,16.0,3,8.0,5200,,LCD,6.78,0
Samsung,Samsung Galaxy M31 Prime,17499,Mid Tier,Samsung,Samsung Exynos 9 Octa 9611,6.0,128.0,64.0,4,32.0,6000,15.0,AMOLED,6.4,
Nokia,Nokia C3 2020,8499,Budget Tier,Unisoc,Unisoc SC9863A,2.0,16.0,8.0,1,5.0,3040,,LCD,5.99,
Lenovo,Lenovo A7 64GB,7139,Budget Tier,Unisoc,Unisoc SC9863,4.0,64.0,13.0,2,5.0,4000,,LCD,6.09,
realme,realme 7 128GB,11999,Budget Tier,MediaTek,MediaTek Helio G95,8.0,128.0,64.0,4,16.0,5000,30.0,LCD,6.5,0
Lava,Lava Z66,8499,Budget Tier,,,3.0,32.0,13.0,2,13.0,3950,,LCD,6.08,
vivo,vivo X50 256GB,44990,High Tier,Snapdragon,Snapdragon 730,8.0,256.0,48.0,4,32.0,4200,33.0,AMOLED,6.56,281854
Lava,Lava Z61 Pro,5399,Budget Tier,,,2.0,16.0,8.0,1,5.0,3100,,LCD,5.45,
realme,realme X3 8GB RAM,27999,Mid Tier,Snapdragon,Snapdragon 855 Plus,8.0,128.0,64.0,4,16.0,4200,30.0,LCD,6.6,506631
Samsung,Samsung Galaxy A21s 6GB RAM,15000,Mid Tier,Samsung,Samsung Exynos 8 Octa 850,6.0,64.0,48.0,4,13.0,5000,15.0,LCD,6.5,121139
Samsung,Samsung Galaxy A51 8GB RAM,22500,Mid Tier,Samsung,Samsung Exynos 9 Octa 9611,8.0,128.0,48.0,4,32.0,4000,15.0,AMOLED,6.5,171285
realme,realme 6 Pro 8GB RAM,15999,Mid Tier,Snapdragon,Snapdragon 720G,8.0,128.0,64.0,4,16.0,4300,30.0,LCD,6.6,285167
Xiaomi,Xiaomi Redmi 8A Dual 3GB RAM,8999,Budget Tier,Snapdragon,Snapdragon 439,3.0,32.0,13.0,2,8.0,5000,18.0,LCD,6.22,
realme,realme C3 64GB,7999,Budget Tier,MediaTek,MediaTek Helio G70,4.0,64.0,12.0,2,5.0,5000,10.0,LCD,6.5,191814
Lava,Lava Z53,5499,Budget Tier,Unisoc,Unisoc SC9832E,1.0,16.0,8.0,1,5.0,4120,7.5,TFT,6.1,
Panasonic,Panasonic Eluga I8,8989,Budget Tier,,,3.0,32.0,13.0,1,8.0,4000,,LCD,6.2,
realme,realme X2 8GB RAM,18999,Mid Tier,Snapdragon,Snapdragon 730G,8.0,128.0,64.0,4,32.0,4000,30.0,AMOLED,6.4,266028
Gionee,Gionee F10,7990,Budget Tier,,,3.0,32.0,13.0,2,8.0,3550,,LCD,6.09,
Xiaomi,Xiaomi Redmi Note 8 3GB RAM,7999,Budget Tier,Snapdragon,Snapdragon 665,3.0,32.0,48.0,4,13.0,4000,18.0,LCD,6.3,171024
Lava,Lava Z41,4799,Budget Tier,Unisoc,Unisoc SC9832E,1.0,16.0,5.0,1,2.0,2500,,TFT,5.0,
Asus,Asus ROG Phone 2,40999,High Tier,Snapdragon,Snapdragon 855 Plus,8.0,128.0,48.0,2,24.0,6000,,AMOLED,6.59,353469
Lenovo,Lenovo K10 Plus,13999,Budget Tier,Snapdragon,Snapdragon 632,4.0,64.0,13.0,3,16.0,4050,,LCD,6.22,
Apple,Apple iPhone 11 Pro 512GB,140300,Ultra-Premium Tier,Apple,Apple A13 Bionic,4.0,512.0,12.0,3,12.0,3046,18.0,OLED,5.8,461219
realme,realme XT 128GB,19999,Mid Tier,Snapdragon,Snapdragon 712,8.0,128.0,64.0,4,16.0,4000,20.0,AMOLED,6.4,180514
Xiaomi,Xiaomi Redmi K20 128GB,24999,Mid Tier,Snapdragon,Snapdragon 730,6.0,128.0,48.0,3,20.0,4000,18.0,AMOLED,6.39,209539
STK,STK Life Plus S,6999,Budget Tier,,,3.0,32.0,8.0,1,5.0,2800,,LCD,5.5,
Coolpad,Coolpad Cool 3 Plus 32GB,6899,Budget Tier,MediaTek,MediaTek Helio A22,3.0,32.0,13.0,1,8.0,3000,,LCD,5.71,65899
Lava,Lava Z62,7399,Budget Tier,MediaTek,MediaTek Helio A22,2.0,16.0,8.0,1,5.0,3380,,LCD,6.0,
Asus,Asus 6Z 256GB,43999,High Tier,Snapdragon,Snapdragon 855,8.0,256.0,48.0,2,48.0,5000,,LCD,6.4,357773
vivo,vivo Y12 64GB,13990,Budget Tier,MediaTek,MediaTek Helio P22,3.0,64.0,13.0,3,8.0,5000,,LCD,6.35,79317
Nokia,Nokia 2.2 32GB,9599,Budget Tier,MediaTek,MediaTek Helio A22,3.0,32.0,13.0,1,5.0,3000,,LCD,5.71,65184
I,I Kall K4,4427,Budget Tier,,,2.0,16.0,5.0,1,2.0,2500,,TFT,5.45,
Meizu,Meizu M6T,8999,Budget Tier,MediaTek,MediaTek MT6750,3.0,32.0,13.0,2,8.0,3300,,LCD,5.7,
Alcatel,Alcatel 5V,3799,Budget Tier,MediaTek,MediaTek Helio P22,3.0,32.0,16.0,2,13.0,4000,,LCD,6.2,
Xiaomi,Xiaomi Redmi Go,5999,Budget Tier,Snapdragon,Snapdragon 425,1.0,8.0,8.0,1,5.0,3000,,LCD,5.0,
Lava,Lava Z40,4500,Budget Tier,,,1.0,8.0,2.0,1,2.0,2250,,LCD,4.0,
vivo,vivo Y91i,8990,Budget Tier,MediaTek,MediaTek Helio P22,2.0,16.0,13.0,1,5.0,4030,,LCD,6.22,
Xiaomi,Xiaomi Redmi Note 7 64GB,9617,Budget Tier,Snapdragon,Snapdragon 660,4.0,64.0,12.0,2,13.0,4000,,LCD,6.3,250302
Nokia,Nokia 6.1 Plus 6GB RAM,14990,Budget Tier,Snapdragon,Snapdragon 636,6.0,64.0,16.0,2,16.0,3060,,LCD,5.8,168464
LG,LG Q7 Plus,20996,Mid Tier,MediaTek,MediaTek MT6750,4.0,64.0,16.0,1,5.0,3000,,LCD,5.5,
XOLO,XOLO Era 4X,6199,Budget Tier,MediaTek,MediaTek MT6739,1.0,16.0,8.0,1,5.0,3000,,LCD,5.45,
vivo,vivo Y93 64GB,14990,Budget Tier,MediaTek,MediaTek Helio P22,3.0,64.0,13.0,2,8.0,4030,,LCD,6.22,
vivo,vivo Y93,15990,Mid Tier,MediaTek,MediaTek Helio P22,4.0,32.0,13.0,2,8.0,4030,,LCD,6.22,
Honor,Honor 8C,12999,Budget Tier,Snapdragon,Snapdragon 632,4.0,32.0,13.0,2,8.0,4000,,LCD,6.26,
Asus,Asus ROG Phone,83999,Ultra-Premium Tier,Snapdragon,Snapdragon 845,8.0,128.0,12.0,2,8.0,4000,30.0,AMOLED,6.0,
Karbonn,Karbonn K9 Smart Plus,3499,Budget Tier,,,1.0,8.0,5.0,1,5.0,2800,,LCD,5.45,
Micromax,Micromax Bharat 4 Diwali Edition,4999,Budget Tier,,,1.0,8.0,5.0,1,2.0,2000,,TFT,5.0,
Google,Google Pixel 3 XL,83000,Ultra-Premium Tier,Snapdragon,Snapdragon 845,4.0,64.0,12.2,1,8.0,3430,,OLED,6.3,336610
Google,Google Pixel 3 128GB,80000,Ultra-Premium Tier,Snapdragon,Snapdragon 845,4.0,128.0,12.2,1,8.0,2915,,OLED,5.5,
Lenovo,Lenovo K9,9999,Budget Tier,MediaTek,MediaTek Helio P22,3.0,32.0,13.0,2,13.0,3000,,LCD,5.7,
Apple,Apple iPhone XR 256GB,91900,Ultra-Premium Tier,Apple,Apple A12 Bionic,3.0,256.0,12.0,1,7.0,2942,,LCD,6.1,366895
Honor,Honor 8X 6GB RAM,19999,Mid Tier,HiSilicon,HiSilicon Kirin,6.0,64.0,20.0,2,16.0,3750,,LCD,6.5,
LG,LG G7 ThinQ,50000,Ultra-Premium Tier,Snapdragon,Snapdragon 845,4.0,64.0,16.0,2,8.0,3000,,LCD,6.1,
Panasonic,Panasonic Eluga X1 Pro,29999,Mid Tier,MediaTek,MediaTek Helio P60,6.0,128.0,16.0,2,16.0,3000,,LCD,6.18,
Yu,Yu Ace,7999,Budget Tier,MediaTek,MediaTek MT6739,2.0,16.0,13.0,1,5.0,4000,,LCD,5.45,
LG,LG Q Stylus Plus,24000,Mid Tier,MediaTek,MediaTek MT6750,4.0,64.0,16.0,1,8.0,3300,,LCD,6.2,
LG,LG Q7,16996,Mid Tier,MediaTek,MediaTek MT6750,3.0,32.0,13.0,1,8.0,3000,,LCD,5.5,
Lava,Lava Z60s,5990,Budget Tier,,,1.0,16.0,5.0,1,5.0,2500,,LCD,5.0,
Coolpad,Coolpad Mega 5A,6399,Budget Tier,Spreadtrum,Spreadtrum SC9850,2.0,16.0,8.0,2,5.0,2500,,LCD,5.45,
LG,LG G7 Plus ThinQ,55000,Ultra-Premium Tier,Snapdragon,Snapdragon 845,6.0,128.0,16.0,2,8.0,3000,,LCD,6.1,
Asus,Asus Zenfone 5Z,32999,High Tier,Snapdragon,Snapdragon 845,6.0,64.0,12.0,2,8.0,3300,,LCD,6.2,
Doogee,Doogee S60 Lite,21999,Mid Tier,MediaTek,MediaTek MT6750T,4.0,32.0,16.0,1,8.0,5580,,LCD,5.2,
Panasonic,Panasonic P90,4999,Budget Tier,MediaTek,MediaTek MT6737,1.0,16.0,5.0,1,5.0,2400,,LCD,5.0,
Lephone,Lephone W10,4299,Budget Tier,,,1.0,8.0,5.0,1,2.0,2000,,LCD,5.0,
Moto,Moto G6 64GB,15999,Mid Tier,Snapdragon,Snapdragon 450,4.0,64.0,12.0,2,16.0,3000,,LCD,5.7,
Alcatel,Alcatel 3V,5999,Budget Tier,MediaTek,MediaTek MT8735A,3.0,32.0,16.0,2,8.0,3000,,LCD,6.0,
Honor,Honor 7C,12999,Budget Tier,Snapdragon,Snapdragon 450,3.0,32.0,13.0,2,8.0,3000,,LCD,5.99,
Panasonic,Panasonic P101,7999,Budget Tier,MediaTek,MediaTek MT6739,2.0,16.0,8.0,1,5.0,2500,,LCD,5.45,
Lava,Lava Z50,5999,Budget Tier,MediaTek,MediaTek MT6737,1.0,8.0,5.0,1,5.0,2000,,TFT,4.5,
Celkon,Celkon UniQ,8449,Budget Tier,,,3.0,32.0,16.0,1,8.0,2700,,LCD,5.0,
HTC,HTC U11 Plus,56990,Ultra-Premium Tier,Snapdragon,Snapdragon 835,6.0,128.0,12.0,1,8.0,3930,,LCD,6.0,
iVooMi,iVooMi i1,7499,Budget Tier,MediaTek,MediaTek MT6737,2.0,16.0,13.0,2,8.0,3000,,LCD,5.45,
VOTO,VOTO V2i,4444,Budget Tier,Spreadtrum,Spreadtrum SC9832A,2.0,32.0,13.0,1,8.0,3000,,LCD,5.0,
Itel,Itel A42 plus,6090,Budget Tier,,,2.0,16.0,8.0,1,5.0,2700,,TFT,5.0,
Honor,Honor 7X 64GB,16500,Mid Tier,HiSilicon,HiSilicon Kirin,4.0,64.0,16.0,2,8.0,3340,,LCD,5.93,
Micromax,Micromax Canvas Infinity Pro,13999,Budget Tier,Snapdragon,Snapdragon 430,4.0,64.0,16.0,1,20.0,3000,,LCD,5.7,
Micromax,Micromax Bharat 4,5999,Budget Tier,MediaTek,MediaTek MT6737,1.0,16.0,5.0,1,5.0,2500,,LCD,5.0,
Panasonic,Panasonic P91,7990,Budget Tier,MediaTek,MediaTek MT6737M,1.0,16.0,8.0,1,5.0,2500,,TFT,5.0,
Xiaomi,Xiaomi Redmi Y1,10999,Budget Tier,Snapdragon,Snapdragon 435,4.0,64.0,13.0,1,16.0,3080,,LCD,5.5,
Moto,Moto X4 64GB,23999,Mid Tier,Snapdragon,Snapdragon 630,4.0,64.0,12.0,2,16.0,3000,,LCD,5.2,
Panasonic,Panasonic Eluga I5,8990,Budget Tier,MediaTek,MediaTek MT6737,2.0,16.0,13.0,1,5.0,2500,,LCD,5.0,
Itel,Itel S21,5399,Budget Tier,MediaTek,MediaTek MT6580M,1.0,16.0,8.0,1,5.0,2700,,TFT,5.0,
Yu,Yu Yunique 2 Plus,7999,Budget Tier,MediaTek,MediaTek MT6737,3.0,16.0,13.0,1,5.0,2500,,LCD,5.0,
XOLO,XOLO Era 3X,8499,Budget Tier,MediaTek,MediaTek MT6737,3.0,16.0,13.0,1,13.0,3000,,LCD,5.0,
Lava,Lava Z70,8599,Budget Tier,MediaTek,MediaTek MT6737,2.0,16.0,8.0,1,5.0,2500,,LCD,5.0,
Lava,Lava Z90,12499,Budget Tier,MediaTek,MediaTek MT6737M,3.0,32.0,8.0,1,8.0,2750,,LCD,5.2,
Apple,Apple iPhone 8 256GB,77000,Ultra-Premium Tier,Apple,Apple A11 Bionic,2.0,256.0,12.0,1,7.0,1821,,LCD,4.7,355121
Apple,Apple iPhone 8 Plus 256GB,84900,Ultra-Premium Tier,Apple,Apple A11 Bionic,3.0,256.0,12.0,2,7.0,2675,,LCD,5.5,396963
Ziox,Ziox Astra Young Pro,3800,Budget Tier,,,1.0,8.0,5.0,1,2.0,2200,,TFT,5.0,
Lenovo,Lenovo K8 Plus 4GB RAM,11999,Budget Tier,MediaTek,MediaTek MT6757CD,4.0,32.0,13.0,2,8.0,4000,,LCD,5.2,
Panasonic,Panasonic Eluga Ray 500,11990,Budget Tier,MediaTek,MediaTek MT6737,3.0,32.0,13.0,2,5.0,4000,,LCD,5.0,
Itel,Itel Selfiepro S41,7000,Budget Tier,MediaTek,MediaTek MT6737,3.0,16.0,8.0,1,8.0,2700,,LCD,5.0,
Yu,Yu Yureka 2,13999,Budget Tier,Snapdragon,Snapdragon 625,4.0,64.0,16.0,1,8.0,3930,,LCD,5.5,
Lenovo,Lenovo K8,7958,Budget Tier,MediaTek,MediaTek MT6757,3.0,32.0,13.0,1,8.0,4000,,LCD,5.2,
iVooMi,iVooMi Me3,6800,Budget Tier,MediaTek,MediaTek MT6737,2.0,16.0,8.0,1,8.0,3000,,LCD,5.2,
iVooMi,iVooMi Me3S,7800,Budget Tier,MediaTek,MediaTek MT6737,3.0,32.0,13.0,1,8.0,3000,,LCD,5.2,
vivo,vivo Y69,14990,Budget Tier,MediaTek,MediaTek MT6750,3.0,32.0,13.0,1,16.0,3000,,LCD,5.5,
Lenovo,Lenovo K8 Note 32GB,8999,Budget Tier,MediaTek,MediaTek MT6797D,3.0,32.0,13.0,2,13.0,4000,,LCD,5.5,
Gionee,Gionee A1 Lite,11499,Budget Tier,MediaTek,MediaTek MT6753,3.0,32.0,13.0,1,20.0,4000,,LCD,5.3,
Panasonic,Panasonic Eluga A3,11490,Budget Tier,MediaTek,MediaTek MT6737,3.0,16.0,13.0,1,8.0,4000,,LCD,5.2,
Swipe,Swipe Elite VR,5999,Budget Tier,MediaTek,MediaTek MT6737,1.0,8.0,13.0,1,5.0,3000,,LCD,5.5,
XOLO,XOLO Era 1X Pro,6888,Budget Tier,Spreadtrum,Spreadtrum SC9832A,2.0,16.0,8.0,1,5.0,2500,,LCD,5.0,
Honor,Honor 8 Pro,29999,Mid Tier,HiSilicon,HiSilicon Kirin,6.0,128.0,12.0,2,8.0,4000,,LCD,5.7,
Karbonn,Karbonn A40 Indian,3499,Budget Tier,,,1.0,8.0,2.0,1,0.3,1400,,TFT,4.0,
Sony,Sony Xperia XZ Premium,49990,Ultra-Premium Tier,Snapdragon,Snapdragon 835,4.0,64.0,19.0,1,13.0,3230,,LCD,5.5,
Zen,Zen Admire Buzz,3299,Budget Tier,Spreadtrum,Spreadtrum SC9832A,768.0,8.0,5.0,1,2.0,2000,,TFT,5.0,
Lava,Lava A97 IPS,4299,Budget Tier,Spreadtrum,Spreadtrum SC9832A,1.0,8.0,5.0,1,5.0,2350,,LCD,5.0,
Panasonic,Panasonic P85,6499,Budget Tier,MediaTek,MediaTek MT6735P,2.0,16.0,8.0,1,2.0,4000,,LCD,5.0,
OPPO,OPPO F3,20990,Mid Tier,MediaTek,MediaTek MT6750T,4.0,64.0,13.0,1,16.0,3200,,LCD,5.5,
LG,LG G6,55000,Ultra-Premium Tier,Snapdragon,Snapdragon 821,4.0,64.0,13.0,2,5.0,3300,,LCD,5.7,
Samsung,Samsung Galaxy A7 2017,25900,Mid Tier,Samsung,Samsung Exynos 7 Octa 7880,3.0,32.0,16.0,1,16.0,3600,,AMOLED,5.7,
Itel,Itel it1409,2999,Budget Tier,,,512.0,8.0,2.0,1,0.3,1500,,TFT,4.0,
Swipe,Swipe Elite 3,5999,Budget Tier,Spreadtrum,Spreadtrum SC9832A,2.0,16.0,8.0,1,5.0,2500,,LCD,5.0,
Lenovo,Lenovo K6 Power 4GB RAM,10999,Budget Tier,Snapdragon,Snapdragon 430,4.0,32.0,13.0,1,8.0,4000,,LCD,5.0,
Zen,Zen Cinemax Click,3899,Budget Tier,,,1.0,8.0,8.0,1,5.0,2700,,LCD,5.5,
Lyf,Lyf Wind 7S,7000,Budget Tier,Snapdragon,Snapdragon 210,2.0,16.0,8.0,1,5.0,2250,,LCD,5.0,
Lenovo,Lenovo Phab 2,12000,Budget Tier,MediaTek,MediaTek MT8735,3.0,32.0,13.0,1,5.0,4050,,LCD,6.4,
Coolpad,Coolpad Mega 3,7999,Budget Tier,MediaTek,MediaTek MT6737,2.0,16.0,8.0,1,8.0,3050,,LCD,5.5,
Lava,Lava X50 Plus,9199,Budget Tier,MediaTek,MediaTek MT6735,2.0,32.0,8.0,1,5.0,2800,,LCD,5.5,
Coolpad,Coolpad Note 3S,7999,Budget Tier,Snapdragon,Snapdragon 415,3.0,32.0,13.0,1,5.0,2500,,LCD,5.5,
Lyf,Lyf Water 9,8999,Budget Tier,MediaTek,MediaTek MT6753,2.0,16.0,13.0,1,5.0,2800,,LCD,5.5,
Lyf,Lyf Wind 4S,4199,Budget Tier,Snapdragon,Snapdragon 210,2.0,16.0,8.0,1,5.0,4000,,LCD,5.0,
Asus,Asus Zenfone 3 Laser ZC551KL,19999,Mid Tier,Snapdragon,Snapdragon 430,4.0,32.0,13.0,1,8.0,3000,,LCD,5.5,
Apple,Apple iPhone 7 Plus 256GB,85400,Ultra-Premium Tier,Apple,Apple A10 Fusion,3.0,256.0,12.0,2,7.0,2900,,LCD,5.5,
Lenovo,Lenovo Z2 Plus 64GB (Zuk Z2),19999,Mid Tier,Snapdragon,Snapdragon 820,4.0,64.0,13.0,1,8.0,3500,,LCD,5.0,
Xiaomi,Xiaomi Redmi 3S,6999,Budget Tier,Snapdragon,Snapdragon 430,2.0,16.0,13.0,1,5.0,4100,,LCD,5.0,
Gionee,Gionee F103 Pro,10999,Budget Tier,MediaTek,MediaTek MT6735,3.0,16.0,13.0,1,5.0,2400,,LCD,5.0,
LeEco,LeEco Le Max 2 32GB,17999,Mid Tier,Snapdragon,Snapdragon 820,4.0,32.0,21.0,1,8.0,3100,,LCD,5.7,
HTC,HTC Desire 630,13570,Budget Tier,Snapdragon,Snapdragon 400,2.0,16.0,13.0,1,5.0,2200,,LCD,5.0,
Lava,Lava X81,11500,Budget Tier,MediaTek,MediaTek MT6735,3.0,16.0,13.0,1,5.0,2700,,LCD,5.0,
Swipe,Swipe Elite Plus,6999,Budget Tier,Snapdragon,Snapdragon 615,2.0,16.0,13.0,1,8.0,3050,,LCD,5.0,
Motorola,Motorola Moto G Turbo Virat Kohli Edition,16999,Mid Tier,Snapdragon,Snapdragon 615,2.0,16.0,13.0,1,5.0,2470,,LCD,5.0,
Kenxinda,Kenxinda R7,3699,Budget Tier,,,1.0,8.0,5.0,1,2.0,2500,,LCD,5.5,
Gionee,Gionee M5 Marathon Plus,26999,Mid Tier,MediaTek,MediaTek MT6753,3.0,64.0,13.0,1,5.0,5020,,AMOLED,6.0,
Swipe,Swipe Elite Note,7500,Budget Tier,MediaTek,MediaTek MT6735,3.0,16.0,13.0,1,5.0,3000,,LCD,5.5,
Lyf,Lyf Flame 1,3139,Budget Tier,Snapdragon,Snapdragon 210,1.0,8.0,5.0,1,5.0,2000,,TFT,4.5,
Gionee,Gionee Elife S6,19999,Mid Tier,MediaTek,MediaTek MT6753,3.0,32.0,13.0,1,5.0,3150,,AMOLED,5.5,
Lyf,Lyf Water 1,9000,Budget Tier,Snapdragon,Snapdragon 615,2.0,16.0,13.0,1,5.0,2600,,LCD,5.0,
LG,LG Spirit LTE,12500,Budget Tier,Snapdragon,Snapdragon 410,1.0,8.0,8.0,1,1.0,2100,,LCD,4.7,
Zen,Zen Cinemax 2,4199,Budget Tier,,,1.0,8.0,5.0,1,2.0,2900,,LCD,5.5,
Intex,Intex Aqua Super,9699,Budget Tier,MediaTek,MediaTek MT6735P,3.0,16.0,8.0,1,2.0,2150,,LCD,5.0,
Alcatel,Alcatel One Touch Flash 2,9999,Budget Tier,MediaTek,MediaTek MT6753,2.0,16.0,13.0,1,5.0,3000,,LCD,5.0,
Lenovo,Lenovo A1000,4300,Budget Tier,Spreadtrum,Spreadtrum SC7731,1.0,8.0,5.0,1,0.3,2000,,TFT,4.0,
Apple,Apple iPhone 6s Plus 16GB,49999,Ultra-Premium Tier,Apple,Apple A9,2.0,16.0,12.0,1,5.0,2750,,LCD,5.5,
Panasonic,Panasonic Love T35,2200,Budget Tier,Spreadtrum,Spreadtrum SC7731G,512.0,4.0,2.0,1,0.3,1400,,TFT,4.0,
Lenovo,Lenovo A2010,4990,Budget Tier,MediaTek,MediaTek MT6735M,1.0,8.0,5.0,1,2.0,2000,,TFT,4.5,
Panasonic,Panasonic Eluga Z,5299,Budget Tier,MediaTek,MediaTek MT6592M,2.0,16.0,13.0,1,5.0,2050,,AMOLED,5.0,
Lenovo,Lenovo K3 Note,9999,Budget Tier,MediaTek,MediaTek MT6752,2.0,16.0,13.0,1,5.0,2900,,LCD,5.5,
Lava,Lava Iris X1 Atom S,4149,Budget Tier,,,512.0,8.0,5.0,1,0.3,1400,,TFT,4.0,
Panasonic,Panasonic Eluga S Mini,4799,Budget Tier,MediaTek,MediaTek MT6592M,1.0,8.0,8.0,1,5.0,1980,,LCD,4.7,
Panasonic,Panasonic Eluga L 4G,5800,Budget Tier,Snapdragon,Snapdragon 410,1.0,8.0,8.0,1,5.0,2000,,LCD,5.0,
Yu,Yu Yuphoria,8999,Budget Tier,Snapdragon,Snapdragon 410,2.0,16.0,8.0,1,5.0,2230,,LCD,5.0,
Asus,Asus Zenfone 2 4GB RAM 64GB 2.3Ghz,22999,Mid Tier,Intel,Intel Atom,4.0,64.0,13.0,1,5.0,3000,,LCD,5.5,
Lava,Lava Iris X1 Atom 4GB,4500,Budget Tier,,,512.0,4.0,5.0,1,0.3,1750,,TFT,4.0,
Xiaomi,Xiaomi Mi4i,12999,Budget Tier,Snapdragon,Snapdragon 615,2.0,16.0,13.0,1,5.0,3120,,LCD,5.0,
Lenovo,Lenovo A7000,8790,Budget Tier,MediaTek,MediaTek MT6752M,2.0,8.0,8.0,1,5.0,2900,,LCD,5.5,
Honor,Honor 6 Plus,26499,Mid Tier,HiSilicon,HiSilicon Kirin,3.0,32.0,8.0,2,8.0,3600,,TFT,5.5,
Lava,Lava Iris 465,4439,Budget Tier,,,512.0,4.0,3.2,1,0.3,1750,,TFT,4.5,
Lava,Lava Iris Fuel 60,9250,Budget Tier,MediaTek,MediaTek MT6582,1.0,8.0,10.0,1,2.0,4000,,LCD,5.0,
XOLO,XOLO One,6599,Budget Tier,MediaTek,MediaTek MT6582M,1.0,8.0,5.0,1,0.3,1700,,LCD,4.5,
Nokia,Nokia Lumia 930,37999,High Tier,Snapdragon,Snapdragon 800,2.0,32.0,20.0,1,1.2,2420,,AMOLED,5.0,
Lenovo,Lenovo A328,7499,Budget Tier,MediaTek,MediaTek MT6582M,1.0,4.0,5.0,1,2.0,2000,,LCD,4.8,
Sony,Sony Xperia E3,10490,Budget Tier,Snapdragon,Snapdragon 400,1.0,4.0,5.0,1,0.3,2330,,LCD,4.5,
Karbonn,Karbonn Sparkle V,6590,Budget Tier,MediaTek,MediaTek MT6582,1.0,4.0,5.0,1,2.0,1700,,LCD,4.5,
Lava,Lava Iris 352 Flair,3999,Budget Tier,,,256.0,2.0,2.0,1,0.3,1200,,LCD,3.5,
Xiaomi,Xiaomi Redmi 1S,5999,Budget Tier,Snapdragon,Snapdragon 400,1.0,8.0,8.0,1,1.6,2000,,LCD,4.7,
Sony,Sony Xperia C3 Dual SIM,10490,Budget Tier,Snapdragon,Snapdragon 400,1.0,8.0,8.0,1,5.0,2500,,LCD,5.5,
Lenovo,Lenovo S850,15999,Mid Tier,MediaTek,MediaTek MT6582,1.0,16.0,13.0,1,5.0,2150,,TFT,5.0,
Xiaomi,Xiaomi Mi3,16999,Mid Tier,Snapdragon,Snapdragon 800,2.0,16.0,13.0,1,2.0,3050,,LCD,5.0,
Asus,Asus Zenfone 6 16GB,17999,Mid Tier,Intel,Intel Atom,2.0,16.0,13.0,1,2.0,3300,,LCD,6.0,
HTC,HTC Desire 616,17200,Mid Tier,MediaTek,MediaTek MT6592,1.0,4.0,8.0,1,2.0,2000,,LCD,5.0,
XOLO,XOLO Play 6X 1000,14499,Budget Tier,MediaTek,MediaTek,2.0,8.0,8.0,1,2.0,2100,,LCD,5.0,
Lava,Lava Magnum X604,11999,Budget Tier,,,1.0,8.0,8.0,1,2.0,2800,,LCD,6.0,
XOLO,XOLO Q2000L,10999,Budget Tier,Broadcom,Broadcom BCM23550,1.0,8.0,8.0,1,2.0,2500,,LCD,5.5,
Karbonn,Karbonn A101,5490,Budget Tier,,,512.0,4.0,5.0,1,0.3,1500,,LCD,4.0,
Karbonn,Karbonn Smart A50S,2790,Budget Tier,MediaTek,MediaTek,256.0,2.0,2.0,1,0.3,1100,,LCD,3.5,
Nokia,Nokia X Plus,9499,Budget Tier,Snapdragon,Snapdragon S4 Play,768.0,4.0,3.0,1,,1500,,LCD,4.0,
Karbonn,Karbonn A25 Plus,5990,Budget Tier,,,512.0,4.0,5.0,1,0.3,1800,,LCD,5.0,
Lava,Lava Iris Pro 20,11700,Budget Tier,MediaTek,MediaTek MT6589,1.0,4.0,8.0,1,0.3,2000,,LCD,4.7,
Karbonn,Karbonn Titanium S1 Plus,5990,Budget Tier,,,1.0,4.0,5.0,1,0.3,1500,,LCD,4.0,
Sony,Sony Xperia Z2,35990,High Tier,Snapdragon,Snapdragon 801,3.0,16.0,20.7,1,2.2,3200,,LCD,5.2,
Lenovo,Lenovo A526,4113,Budget Tier,MediaTek,MediaTek MT6582M,1.0,4.0,5.0,1,0.3,2000,,LCD,4.5,
LG,LG L70 Dual,12791,Budget Tier,Snapdragon,Snapdragon 200,1.0,4.0,5.0,1,0.3,2100,,LCD,4.5,
Motorola,Motorola Moto X 16GB,15622,Mid Tier,Snapdragon,Snapdragon S4 Pro,2.0,16.0,10.0,1,2.0,2200,,AMOLED,4.7,16000
Karbonn,Karbonn A52,4999,Budget Tier,,,0.25,0.5,3.0,1,0.3,1400,,LCD,3.5,
Sony,Sony Xperia Z1 Compact,25990,Mid Tier,Snapdragon,Snapdragon 800,2.0,16.0,20.7,1,2.0,2300,,LCD,4.3,
XOLO,XOLO Q3000,21999,Mid Tier,MediaTek,MediaTek MT6589,2.0,16.0,13.0,1,5.0,4000,,LCD,5.7,
XOLO,XOLO Q1000 Opus,9999,Budget Tier,Broadcom,Broadcom BCM23550,1.0,4.0,5.0,1,0.3,2000,,LCD,5.0,
Google,Google LG Nexus 5 16GB,29990,Mid Tier,Snapdragon,Snapdragon 800,2.0,16.0,8.0,1,1.3,2300,,LCD,4.95,
Lenovo,Lenovo A850,15999,Mid Tier,MediaTek,MediaTek MT6582M,1.0,4.0,5.0,1,0.3,2250,,LCD,5.5,
Lenovo,Lenovo A516,10499,Budget Tier,MediaTek,MediaTek MT6572,512.0,4.0,5.0,1,0.3,2000,,LCD,4.5,
Sony,Sony Xperia M,9990,Budget Tier,Snapdragon,Snapdragon S4 Plus,1.0,4.0,5.0,1,0.3,1750,,TFT,4.0,
Lava,Lava Iris 402,5499,Budget Tier,MediaTek,MediaTek MT6572,0.25,0.5,3.0,1,0.3,1500,,TFT,4.0,
Panasonic,Panasonic P51,22390,Mid Tier,MediaTek,MediaTek MT6589,1.0,4.0,8.0,1,1.3,2500,,LCD,5.0,
Nokia,Nokia Lumia 520,7800,Budget Tier,Snapdragon,Snapdragon S4 Plus,512.0,8.0,5.0,1,,1430,,LCD,4.0,
Videocon,Videocon A15,3499,Budget Tier,,,0.25,0.5,3.2,1,0.3,1400,,TFT,3.5,
LG,LG Optimus L5 II,10199,Budget Tier,MediaTek,MediaTek MT6575,512.0,4.0,5.0,1,,1700,,LCD,4.0,
Maxx,Maxx AX3,14999,Budget Tier,MediaTek,MediaTek MT6515,0.25,0.5,2.0,1,0.3,1800,,LCD,4.7,
Spice,Spice Mi-351 Smart Flo,4499,Budget Tier,,,0.25,0.5,3.2,1,0.3,1600,,,3.5,
Byond,Byond Tech Phablet II,16499,Mid Tier,,,1.0,4.0,8.0,1,3.0,2500,,LCD,5.7,
Karbonn,Karbonn A2,5990,Budget Tier,,,0.25,0.197265625,3.0,1,0.3,1750,,LCD,4.0,
LG,LG Optimus 3D Max,24439,Mid Tier,TI,TI OMAP,1.0,8.0,5.0,1,0.3,1520,,LCD,4.3,
Nokia,Nokia Lumia 900,32999,High Tier,Snapdragon,Snapdragon S2,512.0,16.0,8.0,1,1.0,1830,,AMOLED,4.3,
Sony,Sony Ericsson Xperia X10,35795,High Tier,Snapdragon,Snapdragon S1,384.0,1.0,8.1,1,,1500,,LCD,4.0,
Alcatel,Alcatel OT-5020E,7699,Budget Tier,,,512.0,4.0,5.0,1,0.3,1500,,,4.0,
Karbonn,Karbonn A18 Plus,8290,Budget Tier,,,512.0,4.0,5.0,1,,2000,,LCD,5.0,
Itel,Itel Zeno 20 Max 4GB RAM,7990,Budget Tier,Unisoc,Unisoc T7100,4.0,64.0,13.0,1,5.0,5000,15.0,LCD,6.6,
Lava,Lava Bold N1 5G 128GB,9999,Budget Tier,Unisoc,Unisoc T765,4.0,128.0,13.0,1,5.0,5000,18.0,LCD,6.75,516090
Lava,Lava Bold N1 Lite,6699,Budget Tier,Unisoc,Unisoc SC9863A,3.0,64.0,13.0,1,5.0,5000,,LCD,6.75,
Lava,Lava Play Ultra 8GB RAM,17989,Mid Tier,MediaTek,MediaTek Dimensity 7300,8.0,128.0,64.0,2,13.0,5000,33.0,AMOLED,6.67,690352
Itel,Itel Zeno 20 128GB 4GB RAM,7641,Budget Tier,Unisoc,Unisoc T7100,4.0,128.0,13.0,1,5.0,5000,15.0,LCD,6.6,
Lava,Lava Bold 6GB RAM,16999,Mid Tier,MediaTek,MediaTek Dimensity 6300,6.0,128.0,64.0,2,16.0,5000,33.0,AMOLED,6.67,
Lava,Lava Bold 8GB RAM,16321,Mid Tier,MediaTek,MediaTek Dimensity 6300,8.0,128.0,64.0,2,16.0,5000,33.0,AMOLED,6.67,
Lava,Lava Shark,7355,Budget Tier,Unisoc,Unisoc T606,4.0,64.0,50.0,1,8.0,5000,18.0,LCD,6.67,
Lava,Lava Yuva Smart,6499,Budget Tier,Unisoc,Unisoc SC9863A,3.0,64.0,13.0,1,5.0,5000,10.0,LCD,6.75,
Samsung,Samsung Galaxy S25 512GB,82999,Ultra-Premium Tier,Snapdragon,Snapdragon 8 Elite,12.0,512.0,50.0,3,12.0,4000,25.0,AMOLED,6.2,2185567
Itel,Itel Zeno 10 4GB RAM,6098,Budget Tier,Unisoc,Unisoc T603,4.0,64.0,8.0,1,5.0,5000,,LCD,6.6,
Lava,Lava Yuva 2 5G,9299,Budget Tier,Unisoc,Unisoc T760,4.0,128.0,50.0,2,8.0,5000,18.0,LCD,6.67,
Lava,Lava O3 Pro 128GB,7990,Budget Tier,Unisoc,Unisoc T606,4.0,128.0,50.0,3,8.0,5000,,LCD,6.56,
Lava,Lava Yuva 4 128GB,8399,Budget Tier,Unisoc,Unisoc T606,4.0,128.0,50.0,1,8.0,5000,10.0,LCD,6.56,
Itel,Itel Color Pro 5G 4GB RAM,8995,Budget Tier,MediaTek,MediaTek Dimensity 6080,4.0,128.0,50.0,1,8.0,5000,18.0,LCD,6.6,
Lava,Lava Blaze 3,10200,Budget Tier,MediaTek,MediaTek Dimensity 6300,6.0,128.0,50.0,2,8.0,5000,18.0,LCD,6.56,
Apple,Apple iPhone 16 Pro Max 512GB,154900,Ultra-Premium Tier,Apple,Apple A18 Pro,8.0,512.0,48.0,3,12.0,4685,20.0,OLED,6.9,1774620
Apple,Apple iPhone 16 Pro Max 1TB,174900,Ultra-Premium Tier,Apple,Apple A18 Pro,8.0,1.0,48.0,3,12.0,4685,20.0,OLED,6.9,1774620
realme,realme 13 Plus 5G 256GB,24999,Mid Tier,MediaTek,MediaTek Dimensity 7300 Energy,8.0,256.0,50.0,2,16.0,5000,80.0,OLED,6.67,739074
realme,realme C63 5G 8GB RAM,12999,Budget Tier,MediaTek,MediaTek Dimensity 6300,8.0,128.0,32.0,1,8.0,5000,10.0,LCD,6.67,
Google,Google Pixel 9 Pro XL 512GB,139999,Ultra-Premium Tier,Google,Google Tensor G4,16.0,512.0,50.0,3,42.0,5060,37.0,OLED,6.8,1323184
realme,realme 13 Pro 256GB,21999,Mid Tier,Snapdragon,Snapdragon 7s Gen 2,8.0,256.0,50.0,3,32.0,5200,45.0,AMOLED,6.7,664130
I,I Kall K999 New,1826,Budget Tier,,,0.03125,0.03125,0.3,1,,2000,,TFT,3.36,
Tecno,Tecno Spark 20 Pro 5G,17999,Mid Tier,MediaTek,MediaTek Dimensity 6080,8.0,128.0,108.0,2,8.0,5000,33.0,LCD,6.78,
vivo,vivo Y28e 128GB,12499,Budget Tier,MediaTek,MediaTek Dimensity 6300,4.0,128.0,13.0,2,5.0,5000,15.0,LCD,6.56,
realme,realme Narzo N63 128GB,8202,Budget Tier,Unisoc,Unisoc T612,4.0,128.0,50.0,1,8.0,5000,45.0,LCD,6.74,254459
Lava,Lava Yuva 5G,11490,Budget Tier,Unisoc,Unisoc T750,4.0,64.0,50.0,2,8.0,5000,18.0,LCD,6.52,
Tecno,Tecno Camon 30 5G 512GB,32990,High Tier,MediaTek,MediaTek Dimensity 7020,12.0,512.0,50.0,2,50.0,5000,70.0,AMOLED,6.78,513359
realme,realme P1 256GB,15999,Mid Tier,MediaTek,MediaTek Dimensity 7050,8.0,256.0,50.0,2,16.0,5000,45.0,AMOLED,6.67,418175
Samsung,Samsung Galaxy M15 6GB RAM,11877,Budget Tier,MediaTek,MediaTek Dimensity 6100 Plus,6.0,128.0,50.0,3,13.0,6000,25.0,AMOLED,6.5,
iQOO,iQOO Neo 9 Pro 128GB,39999,High Tier,Snapdragon,Snapdragon 8 Gen 2,8.0,128.0,50.0,2,16.0,5160,120.0,AMOLED,6.78,
Lava,Lava Blaze Curve 5G 256GB,19917,Mid Tier,MediaTek,MediaTek Dimensity 7050,8.0,256.0,64.0,3,32.0,5000,33.0,AMOLED,6.67,
vivo,vivo V30 256GB,31991,High Tier,Snapdragon,Snapdragon 7 Gen 3,8.0,256.0,50.0,2,50.0,5000,80.0,AMOLED,6.78,
Samsung,Samsung Galaxy F15 6GB RAM,13399,Budget Tier,MediaTek,MediaTek Dimensity 6100 Plus,6.0,128.0,50.0,3,13.0,6000,25.0,AMOLED,6.5,
Xiaomi,Xiaomi Redmi A3 6GB RAM,8399,Budget Tier,MediaTek,MediaTek Helio G36,6.0,128.0,8.0,2,5.0,5000,10.0,LCD,6.7,
Lava,Lava Yuva 3,6449,Budget Tier,Unisoc,Unisoc T606,4.0,64.0,13.0,1,5.0,5000,18.0,LCD,6.5,
Lava,Lava Yuva 3 128GB,8786,Budget Tier,Unisoc,Unisoc T606,4.0,128.0,13.0,1,5.0,5000,18.0,LCD,6.5,
Lava,Lava Storm 5G,14699,Budget Tier,MediaTek,MediaTek Dimensity 6080,8.0,128.0,50.0,2,16.0,5000,33.0,LCD,6.78,430601
POCO,POCO M6 6GB RAM,11499,Budget Tier,MediaTek,MediaTek Dimensity 6100 Plus,6.0,128.0,50.0,2,5.0,5000,18.0,LCD,6.74,
Itel,Itel A05s 64GB,6590,Budget Tier,Unisoc,Unisoc SC9863A,4.0,64.0,5.0,1,5.0,4000,10.0,LCD,6.6,
Itel,Itel P40 128GB,6699,Budget Tier,Unisoc,Unisoc SC9863A,4.0,128.0,13.0,2,5.0,6000,18.0,LCD,6.6,
Lava,Lava Blaze 2 Pro,7990,Budget Tier,Unisoc,Unisoc T616,8.0,128.0,50.0,3,8.0,5000,18.0,LCD,6.5,
Apple,Apple iPhone 15 512GB,87900,Ultra-Premium Tier,Apple,Apple A16 Bionic,6.0,512.0,48.0,2,12.0,3349,20.0,OLED,6.1,
Apple,Apple iPhone 15 Pro 256GB,144900,Ultra-Premium Tier,Apple,Apple A17 Pro,8.0,256.0,48.0,3,12.0,3274,20.0,OLED,6.1,
Apple,Apple iPhone 15 Pro Max 512GB,179900,Ultra-Premium Tier,Apple,Apple A17 Pro,8.0,512.0,48.0,3,12.0,4441,20.0,OLED,6.7,1545034
POCO,POCO M6 Pro 5G 4GB RAM,11999,Budget Tier,Snapdragon,Snapdragon 4 Gen 2,4.0,128.0,50.0,2,8.0,5000,18.0,LCD,6.79,430900
I,I Kall S2 Pro,9300,Budget Tier,,,6.0,128.0,13.0,3,8.0,5000,,LCD,6.8,
Samsung,Samsung Galaxy Z Fold5 1TB,184999,Ultra-Premium Tier,Snapdragon,Snapdragon 8 Gen 2,12.0,1.0,50.0,3,10.0,4400,25.0,AMOLED,7.6,1492136
Lava,Lava Yuva,7999,Budget Tier,MediaTek,MediaTek Helio G25,2.0,32.0,8.0,1,5.0,4000,10.0,LCD,6.5,
Itel,Itel A60S 128GB,6999,Budget Tier,Unisoc,Unisoc SC9863A1,4.0,128.0,8.0,2,5.0,5000,10.0,LCD,6.6,
Itel,Itel A60S,6300,Budget Tier,Unisoc,Unisoc SC9863A1,4.0,64.0,8.0,2,5.0,5000,10.0,LCD,6.6,
Itel,Itel P40 Plus,6690,Budget Tier,Unisoc,Unisoc T606,4.0,128.0,13.0,2,8.0,7000,18.0,LCD,6.8,
realme,realme Narzo 60 Pro 5G 256GB,23488,Mid Tier,MediaTek,MediaTek Dimensity 7050,12.0,256.0,100.0,2,16.0,5000,67.0,AMOLED,6.7,569173
Lava,Lava Blaze 1X 5G,9299,Budget Tier,MediaTek,MediaTek Dimensity 700,6.0,128.0,50.0,3,8.0,5000,15.0,LCD,6.5,
Itel,Itel S23,9499,Budget Tier,Unisoc,Unisoc T606,8.0,128.0,50.0,2,8.0,5000,10.0,LCD,6.6,
realme,realme 11 Pro 12GB RAM,27999,Mid Tier,MediaTek,MediaTek Dimensity 7050,12.0,256.0,100.0,2,16.0,5000,67.0,AMOLED,6.7,0
Tecno,Tecno Spark 10,13200,Budget Tier,MediaTek,MediaTek Helio G37,8.0,128.0,50.0,2,8.0,5000,18.0,LCD,6.6,
Nokia,Nokia C32,10499,Budget Tier,Unisoc,Unisoc SC9863A1,4.0,64.0,50.0,2,8.0,5000,10.0,LCD,6.51,116762
iQOO,iQOO Z7s 5G,19490,Mid Tier,Snapdragon,Snapdragon 695,6.0,128.0,64.0,2,16.0,4500,44.0,AMOLED,6.38,
Samsung,Samsung Galaxy A14 128GB,13999,Budget Tier,Samsung,Samsung Exynos 8 Octa 850,4.0,128.0,50.0,3,13.0,5000,10.0,LCD,6.6,
I,I Kall Z19 Pro Ultra,7292,Budget Tier,,,6.0,128.0,13.0,2,8.0,5000,,LCD,6.5,
Nokia,Nokia C22 4GB RAM,6559,Budget Tier,Unisoc,Unisoc SC9863A,4.0,64.0,13.0,2,8.0,5000,10.0,LCD,6.5,
Tecno,Tecno Spark Go 2023 64GB,6800,Budget Tier,MediaTek,MediaTek Helio A22,3.0,64.0,13.0,2,5.0,5000,10.0,LCD,6.56,
realme,realme Narzo N55 128GB,10999,Budget Tier,MediaTek,MediaTek Helio G88,6.0,128.0,64.0,2,8.0,5000,33.0,LCD,6.72,249120
Infinix,Infinix Hot 30i 64GB,8399,Budget Tier,MediaTek,MediaTek Helio G37,4.0,64.0,50.0,2,5.0,5000,10.0,LCD,6.6,
Tecno,Tecno Spark 10 5G,8498,Budget Tier,MediaTek,MediaTek Dimensity 6020,4.0,64.0,50.0,2,8.0,5000,18.0,LCD,6.6,
realme,realme C55 6GB RAM,8999,Budget Tier,MediaTek,MediaTek Helio G88,6.0,64.0,64.0,2,8.0,5000,33.0,LCD,6.72,0
iQOO,iQOO Z7 8GB RAM,21999,Mid Tier,MediaTek,MediaTek Dimensity 920,8.0,128.0,64.0,2,16.0,4500,44.0,AMOLED,6.38,438554
Nokia,Nokia C12 Pro 3GB RAM,7124,Budget Tier,Unisoc,Unisoc SC9863A1,3.0,64.0,8.0,1,5.0,4000,10.0,LCD,6.3,0
Itel,Itel P40 32GB,5499,Budget Tier,Unisoc,Unisoc SC9863A,3.0,32.0,13.0,2,5.0,6000,18.0,LCD,6.6,
Itel,Itel P40 4GB RAM,6490,Budget Tier,Unisoc,Unisoc SC9863A,4.0,64.0,13.0,2,5.0,6000,18.0,LCD,6.6,
vivo,vivo V27 256GB,36999,High Tier,MediaTek,MediaTek Dimensity 7200,12.0,256.0,50.0,3,50.0,4600,66.0,AMOLED,6.78,705685
realme,realme C33 2023 128GB,10499,Budget Tier,Unisoc,Unisoc T612,4.0,128.0,50.0,2,5.0,5000,10.0,LCD,6.5,
I,I Kall Z19 64GB,5899,Budget Tier,,,4.0,64.0,20.0,1,13.0,5000,,LCD,6.5,
Itel,Itel A60,5790,Budget Tier,Unisoc,Unisoc SC9832E,2.0,32.0,8.0,1,5.0,5000,,LCD,6.6,51537
vivo,vivo V27 Pro 12GB RAM,39950,High Tier,MediaTek,MediaTek Dimensity 8200,12.0,256.0,50.0,3,50.0,4600,66.0,AMOLED,6.78,819083
Infinix,Infinix Smart 7,7499,Budget Tier,Unisoc,Unisoc SC9863A,4.0,64.0,13.0,2,5.0,6000,10.0,LCD,6.6,116893
Infinix,Infinix Smart 7 128GB,7799,Budget Tier,Unisoc,Unisoc SC9863A,4.0,128.0,13.0,2,5.0,6000,10.0,LCD,6.6,
iQOO,iQOO Neo 7 256GB,38999,High Tier,MediaTek,MediaTek Dimensity 8200,12.0,256.0,64.0,3,16.0,5000,120.0,AMOLED,6.78,859629
OPPO,OPPO Find N2 Flip,62866,Ultra-Premium Tier,MediaTek,MediaTek Dimensity 9000 Plus,8.0,256.0,50.0,2,32.0,4300,44.0,AMOLED,6.8,723705
realme,realme 10 Pro 5G Coca Cola Edition,20999,Mid Tier,Snapdragon,Snapdragon 695,8.0,128.0,108.0,2,16.0,5000,33.0,LCD,6.72,
Infinix,Infinix Note 12i 2022,10999,Budget Tier,MediaTek,MediaTek Helio G85,4.0,64.0,50.0,2,8.0,5000,33.0,AMOLED,6.7,
Infinix,Infinix Note 12i,10999,Budget Tier,MediaTek,MediaTek Helio G85,4.0,64.0,50.0,2,8.0,5000,33.0,AMOLED,6.7,204484
realme,realme 10 Pro Plus 5G 256GB,22999,Mid Tier,MediaTek,MediaTek Dimensity 1080,8.0,256.0,108.0,3,16.0,5000,67.0,AMOLED,6.7,514842
Infinix,Infinix Hot 20 5G 128GB,15321,Mid Tier,MediaTek,MediaTek Dimensity 810,6.0,128.0,50.0,2,8.0,5000,18.0,LCD,6.6,
Xiaomi,Xiaomi Redmi Note 12 Pro Plus 5G 12GB RAM,30499,High Tier,MediaTek,MediaTek Dimensity 1080,12.0,256.0,200.0,3,16.0,4980,120.0,AMOLED,6.67,0
I,I Kall Z19 Pro,6164,Budget Tier,,,4.0,64.0,13.0,1,8.0,5000,,LCD,6.5,
Samsung,Samsung Galaxy A04 128GB,8499,Budget Tier,MediaTek,MediaTek Helio P35,4.0,128.0,50.0,2,5.0,5000,,LCD,6.5,
Nokia,Nokia C31,7399,Budget Tier,Unisoc,Unisoc SC9863A,3.0,32.0,13.0,3,5.0,5050,10.0,LCD,6.7,
realme,realme 10 Pro Plus 5G 8GB RAM,22990,Mid Tier,MediaTek,MediaTek Dimensity 1080,8.0,128.0,108.0,3,16.0,5000,67.0,AMOLED,6.7,514842
Xiaomi,Xiaomi Redmi A1 Plus,9999,Budget Tier,MediaTek,MediaTek Helio A22,2.0,32.0,8.0,2,5.0,5000,10.0,LCD,6.52,51697
Xiaomi,Xiaomi Redmi A1 Plus 3GB RAM,10999,Budget Tier,MediaTek,MediaTek Helio A22,3.0,32.0,8.0,2,5.0,5000,10.0,LCD,6.52,0
Samsung,Samsung Galaxy M32 Prime Edition,10999,Budget Tier,MediaTek,MediaTek Helio G80,4.0,64.0,64.0,4,20.0,6000,15.0,AMOLED,6.4,
Lava,Lava Yuva Pro,6650,Budget Tier,MediaTek,MediaTek Helio G25,3.0,32.0,13.0,3,8.0,5000,10.0,LCD,6.51,
Nokia,Nokia G11 Plus,13999,Budget Tier,Unisoc,Unisoc T606,4.0,64.0,50.0,2,8.0,5000,10.0,LCD,6.51,
realme,realme Narzo 50i Prime 64GB,8350,Budget Tier,Unisoc,Unisoc T612,4.0,64.0,8.0,1,5.0,5000,10.0,LCD,6.5,212686
realme,realme C33 64GB,9989,Budget Tier,Unisoc,Unisoc T612,4.0,64.0,50.0,2,5.0,5000,10.0,LCD,6.5,210119
Apple,Apple iPhone 14 Plus 256GB,79900,Ultra-Premium Tier,Apple,Apple A15 Bionic,6.0,256.0,12.0,2,12.0,4325,20.0,OLED,6.7,854468
Apple,Apple iPhone 14 Pro 1TB,169900,Ultra-Premium Tier,Apple,Apple A16 Bionic,6.0,1.0,48.0,3,12.0,3200,20.0,OLED,6.1,
Apple,Apple iPhone 14 Pro Max 256GB,144900,Ultra-Premium Tier,Apple,Apple A16 Bionic,6.0,256.0,48.0,3,12.0,4323,20.0,OLED,6.7,945794
Apple,Apple iPhone 14 Pro Max 512GB,149900,Ultra-Premium Tier,Apple,Apple A16 Bionic,6.0,512.0,48.0,3,12.0,4323,20.0,OLED,6.7,945794
Apple,Apple iPhone 14 Pro Max 1TB,184900,Ultra-Premium Tier,Apple,Apple A16 Bionic,6.0,1.0,48.0,3,12.0,4323,20.0,OLED,6.7,945794
Infinix,Infinix Smart 6 Plus,8299,Budget Tier,MediaTek,MediaTek Helio G25,3.0,64.0,8.0,2,5.0,5000,10.0,LCD,6.82,111029
OnePlus,OnePlus 10T 256GB,35999,High Tier,Snapdragon,Snapdragon 8 Plus Gen 1,12.0,256.0,50.0,3,16.0,4800,150.0,AMOLED,6.7,820175
iQOO,iQOO 9T 5G,45799,Ultra-Premium Tier,Snapdragon,Snapdragon 8 Plus Gen 1,8.0,128.0,50.0,3,16.0,4700,120.0,AMOLED,6.78,0
iQOO,iQOO 9T 5G 256GB,38999,High Tier,Snapdragon,Snapdragon 8 Plus Gen 1,12.0,256.0,50.0,3,16.0,4700,120.0,AMOLED,6.78,1087055
I,I Kall Z3 New,5549,Budget Tier,,,4.0,64.0,16.0,1,13.0,4000,,LCD,6.26,
vivo,vivo T1x 4G 128GB,12999,Budget Tier,Snapdragon,Snapdragon 680,4.0,128.0,50.0,2,8.0,5000,18.0,LCD,6.58,
vivo,vivo T1x 4G 6GB RAM,14999,Budget Tier,Snapdragon,Snapdragon 680,6.0,128.0,50.0,2,8.0,5000,18.0,LCD,6.58,
Xiaomi,Xiaomi Redmi 10A Sport,8499,Budget Tier,MediaTek,MediaTek Helio G25,6.0,128.0,13.0,1,5.0,5000,10.0,LCD,6.53,
Infinix,Infinix Note 12 5G,15999,Mid Tier,MediaTek,MediaTek Dimensity 810,6.0,64.0,50.0,2,16.0,5000,33.0,AMOLED,6.7,
Nokia,Nokia C21 Plus,11999,Budget Tier,Unisoc,Unisoc SC9863A,3.0,32.0,13.0,2,5.0,5050,10.0,LCD,6.5,0
vivo,vivo Y15c 64GB,10999,Budget Tier,MediaTek,MediaTek Helio P35,3.0,64.0,13.0,2,8.0,5000,10.0,LCD,6.51,
Infinix,Infinix Note 12 128GB,12999,Budget Tier,MediaTek,MediaTek Helio G88,6.0,128.0,50.0,2,16.0,5000,33.0,AMOLED,6.7,
Infinix,Infinix Note 12 Turbo,14999,Budget Tier,MediaTek,MediaTek Helio G96,8.0,128.0,50.0,2,16.0,5000,33.0,AMOLED,6.7,349257
realme,realme Narzo 50 Pro 5G 8GB RAM,23999,Mid Tier,MediaTek,MediaTek Dimensity 920,8.0,128.0,48.0,3,16.0,5000,33.0,AMOLED,6.4,505479
realme,realme Narzo 50 5G 128GB,12970,Budget Tier,MediaTek,MediaTek Dimensity 810,4.0,128.0,48.0,2,8.0,5000,33.0,LCD,6.6,388714
realme,realme Narzo 50 5G 6GB RAM,19999,Mid Tier,MediaTek,MediaTek Dimensity 810,6.0,128.0,48.0,2,8.0,5000,33.0,LCD,6.6,0
Xiaomi,Xiaomi Redmi 10 Power,10995,Budget Tier,Snapdragon,Snapdragon 680,8.0,128.0,50.0,2,5.0,6000,18.0,LCD,6.71,
vivo,vivo T1 44W 8GB RAM,17999,Mid Tier,Snapdragon,Snapdragon 680,8.0,128.0,50.0,3,16.0,5000,44.0,AMOLED,6.44,285476
realme,realme GT 2 5G 256GB,28999,Mid Tier,Snapdragon,Snapdragon 888,12.0,256.0,50.0,3,16.0,5000,65.0,AMOLED,6.62,812162
realme,realme Narzo 50A Prime 128GB,11499,Budget Tier,Unisoc,Unisoc T612,4.0,128.0,50.0,3,8.0,5000,18.0,LCD,6.6,219145
Xiaomi,Xiaomi Redmi 10A 64GB,8563,Budget Tier,MediaTek,MediaTek Helio G25,4.0,64.0,13.0,1,5.0,5000,10.0,LCD,6.53,0
Infinix,Infinix Hot 11 2022,9999,Budget Tier,Unisoc,Unisoc T610,4.0,64.0,13.0,2,8.0,5000,10.0,LCD,6.7,192063
Ringme,Ringme P40 Pro,4699,Budget Tier,,,2.0,32.0,8.0,1,5.0,3000,,LCD,6.5,
Xiaomi,Xiaomi Redmi 10 128GB,10999,Budget Tier,Snapdragon,Snapdragon 680,6.0,128.0,50.0,2,5.0,6000,18.0,LCD,6.7,0
Itel,Itel Vision 3,5790,Budget Tier,Unisoc,Unisoc SC9863A,3.0,64.0,8.0,2,5.0,5000,18.0,LCD,6.6,
iQOO,iQOO Z6 5G 6GB RAM,15500,Mid Tier,Snapdragon,Snapdragon 695,6.0,128.0,50.0,3,16.0,5000,18.0,LCD,6.58,0
iQOO,iQOO Z6 5G 8GB RAM,17999,Mid Tier,Snapdragon,Snapdragon 695,8.0,128.0,50.0,3,16.0,5000,18.0,LCD,6.58,0
Itel,Itel A49,6500,Budget Tier,Unisoc,Unisoc SC9832E,2.0,32.0,5.0,2,5.0,4000,,LCD,6.6,
Apple,Apple iPhone SE 2022 128GB,52600,Ultra-Premium Tier,Apple,Apple A15 Bionic,4.0,128.0,12.0,1,7.0,2018,20.0,LCD,4.7,762983
Apple,Apple iPhone SE 2022 256GB,62600,Ultra-Premium Tier,Apple,Apple A15 Bionic,4.0,256.0,12.0,1,7.0,2018,20.0,LCD,4.7,762983
realme,realme Narzo 50 128GB,12999,Budget Tier,MediaTek,MediaTek Helio G96,6.0,128.0,50.0,3,16.0,5000,33.0,LCD,6.6,348006
Samsung,Samsung Galaxy S22 256GB,68001,Ultra-Premium Tier,Snapdragon,Snapdragon 8 Gen 1,8.0,256.0,50.0,3,10.0,3700,25.0,AMOLED,6.1,842080
Samsung,Samsung Galaxy A03 64GB,13999,Budget Tier,Unisoc,Unisoc T606,4.0,64.0,48.0,2,5.0,5000,10.0,LCD,6.5,177815
POCO,POCO M4 Pro 5G 128GB,12999,Budget Tier,MediaTek,MediaTek Dimensity 810,6.0,128.0,50.0,2,16.0,5000,33.0,LCD,6.6,
vivo,vivo T1 6GB RAM,16990,Mid Tier,Snapdragon,Snapdragon 695,6.0,128.0,50.0,3,16.0,5000,18.0,LCD,6.58,409989
Infinix,Infinix Note 11 128GB,14499,Budget Tier,MediaTek,MediaTek Helio G88,6.0,128.0,50.0,2,16.0,5000,33.0,AMOLED,6.7,
BlackZone,BlackZone Star,5699,Budget Tier,,,3.0,32.0,13.0,1,8.0,5000,,LCD,6.3,
Infinix,Infinix Note 11S,13999,Budget Tier,MediaTek,MediaTek Helio G96,6.0,64.0,50.0,3,16.0,5000,33.0,LCD,6.95,333474
realme,realme GT Neo 2 5G 256GB,26999,Mid Tier,Snapdragon,Snapdragon 870,12.0,256.0,64.0,3,16.0,5000,65.0,AMOLED,6.62,720150
i-smart,i-smart i1 Infinity,4899,Budget Tier,,,2.0,16.0,5.0,1,8.0,3000,,LCD,5.5,
i-smart,i-smart Bold,4349,Budget Tier,,,2.0,16.0,8.0,1,5.0,3000,,TFT,5.5,
realme,realme Narzo 50i 64GB,8999,Budget Tier,Unisoc,Unisoc SC9863A,4.0,64.0,8.0,1,5.0,5000,10.0,LCD,6.5,121181
iQOO,iQOO Z5 5G 256GB,31990,High Tier,Snapdragon,Snapdragon 778G,12.0,256.0,64.0,3,16.0,5000,44.0,LCD,6.67,557775
Xiaomi,Xiaomi Redmi Note 10 Lite,9999,Budget Tier,Snapdragon,Snapdragon 720G,4.0,64.0,48.0,4,16.0,5020,18.0,LCD,6.67,307976
Xiaomi,Xiaomi Redmi Note 10 Lite 128GB,10999,Budget Tier,Snapdragon,Snapdragon 720G,4.0,128.0,48.0,4,16.0,5020,18.0,LCD,6.67,307976
Xiaomi,Xiaomi Redmi Note 10 Lite 6GB RAM,10899,Budget Tier,Snapdragon,Snapdragon 720G,6.0,128.0,48.0,4,16.0,5020,18.0,LCD,6.67,307976
vivo,vivo X70 Pro 256GB,49990,Ultra-Premium Tier,MediaTek,MediaTek Dimensity 1200,8.0,256.0,50.0,4,32.0,4450,44.0,AMOLED,6.56,675722
vivo,vivo X70 Pro 12GB RAM,52990,Ultra-Premium Tier,MediaTek,MediaTek Dimensity 1200,12.0,256.0,50.0,4,32.0,4450,44.0,AMOLED,6.56,0
Xiaomi,Xiaomi Redmi 9A Sport,7221,Budget Tier,MediaTek,MediaTek Helio G25,2.0,32.0,13.0,1,5.0,5000,10.0,LCD,6.53,102778
Xiaomi,Xiaomi Redmi 9A Sport 3GB RAM,7268,Budget Tier,MediaTek,MediaTek Helio G25,3.0,32.0,13.0,1,5.0,5000,10.0,LCD,6.53,102778
Xiaomi,Xiaomi Redmi 9 Activ,8999,Budget Tier,MediaTek,MediaTek Helio G35,4.0,64.0,13.0,2,5.0,5000,10.0,LCD,6.53,203078
Infinix,Infinix Hot 11S,10999,Budget Tier,MediaTek,MediaTek Helio G88,4.0,64.0,50.0,2,8.0,5000,18.0,LCD,6.78,176856
realme,realme C25Y,9999,Budget Tier,Unisoc,Unisoc T610,4.0,128.0,50.0,3,8.0,5000,18.0,LCD,6.5,195157
Apple,Apple iPhone 13 Mini 512GB,94900,Ultra-Premium Tier,Apple,Apple A15 Bionic,4.0,512.0,12.0,2,12.0,2406,20.0,OLED,5.4,776629
Apple,Apple iPhone 13 Pro 256GB,129900,Ultra-Premium Tier,Apple,Apple A15 Bionic,6.0,256.0,12.0,3,12.0,3095,20.0,OLED,6.1,819845
Apple,Apple iPhone 13 Pro 1TB,169900,Ultra-Premium Tier,Apple,Apple A15 Bionic,6.0,1.0,12.0,3,12.0,3095,20.0,OLED,6.1,819845
Apple,Apple iPhone 13 Pro Max 512GB,159900,Ultra-Premium Tier,Apple,Apple A15 Bionic,6.0,512.0,12.0,3,12.0,4352,20.0,OLED,6.7,846870
Nokia,Nokia C01 Plus,6999,Budget Tier,Unisoc,Unisoc SC9863A,2.0,16.0,5.0,1,5.0,3000,,LCD,5.45,93633
realme,realme 8s 5G 8GB RAM,19999,Mid Tier,MediaTek,MediaTek Dimensity 810,8.0,128.0,64.0,3,16.0,5000,33.0,LCD,6.5,385942
Samsung,Samsung Galaxy A12 6GB RAM,13064,Budget Tier,MediaTek,MediaTek Helio P35,6.0,128.0,48.0,4,8.0,5000,15.0,LCD,6.5,109789
realme,realme GT Master Edition 5G 8GB RAM,23999,Mid Tier,Snapdragon,Snapdragon 778G,8.0,128.0,64.0,3,32.0,4300,65.0,AMOLED,6.43,539766
realme,realme GT 5G 256GB,27999,Mid Tier,Snapdragon,Snapdragon 888,12.0,256.0,64.0,3,16.0,4500,65.0,AMOLED,6.43,825131
Samsung,Samsung Galaxy Z Fold 3 512GB,179999,Ultra-Premium Tier,Snapdragon,Snapdragon 888,12.0,512.0,12.0,3,10.0,4400,25.0,AMOLED,7.6,752498
realme,realme Narzo 30 5G 64GB,15999,Mid Tier,MediaTek,MediaTek Dimensity 700,4.0,64.0,48.0,3,16.0,5000,18.0,LCD,6.5,304710
Samsung,Samsung Galaxy A12 Exynos 850,13468,Budget Tier,Samsung,Samsung Exynos 8 Octa 850,4.0,64.0,48.0,4,8.0,5000,15.0,LCD,6.5,
Samsung,Samsung Galaxy A12 Exynos 850 128GB,15999,Mid Tier,Samsung,Samsung Exynos 8 Octa 850,6.0,128.0,48.0,4,8.0,5000,15.0,LCD,6.5,
Nokia,Nokia C20 Plus,10499,Budget Tier,Unisoc,Unisoc SC9863A,2.0,32.0,8.0,2,5.0,4950,10.0,LCD,6.5,96683
Infinix,Infinix Smart 5A,7199,Budget Tier,MediaTek,MediaTek Helio A20,2.0,32.0,8.0,1,8.0,5000,10.0,LCD,6.52,72320
Micromax,Micromax IN 2B 6GB RAM,9999,Budget Tier,Unisoc,Unisoc T610,6.0,64.0,13.0,2,5.0,5000,10.0,LCD,6.52,0
realme,realme Narzo 30 6GB RAM,11999,Budget Tier,MediaTek,MediaTek Helio G95,6.0,64.0,48.0,3,16.0,5000,30.0,LCD,6.5,305495
vivo,vivo Y12G,10982,Budget Tier,Snapdragon,Snapdragon 439,3.0,32.0,13.0,2,8.0,5000,,LCD,6.51,
I,I Kall K570,6499,Budget Tier,,,4.0,64.0,13.0,1,8.0,4000,,LCD,6.5,
OnePlus,OnePlus Nord 2 8GB RAM,25999,Mid Tier,MediaTek,MediaTek Dimensity 1200,8.0,128.0,50.0,3,32.0,4500,65.0,AMOLED,6.43,541522
POCO,POCO F3 GT 8GB RAM,28999,Mid Tier,MediaTek,MediaTek Dimensity 1200,8.0,128.0,64.0,3,16.0,5065,67.0,AMOLED,6.67,538911
Infinix,Infinix Hot 10 Play 3GB RAM,8299,Budget Tier,MediaTek,MediaTek Helio G35,3.0,32.0,13.0,2,8.0,6000,10.0,LCD,6.82,103809
POCO,POCO M3 4GB RAM,10999,Budget Tier,Snapdragon,Snapdragon 662,4.0,64.0,48.0,3,8.0,6000,18.0,LCD,6.53,178246
realme,realme Narzo 30 5G,16990,Mid Tier,MediaTek,MediaTek Dimensity 700,6.0,128.0,48.0,3,16.0,5000,18.0,LCD,6.5,304710
realme,realme Narzo 30 128GB,10999,Budget Tier,MediaTek,MediaTek Helio G95,6.0,128.0,48.0,3,16.0,5000,30.0,LCD,6.5,305495
Karbonn,Karbonn X21,6990,Budget Tier,Unisoc,Unisoc SC9863,2.0,32.0,8.0,1,5.0,3000,,LCD,5.45,
vivo,vivo Y1s 3GB RAM,9274,Budget Tier,MediaTek,MediaTek Helio P35,3.0,32.0,13.0,1,5.0,4030,,LCD,6.22,
Infinix,Infinix Note 10 Pro,16999,Mid Tier,MediaTek,MediaTek Helio G95,8.0,256.0,64.0,4,16.0,5000,33.0,LCD,6.95,312940
Infinix,Infinix Note 10 128GB,12499,Budget Tier,MediaTek,MediaTek Helio G85,6.0,128.0,48.0,3,16.0,5000,18.0,LCD,6.95,204003
realme,realme C11 2021 64GB,7190,Budget Tier,Unisoc,Unisoc SC9863A,4.0,64.0,8.0,1,5.0,5000,10.0,LCD,6.5,105251
Itel,Itel A23 Pro,4499,Budget Tier,Unisoc,Unisoc SC9832E,1.0,8.0,2.0,1,0.3,2400,,TFT,5.0,
Infinix,Infinix Hot 10S 6GB RAM,10999,Budget Tier,MediaTek,MediaTek Helio G85,6.0,64.0,48.0,2,8.0,6000,10.0,LCD,6.82,0
realme,realme 8 5G 64GB,15499,Mid Tier,MediaTek,MediaTek Dimensity 700,4.0,64.0,48.0,3,16.0,5000,18.0,LCD,6.5,354859
iQOO,iQOO 7 256GB,25499,Mid Tier,Snapdragon,Snapdragon 870,8.0,256.0,48.0,3,16.0,4400,66.0,AMOLED,6.62,632841
Samsung,Samsung Galaxy M42 5G,21450,Mid Tier,Snapdragon,Snapdragon 750G,6.0,128.0,48.0,4,20.0,5000,15.0,AMOLED,6.6,234617
vivo,vivo V21 5G 256GB,30982,High Tier,MediaTek,MediaTek Dimensity 800U,8.0,256.0,64.0,3,44.0,4000,33.0,AMOLED,6.44,311308
realme,realme C25,10999,Budget Tier,MediaTek,MediaTek Helio G70,4.0,64.0,13.0,3,8.0,6000,18.0,LCD,6.5,195041
Samsung,Samsung Galaxy F02s 64GB,11499,Budget Tier,Snapdragon,Snapdragon 450,4.0,64.0,13.0,3,5.0,5000,15.0,LCD,6.5,
Micromax,Micromax IN 1 128GB,16499,Mid Tier,MediaTek,MediaTek Helio G80,6.0,128.0,48.0,3,8.0,5000,18.0,LCD,6.67,192373
realme,realme 8 Pro 8GB RAM,19999,Mid Tier,Snapdragon,Snapdragon 720G,8.0,128.0,108.0,4,16.0,4500,50.0,AMOLED,6.4,286454
Samsung,Samsung Galaxy A52 8GB RAM,31999,High Tier,Snapdragon,Snapdragon 720G,8.0,128.0,64.0,4,32.0,4500,25.0,AMOLED,6.5,0
Xiaomi,Xiaomi Redmi Note 10 Pro 8GB RAM,13999,Budget Tier,Snapdragon,Snapdragon 732G,8.0,128.0,64.0,4,16.0,5020,33.0,AMOLED,6.67,331961
Asus,Asus ROG Phone 5 256GB,63999,Ultra-Premium Tier,Snapdragon,Snapdragon 888,12.0,256.0,64.0,3,24.0,6000,65.0,AMOLED,6.78,722427
realme,realme Narzo 30A 64GB,10999,Budget Tier,MediaTek,MediaTek Helio G85,4.0,64.0,13.0,2,8.0,6000,18.0,LCD,6.5,202855
i-smart,i-smart i1 Supreme,4699,Budget Tier,,,2.0,32.0,8.0,1,5.0,3000,,LCD,6.26,
Lava,Lava BeU,7777,Budget Tier,Unisoc,Unisoc SC9863A,2.0,32.0,13.0,2,8.0,4060,,LCD,6.08,
Samsung,Samsung Galaxy M02,7365,Budget Tier,MediaTek,MediaTek MT6739,2.0,32.0,13.0,2,5.0,5000,,LCD,6.5,
realme,realme X7 8GB RAM,23999,Mid Tier,MediaTek,MediaTek Dimensity 800U,8.0,128.0,64.0,3,16.0,4310,50.0,AMOLED,6.4,335217
Itel,Itel Vision 1 Pro,6499,Budget Tier,,,2.0,32.0,8.0,3,5.0,4000,,LCD,6.52,
vivo,vivo Y20G 64GB,13982,Budget Tier,MediaTek,MediaTek Helio G80,4.0,64.0,13.0,3,8.0,5000,18.0,LCD,6.51,230127
realme,realme C12 64GB,9999,Budget Tier,MediaTek,MediaTek Helio G35,4.0,64.0,13.0,3,5.0,6000,10.0,LCD,6.52,108184
Tecno,Tecno Camon 16 Premier,19999,Mid Tier,MediaTek,MediaTek Helio G90T,8.0,128.0,64.0,4,48.0,4500,18.0,LCD,6.85,
Lava,Lava Z2,8499,Budget Tier,MediaTek,MediaTek Helio G35,2.0,32.0,13.0,2,8.0,5000,,LCD,6.51,
Lava,Lava Z4,9999,Budget Tier,MediaTek,MediaTek Helio G35,4.0,64.0,13.0,3,16.0,5000,,LCD,6.51,107310
Xiaomi,Xiaomi Mi 10i,20990,Mid Tier,Snapdragon,Snapdragon 750G,6.0,64.0,108.0,4,16.0,4820,33.0,LCD,6.67,328730
vivo,vivo Y20A,12509,Budget Tier,Snapdragon,Snapdragon 439,3.0,64.0,13.0,3,8.0,5000,10.0,LCD,6.51,
vivo,vivo V20 2021,22999,Mid Tier,Snapdragon,Snapdragon 730,8.0,128.0,64.0,3,44.0,4000,33.0,AMOLED,6.44,
i-smart,i-smart i1 Giant,4661,Budget Tier,,,3.0,32.0,8.0,1,5.0,3500,,LCD,6.4,
i-smart,i-smart i1 Thunder,4899,Budget Tier,,,2.0,32.0,8.0,1,5.0,3000,,LCD,6.26,
vivo,vivo Y30 6GB RAM,18990,Mid Tier,MediaTek,MediaTek Helio P35,6.0,128.0,13.0,4,8.0,5000,,LCD,6.47,
Nokia,Nokia 2.4,11499,Budget Tier,MediaTek,MediaTek Helio P22,3.0,64.0,13.0,2,5.0,4500,,LCD,6.5,0
Micromax,Micromax IN 1B 64GB,10499,Budget Tier,MediaTek,MediaTek Helio G35,4.0,64.0,13.0,2,8.0,5000,10.0,LCD,6.52,106210
Itel,Itel A25 Pro,5999,Budget Tier,,,2.0,32.0,2.0,1,2.0,3020,,LCD,5.0,
Infinix,Infinix Smart 4,8999,Budget Tier,MediaTek,MediaTek Helio A22,2.0,32.0,13.0,1,8.0,6000,10.0,LCD,6.82,
Apple,Apple iPhone 12 Pro Max 512GB,149900,Ultra-Premium Tier,Apple,Apple A14 Bionic,6.0,512.0,12.0,3,12.0,3687,20.0,OLED,6.7,651459
Infinix,Infinix Hot 10 64GB,11999,Budget Tier,MediaTek,MediaTek Helio G70,4.0,64.0,16.0,3,8.0,5200,,LCD,6.78,
realme,realme C15 Qualcomm Edition,8853,Budget Tier,Snapdragon,Snapdragon 460,3.0,32.0,13.0,4,8.0,6000,18.0,LCD,6.5,
Apple,Apple iPhone 12 Pro 512GB,139900,Ultra-Premium Tier,Apple,Apple A14 Bionic,6.0,512.0,12.0,3,12.0,2815,20.0,OLED,6.1,632370
Karbonn,Karbonn Titanium S9 Plus 32GB,5899,Budget Tier,,,2.0,32.0,8.0,2,5.0,3000,,LCD,6.1,
Karbonn,Karbonn Titanium S9 Plus 3GB RAM,6299,Budget Tier,,,3.0,32.0,8.0,2,5.0,3000,,LCD,6.1,
Apple,Apple iPhone 12 128GB,54900,Ultra-Premium Tier,Apple,Apple A14 Bionic,4.0,128.0,12.0,2,12.0,2815,20.0,OLED,6.1,0
Apple,Apple iPhone 12 Pro 256GB,119900,Ultra-Premium Tier,Apple,Apple A14 Bionic,6.0,256.0,12.0,3,12.0,2815,20.0,OLED,6.1,0
Xiaomi,Xiaomi Mi 10T 8GB RAM,17499,Mid Tier,Snapdragon,Snapdragon 865,8.0,128.0,64.0,3,20.0,5000,33.0,LCD,6.67,592540
Xiaomi,Xiaomi Redmi 9 128GB,10999,Budget Tier,MediaTek,MediaTek Helio G35,4.0,128.0,13.0,2,5.0,5000,10.0,LCD,6.53,
Nokia,Nokia C3 2020 32GB,9999,Budget Tier,Unisoc,Unisoc SC9863A,3.0,32.0,8.0,1,5.0,3040,,LCD,5.99,
POCO,POCO X3 8GB RAM,19999,Mid Tier,Snapdragon,Snapdragon 732G,8.0,128.0,64.0,4,20.0,6000,33.0,LCD,6.67,282092
Moto,Moto E7 Plus,12999,Budget Tier,Snapdragon,Snapdragon 460,4.0,64.0,48.0,2,8.0,5000,10.0,LCD,6.5,141552
realme,realme Narzo 20A,10999,Budget Tier,Snapdragon,Snapdragon 665,3.0,32.0,12.0,3,8.0,5000,10.0,LCD,6.5,173514
realme,realme Narzo 20A 64GB,11999,Budget Tier,Snapdragon,Snapdragon 665,4.0,64.0,12.0,3,8.0,5000,10.0,LCD,6.5,0
Infinix,Infinix Note 7,14999,Budget Tier,MediaTek,MediaTek Helio G70,4.0,64.0,48.0,3,16.0,5000,18.0,LCD,6.95,175945
Xiaomi,Xiaomi Redmi 9i 128GB,10999,Budget Tier,MediaTek,MediaTek Helio G25,4.0,128.0,13.0,1,5.0,5000,10.0,LCD,6.53,
I,I Kall K320,6529,Budget Tier,,,4.0,64.0,13.0,2,8.0,4000,,LCD,6.53,
Xiaomi,Xiaomi Redmi 9A 3GB RAM,6934,Budget Tier,MediaTek,MediaTek Helio G25,3.0,32.0,13.0,1,5.0,5000,10.0,LCD,6.53,
Gionee,Gionee Max,7990,Budget Tier,Unisoc,Unisoc SC9863A,2.0,32.0,13.0,2,5.0,5000,,LCD,6.1,
Itel,Itel Vision 1 3GB RAM,8299,Budget Tier,Unisoc,Unisoc SC9863,3.0,32.0,8.0,2,5.0,4000,,LCD,6.08,
Samsung,Samsung Galaxy M31s 8GB RAM,22999,Mid Tier,Samsung,Samsung Exynos 9 Octa 9611,8.0,128.0,64.0,4,32.0,6000,25.0,AMOLED,6.5,0
Xiaomi,Xiaomi Redmi Note 9 Pro 4GB RAM,14640,Budget Tier,Snapdragon,Snapdragon 720G,4.0,128.0,48.0,4,16.0,5020,18.0,LCD,6.67,
Xiaomi,Xiaomi Redmi Note 9 6GB RAM,12899,Budget Tier,MediaTek,MediaTek Helio G85,6.0,128.0,48.0,4,13.0,5020,22.5,LCD,6.53,200953
realme,realme C11,8000,Budget Tier,MediaTek,MediaTek Helio G35,2.0,32.0,13.0,2,5.0,5000,10.0,LCD,6.52,105251
Samsung,Samsung Galaxy M01s,8999,Budget Tier,MediaTek,MediaTek Helio P22,3.0,32.0,13.0,2,8.0,4000,,LCD,6.2,
POCO,POCO M2 Pro 6GB RAM,14999,Budget Tier,Snapdragon,Snapdragon 720G,6.0,64.0,48.0,4,16.0,5000,33.0,LCD,6.67,276927
POCO,POCO M2 Pro 128GB,16999,Mid Tier,Snapdragon,Snapdragon 720G,6.0,128.0,48.0,4,16.0,5000,33.0,LCD,6.67,276927
Infinix,Infinix Hot 9 Pro,10499,Budget Tier,MediaTek,MediaTek Helio P22,4.0,64.0,48.0,3,8.0,5000,,LCD,6.6,103704
realme,realme X3 SuperZoom Edition,29999,Mid Tier,Snapdragon,Snapdragon 855 Plus,8.0,128.0,64.0,4,32.0,4200,30.0,LCD,6.6,476587
realme,realme Narzo 10A 64GB,10999,Budget Tier,MediaTek,MediaTek Helio G70,4.0,64.0,12.0,3,5.0,5000,10.0,LCD,6.5,0
Moto,Moto G8 Power Lite,9999,Budget Tier,MediaTek,MediaTek Helio P35,4.0,64.0,16.0,3,8.0,5000,10.0,LCD,6.5,
OnePlus,OnePlus 8 256GB,29899,Mid Tier,Snapdragon,Snapdragon 865,12.0,256.0,48.0,3,16.0,4300,30.0,AMOLED,6.55,579239
OnePlus,OnePlus 8 8GB RAM,33101,High Tier,Snapdragon,Snapdragon 865,8.0,128.0,48.0,3,16.0,4300,30.0,AMOLED,6.55,579239
Apple,Apple iPhone SE 2020 128GB,44900,High Tier,Apple,Apple A13 Bionic,3.0,128.0,12.0,1,7.0,1821,,LCD,4.7,377458
Apple,Apple iPhone SE 2020 256GB,54900,Ultra-Premium Tier,Apple,Apple A13 Bionic,3.0,256.0,12.0,1,7.0,1821,,LCD,4.7,377458
Xiaomi,Xiaomi Mi 10,54999,Ultra-Premium Tier,Snapdragon,Snapdragon 865,8.0,128.0,108.0,4,20.0,4780,30.0,AMOLED,6.67,564811
realme,realme Narzo 10,12999,Budget Tier,MediaTek,MediaTek Helio G80,4.0,128.0,48.0,4,16.0,5000,18.0,LCD,6.5,200306
Xiaomi,Xiaomi Mi 10 256GB,59999,Ultra-Premium Tier,Snapdragon,Snapdragon 865,8.0,256.0,108.0,4,20.0,4780,30.0,AMOLED,6.67,564811
vivo,vivo V19 256GB,34990,High Tier,Snapdragon,Snapdragon 712,8.0,256.0,48.0,4,32.0,4500,33.0,AMOLED,6.44,245294
Xiaomi,Xiaomi Redmi Note 9 Pro Max 8GB RAM,14797,Budget Tier,Snapdragon,Snapdragon 720G,8.0,128.0,64.0,4,32.0,5020,33.0,LCD,6.67,277621
i-smart,i-smart i1-Dynamite,5199,Budget Tier,,,2.0,16.0,5.0,1,5.0,3000,,LCD,6.0,
Samsung,Samsung Galaxy M30s 4GB RAM,13990,Budget Tier,Samsung,Samsung Exynos 9 Octa 9611,4.0,128.0,48.0,3,16.0,6000,15.0,AMOLED,6.4,135678
Xiaomi,Xiaomi Redmi Note 9 Pro 128GB,13699,Budget Tier,Snapdragon,Snapdragon 720G,6.0,128.0,48.0,4,16.0,5020,18.0,LCD,6.67,
Infinix,Infinix S5 Pro,11999,Budget Tier,MediaTek,MediaTek Helio P35,4.0,64.0,48.0,2,16.0,4000,,LCD,6.53,117475
realme,realme 6 128GB,15999,Mid Tier,MediaTek,MediaTek Helio G90T,6.0,128.0,64.0,4,16.0,4300,30.0,LCD,6.5,290483
realme,realme 6 8GB RAM,16999,Mid Tier,MediaTek,MediaTek Helio G90T,8.0,128.0,64.0,4,16.0,4300,30.0,LCD,6.5,290483
iQOO,iQOO 3 256GB,40990,High Tier,Snapdragon,Snapdragon 865,8.0,256.0,48.0,4,16.0,4440,55.0,AMOLED,6.44,589793
iQOO,iQOO 3 5G,46990,Ultra-Premium Tier,Snapdragon,Snapdragon 865,12.0,256.0,48.0,4,16.0,4440,55.0,AMOLED,6.44,
Tecno,Tecno Camon 15,10449,Budget Tier,MediaTek,MediaTek Helio P22,4.0,64.0,48.0,3,16.0,5000,,LCD,6.55,
realme,realme X50 Pro 256GB,39990,High Tier,Snapdragon,Snapdragon 865,12.0,256.0,64.0,4,32.0,4200,65.0,AMOLED,6.44,581492
Xiaomi,Xiaomi Redmi 8A Dual,7499,Budget Tier,Snapdragon,Snapdragon 439,2.0,32.0,13.0,2,8.0,5000,18.0,LCD,6.22,
Itel,Itel Vision 1,5690,Budget Tier,Unisoc,Unisoc SC9863,2.0,32.0,8.0,2,5.0,4000,,LCD,6.08,
POCO,POCO X2 128GB,15999,Mid Tier,Snapdragon,Snapdragon 730G,6.0,128.0,64.0,4,20.0,4500,27.0,LCD,6.67,279444
POCO,POCO X2 256GB,20999,Mid Tier,Snapdragon,Snapdragon 730G,8.0,256.0,64.0,4,20.0,4500,27.0,LCD,6.67,279444
Karbonn,Karbonn Titanium S9 Plus,5299,Budget Tier,,,2.0,16.0,8.0,2,5.0,3000,,LCD,6.1,
Lava,Lava Z71,6999,Budget Tier,MediaTek,MediaTek Helio A22,2.0,32.0,13.0,2,5.0,3200,,LCD,5.7,
Itel,Itel A25,4800,Budget Tier,,,1.0,16.0,5.0,1,2.0,3020,,LCD,5.0,
realme,realme X2 Pro 6GB RAM,29999,Mid Tier,Snapdragon,Snapdragon 855 Plus,6.0,64.0,64.0,4,16.0,4000,50.0,AMOLED,6.5,467275
i-smart,i-smart i1-Epic,4399,Budget Tier,,,2.0,16.0,5.0,1,5.0,2600,,LCD,5.5,
Nokia,Nokia 2.3,8120,Budget Tier,MediaTek,MediaTek Helio A22,2.0,32.0,13.0,2,5.0,4000,,LCD,6.2,0
realme,realme X2 128GB,17999,Mid Tier,Snapdragon,Snapdragon 730G,6.0,128.0,64.0,4,32.0,4000,30.0,AMOLED,6.4,266028
realme,realme X2 Pro 256GB,25999,Mid Tier,Snapdragon,Snapdragon 855 Plus,12.0,256.0,64.0,4,16.0,4000,50.0,AMOLED,6.5,467275
Infinix,Infinix S5,10999,Budget Tier,MediaTek,MediaTek Helio P22,4.0,64.0,16.0,3,32.0,4000,,LCD,6.6,90162
Xiaomi,Xiaomi Redmi Note 8 Pro 128GB,17435,Mid Tier,MediaTek,MediaTek Helio G90T,6.0,128.0,64.0,4,20.0,4500,18.0,LCD,6.53,286100
vivo,vivo Z1x 8GB RAM,24990,Mid Tier,Snapdragon,Snapdragon 712,8.0,128.0,48.0,3,32.0,4500,22.5,AMOLED,6.38,186499
Asus,Asus ROG Phone 2 512GB,62999,Ultra-Premium Tier,Snapdragon,Snapdragon 855 Plus,12.0,512.0,48.0,2,24.0,6000,,AMOLED,6.59,353469
Lenovo,Lenovo K10 Note 128GB,18999,Mid Tier,Snapdragon,Snapdragon 710,6.0,128.0,16.0,3,16.0,4050,,LCD,6.39,169246
Samsung,Samsung Galaxy A70s 8GB RAM,33100,High Tier,Snapdragon,Snapdragon 675,8.0,128.0,64.0,3,32.0,4500,25.0,AMOLED,6.7,204400
vivo,vivo U10 4GB RAM,13990,Budget Tier,Snapdragon,Snapdragon 665,4.0,64.0,13.0,3,8.0,5000,18.0,LCD,6.35,168654
Xiaomi,Xiaomi Redmi 8A 3GB RAM,8999,Budget Tier,Snapdragon,Snapdragon 439,3.0,32.0,12.0,1,8.0,5000,18.0,LCD,6.22,85703
OnePlus,OnePlus 7T 256GB,29999,Mid Tier,Snapdragon,Snapdragon 855 Plus,8.0,256.0,48.0,3,16.0,3800,30.0,AMOLED,6.55,487810
Nokia,Nokia 7.2,19999,Mid Tier,Snapdragon,Snapdragon 660,4.0,64.0,48.0,3,20.0,3500,,LCD,6.39,173149
Nokia,Nokia 7.2 6GB RAM,20999,Mid Tier,Snapdragon,Snapdragon 660,6.0,64.0,48.0,3,20.0,3500,,LCD,6.39,173149
Apple,Apple iPhone 11 128GB,48900,Ultra-Premium Tier,Apple,Apple A13 Bionic,4.0,128.0,12.0,2,12.0,3110,18.0,LCD,6.1,451844
Apple,Apple iPhone 11 Pro 256GB,121300,Ultra-Premium Tier,Apple,Apple A13 Bionic,4.0,256.0,12.0,3,12.0,3046,18.0,OLED,5.8,461219
Apple,Apple iPhone 11 Pro Max 256GB,131900,Ultra-Premium Tier,Apple,Apple A13 Bionic,4.0,256.0,12.0,3,12.0,3969,18.0,OLED,6.5,608363
Apple,Apple iPhone 11 Pro Max 512GB,150800,Ultra-Premium Tier,Apple,Apple A13 Bionic,4.0,512.0,12.0,3,12.0,3969,18.0,OLED,6.5,608363
Infinix,Infinix Hot 8,8999,Budget Tier,MediaTek,MediaTek Helio P22,4.0,64.0,13.0,2,8.0,5000,,LCD,6.52,92074
realme,realme 5 Pro 128GB,16999,Mid Tier,Snapdragon,Snapdragon 712,8.0,128.0,48.0,4,16.0,4035,20.0,LCD,6.3,180355
Gionee,Gionee F9 Plus,9490,Budget Tier,Unisoc,Unisoc SC9863,3.0,32.0,13.0,2,13.0,4050,,LCD,6.26,
Motorola,Motorola One Action,11199,Budget Tier,Samsung,Samsung Exynos 9 Octa 9609,4.0,128.0,12.0,3,12.0,3500,10.0,LCD,6.3,143309
realme,realme 5 128GB,12999,Budget Tier,Snapdragon,Snapdragon 665,4.0,128.0,12.0,4,13.0,5000,,LCD,6.5,139753
HTC,HTC Wildfire X,12999,Budget Tier,MediaTek,MediaTek Helio P22,3.0,32.0,12.0,3,8.0,3300,,LCD,6.22,
HTC,HTC Wildfire X 128GB,16999,Mid Tier,MediaTek,MediaTek Helio P22,4.0,128.0,12.0,3,8.0,3300,,LCD,6.22,
Infinix,Infinix S4 64GB,10999,Budget Tier,MediaTek,MediaTek Helio P22,4.0,64.0,13.0,3,32.0,4000,,LCD,6.21,74768
realme,realme 3i 64GB,10999,Budget Tier,MediaTek,MediaTek Helio P60,4.0,64.0,13.0,2,13.0,4230,,LCD,6.22,133123
Infinix,Infinix Hot 7,9999,Budget Tier,MediaTek,MediaTek MT6757CD,4.0,64.0,13.0,2,13.0,4000,,LCD,6.19,87230
realme,realme X 8GB RAM,20999,Mid Tier,Snapdragon,Snapdragon 710,8.0,128.0,48.0,2,16.0,3765,20.0,AMOLED,6.53,156669
Xiaomi,Xiaomi Redmi 7A 32GB,6999,Budget Tier,Snapdragon,Snapdragon 439,2.0,32.0,12.0,1,5.0,4000,,LCD,5.45,75196
STK,STK Ace Plus,6999,Budget Tier,,,2.0,16.0,8.0,1,5.0,2800,,LCD,5.5,
vivo,vivo Z1 Pro 6GB RAM,17990,Mid Tier,Snapdragon,Snapdragon 712,6.0,64.0,16.0,3,32.0,5000,18.0,LCD,6.53,109750
vivo,vivo Z1 Pro 128GB,20990,Mid Tier,Snapdragon,Snapdragon 712,6.0,128.0,16.0,3,32.0,5000,18.0,LCD,6.53,109750
Asus,Asus 6Z,35999,High Tier,Snapdragon,Snapdragon 855,6.0,64.0,48.0,2,48.0,5000,,LCD,6.4,357773
Asus,Asus 6Z 128GB,38999,High Tier,Snapdragon,Snapdragon 855,6.0,128.0,48.0,2,48.0,5000,,LCD,6.4,357773
Coolpad,Coolpad Cool 3 64GB,7877,Budget Tier,Unisoc,Unisoc SC9863,4.0,64.0,8.0,2,5.0,3000,,LCD,5.71,
Infinix,Infinix S4,9999,Budget Tier,MediaTek,MediaTek Helio P22,3.0,32.0,13.0,3,32.0,4000,,LCD,6.21,74768
Nokia,Nokia 3.2,10199,Budget Tier,Snapdragon,Snapdragon 429,2.0,16.0,13.0,1,5.0,4000,,TFT,6.26,
Xiaomi,Xiaomi Redmi Note 7S 64GB,7424,Budget Tier,Snapdragon,Snapdragon 660,4.0,64.0,48.0,2,13.0,4000,,LCD,6.3,141951
Nokia,Nokia 3.2 32GB,12300,Budget Tier,Snapdragon,Snapdragon 429,3.0,32.0,13.0,1,5.0,4000,,TFT,6.26,
OnePlus,OnePlus 7 Pro 256GB,50152,Ultra-Premium Tier,Snapdragon,Snapdragon 855,8.0,256.0,48.0,3,16.0,4000,30.0,AMOLED,6.67,371812
Nokia,Nokia 4.2,13699,Budget Tier,Snapdragon,Snapdragon 439,3.0,32.0,13.0,2,8.0,3000,,LCD,5.71,
Lenovo,Lenovo K9 Note,11999,Budget Tier,Snapdragon,Snapdragon 450,4.0,64.0,16.0,2,8.0,3760,,LCD,5.99,
vivo,vivo V15 Pro 8GB RAM,34990,High Tier,Snapdragon,Snapdragon 675,8.0,128.0,48.0,3,32.0,3700,,AMOLED,6.39,181420
realme,realme 3 3GB RAM,11999,Budget Tier,MediaTek,MediaTek Helio P70,3.0,64.0,13.0,2,13.0,4230,,LCD,6.2,138129
Xiaomi,Xiaomi Redmi Y3,8498,Budget Tier,Snapdragon,Snapdragon 632,3.0,32.0,12.0,2,32.0,4000,10.0,LCD,6.26,104342
Infinix,Infinix Smart 3 Plus,7999,Budget Tier,MediaTek,MediaTek Helio A22,2.0,32.0,13.0,2,8.0,3500,,LCD,6.21,
Xiaomi,Xiaomi Redmi 7,6899,Budget Tier,Snapdragon,Snapdragon 632,2.0,32.0,12.0,2,8.0,4000,10.0,LCD,6.26,57184
XOLO,XOLO ZX,13999,Budget Tier,MediaTek,MediaTek Helio P22,4.0,64.0,13.0,2,16.0,3260,,LCD,6.22,
Xiaomi,Xiaomi Redmi Y3 64GB,7749,Budget Tier,Snapdragon,Snapdragon 632,4.0,64.0,12.0,2,32.0,4000,10.0,LCD,6.26,104342
Xiaomi,Xiaomi Redmi 7 3GB RAM,9386,Budget Tier,Snapdragon,Snapdragon 632,3.0,32.0,12.0,2,8.0,4000,10.0,LCD,6.26,57184
Alcatel,Alcatel 1,4999,Budget Tier,MediaTek,MediaTek MT6739,1.0,8.0,8.0,1,5.0,2000,,LCD,5.0,
Honor,Honor 10 Lite 32GB,13999,Budget Tier,HiSilicon,HiSilicon Kirin,3.0,32.0,13.0,2,24.0,3400,,LCD,6.21,
realme,realme 3 64GB,12999,Budget Tier,MediaTek,MediaTek Helio P70,4.0,64.0,13.0,2,13.0,4230,,LCD,6.2,138129
Gionee,Gionee F205 Pro,6990,Budget Tier,MediaTek,MediaTek MT6739,2.0,16.0,13.0,1,5.0,3000,,LCD,5.45,
Nokia,Nokia 5.1 Plus 64GB,10990,Budget Tier,MediaTek,MediaTek Helio P60,4.0,64.0,13.0,2,8.0,3060,,LCD,5.86,
Coolpad,Coolpad Cool 3,5999,Budget Tier,Unisoc,Unisoc SC9863,2.0,16.0,8.0,2,5.0,3000,,LCD,5.71,
Lava,Lava Z92,6999,Budget Tier,MediaTek,MediaTek Helio P22,3.0,32.0,13.0,1,8.0,3260,,LCD,6.22,
Honor,Honor 10 Lite 6GB RAM,18999,Mid Tier,HiSilicon,HiSilicon Kirin,6.0,64.0,13.0,2,24.0,3400,,LCD,6.21,
Mobiistar,Mobiistar X1 Notch,5181,Budget Tier,MediaTek,MediaTek Helio A22,2.0,16.0,13.0,1,13.0,3020,,LCD,5.7,
Kenxinda,Kenxinda W55,4299,Budget Tier,Spreadtrum,Spreadtrum SC9832A,1.0,8.0,8.0,1,5.0,2500,,LCD,5.5,
Alcatel,Alcatel 3X,9999,Budget Tier,MediaTek,MediaTek MT6739,3.0,32.0,13.0,2,5.0,3000,,LCD,5.7,
Micromax,Micromax Infinity N12,14999,Budget Tier,MediaTek,MediaTek Helio P22,3.0,32.0,13.0,2,16.0,4000,,LCD,6.19,
Asus,Asus Zenfone Max M2,12999,Budget Tier,Snapdragon,Snapdragon 632,3.0,32.0,13.0,2,8.0,4000,,LCD,6.26,
Nokia,Nokia 8.1,28831,Mid Tier,Snapdragon,Snapdragon 710,4.0,64.0,12.0,2,20.0,3500,18.0,LCD,6.18,
Asus,Asus Zenfone Max M2 64GB,14999,Budget Tier,Snapdragon,Snapdragon 632,4.0,64.0,13.0,2,8.0,4000,,LCD,6.26,
Lava,Lava Z81 16GB,9500,Budget Tier,MediaTek,MediaTek Helio A22,2.0,16.0,13.0,1,13.0,3000,,LCD,5.7,
Asus,Asus Zenfone Max Pro M2,15999,Mid Tier,Snapdragon,Snapdragon 660,3.0,32.0,12.0,2,13.0,5000,,LCD,6.26,
Asus,Asus Zenfone Max Pro M2 64GB,17999,Mid Tier,Snapdragon,Snapdragon 660,4.0,64.0,12.0,2,13.0,5000,,LCD,6.26,
Asus,Asus Zenfone Max Pro M2 6GB RAM,19999,Mid Tier,Snapdragon,Snapdragon 660,6.0,64.0,12.0,2,13.0,5000,,LCD,6.26,
OnePlus,OnePlus 6T McLaren Edition,49999,Ultra-Premium Tier,Snapdragon,Snapdragon 845,10.0,256.0,16.0,2,16.0,3700,,AMOLED,6.41,
Honor,Honor 8C 64GB,14999,Budget Tier,Snapdragon,Snapdragon 632,4.0,64.0,13.0,2,8.0,4000,,LCD,6.26,
Infinix,Infinix Note 5 Stylus,16999,Mid Tier,MediaTek,MediaTek MT6763T,4.0,64.0,16.0,1,16.0,4000,,LCD,5.93,
Kenxinda,Kenxinda W50,4099,Budget Tier,Spreadtrum,Spreadtrum SC9832A,1.0,8.0,8.0,1,5.0,2100,,LCD,5.0,
Honor,Honor 8X 128GB,15999,Mid Tier,HiSilicon,HiSilicon Kirin,6.0,128.0,20.0,2,16.0,3750,,LCD,6.5,
Xiaomi,Xiaomi Redmi Note 6 Pro 6GB RAM,8882,Budget Tier,Snapdragon,Snapdragon 636,6.0,64.0,12.0,2,20.0,4000,,LCD,6.26,
LG,LG Q Stylus,20000,Mid Tier,MediaTek,MediaTek MT6750,3.0,32.0,16.0,1,8.0,3300,,LCD,6.2,
Panasonic,Panasonic Eluga Z1,10990,Budget Tier,MediaTek,MediaTek Helio P22,3.0,32.0,13.0,2,8.0,4000,,LCD,6.19,
Lenovo,Lenovo A5 32GB,7999,Budget Tier,MediaTek,MediaTek MT6739,3.0,32.0,13.0,1,8.0,4000,,LCD,5.45,
OnePlus,OnePlus 6T 8GB RAM,31900,High Tier,Snapdragon,Snapdragon 845,8.0,128.0,16.0,2,16.0,3700,,AMOLED,6.41,406086
Infinix,Infinix Hot S3X,10999,Budget Tier,Snapdragon,Snapdragon 430,3.0,32.0,13.0,2,16.0,4000,,LCD,6.2,
Xiaomi,Xiaomi Mi A2 128GB,10259,Budget Tier,Snapdragon,Snapdragon 660,6.0,128.0,12.0,2,20.0,3010,,LCD,5.99,
Micromax,Micromax Spark Go,4999,Budget Tier,Unisoc,Unisoc SC9832E,1.0,8.0,5.0,1,2.0,2000,,LCD,5.0,
Asus,Asus Zenfone Max M1,9599,Budget Tier,Snapdragon,Snapdragon 430,3.0,32.0,13.0,1,8.0,4000,,LCD,5.45,
Asus,Asus Zenfone Lite L1,7199,Budget Tier,Snapdragon,Snapdragon 430,2.0,16.0,13.0,1,5.0,3000,,LCD,5.45,
realme,realme 2 Pro 6GB RAM,15990,Mid Tier,Snapdragon,Snapdragon 660,6.0,64.0,16.0,2,16.0,3500,,LCD,6.3,
realme,realme 2 Pro 128GB,17990,Mid Tier,Snapdragon,Snapdragon 660,8.0,128.0,16.0,2,16.0,3500,,LCD,6.3,
Panasonic,Panasonic Eluga Ray 530,8999,Budget Tier,MediaTek,MediaTek MT6739,3.0,32.0,13.0,1,5.0,3000,,LCD,5.7,
VOTO,VOTO V12,4444,Budget Tier,Spreadtrum,Spreadtrum SC9832A,2.0,16.0,13.0,1,8.0,3000,,LCD,5.0,
Nokia,Nokia 5.1 Plus (Nokia X5),12999,Budget Tier,MediaTek,MediaTek Helio P60,3.0,32.0,13.0,2,8.0,3060,,LCD,5.86,
Apple,Apple iPhone XS 256GB,103900,Ultra-Premium Tier,Apple,Apple A12 Bionic,4.0,256.0,12.0,2,7.0,2658,,OLED,5.8,433713
Apple,Apple iPhone XS 512GB,134900,Ultra-Premium Tier,Apple,Apple A12 Bionic,4.0,512.0,12.0,2,7.0,2658,,OLED,5.8,433713
Apple,Apple iPhone XS Max 256GB,124900,Ultra-Premium Tier,Apple,Apple A12 Bionic,4.0,256.0,12.0,2,7.0,3174,,OLED,6.5,447893
Apple,Apple iPhone XS Max 512GB,144900,Ultra-Premium Tier,Apple,Apple A12 Bionic,4.0,512.0,12.0,2,7.0,3174,,OLED,6.5,447893
Samsung,Samsung Galaxy J4 Plus,9000,Budget Tier,Snapdragon,Snapdragon 425,2.0,32.0,13.0,1,5.0,3300,,LCD,6.0,
Honor,Honor 7S (Play 7),7999,Budget Tier,MediaTek,MediaTek MT6739,2.0,16.0,13.0,1,5.0,3020,,LCD,5.45,
Lava,Lava Z61 2GB RAM,5499,Budget Tier,MediaTek,MediaTek MT6739,2.0,16.0,8.0,1,5.0,3000,,LCD,5.45,
Yu,Yu Ace 32GB,8999,Budget Tier,MediaTek,MediaTek MT6739,3.0,32.0,13.0,1,5.0,4000,,LCD,5.45,
realme,realme 2 64GB,9990,Budget Tier,Snapdragon,Snapdragon 450,4.0,64.0,13.0,2,8.0,4230,,LCD,6.2,
Infinix,Infinix Note 5,10999,Budget Tier,MediaTek,MediaTek MT6763T,3.0,32.0,12.0,1,16.0,4500,,LCD,5.99,
Infinix,Infinix Note 5 64GB,12999,Budget Tier,MediaTek,MediaTek MT6763T,4.0,64.0,12.0,1,16.0,4500,,LCD,5.99,
POCO,POCO F1 Armoured Edition,30990,High Tier,Snapdragon,Snapdragon 845,8.0,256.0,12.0,2,20.0,4000,,LCD,6.18,267207
vivo,vivo Y83 Pro,16990,Mid Tier,MediaTek,MediaTek Helio P22,4.0,64.0,13.0,2,8.0,3260,,LCD,6.22,
Xiaomi,Xiaomi Mi A2 (Mi 6X),8399,Budget Tier,Snapdragon,Snapdragon 660,4.0,64.0,12.0,2,20.0,3010,,LCD,5.99,
Nokia,Nokia 2.1,6891,Budget Tier,Snapdragon,Snapdragon 425,1.0,8.0,8.0,1,5.0,4000,,LCD,5.5,
Infinix,Infinix Smart 2,6999,Budget Tier,MediaTek,MediaTek MT6739,2.0,16.0,13.0,1,8.0,3050,,LCD,5.45,
Infinix,Infinix Smart 2 32GB,7999,Budget Tier,MediaTek,MediaTek MT6739,3.0,32.0,13.0,1,8.0,3050,,LCD,5.45,
Honor,Honor Play,21999,Mid Tier,HiSilicon,HiSilicon Kirin,4.0,64.0,16.0,2,16.0,3750,,LCD,6.3,
Mobiistar,Mobiistar X1 Dual,8199,Budget Tier,MediaTek,MediaTek MT6737,3.0,32.0,13.0,1,13.0,3000,,LCD,5.7,
Mobiistar,Mobiistar C1 Lite,5498,Budget Tier,MediaTek,MediaTek MT6739,1.0,8.0,5.0,1,5.0,2700,,TFT,5.34,
Mobiistar,Mobiistar C1,4160,Budget Tier,MediaTek,MediaTek MT6739,2.0,16.0,5.0,1,8.0,3000,,TFT,5.34,
Mobiistar,Mobiistar E1 Selfie,6790,Budget Tier,MediaTek,MediaTek MT6739,3.0,32.0,13.0,1,13.0,3000,,LCD,5.45,
Honor,Honor 9N 64GB,15999,Mid Tier,HiSilicon,HiSilicon Kirin,4.0,64.0,13.0,2,16.0,3000,,LCD,5.84,
Honor,Honor 9N 128GB,19999,Mid Tier,HiSilicon,HiSilicon Kirin,4.0,128.0,13.0,2,16.0,3000,,LCD,5.84,
Asus,Asus Zenfone 5Z 256GB,43999,High Tier,Snapdragon,Snapdragon 845,8.0,256.0,12.0,2,8.0,3300,,LCD,6.2,
Lava,Lava Z61,6500,Budget Tier,MediaTek,MediaTek MT6739,1.0,16.0,8.0,1,5.0,3000,,LCD,5.45,
Asus,Asus Zenfone 5Z 128GB,36299,High Tier,Snapdragon,Snapdragon 845,6.0,128.0,12.0,2,8.0,3300,,LCD,6.2,
Dazen,Dazen 6A,6200,Budget Tier,MediaTek,MediaTek MT6737,3.0,32.0,13.0,2,5.0,3000,,LCD,5.7,
Samsung,Samsung Galaxy On6,17600,Mid Tier,Samsung,Samsung Exynos 7 Quad 7870,4.0,64.0,13.0,1,8.0,3000,,AMOLED,5.6,
Honor,Honor 7C 64GB,14999,Budget Tier,Snapdragon,Snapdragon 450,4.0,64.0,13.0,2,8.0,3000,,LCD,5.99,
realme,realme 1 64GB,10799,Budget Tier,MediaTek,MediaTek Helio P60,4.0,64.0,13.0,1,8.0,3410,,LCD,6.0,
Xiaomi,Xiaomi Redmi Y2 64GB,13499,Budget Tier,Snapdragon,Snapdragon 625,4.0,64.0,12.0,2,16.0,3080,,LCD,5.99,
Samsung,Samsung Galaxy J6 64GB,12900,Budget Tier,Samsung,Samsung Exynos 7 Octa 7870,4.0,64.0,13.0,1,8.0,3000,,AMOLED,5.6,68465
vivo,vivo X21,36990,High Tier,Snapdragon,Snapdragon 660,6.0,128.0,12.0,2,12.0,3200,,AMOLED,6.28,
Honor,Honor 7A,10499,Budget Tier,Snapdragon,Snapdragon 430,3.0,32.0,13.0,2,8.0,3000,,LCD,5.7,
Karbonn,Karbonn Aura Power,4999,Budget Tier,,,1.0,8.0,8.0,1,5.0,4000,,TFT,5.0,
Honor,Honor 10,35999,High Tier,HiSilicon,HiSilicon Kirin,6.0,128.0,16.0,2,24.0,3400,,LCD,5.84,
Itel,Itel A44 Pro,3999,Budget Tier,MediaTek,MediaTek MT6737,2.0,16.0,8.0,1,5.0,2400,,LCD,5.45,
Intex,Intex Aqua Lions T1 Plus,8499,Budget Tier,Spreadtrum,Spreadtrum SC9850,2.0,16.0,8.0,1,8.0,2400,,LCD,5.0,
Asus,Asus Zenfone Max Pro M1,13199,Budget Tier,Snapdragon,Snapdragon 636,3.0,32.0,13.0,2,8.0,5000,10.0,LCD,5.99,
Asus,Asus Zenfone Max Pro M1 64GB,15599,Mid Tier,Snapdragon,Snapdragon 636,4.0,64.0,13.0,2,8.0,5000,10.0,LCD,5.99,
Coolpad,Coolpad Note 6 64GB,8825,Budget Tier,Snapdragon,Snapdragon 435,4.0,64.0,13.0,1,8.0,4070,,LCD,5.5,
Gionee,Gionee F205,8479,Budget Tier,MediaTek,MediaTek MT6739,2.0,16.0,8.0,1,5.0,2670,,LCD,5.45,
Celkon,Celkon CliQ 2,8185,Budget Tier,,,3.0,32.0,16.0,1,8.0,3000,,LCD,5.0,
Lava,Lava Z91,12499,Budget Tier,MediaTek,MediaTek MT6739,3.0,32.0,13.0,1,8.0,3000,,LCD,5.7,
Panasonic,Panasonic Eluga Ray 550,9990,Budget Tier,MediaTek,MediaTek MT6737,3.0,32.0,13.0,1,8.0,3250,,LCD,5.7,
Itel,Itel S42,6499,Budget Tier,Snapdragon,Snapdragon 425,3.0,16.0,13.0,1,13.0,3000,,LCD,5.65,
Xiaomi,Xiaomi Redmi 5 64GB,8486,Budget Tier,Snapdragon,Snapdragon 450,4.0,64.0,12.0,1,5.0,3300,,LCD,5.7,
Xiaomi,Xiaomi Redmi 5 32GB,11990,Budget Tier,Snapdragon,Snapdragon 450,3.0,32.0,12.0,1,5.0,3300,,LCD,5.7,
Micromax,Micromax Bharat 5 Pro,10999,Budget Tier,MediaTek,MediaTek MT6737,3.0,32.0,13.0,1,5.0,5000,,LCD,5.2,
Lephone,Lephone W9,4474,Budget Tier,,,1.0,8.0,5.0,1,2.0,2500,,LCD,5.5,
Xiaomi,Xiaomi Redmi Note 5 Pro 6GB RAM,8999,Budget Tier,Snapdragon,Snapdragon 636,6.0,64.0,12.0,2,20.0,4000,,LCD,5.99,
Infinix,Infinix Hot S3,9999,Budget Tier,Snapdragon,Snapdragon 430,3.0,32.0,13.0,1,20.0,4000,,LCD,5.65,
Panasonic,Panasonic P100,5299,Budget Tier,MediaTek,MediaTek MT6737,1.0,16.0,8.0,1,5.0,2200,,LCD,5.0,
Panasonic,Panasonic P100 2GB RAM,5999,Budget Tier,MediaTek,MediaTek MT6737,2.0,16.0,8.0,1,5.0,2200,,LCD,5.0,
Honor,Honor 9 Lite 64GB,15990,Mid Tier,HiSilicon,HiSilicon Kirin,4.0,64.0,13.0,2,13.0,3000,,LCD,5.65,
Smartron,Smartron t.phone P,7999,Budget Tier,Snapdragon,Snapdragon 435,3.0,32.0,13.0,1,5.0,5000,,LCD,5.2,
Karbonn,Karbonn K9 Kavach 4G 16GB,7490,Budget Tier,MediaTek,MediaTek MT6737M,2.0,16.0,5.0,1,5.0,2300,,LCD,5.0,
VOTO,VOTO V2,4444,Budget Tier,Spreadtrum,Spreadtrum SC9832A,2.0,16.0,13.0,1,8.0,3000,,LCD,5.0,
Panasonic,Panasonic Eluga I9,11990,Budget Tier,MediaTek,MediaTek MT6737,3.0,32.0,13.0,1,5.0,2500,,LCD,5.0,
Honor,Honor 7X,14500,Budget Tier,HiSilicon,HiSilicon Kirin,4.0,32.0,16.0,2,8.0,3340,,LCD,5.93,
Xiaomi,Xiaomi Redmi 5A 32GB,6999,Budget Tier,Snapdragon,Snapdragon 425,3.0,32.0,13.0,1,5.0,3000,,LCD,5.0,
Intex,Intex Aqua Lions N1,3199,Budget Tier,MediaTek,MediaTek MT6737V,1.0,8.0,2.0,1,0.3,1400,,TFT,4.0,
Micromax,Micromax Spark 4G Prime,5299,Budget Tier,MediaTek,MediaTek MT6737,2.0,16.0,8.0,1,5.0,2500,,TFT,5.0,
Ziox,Ziox Duopix F1,4199,Budget Tier,Spreadtrum,Spreadtrum SC9850,2.0,16.0,8.0,1,8.0,2500,,LCD,5.0,
Gionee,Gionee M7 Power,11900,Budget Tier,Snapdragon,Snapdragon 435,4.0,64.0,13.0,1,8.0,5000,,LCD,6.0,
Intex,Intex Aqua Lions X1 Plus,6199,Budget Tier,MediaTek,MediaTek MT6737,3.0,32.0,13.0,1,5.0,2800,,LCD,5.2,
Meizu,Meizu M3 Note 16GB,10299,Budget Tier,MediaTek,MediaTek MT6755,2.0,16.0,13.0,1,5.0,4100,,LCD,5.5,
Coolpad,Coolpad Note 5 Lite 32GB,7998,Budget Tier,MediaTek,MediaTek MT6735CP,3.0,32.0,13.0,1,8.0,2500,,LCD,5.0,
Moto,Moto X4,21999,Mid Tier,Snapdragon,Snapdragon 630,3.0,32.0,12.0,2,16.0,3000,,LCD,5.2,
Celkon,Celkon Smart 4G,4343,Budget Tier,,,1.0,8.0,3.2,1,2.0,1500,,TFT,4.0,
Xiaomi,Xiaomi Redmi Y1 32GB,8468,Budget Tier,Snapdragon,Snapdragon 435,3.0,32.0,13.0,1,16.0,3080,,LCD,5.5,
Nokia,Nokia 5 3GB RAM,15999,Mid Tier,Snapdragon,Snapdragon 430,3.0,16.0,13.0,1,8.0,3000,,LCD,5.2,
Apple,Apple iPhone X 256GB,106900,Ultra-Premium Tier,Apple,Apple A11 Bionic,3.0,256.0,12.0,2,7.0,2716,,OLED,5.8,364586
LG,LG K7i,9990,Budget Tier,,,2.0,16.0,8.0,1,5.0,2500,,TFT,5.0,
Karbonn,Karbonn Titanium Jumbo,7490,Budget Tier,MediaTek,MediaTek MT6737M,2.0,16.0,13.0,1,8.0,4000,,LCD,5.0,
Xiaomi,Xiaomi Mi Mix 2 128GB,37999,High Tier,Snapdragon,Snapdragon 835,6.0,128.0,12.0,1,5.0,3400,,LCD,5.99,
Asus,Asus Zenfone Zoom ZX551ML 64GB,37999,High Tier,Intel,Intel Atom,4.0,64.0,13.0,1,5.0,3000,,LCD,5.5,
Honor,Honor 9i,19999,Mid Tier,HiSilicon,HiSilicon Kirin,4.0,64.0,16.0,2,13.0,3340,,LCD,5.9,
XOLO,XOLO Era 3,5999,Budget Tier,MediaTek,MediaTek MT6737,1.0,8.0,5.0,1,8.0,2500,,LCD,5.0,
XOLO,XOLO Era 2V,7499,Budget Tier,MediaTek,MediaTek MT6737,2.0,16.0,8.0,1,13.0,3000,,LCD,5.0,
Micromax,Micromax Dual 4,19999,Mid Tier,Snapdragon,Snapdragon 435,4.0,64.0,13.0,2,13.0,2730,,LCD,5.2,
Alcatel,Alcatel U5 HD,6499,Budget Tier,MediaTek,MediaTek MT6737,2.0,16.0,13.0,1,8.0,2200,,LCD,5.0,
Comio,Comio C2,5099,Budget Tier,MediaTek,MediaTek MT6737,2.0,16.0,8.0,1,8.0,4000,,LCD,5.0,
Lava,Lava Z80,9999,Budget Tier,MediaTek,MediaTek MT6737,3.0,16.0,8.0,1,5.0,2500,,LCD,5.0,
Panasonic,Panasonic P99,8990,Budget Tier,MediaTek,MediaTek MT6737,2.0,16.0,8.0,1,5.0,2000,,LCD,5.0,
Lava,Lava Z60,6499,Budget Tier,MediaTek,MediaTek MT6737,1.0,16.0,5.0,1,5.0,2500,,LCD,5.0,
InFocus,InFocus Snap 4,8718,Budget Tier,MediaTek,MediaTek MT6750,4.0,64.0,13.0,2,8.0,3000,,LCD,5.2,
Asus,Asus Zenfone 4 Selfie,15999,Mid Tier,Snapdragon,Snapdragon 430,4.0,64.0,16.0,1,20.0,3000,,LCD,5.5,
Asus,Asus ZenFone 4 Selfie Pro,25999,Mid Tier,Snapdragon,Snapdragon 625,4.0,64.0,16.0,1,24.0,3000,,AMOLED,5.5,
Asus,Asus ZenFone 4 Selfie ZB553KL,10999,Budget Tier,Snapdragon,Snapdragon 430,3.0,32.0,13.0,1,13.0,3000,,LCD,5.5,
Karbonn,Karbonn K9 Smart Grand,4899,Budget Tier,,,1.0,8.0,8.0,1,5.0,2300,,TFT,5.2,
Panasonic,Panasonic Eluga Ray 700,13990,Budget Tier,MediaTek,MediaTek MT6753,3.0,32.0,13.0,1,13.0,5000,,LCD,5.5,
LG,LG Q6 Plus,19990,Mid Tier,Snapdragon,Snapdragon 435,4.0,64.0,13.0,1,5.0,3000,,LCD,5.5,
Karbonn,Karbonn K9 Smart Eco,3450,Budget Tier,Spreadtrum,Spreadtrum SC7731G,1.0,8.0,2.0,1,2.0,2300,,TFT,5.0,
Celkon,Celkon UFeel 4G 16GB,5999,Budget Tier,Spreadtrum,Spreadtrum SC9832A,2.0,16.0,8.0,1,5.0,2500,,LCD,5.0,
Karbonn,Karbonn A1 Indian,3499,Budget Tier,,,1.0,8.0,3.2,1,2.0,1500,,TFT,4.0,
Xiaomi,Xiaomi Redmi 4A 32GB,6999,Budget Tier,Snapdragon,Snapdragon 425,3.0,32.0,13.0,1,5.0,3120,,LCD,5.0,
Panasonic,Panasonic P77 16GB,6990,Budget Tier,MediaTek,MediaTek MT6735P,1.0,16.0,8.0,1,2.0,2000,,LCD,5.0,
Nokia,Nokia 6,15999,Mid Tier,Snapdragon,Snapdragon 430,3.0,32.0,16.0,1,8.0,3000,,LCD,5.5,
LG,LG K8 2017,8999,Budget Tier,MediaTek,MediaTek MT6735,2.0,16.0,13.0,1,5.0,2500,,LCD,5.0,
Panasonic,Panasonic Eluga I2 Activ,7490,Budget Tier,MediaTek,MediaTek MT6737,1.0,16.0,8.0,1,5.0,2200,,LCD,5.0,
Panasonic,Panasonic Eluga I2 Activ 2GB RAM,8490,Budget Tier,MediaTek,MediaTek MT6737,2.0,16.0,8.0,1,5.0,2200,,LCD,5.0,
Karbonn,Karbonn K9 Smart Yuva,5043,Budget Tier,,,1.0,8.0,5.0,1,2.0,2300,,TFT,4.5,
Gionee,Gionee X1,7100,Budget Tier,MediaTek,MediaTek MT6737,2.0,16.0,8.0,1,8.0,3000,,LCD,5.0,
Lenovo,Lenovo K8 Note,8499,Budget Tier,MediaTek,MediaTek MT6797D,4.0,64.0,13.0,2,13.0,4000,,LCD,5.5,
Asus,Asus Zenfone Zoom S,26999,Mid Tier,Snapdragon,Snapdragon 625,4.0,64.0,12.0,2,13.0,5000,,AMOLED,5.5,
Asus,Asus ZenFone Go ZC500TG 16GB,6999,Budget Tier,MediaTek,MediaTek MT6580,2.0,16.0,8.0,1,2.0,2070,,LCD,5.0,
Nokia,Nokia 5,7078,Budget Tier,Snapdragon,Snapdragon 430,2.0,16.0,13.0,1,8.0,3000,,LCD,5.2,
Lava,Lava A97 2GB Plus,7699,Budget Tier,Spreadtrum,Spreadtrum SC9832A,2.0,16.0,8.0,1,5.0,2350,,TFT,5.0,
Panasonic,Panasonic Eluga A3 Pro,12990,Budget Tier,MediaTek,MediaTek MT6753,3.0,32.0,13.0,1,8.0,4000,,LCD,5.2,
LG,LG Q6,16990,Mid Tier,Snapdragon,Snapdragon 435,3.0,32.0,13.0,1,5.0,3000,,LCD,5.5,
Karbonn,Karbonn A41 Power,3000,Budget Tier,,,1.0,8.0,2.0,1,0.3,2300,,TFT,4.0,
Infinix,Infinix Hot 4 Pro,7499,Budget Tier,MediaTek,MediaTek MT6737,3.0,16.0,13.0,1,5.0,4000,,LCD,5.5,
Infinix,Infinix Note 4,8999,Budget Tier,MediaTek,MediaTek MT6753,3.0,32.0,13.0,1,8.0,4300,,LCD,5.7,
Celkon,Celkon Diamond Mega 4G 2GB RAM,6899,Budget Tier,,,2.0,16.0,8.0,1,5.0,2700,,LCD,5.5,
Xiaomi,Xiaomi Mi Max 2,14999,Budget Tier,Snapdragon,Snapdragon 625,4.0,64.0,12.0,1,5.0,5300,,LCD,6.4,
iVooMi,iVooMi Me4,3855,Budget Tier,MediaTek,MediaTek MT6737M,1.0,8.0,5.0,1,5.0,2000,,TFT,4.5,
iVooMi,iVooMi Me5,3798,Budget Tier,Spreadtrum,Spreadtrum SC9832A,2.0,16.0,8.0,1,5.0,3000,,LCD,5.0,
Intex,Intex Aqua Lions 3,4974,Budget Tier,MediaTek,MediaTek MT6737,2.0,16.0,8.0,1,8.0,4000,,LCD,5.0,
Micromax,Micromax Canvas1,6997,Budget Tier,MediaTek,MediaTek MT6737,2.0,16.0,8.0,1,5.0,2500,,LCD,5.0,
Panasonic,Panasonic P55 Max,8499,Budget Tier,MediaTek,MediaTek MT6737,3.0,16.0,13.0,1,5.0,5000,,LCD,5.5,
Asus,Asus Zenfone AR ZS571KL,49999,Ultra-Premium Tier,Snapdragon,Snapdragon 821,8.0,128.0,23.0,1,8.0,3300,,AMOLED,5.7,
Moto,Moto E4 Plus,9999,Budget Tier,MediaTek,MediaTek MT6737,3.0,32.0,13.0,1,5.0,5000,,LCD,5.5,
Samsung,Samsung Galaxy On Max,19900,Mid Tier,MediaTek,MediaTek MT6757T,4.0,32.0,13.0,1,13.0,3300,,LCD,5.7,
OnePlus,OnePlus 5 128GB,37999,High Tier,Snapdragon,Snapdragon 835,8.0,128.0,16.0,2,16.0,3300,,AMOLED,5.5,
Moto,Moto C Plus,5999,Budget Tier,MediaTek,MediaTek MT6737,2.0,16.0,8.0,1,2.0,4000,,LCD,5.0,
Samsung,Samsung Galaxy J7 Max,15900,Mid Tier,MediaTek,MediaTek MT6757,4.0,32.0,13.0,1,13.0,3300,,TFT,5.7,
Intex,Intex Aqua S3,6649,Budget Tier,Spreadtrum,Spreadtrum SC9832A,2.0,16.0,8.0,1,5.0,2450,,LCD,5.0,
Nokia,Nokia 3,9999,Budget Tier,MediaTek,MediaTek MT6737,2.0,16.0,8.0,1,8.0,2630,,LCD,5.0,
Panasonic,Panasonic Eluga I3 Mega,11990,Budget Tier,MediaTek,MediaTek MT6735,3.0,16.0,13.0,1,5.0,4000,,LCD,5.5,
Intex,Intex Elyt E7,6990,Budget Tier,MediaTek,MediaTek MT6737V,3.0,32.0,13.0,1,5.0,4020,,LCD,5.2,
Yu,Yu Yureka Black,10999,Budget Tier,Snapdragon,Snapdragon 430,4.0,32.0,13.0,1,8.0,3000,,LCD,5.0,
Karbonn,Karbonn A12 Plus,4999,Budget Tier,Broadcom,Broadcom BCM21654G,512.0,4.0,5.0,1,0.3,1400,,LCD,4.0,
Lava,Lava Z10 3GB RAM,12000,Budget Tier,MediaTek,MediaTek MT6735,3.0,16.0,8.0,1,5.0,2620,,LCD,5.0,
Asus,Asus Zenfone Live 16GB,10499,Budget Tier,Snapdragon,Snapdragon 400,2.0,16.0,13.0,1,5.0,2650,,LCD,5.0,
Karbonn,Karbonn Aura Power 4G Plus,6590,Budget Tier,,,1.0,16.0,5.0,1,5.0,4000,,LCD,5.0,
Itel,Itel Wish A41 Plus,4490,Budget Tier,,,2.0,16.0,5.0,1,5.0,2400,,TFT,5.0,
Meizu,Meizu M5 32GB,8999,Budget Tier,MediaTek,MediaTek MT6750,3.0,32.0,13.0,1,5.0,3070,,LCD,5.2,
Panasonic,Panasonic Eluga Ray,7999,Budget Tier,MediaTek,MediaTek MT6737,3.0,16.0,13.0,1,5.0,4000,,LCD,5.0,
Asus,Asus ZenFone Go ZB552KL,8999,Budget Tier,Snapdragon,Snapdragon 410,2.0,16.0,13.0,1,5.0,3000,,LCD,5.5,
Intex,Intex Aqua A4,4999,Budget Tier,Spreadtrum,Spreadtrum SC9832A,1.0,8.0,5.0,1,2.0,1750,,TFT,4.0,
Lephone,Lephone W12,3600,Budget Tier,Spreadtrum,Spreadtrum SC9832A,1.0,16.0,8.0,1,2.0,2000,,LCD,5.0,
Smartron,Smartron srt.phone,13999,Budget Tier,Snapdragon,Snapdragon 652,4.0,32.0,13.0,1,5.0,3000,,LCD,5.5,
iVooMi,iVooMi ME1,4999,Budget Tier,,,1.0,8.0,5.0,1,5.0,3000,,LCD,5.0,
Samsung,Samsung Galaxy On Nxt 64GB,17900,Mid Tier,Samsung,Samsung Exynos 7 Octa 7870,3.0,64.0,13.0,1,8.0,3300,,TFT,5.5,
Alcatel,Alcatel Pixi 4 6,9499,Budget Tier,Snapdragon,Snapdragon 210,1.5,16.0,8.0,1,5.0,2580,,LCD,6.0,
Ziox,Ziox Astra Force 4G,4299,Budget Tier,,,1.0,16.0,5.0,1,5.0,3000,,TFT,5.0,
Gionee,Gionee A1,21499,Mid Tier,MediaTek,MediaTek MT6755,4.0,64.0,13.0,1,16.0,4010,,LCD,5.5,
Karbonn,Karbonn Titanium S4,13298,Budget Tier,,,1.0,4.0,13.0,1,2.0,1800,,AMOLED,4.7,
Panasonic,Panasonic Eluga Ray Max,11499,Budget Tier,Snapdragon,Snapdragon 430,4.0,32.0,16.0,1,8.0,3000,,LCD,5.2,
Panasonic,Panasonic Eluga Ray X,8999,Budget Tier,MediaTek,MediaTek MT6737,3.0,32.0,13.0,1,5.0,4000,,LCD,5.5,
Panasonic,Panasonic Eluga Ray Max 64GB,12499,Budget Tier,Snapdragon,Snapdragon 430,4.0,64.0,16.0,1,8.0,3000,,LCD,5.2,
Lava,Lava Z10,11500,Budget Tier,MediaTek,MediaTek MT6735,2.0,16.0,8.0,1,5.0,2620,,LCD,5.0,
Coolpad,Coolpad Note 5 Lite,8599,Budget Tier,MediaTek,MediaTek MT6735CP,3.0,16.0,13.0,1,8.0,2500,,LCD,5.0,
Moto,Moto G5 Plus 32GB,16999,Mid Tier,Snapdragon,Snapdragon 625,4.0,32.0,12.0,1,5.0,3000,,LCD,5.2,
HTC,HTC U Ultra,62990,Ultra-Premium Tier,Snapdragon,Snapdragon 821,4.0,64.0,12.0,1,16.0,3000,,LCD,5.7,
Apple,Apple iPhone 6 32GB,30780,High Tier,Apple,Apple A8,1.0,32.0,8.0,1,1.2,1810,,LCD,4.7,
Celkon,Celkon UFeel 4G,4949,Budget Tier,,,1.0,8.0,5.0,1,3.2,2500,,LCD,5.0,
Lenovo,Lenovo K5 Note 64GB,13499,Budget Tier,MediaTek,MediaTek MT6755,4.0,64.0,13.0,1,8.0,3500,,LCD,5.5,
Intex,Intex Aqua Lions 4G,6790,Budget Tier,Spreadtrum,Spreadtrum SC9832A,1.0,8.0,5.0,1,2.0,2000,,TFT,5.0,
Micromax,Micromax Vdeo 2,4990,Budget Tier,Spreadtrum,Spreadtrum SC9832A,1.0,8.0,5.0,1,2.0,1800,,TFT,4.5,
Asus,Asus Zenfone 3s Max,14999,Budget Tier,MediaTek,MediaTek MT6750,3.0,32.0,13.0,1,8.0,5000,,LCD,5.2,
Honor,Honor 6X,11999,Budget Tier,HiSilicon,HiSilicon Kirin,3.0,32.0,12.0,2,8.0,3340,,LCD,5.5,
Honor,Honor 6X 64GB,13999,Budget Tier,HiSilicon,HiSilicon Kirin,4.0,64.0,12.0,2,8.0,3340,,LCD,5.5,
Karbonn,Karbonn Smart A5 Star,4299,Budget Tier,,,0.25,0.5,3.2,1,0.3,1200,,TFT,3.2,
Intex,Intex Aqua Amaze Plus,6890,Budget Tier,Spreadtrum,Spreadtrum SC9832A,1.0,8.0,5.0,1,5.0,2000,,LCD,4.7,
Xiaomi,Xiaomi Redmi Note 4 32GB,10649,Budget Tier,Snapdragon,Snapdragon 625,3.0,32.0,13.0,1,5.0,4100,,LCD,5.5,
Lenovo,Lenovo P2,17999,Mid Tier,Snapdragon,Snapdragon 625,4.0,32.0,13.0,1,5.0,5100,,AMOLED,5.5,
Lenovo,Lenovo P2 3GB RAM,16999,Mid Tier,Snapdragon,Snapdragon 625,3.0,32.0,13.0,1,5.0,5100,,AMOLED,5.5,
XOLO,XOLO Era 2X,8099,Budget Tier,MediaTek,MediaTek MT6737,3.0,16.0,8.0,1,5.0,2500,,LCD,5.0,
XOLO,XOLO Era 2X 2GB RAM,7499,Budget Tier,MediaTek,MediaTek MT6737,2.0,16.0,8.0,1,5.0,2500,,LCD,5.0,
Swipe,Swipe Konnect Grand,3999,Budget Tier,Spreadtrum,Spreadtrum SC7731,1.0,8.0,5.0,1,2.0,2500,,LCD,5.0,
Asus,Asus ZenFone Go ZB450KL,7499,Budget Tier,Snapdragon,Snapdragon 410,1.0,8.0,8.0,1,2.0,2070,,TFT,4.5,
Lyf,Lyf Water 3,6599,Budget Tier,Snapdragon,Snapdragon 616,2.0,16.0,13.0,1,5.0,3000,,TFT,5.5,
Lyf,Lyf F1S,6999,Budget Tier,Snapdragon,Snapdragon 652,3.0,32.0,16.0,1,5.0,3000,,LCD,5.2,
Asus,Asus Zenfone 3 Max ZC553KL,18999,Mid Tier,Snapdragon,Snapdragon 430,3.0,32.0,16.0,1,8.0,4100,,LCD,5.5,
Lenovo,Lenovo K6 Note,8505,Budget Tier,Snapdragon,Snapdragon 430,4.0,32.0,16.0,1,8.0,4000,,LCD,5.5,
Lenovo,Lenovo K6 Note 3GB RAM,8608,Budget Tier,Snapdragon,Snapdragon 430,3.0,32.0,16.0,1,8.0,4000,,LCD,5.5,
Panasonic,Panasonic P88,4099,Budget Tier,MediaTek,MediaTek MT6737,2.0,16.0,13.0,1,5.0,2600,,LCD,5.3,
Swipe,Swipe Elite Star,3999,Budget Tier,,,1.0,8.0,5.0,1,1.3,2000,,TFT,4.0,
Gionee,Gionee P7,9999,Budget Tier,MediaTek,MediaTek MT6737,2.0,16.0,8.0,1,5.0,2300,,LCD,5.0,
LG,LG V20,60000,Ultra-Premium Tier,Snapdragon,Snapdragon 820,4.0,64.0,16.0,2,5.0,3200,,LCD,5.7,
Asus,Asus Zenfone 3 Deluxe,50999,Ultra-Premium Tier,Snapdragon,Snapdragon 820,6.0,64.0,23.0,1,8.0,3000,,AMOLED,5.7,
Asus,Asus Zenfone 3 Deluxe 256GB,63999,Ultra-Premium Tier,Snapdragon,Snapdragon 821,6.0,256.0,23.0,1,8.0,3000,,AMOLED,5.7,
Micromax,Micromax Canvas Spark 4G,4499,Budget Tier,MediaTek,MediaTek MT6735M,1.0,8.0,5.0,1,2.0,2000,,LCD,5.0,
Panasonic,Panasonic Eluga Mark 2,13990,Budget Tier,MediaTek,MediaTek MT6753,3.0,32.0,13.0,1,5.0,3000,,LCD,5.5,
Panasonic,Panasonic Eluga Tapp,6500,Budget Tier,MediaTek,MediaTek,2.0,16.0,8.0,1,5.0,2800,,LCD,5.0,
Asus,Asus Zenfone 3 Max,13999,Budget Tier,MediaTek,MediaTek MT6737,3.0,32.0,13.0,1,5.0,4100,,LCD,5.2,
Lenovo,Lenovo Phab 2 Plus,16000,Mid Tier,MediaTek,MediaTek MT8783,3.0,32.0,13.0,2,8.0,4050,,LCD,6.4,
XOLO,XOLO Era 2,5299,Budget Tier,Spreadtrum,Spreadtrum SC9832A,1.0,8.0,5.0,1,5.0,2350,,LCD,5.0,
Coolpad,Coolpad Note 5,11999,Budget Tier,Snapdragon,Snapdragon 617,4.0,32.0,13.0,1,8.0,4010,,LCD,5.5,
Intex,Intex Aqua 5.5 VR,5849,Budget Tier,MediaTek,MediaTek MT6737,1.0,8.0,5.0,1,5.0,2800,,LCD,5.5,
Honor,Honor Holly 3,10499,Budget Tier,HiSilicon,HiSilicon Kirin,2.0,16.0,13.0,1,8.0,3100,,LCD,5.5,
Gionee,Gionee P7 Max,5999,Budget Tier,MediaTek,MediaTek MT6595,3.0,32.0,13.0,1,5.0,3100,,LCD,5.5,
Sony,Sony Xperia XZ,49990,Ultra-Premium Tier,Snapdragon,Snapdragon 820,3.0,64.0,23.0,1,13.0,2900,,LCD,5.2,
Apple,Apple iPhone 7 128GB,34900,High Tier,Apple,Apple A10 Fusion,2.0,128.0,12.0,1,7.0,1960,,LCD,4.7,
Apple,Apple iPhone 7 256GB,74400,Ultra-Premium Tier,Apple,Apple A10 Fusion,2.0,256.0,12.0,1,7.0,1960,,LCD,4.7,
Apple,Apple iPhone 6S Plus 32GB,34900,High Tier,Apple,Apple A9,2.0,32.0,12.0,1,5.0,2750,,LCD,5.5,
Lenovo,Lenovo A6600,6900,Budget Tier,MediaTek,MediaTek MT6735P,1.0,16.0,8.0,1,2.0,2300,,LCD,5.0,
Lenovo,Lenovo A7700,7400,Budget Tier,MediaTek,MediaTek MT6735P,2.0,16.0,8.0,1,2.0,2900,,LCD,5.5,
Lava,Lava A97,3499,Budget Tier,Spreadtrum,Spreadtrum SC9832A,1.0,8.0,5.0,1,5.0,2350,,TFT,5.0,
Lenovo,Lenovo Z2 Plus 32GB (Zuk Z2),15499,Mid Tier,Snapdragon,Snapdragon 820,3.0,32.0,13.0,1,8.0,3500,,LCD,5.0,
XOLO,XOLO Era 1X,5149,Budget Tier,Spreadtrum,Spreadtrum SC9832A,1.0,8.0,8.0,1,5.0,2500,,LCD,5.0,
Samsung,Samsung Z2,4790,Budget Tier,Spreadtrum,Spreadtrum SC9830A,1.0,8.0,5.0,1,0.3,1500,,TFT,4.0,
Lyf,Lyf Water 10,4399,Budget Tier,MediaTek,MediaTek MT6753,3.0,16.0,13.0,1,5.0,2300,,LCD,5.0,
Panasonic,Panasonic P55 Novo 3GB RAM,6500,Budget Tier,MediaTek,MediaTek MT6592M,3.0,16.0,13.0,1,5.0,2500,,LCD,5.3,
Coolpad,Coolpad Mega 2.5D,7999,Budget Tier,MediaTek,MediaTek MT6735P,3.0,16.0,8.0,1,8.0,2500,,LCD,5.5,
Gionee,Gionee S6s,13490,Budget Tier,MediaTek,MediaTek MT6753,3.0,32.0,13.0,1,8.0,3150,,LCD,5.5,
Yu,Yu Yunique Plus,4999,Budget Tier,Snapdragon,Snapdragon 410,2.0,8.0,8.0,1,2.0,2000,,LCD,4.7,
Micromax,Micromax Canvas 5 Lite Special Edition,6499,Budget Tier,MediaTek,MediaTek MT6735,3.0,16.0,8.0,1,5.0,2000,,LCD,5.0,
Lyf,Lyf Wind 7,3499,Budget Tier,Snapdragon,Snapdragon 210,2.0,16.0,8.0,1,5.0,2250,,LCD,5.0,
Asus,Asus Zenfone 3,22999,Mid Tier,Snapdragon,Snapdragon 625,3.0,32.0,16.0,1,8.0,2650,,LCD,5.2,
Lyf,Lyf Flame 7,3499,Budget Tier,Spreadtrum,Spreadtrum SC9830A,1.0,8.0,5.0,1,2.0,1750,,TFT,4.0,
Lyf,Lyf Flame 8,4199,Budget Tier,Snapdragon,Snapdragon 210,1.0,8.0,8.0,1,5.0,2000,,TFT,4.5,
Yu,Yu Yureka S,14999,Budget Tier,Snapdragon,Snapdragon 616,3.0,16.0,13.0,1,5.0,3000,,LCD,5.2,
Lenovo,Lenovo Vibe K5 Plus 3GB RAM,7999,Budget Tier,Snapdragon,Snapdragon 616,3.0,16.0,13.0,1,5.0,2750,,LCD,5.0,
Lyf,Lyf Wind 2,4999,Budget Tier,MediaTek,MediaTek MT6735M,2.0,16.0,8.0,1,2.0,2850,,LCD,6.0,
Lenovo,Lenovo K5 Note 3GB RAM,10999,Budget Tier,MediaTek,MediaTek MT6755,3.0,32.0,13.0,1,8.0,3500,,LCD,5.5,
Asus,Asus Zenfone Selfie 3GB RAM 16GB,9999,Budget Tier,Snapdragon,Snapdragon 615,3.0,16.0,13.0,1,13.0,3000,,LCD,5.5,
Panasonic,Panasonic T44 Lite,2999,Budget Tier,MediaTek,MediaTek MT6580,512.0,8.0,2.0,1,0.3,2400,,TFT,4.0,
Lava,Lava X50,8699,Budget Tier,MediaTek,MediaTek MT6735,2.0,8.0,8.0,1,5.0,2800,,LCD,5.5,
Lyf,Lyf Water 8,10999,Budget Tier,Snapdragon,Snapdragon 615,3.0,16.0,13.0,1,5.0,2600,,AMOLED,5.0,
Zen,Zen Cinemax 3,3299,Budget Tier,,,2.0,16.0,5.0,1,3.2,2900,,LCD,5.5,
Sony,Sony Xperia XA Ultra Dual,24990,Mid Tier,MediaTek,MediaTek MT6755,3.0,16.0,21.5,1,16.0,2700,,LCD,6.0,
Karbonn,Karbonn Aura Power 4G,4999,Budget Tier,MediaTek,MediaTek,1.0,8.0,5.0,1,2.0,4000,,LCD,5.0,
Xiaomi,Xiaomi Mi Max,14999,Budget Tier,Snapdragon,Snapdragon 650,3.0,32.0,16.0,1,5.0,4850,,LCD,6.4,
Lyf,Lyf Earth 2,4799,Budget Tier,Snapdragon,Snapdragon 615,3.0,32.0,13.0,1,13.0,2500,,LCD,5.0,
Sony,Sony Xperia XA Dual,11990,Budget Tier,MediaTek,MediaTek MT6755,2.0,16.0,13.0,1,8.0,2300,,LCD,5.0,
Panasonic,Panasonic T30,2500,Budget Tier,,,512.0,4.0,5.0,1,2.0,1400,,TFT,4.0,
Hyve,Hyve Buzz,13999,Budget Tier,MediaTek,MediaTek MT6753,3.0,16.0,13.0,1,5.0,2500,,LCD,5.5,
Videocon,Videocon Graphite1 V45ED,3171,Budget Tier,MediaTek,MediaTek MT6735M,1.0,8.0,5.0,1,3.2,2000,,LCD,4.5,
Panasonic,Panasonic T44,2799,Budget Tier,MediaTek,MediaTek MT6580,1.0,8.0,5.0,1,2.0,2400,,TFT,4.0,
HTC,HTC 10,47990,Ultra-Premium Tier,Snapdragon,Snapdragon 820,4.0,32.0,12.0,1,5.0,3000,,LCD,5.2,
Panasonic,Panasonic P75,7490,Budget Tier,MediaTek,MediaTek MT6580,1.0,8.0,8.0,1,5.0,5000,,LCD,5.0,
Lyf,Lyf Water 7,9999,Budget Tier,Snapdragon,Snapdragon 616,2.0,16.0,13.0,1,5.0,3000,,LCD,5.5,
Lyf,Lyf Wind 1,3250,Budget Tier,Snapdragon,Snapdragon 410,1.0,16.0,8.0,1,5.0,2300,,LCD,5.0,
Xiaomi,Xiaomi Mi5,24999,Mid Tier,Snapdragon,Snapdragon 820,3.0,32.0,16.0,1,4.0,3000,,LCD,5.15,
Intex,Intex Cloud Glory 4G,3912,Budget Tier,MediaTek,MediaTek MT6735M,1.0,8.0,5.0,1,2.0,1800,,LCD,4.5,
Sony,Sony Xperia X Dual,38990,High Tier,Snapdragon,Snapdragon 650,3.0,64.0,23.0,1,13.0,2620,,LCD,5.0,
Meizu,Meizu M3 Note,10499,Budget Tier,MediaTek,MediaTek MT6755,3.0,32.0,13.0,1,5.0,4100,,LCD,5.5,
Coolpad,Coolpad Max,11499,Budget Tier,Snapdragon,Snapdragon 617,4.0,64.0,13.0,1,5.0,2800,,LCD,5.5,
Panasonic,Panasonic Eluga A2,6799,Budget Tier,MediaTek,MediaTek MT6735M,3.0,16.0,8.0,1,5.0,4000,,LCD,5.0,
Intex,Intex Cloud String HD,5599,Budget Tier,Spreadtrum,Spreadtrum SC9832A,1.0,8.0,8.0,1,5.0,2200,,LCD,5.0,
Yu,Yu Yureka Note,14999,Budget Tier,MediaTek,MediaTek MT6753T,3.0,16.0,13.0,1,8.0,4000,,LCD,6.0,
Asus,Asus Zenfone Max 2016 3GB RAM,14499,Budget Tier,Snapdragon,Snapdragon 615,3.0,32.0,13.0,1,5.0,5000,,LCD,5.5,
Asus,Asus Zenfone Max 2016 2GB RAM,9999,Budget Tier,Snapdragon,Snapdragon 615,2.0,32.0,13.0,1,5.0,5000,,LCD,5.5,
Lyf,Lyf Flame 2,5000,Budget Tier,MediaTek,MediaTek MT6735M,1.0,8.0,5.0,1,2.0,1500,,LCD,4.0,
Micromax,Micromax Canvas 6,9999,Budget Tier,MediaTek,MediaTek MT6753,3.0,32.0,13.0,1,8.0,3000,,LCD,5.5,
Lava,Lava A52,3599,Budget Tier,MediaTek,MediaTek MT6572W,512.0,4.0,2.0,1,0.3,1200,,TFT,4.0,
Asus,Asus Zenfone Go 4.5 ZB452KG,5299,Budget Tier,Snapdragon,Snapdragon 200,1.0,8.0,5.0,1,0.3,2070,,TFT,4.5,
Gionee,Gionee P5 Mini,3999,Budget Tier,MediaTek,MediaTek MT6580M,1.0,8.0,5.0,1,2.0,1850,,LCD,4.5,
Asus,Asus Zenfone Go 5.0 LTE T500,7999,Budget Tier,Snapdragon,Snapdragon 410,2.0,16.0,8.0,1,5.0,2500,,LCD,5.0,
Lenovo,Lenovo Vibe K5 Plus,8499,Budget Tier,Snapdragon,Snapdragon 616,2.0,16.0,13.0,1,5.0,2750,,LCD,5.0,
Panasonic,Panasonic T50,3499,Budget Tier,MediaTek,MediaTek MT6580M,1.0,8.0,5.0,1,2.0,1600,,LCD,4.5,
Honor,Honor Holly 2 Plus,8499,Budget Tier,MediaTek,MediaTek MT6735P,2.0,16.0,13.0,1,5.0,4000,,LCD,5.0,
Panasonic,Panasonic P66 Mega,5999,Budget Tier,MediaTek,MediaTek MT6735,2.0,16.0,8.0,1,5.0,3200,,LCD,5.0,
Intex,Intex Aqua Craze,4999,Budget Tier,MediaTek,MediaTek MT6735P,1.0,8.0,8.0,1,2.0,2500,,LCD,5.0,
Spice,Spice Xlife 435Q,4100,Budget Tier,,,512.0,8.0,5.0,1,2.0,1500,,TFT,4.0,
Honor,Honor 5X,12999,Budget Tier,Snapdragon,Snapdragon 616,2.0,16.0,13.0,1,5.0,3000,,LCD,5.5,
Gionee,Gionee P5W,4599,Budget Tier,MediaTek,MediaTek MT6735,1.0,16.0,5.0,1,2.0,2000,,LCD,5.0,
Panasonic,Panasonic Eluga Turbo,8999,Budget Tier,MediaTek,MediaTek MT6753,3.0,32.0,13.0,1,5.0,2350,,LCD,5.0,
Asus,Asus Zenfone Zoom ZX551ML 128GB,37999,High Tier,Intel,Intel Atom,4.0,128.0,13.0,1,5.0,3000,,LCD,5.5,
Lenovo,Lenovo A7000 Turbo,11100,Budget Tier,MediaTek,MediaTek MT6752,2.0,16.0,13.0,1,5.0,2900,,LCD,5.5,
Gionee,Gionee M5 Lite,12999,Budget Tier,MediaTek,MediaTek MT6735,3.0,32.0,8.0,1,5.0,4000,,LCD,5.0,
Intex,Intex Cloud 4G Smart,5999,Budget Tier,Spreadtrum,Spreadtrum SC9830A,1.0,8.0,5.0,1,2.0,2000,,LCD,5.0,
Karbonn,Karbonn K9 Smart,3400,Budget Tier,MediaTek,MediaTek MT6572,512.0,8.0,3.2,1,1.3,2300,,TFT,5.0,
Asus,Asus Zenfone Go ZC451TG,5299,Budget Tier,MediaTek,MediaTek MT6580,1.0,8.0,5.0,1,0.3,1600,,LCD,4.5,
Intex,Intex Aqua Star 4G,6299,Budget Tier,MediaTek,MediaTek MT6735P,1.0,8.0,8.0,1,2.0,2000,,LCD,5.0,
Google,Google Nexus 6P Special Edition,42998,High Tier,Snapdragon,Snapdragon 810,3.0,64.0,12.3,1,8.0,3450,,AMOLED,5.7,
Asus,Asus Zenfone 2 Laser ZE601KL,17999,Mid Tier,Snapdragon,Snapdragon 616,3.0,32.0,13.0,1,5.0,3000,,LCD,6.0,
Intex,Intex Cloud Cube,3299,Budget Tier,Spreadtrum,Spreadtrum SC7731G,512.0,8.0,2.0,1,0.3,2000,,TFT,4.5,
Intex,Intex Aqua Q7,4290,Budget Tier,Spreadtrum,Spreadtrum SC7731,512.0,8.0,2.0,1,0.3,2000,,TFT,4.5,
Samsung,Samsung Galaxy On7,9990,Budget Tier,Snapdragon,Snapdragon 410,1.5,8.0,13.0,1,5.0,3000,,TFT,5.5,
Gionee,Gionee Elife S Plus,12999,Budget Tier,MediaTek,MediaTek MT6753,3.0,16.0,13.0,1,5.0,3150,,AMOLED,5.5,
Lenovo,Lenovo Vibe P1m,6999,Budget Tier,MediaTek,MediaTek MT6735P,2.0,16.0,8.0,1,5.0,3900,,LCD,5.0,
Lenovo,Lenovo Vibe P1,15999,Mid Tier,Snapdragon,Snapdragon 615,2.0,32.0,13.0,1,5.0,5000,,LCD,5.5,
Asus,Asus Zenfone 2 Laser ZE550KL 3GB RAM,12999,Budget Tier,Snapdragon,Snapdragon 615,3.0,16.0,13.0,1,5.0,3000,,LCD,5.5,
Google,Google Nexus 6P 64GB,42999,High Tier,Snapdragon,Snapdragon 810,3.0,64.0,12.3,1,8.0,3450,,AMOLED,5.7,
Google,Google Nexus 5X 32GB,29990,Mid Tier,Snapdragon,Snapdragon 808,2.0,32.0,12.3,1,5.0,2700,,LCD,5.2,
Apple,Apple iPhone 6s 16GB,62000,Ultra-Premium Tier,Apple,Apple A9,2.0,16.0,12.0,1,5.0,1715,,LCD,4.7,
Apple,Apple iPhone 6s Plus 64GB,59999,Ultra-Premium Tier,Apple,Apple A9,2.0,64.0,12.0,1,5.0,2750,,LCD,5.5,
Apple,Apple iPhone 6s Plus 128GB,70000,Ultra-Premium Tier,Apple,Apple A9,2.0,128.0,12.0,1,5.0,2750,,LCD,5.5,
Honor,Honor 7,22999,Mid Tier,HiSilicon,HiSilicon Kirin,3.0,16.0,20.0,1,8.0,3100,,LCD,5.2,
Panasonic,Panasonic P50 Idol,4199,Budget Tier,Spreadtrum,Spreadtrum SC7731G,1.0,8.0,8.0,1,2.0,2150,,LCD,5.0,
Lenovo,Lenovo Vibe Shot,12890,Budget Tier,Snapdragon,Snapdragon 615,3.0,32.0,16.0,1,8.0,2900,,LCD,5.0,
Intex,Intex Aqua Ace,9830,Budget Tier,MediaTek,MediaTek MT6735,3.0,16.0,13.0,1,5.0,2300,,AMOLED,5.0,
Asus,Asus Zenfone 2 ZE551ML 4GB RAM 16GB 1.8Ghz,16999,Mid Tier,Intel,Intel Atom,4.0,16.0,13.0,1,5.0,3000,,LCD,5.5,
Asus,Asus Zenfone Go,7999,Budget Tier,MediaTek,MediaTek MT6580,2.0,8.0,8.0,1,2.0,2070,,LCD,5.0,
Lava,Lava Pixel V2,9900,Budget Tier,MediaTek,MediaTek MT6735,2.0,16.0,13.0,1,8.0,2500,,LCD,5.0,
Motorola,Motorola Moto X Play 16GB,17499,Mid Tier,Snapdragon,Snapdragon 615,2.0,16.0,21.0,1,5.0,3630,,LCD,5.5,
Asus,Asus Zenfone 2 Laser ZE500KL,8999,Budget Tier,Snapdragon,Snapdragon 410,2.0,16.0,13.0,1,5.0,2070,,LCD,5.0,
Asus,Asus Zenfone 2 Laser ZE500KL 8GB,11549,Budget Tier,Snapdragon,Snapdragon 410,2.0,8.0,13.0,1,5.0,2070,,LCD,5.0,
Intex,Intex Aqua Trend,8880,Budget Tier,MediaTek,MediaTek MT6735,2.0,16.0,13.0,1,5.0,3000,,LCD,5.0,
Asus,Asus Zenfone 2 Laser ZE550KL,8499,Budget Tier,Snapdragon,Snapdragon 410,2.0,16.0,13.0,1,5.0,3000,,LCD,5.5,
Asus,Asus Zenfone 2 Deluxe 64GB,22999,Mid Tier,Intel,Intel Atom,4.0,64.0,13.0,1,5.0,3000,,LCD,5.5,
Asus,Asus Zenfone Selfie 32GB,17999,Mid Tier,Snapdragon,Snapdragon 615,3.0,32.0,13.0,1,13.0,3000,,LCD,5.5,
Panasonic,Panasonic P55 Novo 16GB,6699,Budget Tier,MediaTek,MediaTek MT6592M,2.0,16.0,13.0,1,5.0,2500,,LCD,5.3,
Karbonn,Karbonn Titanium Mach Five,4999,Budget Tier,MediaTek,MediaTek MT6582,2.0,16.0,8.0,1,5.0,2200,,LCD,5.0,
Intex,Intex Cloud 4G Star,7999,Budget Tier,MediaTek,MediaTek MT6735,2.0,16.0,13.0,1,5.0,2300,,LCD,5.0,
Xiaomi,Xiaomi Mi4i 32GB,14999,Budget Tier,Snapdragon,Snapdragon 615,2.0,32.0,13.0,1,5.0,3120,,LCD,5.0,
Lava,Lava Pixel V1,8649,Budget Tier,MediaTek,MediaTek MT6582,2.0,32.0,13.0,1,8.0,2650,,LCD,5.5,
Yu,Yu Yureka Plus,6499,Budget Tier,Snapdragon,Snapdragon 615,2.0,16.0,13.0,1,5.0,2500,,LCD,5.5,
Samsung,Samsung Galaxy J7,8999,Budget Tier,Samsung,Samsung Exynos 7 Octa 7580,1.5,16.0,13.0,1,5.0,3000,,AMOLED,5.5,
XOLO,XOLO Black,11936,Budget Tier,Snapdragon,Snapdragon 615,2.0,16.0,13.0,2,5.0,3200,,LCD,5.5,
HTC,HTC Desire 820G+ Dual SIM,11490,Budget Tier,MediaTek,MediaTek MT6592,1.0,16.0,13.0,1,8.0,2600,,LCD,5.5,
HTC,HTC Desire 326G Dual SIM,9590,Budget Tier,Spreadtrum,Spreadtrum SC7731G,1.0,8.0,8.0,1,2.0,2000,,TFT,4.5,
Sony,Sony Xperia C4 Dual,19699,Mid Tier,MediaTek,MediaTek MT6752,2.0,16.0,13.0,1,5.0,2600,,LCD,5.5,
Intex,Intex Aqua 3G Pro,3790,Budget Tier,Spreadtrum,Spreadtrum SC7715,512.0,4.0,2.0,1,0.3,1400,,TFT,4.0,
Lava,Lava Flair P1,3399,Budget Tier,,,256.0,2.0,2.0,1,0.3,1400,,TFT,4.0,
Sony,Sony Xperia M4 Aqua Dual 16GB,24990,Mid Tier,Snapdragon,Snapdragon 615,2.0,16.0,13.0,1,5.0,2400,,LCD,5.0,
Honor,Honor 4C,8999,Budget Tier,HiSilicon,HiSilicon Kirin,2.0,8.0,13.0,1,5.0,2550,,LCD,5.0,
Karbonn,Karbonn Titanium S15 Plus,3999,Budget Tier,,,512.0,8.0,5.0,1,0.3,1400,,LCD,4.0,
Sony,Sony Xperia E4g Dual,13490,Budget Tier,MediaTek,MediaTek MT6732,1.0,8.0,5.0,1,2.0,2300,,LCD,4.7,
Lenovo,Lenovo A5000,9999,Budget Tier,MediaTek,MediaTek MT6582,1.0,8.0,8.0,1,2.0,4000,,LCD,5.0,
Asus,Asus Zenfone 2 ZE551ML 4GB RAM 128GB 2.3GHz,29999,Mid Tier,Intel,Intel Atom,4.0,128.0,13.0,1,5.0,3000,,LCD,5.5,
Asus,"Asus Zenfone 2 ZE550ML (2GB RAM, HD, 16GB, 1.8GHz)",12999,Budget Tier,Intel,Intel Atom,2.0,16.0,13.0,1,5.0,3000,,LCD,5.5,
Asus,"Asus Zenfone 2 ZE551ML (2GB RAM, Full HD, 16GB, 1.8GHz)",13999,Budget Tier,Intel,Intel Atom,2.0,16.0,13.0,1,5.0,3000,,LCD,5.5,
Asus,Asus Zenfone 2 ZE551ML 4GB RAM 32GB 2.3GHz,18999,Mid Tier,Intel,Intel Atom,4.0,32.0,13.0,1,5.0,3000,,LCD,5.5,
HTC,HTC Desire 626G Plus,8999,Budget Tier,MediaTek,MediaTek MT6752,1.0,8.0,13.0,1,5.0,2000,,LCD,5.0,
HTC,HTC Desire 826,18249,Mid Tier,Snapdragon,Snapdragon 615,2.0,16.0,13.0,1,13.0,2600,,LCD,5.5,
Honor,Honor 4X,9999,Budget Tier,Snapdragon,Snapdragon 410,2.0,8.0,13.0,1,5.0,3000,,LCD,5.5,
Sony,Sony Xperia E4 Dual,9599,Budget Tier,MediaTek,MediaTek MT6582,1.0,8.0,5.0,1,2.0,2300,,LCD,5.0,
Lava,Lava Iris Fuel 25,5699,Budget Tier,MediaTek,MediaTek MT6572,512.0,4.0,5.0,1,0.3,3000,,TFT,5.0,
HTC,HTC Desire 820s Dual SIM,25500,Mid Tier,MediaTek,MediaTek MT6752,2.0,16.0,13.0,1,8.0,2600,,TFT,5.5,
Karbonn,Karbonn Titanium Mach Two S360,9999,Budget Tier,MediaTek,MediaTek MT6592M,1.0,8.0,8.0,1,8.0,1900,,LCD,5.0,
Lava,Lava Iris 325 Style,3299,Budget Tier,,,0.25,0.5,2.0,1,0.3,1350,,TFT,3.5,
Lava,Lava Iris X8,6349,Budget Tier,MediaTek,MediaTek MT6592M,2.0,16.0,8.0,1,3.0,2500,,LCD,5.0,
Asus,Asus Zenfone C ZC451CG,6299,Budget Tier,Intel,Intel Atom,1.0,8.0,5.0,1,0.3,2100,,LCD,4.5,
Lava,Lava Iris X1 Grand,7499,Budget Tier,MediaTek,MediaTek MT6582M,1.0,8.0,8.0,1,2.0,2200,,LCD,5.0,
Lava,Lava Iris X1 Mini,4499,Budget Tier,,,512.0,4.0,5.0,1,0.3,1750,,LCD,4.0,
HTC,HTC Desire 816G 2015,21990,Mid Tier,,,1.0,16.0,13.0,1,5.0,2600,,LCD,5.5,
HTC,HTC Desire 526G Plus 16GB,6999,Budget Tier,MediaTek,MediaTek MT6592,1.0,16.0,8.0,1,2.0,2000,,TFT,4.7,
HTC,HTC Desire 526G Plus 8GB,12400,Budget Tier,MediaTek,MediaTek MT6592,1.0,8.0,8.0,1,2.0,2000,,TFT,4.7,
Zopo,Zopo ZP590,2690,Budget Tier,MediaTek,MediaTek MT6582,512.0,4.0,5.0,1,2.0,1700,,LCD,4.5,
Asus,"Asus Zenfone 5 A501CG (8GB, 1.2GHz)",8499,Budget Tier,Intel,Intel Atom,2.0,8.0,8.0,1,2.0,2110,,LCD,5.0,
XOLO,XOLO Omega 5.0,8990,Budget Tier,MediaTek,MediaTek MT6592M,1.0,8.0,8.0,1,2.0,2100,,LCD,5.0,
HTC,HTC Desire 620G,17900,Mid Tier,MediaTek,MediaTek MT6592,1.0,8.0,8.0,1,5.0,2100,,LCD,5.0,
Asus,Asus Zenfone 5 Lite,8499,Budget Tier,Intel,Intel Atom,1.0,8.0,8.0,1,0.3,2500,,LCD,5.0,
Lava,Lava Iris Win1,5999,Budget Tier,Snapdragon,Snapdragon 200,1.0,8.0,5.0,1,0.3,1950,,LCD,4.0,
Karbonn,Karbonn Titanium S8,6499,Budget Tier,,,1.0,8.0,8.0,1,0.3,1800,,LCD,5.0,
Alcatel,Alcatel One Touch Flash,9999,Budget Tier,MediaTek,MediaTek MT6592M,1.0,8.0,13.0,1,5.0,3200,,LCD,5.5,
Lava,Lava Iris Selfie 50,6696,Budget Tier,Broadcom,Broadcom BCM23550,1.0,8.0,8.0,1,5.0,2400,,LCD,5.0,
Lenovo,Lenovo Vibe X2,17499,Mid Tier,MediaTek,MediaTek MT6595M,2.0,32.0,13.0,1,5.0,2300,,LCD,5.0,
HTC,HTC Desire 820,25999,Mid Tier,Snapdragon,Snapdragon 615,2.0,16.0,13.0,1,8.0,2600,,LCD,5.5,
Lava,Lava Iris X1 16GB,7800,Budget Tier,Broadcom,Broadcom BCM23550,1.0,16.0,8.0,1,2.0,1800,,LCD,4.5,
Honor,Honor Holly,5999,Budget Tier,MediaTek,MediaTek MT6582,1.0,16.0,8.0,1,2.0,2000,,LCD,5.0,
Lenovo,Lenovo RocStar A319,6999,Budget Tier,MediaTek,MediaTek MT6572,512.0,4.0,5.0,1,2.0,1500,,LCD,4.0,
Apple,Apple iPhone 6 64GB,62000,Ultra-Premium Tier,Apple,Apple A8,1.0,64.0,8.0,1,1.2,1810,,LCD,4.7,
Apple,Apple iPhone 6 128GB,71500,Ultra-Premium Tier,Apple,Apple A8,1.0,128.0,8.0,1,1.2,1810,,LCD,4.7,
HTC,HTC Desire 816G,21999,Mid Tier,MediaTek,MediaTek MT6582,1.0,8.0,13.0,1,5.0,2600,,LCD,5.5,
Apple,Apple iPhone 6 Plus 16GB,62000,Ultra-Premium Tier,Apple,Apple A8,1.0,16.0,8.0,1,1.2,2915,,LCD,5.5,
Apple,Apple iPhone 6 Plus 64GB,48999,Ultra-Premium Tier,Apple,Apple A8,1.0,64.0,8.0,1,1.2,2915,,LCD,5.5,
Honor,Honor 6,14999,Budget Tier,HiSilicon,HiSilicon Kirin,3.0,16.0,13.0,1,5.0,3100,,LCD,5.0,
Motorola,Motorola Moto X (2nd Gen) 16GB,23999,Mid Tier,Snapdragon,Snapdragon 801,2.0,16.0,13.0,1,2.0,2300,,AMOLED,5.2,
Sony,Sony Xperia Z3 Compact,38990,High Tier,Snapdragon,Snapdragon 801,2.0,16.0,20.7,1,2.2,2600,,LCD,4.6,
Lava,Lava Iris 400Q,6349,Budget Tier,,,1.0,4.0,5.0,1,0.3,1700,,LCD,4.0,
Lava,Lava Iris X5,9000,Budget Tier,Broadcom,Broadcom BCM23550,1.0,8.0,8.0,1,5.0,2100,,LCD,5.0,
Nokia,Nokia X2,5359,Budget Tier,Snapdragon,Snapdragon 200,1.0,4.0,5.0,1,0.3,1800,,LCD,4.3,
Asus,Asus Zenfone 4 A450CG,6007,Budget Tier,Intel,Intel Atom,1.0,8.0,8.0,1,0.3,1750,,LCD,4.5,
Lava,Lava Iris X1 8GB,7999,Budget Tier,,,1.0,8.0,8.0,1,2.0,1800,,LCD,4.5,
XOLO,XOLO Play 8X-1200,20999,Mid Tier,MediaTek,MediaTek MT6592T,2.0,32.0,13.0,1,5.0,2300,,LCD,5.0,
Karbonn,Karbonn Titanium S19,10790,Budget Tier,,,1.0,8.0,13.0,1,5.0,2000,,LCD,5.0,
Karbonn,Karbonn A1 Plus Super,3790,Budget Tier,,,0.25,0.5,3.0,1,0.3,1250,,LCD,3.5,
Panasonic,Panasonic P61,4999,Budget Tier,MediaTek,MediaTek MT6582,1.0,16.0,8.0,1,2.0,2800,,LCD,6.0,
LG,LG G3 16GB,50000,Ultra-Premium Tier,Snapdragon,Snapdragon 801,2.0,16.0,13.0,1,2.1,3000,,LCD,5.5,
Karbonn,Karbonn A40,5990,Budget Tier,,,512.0,4.0,5.0,1,0.3,1700,,LCD,5.0,
Asus,Asus Zenfone 4,4688,Budget Tier,Intel,Intel Atom,1.0,8.0,5.0,1,0.3,1600,,TFT,4.0,
Karbonn,Karbonn A119,6990,Budget Tier,,,512.0,4.0,8.0,1,2.0,1600,,LCD,5.0,
XOLO,XOLO Q500S IPS,5999,Budget Tier,MediaTek,MediaTek MT6582M,512.0,4.0,5.0,1,0.3,1500,,LCD,4.0,
Lava,Lava Iris 349i,3499,Budget Tier,,,0.25,0.5,2.0,1,,1400,,TFT,3.5,
Spice,Spice Stellar 445,6200,Budget Tier,,,512.0,4.0,3.2,1,1.3,1500,,LCD,4.0,
Karbonn,Karbonn A90S,4990,Budget Tier,,,512.0,4.0,5.0,1,0.3,1400,,LCD,4.0,
Karbonn,Karbonn Smart A52 Plus,2741,Budget Tier,,,512.0,4.0,2.0,1,0.3,1300,,LCD,3.5,
Karbonn,Karbonn Smart A12 Star,3655,Budget Tier,,,512.0,4.0,5.0,1,0.3,1400,,LCD,4.0,
HTC,HTC Desire 516,15200,Mid Tier,Snapdragon,Snapdragon 200,1.0,4.0,5.0,1,2.0,1950,,LCD,5.0,
Karbonn,Karbonn A93,4990,Budget Tier,,,512.0,4.0,5.0,1,0.3,1500,,LCD,3.9,
Karbonn,Karbonn Titanium S9 Lite,8990,Budget Tier,MediaTek,MediaTek MT6589,512.0,4.0,8.0,1,2.0,2100,,LCD,5.5,
LG,LG L80,14162,Budget Tier,Snapdragon,Snapdragon 200,1.0,4.0,5.0,1,0.3,2540,,LCD,5.0,
XOLO,XOLO A500S Lite,5999,Budget Tier,MediaTek,MediaTek MT6572,512.0,4.0,3.0,1,0.3,1400,,LCD,4.0,
Alcatel,Alcatel One Touch Idol X Plus,14347,Budget Tier,MediaTek,MediaTek MT6592,2.0,16.0,13.1,1,2.0,2500,,LCD,5.0,
Karbonn,Karbonn A100,3990,Budget Tier,,,0.25,0.5,3.0,1,0.3,1200,,TFT,3.5,
Karbonn,Karbonn A51 Plus,3790,Budget Tier,,,0.25,0.5,3.2,1,0.3,1100,,LCD,3.5,
Lava,Lava Iris X1 4GB,6951,Budget Tier,Broadcom,Broadcom BCM23550,1.0,4.0,8.0,1,2.0,1800,,LCD,4.5,
XOLO,XOLO Q900T,11999,Budget Tier,MediaTek,MediaTek MT6589T,1.0,4.0,8.0,1,2.0,1800,,LCD,4.7,
Lava,Lava Iris 504Q Plus,12000,Budget Tier,MediaTek,MediaTek MT6582,1.0,8.0,10.0,1,2.0,2000,,LCD,5.0,
Karbonn,Karbonn Titanium Octane Plus,12500,Budget Tier,MediaTek,MediaTek MT6592,2.0,16.0,16.0,1,8.0,2000,,LCD,5.0,
Lava,Lava Iris 450 Colour,7999,Budget Tier,MediaTek,MediaTek MT6572,512.0,4.0,5.0,1,0.3,1800,,LCD,4.5,
XOLO,XOLO Q1010i,13499,Budget Tier,MediaTek,MediaTek MT6582,1.0,8.0,8.0,1,2.0,2250,,LCD,5.0,
HTC,HTC Desire 816,27390,Mid Tier,Snapdragon,Snapdragon 400,1.5,8.0,13.0,1,5.0,2600,,LCD,5.5,
Lenovo,Lenovo S660,14999,Budget Tier,MediaTek,MediaTek MT6582,1.0,8.0,8.0,1,0.3,3000,,LCD,4.7,
Karbonn,Karbonn A55,4090,Budget Tier,,,512.0,4.0,3.0,1,0.3,1100,,LCD,3.5,
XOLO,XOLO A510s,7499,Budget Tier,MediaTek,MediaTek MT6572,1.0,4.0,5.0,1,0.3,1400,,LCD,4.0,
LG,LG L90 Dual,15532,Mid Tier,Snapdragon,Snapdragon 400,1.0,8.0,8.0,1,0.3,2540,,LCD,4.7,
Sony,Sony Xperia T2 Ultra,12990,Budget Tier,Snapdragon,Snapdragon 400,1.0,8.0,13.0,1,1.1,3000,,LCD,6.0,
Sony,Sony Xperia E1 Dual,7490,Budget Tier,Snapdragon,Snapdragon 200,512.0,4.0,3.1,1,,1750,,TFT,4.0,
Panasonic,Panasonic P31,10990,Budget Tier,MediaTek,MediaTek MT6582M,512.0,4.0,8.0,1,0.3,2000,,LCD,5.0,
Karbonn,Karbonn Kochadaiiyaan The Legend A36,7990,Budget Tier,,,512.0,4.0,5.0,1,2.0,1800,,LCD,5.0,
Karbonn,Karbonn A19,6999,Budget Tier,MediaTek,MediaTek MT6572,512.0,4.0,8.0,1,0.3,1600,,LCD,5.0,
Lava,Lava Iris 408e,4399,Budget Tier,,,0.25,0.5,3.0,1,0.3,1500,,LCD,4.0,
Karbonn,Karbonn Titanium S5i,8590,Budget Tier,,,512.0,4.0,8.0,1,0.3,2000,,LCD,5.0,
Lava,Lava Iris 404e,5499,Budget Tier,,,256.0,2.0,2.0,1,0.3,1400,,TFT,4.0,
Lenovo,Lenovo S930,13604,Budget Tier,MediaTek,MediaTek MT6582,1.0,8.0,8.0,1,1.6,3000,,LCD,6.0,
Karbonn,Karbonn Titanium S5 Plus,10990,Budget Tier,MediaTek,MediaTek MT6582,1.0,4.0,8.0,1,0.3,1800,,LCD,5.0,
Lenovo,Lenovo Vibe Z,35999,High Tier,Snapdragon,Snapdragon 800,2.0,16.0,13.0,1,5.0,3000,,LCD,5.5,
Gionee,Gionee Gpad G4,18374,Mid Tier,MediaTek,MediaTek MT6589T,1.0,16.0,13.0,1,5.0,3200,,LCD,5.7,
Apple,Apple iPhone 5c 32GB,53500,Ultra-Premium Tier,Apple,Apple A6,1.0,32.0,8.0,1,1.2,1510,,LCD,4.0,
XOLO,XOLO A500S IPS,7249,Budget Tier,MediaTek,MediaTek MT6572W,512.0,4.0,5.0,1,0.3,1400,,LCD,4.0,
Panasonic,Panasonic T31,5490,Budget Tier,MediaTek,MediaTek MT6572M,512.0,4.0,3.2,1,0.3,1300,,TFT,4.0,
Lenovo,Lenovo A269i,5499,Budget Tier,MediaTek,MediaTek MT6572,0.25,0.5,2.0,1,,1300,,LCD,3.5,
XOLO,XOLO Q700i,11999,Budget Tier,MediaTek,MediaTek MT6589M,1.0,4.0,8.0,1,2.0,2400,,LCD,4.5,
Karbonn,Karbonn A90,4790,Budget Tier,Spreadtrum,Spreadtrum SC6820,0.5,0.5,5.0,1,0.3,1400,,LCD,4.0,
Karbonn,Karbonn A21 Plus,8290,Budget Tier,,,512.0,4.0,5.0,1,0.3,2000,,TFT,5.0,
Sony,Sony Xperia M Dual,10990,Budget Tier,Snapdragon,Snapdragon S4 Plus,1.0,4.0,5.0,1,0.3,1750,,TFT,4.0,
Intex,Intex Cloud Y2,6690,Budget Tier,MediaTek,MediaTek MT6572,512.0,4.0,5.0,1,1.3,1500,,TFT,4.0,
Sony,Sony Xperia ZR,22990,Mid Tier,Snapdragon,Snapdragon S4 Pro,2.0,8.0,13.0,1,0.3,2330,,TFT,4.5,
Lava,Lava Iris 356,4199,Budget Tier,MediaTek,MediaTek MT6572,0.25,0.5,1.3,1,0.3,1500,,TFT,3.5,
Intex,Intex Cloud X2,4290,Budget Tier,Spreadtrum,Spreadtrum SC6820,0.25,0.5,2.0,1,,1200,,TFT,3.5,
XOLO,XOLO Q600,6935,Budget Tier,MediaTek,MediaTek MT6589M,512.0,4.0,5.0,1,0.3,2000,,TFT,4.5,
Lenovo,Lenovo S820,20999,Mid Tier,MediaTek,MediaTek MT6589,1.0,4.0,12.0,1,2.0,2000,,LCD,4.7,
Spice,Spice Smart Flo Pace Mi-422,5999,Budget Tier,MediaTek,MediaTek MT6515,0.5,0.5,3.2,1,1.3,1300,,TFT,4.0,
Sony,Sony Xperia L,14490,Budget Tier,Snapdragon,Snapdragon 400,1.0,8.0,8.0,1,0.3,1750,,TFT,4.3,
Alcatel,Alcatel One Touch Scribe Easy 8000D,12900,Budget Tier,Snapdragon,Snapdragon S4 Play,512.0,4.0,5.0,1,0.3,2500,,TFT,5.0,
XOLO,XOLO Play T1000,14153,Budget Tier,Nvidia,Nvidia Tegra 3,1.0,4.0,8.0,1,2.0,2000,,LCD,4.7,
Maxx,Maxx AX8 Note II,9999,Budget Tier,MediaTek,MediaTek MT6577,512.0,4.0,8.0,1,0.3,2200,,,5.0,
XOLO,XOLO Q1000,13499,Budget Tier,MediaTek,MediaTek MT6589,1.0,4.0,8.0,1,1.2,2100,,LCD,5.0,
Sony,Sony Xperia SP,17990,Mid Tier,Snapdragon,Snapdragon S4 Pro,1.0,8.0,8.0,1,0.3,2370,,TFT,4.6,
Spice,Spice Mi-502 Smart Flo Pace 2,8990,Budget Tier,MediaTek,MediaTek MT6589,0.5,0.5,5.0,1,1.3,2100,,TFT,5.0,
Videocon,Videocon A27i,6399,Budget Tier,,,512.0,4.0,5.0,1,0.3,1500,,,4.0,
Karbonn,Karbonn A3,4990,Budget Tier,,,0.25,0.5,3.0,1,0.3,1400,,,4.0,
Sony,Sony Xperia E,6490,Budget Tier,Snapdragon,Snapdragon,512.0,4.0,3.2,1,,1530,,LCD,3.5,
Celkon,Celkon A119 Signature HD,15999,Mid Tier,MediaTek,MediaTek,1.0,4.0,12.0,1,3.0,2100,,LCD,5.0,
Maxx,Maxx AX8 Android,11999,Budget Tier,MediaTek,MediaTek MT6577,512.0,4.0,8.0,1,2.0,1850,,TFT,4.5,
Lava,Lava Iris 349,3430,Budget Tier,,,0.25,0.5,2.0,1,0.3,1400,,LCD,3.5,
Celkon,Celkon A67 Smartron,5599,Budget Tier,Snapdragon,Snapdragon S4,0.5,0.5,2.0,1,0.3,1350,,LCD,3.5,
Maxx,Maxx MSD7 Smarty,8888,Budget Tier,,,0.25,0.5,5.0,1,0.3,2000,,,4.0,
LG,LG Optimus L5 II Dual,10499,Budget Tier,MediaTek,MediaTek MT6575,512.0,4.0,5.0,1,,1700,,LCD,4.0,
XOLO,XOLO Q800,9556,Budget Tier,MediaTek,MediaTek MT6589M,1.0,4.0,8.0,1,1.0,2100,,LCD,4.5,
Lava,Lava Iris N454,7999,Budget Tier,,,512.0,4.0,8.0,1,0.3,1650,,LCD,4.5,
LG,LG Optimus G E975,32990,High Tier,Snapdragon,Snapdragon S4 Pro,2.0,32.0,13.0,1,1.3,2100,,LCD,4.7,
Karbonn,Karbonn K75,2440,Budget Tier,,,0.0625,0.125,1.0,1,,1000,,LCD,3.5,
Videocon,Videocon A27,7499,Budget Tier,,,512.0,4.0,3.0,1,0.3,1500,,,4.0,
Intex,Intex Aqua Flash,9990,Budget Tier,,,512.0,1.56,8.0,1,1.3,1800,,,4.3,
Celkon,Celkon A87,5999,Budget Tier,Spreadtrum,Spreadtrum SC6820,0.5,0.5,5.0,1,,1450,,LCD,4.0,
Lava,Lava Iris N400,8499,Budget Tier,MediaTek,MediaTek MT6575,0.5,0.5,5.0,1,0.3,1500,,TFT,4.0,
Lava,Lava Iris 501,7599,Budget Tier,,,512.0,4.0,5.0,1,0.3,2300,,LCD,5.0,
Nokia,Nokia Lumia 620,10499,Budget Tier,Snapdragon,Snapdragon S4,512.0,8.0,5.0,1,0.3,1300,,TFT,3.8,
Nokia,Nokia Lumia 820,27559,Mid Tier,Snapdragon,Snapdragon S4 Plus,1.0,8.0,8.0,1,0.3,1650,,AMOLED,4.3,
Lava,Lava Discover 135,2649,Budget Tier,,,0.0625,0.125,1.3,1,,1400,,TFT,3.5,
Karbonn,Karbonn A15,7990,Budget Tier,,,512.0,4.0,3.0,1,,1420,,LCD,4.0,
Celkon,Celkon A95 Pro,4299,Budget Tier,MediaTek,MediaTek MT6575,256.0,,3.2,1,,1400,,LCD,3.2,
Nokia,Nokia Lumia 510,10999,Budget Tier,Snapdragon,Snapdragon S1,256.0,4.0,5.0,1,,1300,,LCD,4.0,
Karbonn,Karbonn A21,9899,Budget Tier,Snapdragon,Snapdragon S4 Play,512.0,4.0,5.0,1,1.3,1800,,TFT,4.5,
Karbonn,Karbonn A18,9790,Budget Tier,,,512.0,4.0,5.0,1,1.3,1500,,LCD,4.3,
Lava,Lava C81,3600,Budget Tier,,,0.0625,0.125,1.3,1,,1400,,,3.5,
Idea,Idea Blade,11849,Budget Tier,Snapdragon,Snapdragon S1,0.5,0.146484375,3.2,1,,1250,,LCD,3.5,
Sony,Sony Ericsson Xperia Neo V,19299,Mid Tier,Snapdragon,Snapdragon S2,512.0,1.0,5.0,1,0.3,1500,,LCD,3.7,
Sony,Sony Ericsson WT19i,14695,Budget Tier,Snapdragon,Snapdragon S2,0.5,0.3125,5.0,1,0.3,1200,,LCD,3.2,
Sony,Sony Ericsson Xperia Arc S,28345,Mid Tier,Snapdragon,Snapdragon S2,512.0,1.0,8.1,1,,1500,,LCD,4.2,
Nokia,Nokia X7-00,22829,Mid Tier,,,256.0,1.0,8.0,1,,1200,,AMOLED,4.0,
Sony,Sony Ericsson Xperia Play,35000,High Tier,Snapdragon,Snapdragon S2,0.37109375,0.390625,5.0,1,0.3,1500,,LCD,4.0,
Sony,Sony Ericsson XPERIA Arc,34000,High Tier,Snapdragon,Snapdragon S2,0.5,0.3125,8.0,1,,1500,,LCD,4.2,
Sony,Sony Ericsson Xperia Neo,30000,High Tier,Snapdragon,Snapdragon S2,0.5,0.3125,8.0,1,0.3,1500,,LCD,3.7,
Idea,Idea Id 918,6999,Budget Tier,,,0.5,0.146484375,3.2,1,,1300,,TFT,3.2,
AirTyme,AirTyme Picasso,8999,Budget Tier,,,0.25,0.5,5.0,1,0.3,1450,,LCD,3.5,
Spice,Spice MI-320,6199,Budget Tier,,,0.25,0.5,3.2,1,,1200,,LCD,3.1,
Karbonn,Karbonn A7 Plus,8990,Budget Tier,,,0.5,0.1533203125,5.0,1,0.3,1420,,,3.5,
Spice,Spice Flo TV M-5910,3299,Budget Tier,,,64.0,,0.3,1,,1000,,,3.5,
Alcatel,Alcatel Glory 2T OT-4005D,4350,Budget Tier,MediaTek,MediaTek MT6575M,0.25,0.5,2.0,1,,1400,,LCD,3.5,
Karbonn,Karbonn A3 Plus,4290,Budget Tier,,,0.25,0.5,3.0,1,0.3,1400,,LCD,3.5,
Salora,Salora Valumaxx E1,3999,Budget Tier,,,256.0,,3.0,1,0.3,1500,,LCD,4.0,
Videocon,Videocon A26,6750,Budget Tier,,,512.0,4.0,3.2,1,0.3,1800,,LCD,4.0,
Lava,Lava Iris 349S,3999,Budget Tier,,,0.25,0.5,2.0,1,0.3,1400,,TFT,3.5,
Lava,Lava Iris 456,7888,Budget Tier,,,512.0,4.0,5.0,1,1.3,1650,,TFT,4.5,
Lenovo,Lenovo S820 8GB,20999,Mid Tier,MediaTek,MediaTek MT6589,1.0,8.0,12.0,1,2.0,2000,,LCD,4.7,
i-smart,i-smart i1-Desire,5699,Budget Tier,,,2.0,16.0,5.0,1,5.0,2600,,LCD,5.5,
Moto,Moto G45 5G,10997,Budget Tier,Snapdragon,Snapdragon 6s Gen 3,4.0,128.0,50.0,2,16.0,5000,20.0,LCD,6.5,449055
Nothing,Nothing Phone 4a,34999,High Tier,Snapdragon,Snapdragon 7s Gen 4,8.0,128.0,50.0,3,32.0,5400,50.0,AMOLED,6.78,1176492
Moto,Moto G85,17840,Mid Tier,Snapdragon,Snapdragon 6s Gen 3,8.0,128.0,50.0,2,32.0,5000,33.0,POLED,6.67,471687
OPPO,OPPO K14 5G,18956,Mid Tier,MediaTek,MediaTek Dimensity 6300,6.0,128.0,50.0,2,8.0,7000,45.0,LCD,6.75,615625
OPPO,OPPO Reno15 C,40999,High Tier,Snapdragon,Snapdragon 6 Gen 1,8.0,256.0,50.0,3,50.0,7000,80.0,AMOLED,6.57,846599
OnePlus,OnePlus Nord CE 4 5G,19900,Mid Tier,Snapdragon,Snapdragon 7 Gen 3,8.0,128.0,50.0,2,16.0,5500,100.0,AMOLED,6.7,819347
Samsung,Samsung Galaxy M06 5G,13999,Budget Tier,MediaTek,MediaTek Dimensity 6300,4.0,128.0,50.0,2,8.0,5000,25.0,LCD,6.7,
Samsung,Samsung Galaxy S21 FE 256GB,22464,Mid Tier,Samsung,Samsung Exynos 2100,8.0,256.0,12.0,3,32.0,4500,25.0,AMOLED,6.4,0
CMF,CMF Phone 1,19999,Mid Tier,MediaTek,MediaTek Dimensity 7300,6.0,128.0,50.0,2,16.0,5000,33.0,AMOLED,6.67,642187
Nothing,Nothing Phone 3a Pro 256GB,29999,Mid Tier,Snapdragon,Snapdragon 7s Gen 3,8.0,256.0,50.0,3,50.0,5000,50.0,AMOLED,6.77,809554
Google,Google Pixel 6 Pro,43715,High Tier,Google,Google Tensor,12.0,128.0,50.0,3,11.1,5003,30.0,POLED,6.7,675033
realme,realme Narzo 70 Turbo,19490,Mid Tier,MediaTek,MediaTek Dimensity 7300 Energy,6.0,128.0,50.0,2,16.0,5000,45.0,OLED,6.67,726959
Xiaomi,Xiaomi 15 Ultra,89990,Ultra-Premium Tier,Snapdragon,Snapdragon 8 Elite,16.0,512.0,50.0,4,32.0,5410,90.0,AMOLED,6.73,2407499
Nothing,Nothing Phone 2a Plus,27999,Mid Tier,MediaTek,MediaTek Dimensity 7350 Pro,8.0,256.0,50.0,2,50.0,5000,50.0,AMOLED,6.7,771491
OPPO,OPPO A59 5G,17999,Mid Tier,MediaTek,MediaTek Dimensity 6020,4.0,128.0,13.0,2,8.0,5000,33.0,LCD,6.56,
Samsung,Samsung Galaxy S24 5G Snapdragon Edition,54499,Ultra-Premium Tier,Snapdragon,Snapdragon 8 Gen 3,8.0,128.0,50.0,3,12.0,4000,25.0,AMOLED,6.2,
Samsung,Samsung Galaxy A23 5G,22999,Mid Tier,Snapdragon,Snapdragon 695,6.0,128.0,50.0,4,8.0,5000,25.0,LCD,6.6,
OPPO,OPPO F17,16990,Mid Tier,Snapdragon,Snapdragon 662,6.0,128.0,16.0,4,16.0,4015,30.0,AMOLED,6.44,173554
Nothing,Nothing Phone 2,30999,High Tier,Snapdragon,Snapdragon 8 Plus Gen 1,8.0,128.0,50.0,2,32.0,4700,45.0,AMOLED,6.7,1195555
HMD,HMD Touch 4G,4199,Budget Tier,Unisoc,Unisoc T127,0.0625,0.125,2.0,1,0.3,1950,,TFT,3.2,
Xiaomi,Xiaomi Mi 11 Ultra,69999,Ultra-Premium Tier,Snapdragon,Snapdragon 888,12.0,256.0,50.0,3,20.0,5000,67.0,AMOLED,6.81,688824
OPPO,OPPO F23,29999,Mid Tier,Snapdragon,Snapdragon 695,8.0,256.0,64.0,3,32.0,5000,67.0,LCD,6.72,
Lava,Lava Shark 2 5G,9999,Budget Tier,Unisoc,Unisoc T8200,4.0,64.0,13.0,1,5.0,6000,18.0,LCD,6.75,494019
vivo,vivo Y56,16294,Mid Tier,MediaTek,MediaTek Dimensity 700,8.0,128.0,50.0,2,16.0,5000,18.0,LCD,6.58,
Motorola,Motorola Edge 60 Fusion 256GB,27499,Mid Tier,MediaTek,MediaTek Dimensity 7400,8.0,256.0,50.0,2,32.0,5500,68.0,POLED,6.67,
Itel,Itel A100,6799,Budget Tier,Unisoc,Unisoc T7100,3.0,64.0,8.0,1,5.0,5000,,LCD,6.6,201848
CMF,CMF Phone 2 Pro 256GB,24999,Mid Tier,MediaTek,MediaTek Dimensity 7300 Pro,8.0,256.0,50.0,3,16.0,5000,33.0,AMOLED,6.77,688050
Itel,Itel A100C,6299,Budget Tier,Unisoc,Unisoc T7100,2.0,64.0,8.0,1,5.0,5000,,LCD,6.6,
Honor,Honor Magic 6 Pro,89999,Ultra-Premium Tier,Snapdragon,Snapdragon 8 Gen 3,12.0,512.0,50.0,3,50.0,5600,80.0,OLED,6.8,1744074
iQOO,iQOO 9 Pro 5G,39999,High Tier,Snapdragon,Snapdragon 8 Gen 1,8.0,256.0,50.0,3,16.0,4700,120.0,AMOLED,6.78,993826
Itel,Itel City 100,7599,Budget Tier,Unisoc,Unisoc T7250,4.0,128.0,13.0,1,8.0,5200,18.0,LCD,6.75,294005
Moto,Moto G05,9990,Budget Tier,MediaTek,MediaTek Helio G81 Extreme,4.0,64.0,50.0,1,8.0,5200,18.0,LCD,6.67,
Samsung,Samsung Galaxy M55s 5G,28999,Mid Tier,Snapdragon,Snapdragon 7 Gen 1,8.0,128.0,50.0,3,50.0,5000,45.0,AMOLED,6.7,
OPPO,OPPO F19 Pro,24999,Mid Tier,MediaTek,MediaTek Helio P95,8.0,128.0,48.0,4,16.0,4310,30.0,AMOLED,6.43,204279
Acer,Acer Super ZX,14499,Budget Tier,MediaTek,MediaTek Dimensity 6300,4.0,128.0,64.0,3,13.0,5000,33.0,LCD,6.8,413853
OPPO,OPPO Reno15 C 12GB RAM,44999,High Tier,Snapdragon,Snapdragon 6 Gen 1,12.0,256.0,50.0,3,50.0,7000,80.0,AMOLED,6.57,846599
Samsung,Samsung Galaxy M36 256GB,21999,Mid Tier,Samsung,Samsung Exynos 1380,8.0,256.0,50.0,3,13.0,5000,25.0,AMOLED,6.7,
OPPO,OPPO A5X 4G,8998,Budget Tier,Snapdragon,Snapdragon 6s 4G Gen 1,4.0,64.0,32.0,1,5.0,6000,45.0,LCD,6.67,
Xiaomi,Xiaomi Redmi Note 15 Pro Plus 512GB,44999,High Tier,Snapdragon,Snapdragon 7s Gen 4,12.0,512.0,200.0,2,32.0,6500,100.0,AMOLED,6.83,
Samsung,Samsung Galaxy M05,12499,Budget Tier,MediaTek,MediaTek Helio G85,4.0,64.0,50.0,2,8.0,5000,25.0,LCD,6.7,
OPPO,OPPO F15,18989,Mid Tier,MediaTek,MediaTek Helio P70,8.0,128.0,48.0,4,16.0,4000,20.0,AMOLED,6.4,195381
Tecno,Tecno Pova 6 Pro,19990,Mid Tier,MediaTek,MediaTek Dimensity 6080,8.0,256.0,108.0,3,32.0,6000,70.0,AMOLED,6.78,441943
OPPO,OPPO A15,9999,Budget Tier,MediaTek,MediaTek Helio P35,3.0,32.0,13.0,3,5.0,4230,10.0,LCD,6.52,109267
OPPO,OPPO Reno7,39999,High Tier,MediaTek,MediaTek Dimensity 900,8.0,256.0,64.0,3,32.0,4500,65.0,AMOLED,6.43,432191
Google,Google Pixel 10 Pro 128GB,94990,Ultra-Premium Tier,Google,Google Tensor G5,16.0,128.0,50.0,3,42.0,4870,30.0,OLED,6.3,1565089
OPPO,OPPO A5s 3GB RAM,13990,Budget Tier,MediaTek,MediaTek Helio P35,3.0,32.0,13.0,2,8.0,4230,,LCD,6.2,
Infinix,Infinix Note 40 Pro 5G Racing Edition,15999,Mid Tier,MediaTek,MediaTek Dimensity 7020,8.0,256.0,108.0,3,32.0,5000,45.0,AMOLED,6.78,461827
Asus,Asus ROG Phone 8 Pro,94999,Ultra-Premium Tier,Snapdragon,Snapdragon 8 Gen 3,16.0,512.0,50.0,3,32.0,5500,30.0,AMOLED,6.78,2186467
OPPO,OPPO A5X 4G 128GB,9998,Budget Tier,Snapdragon,Snapdragon 6s 4G Gen 1,4.0,128.0,32.0,1,5.0,6000,45.0,LCD,6.67,
OnePlus,OnePlus Nord CE 4 5G 256GB,21999,Mid Tier,Snapdragon,Snapdragon 7 Gen 3,8.0,256.0,50.0,2,16.0,5500,100.0,AMOLED,6.7,819347
Lava,Lava Play Max,14999,Budget Tier,MediaTek,MediaTek Dimensity 7300,6.0,128.0,50.0,1,8.0,5000,33.0,LCD,6.72,
OPPO,OPPO Reno14 Diwali Edition,39999,High Tier,MediaTek,MediaTek Dimensity 8350,8.0,256.0,50.0,3,50.0,6000,80.0,OLED,6.59,1405935
HMD,HMD Fusion,12999,Budget Tier,Snapdragon,Snapdragon 4 Gen 2,8.0,256.0,108.0,2,50.0,5000,33.0,LCD,6.56,441490
OPPO,OPPO F19s,16999,Mid Tier,Snapdragon,Snapdragon 662,6.0,128.0,48.0,3,16.0,5000,33.0,AMOLED,6.43,209839
OPPO,OPPO Reno3 Pro,18990,Mid Tier,MediaTek,MediaTek Helio P95,8.0,128.0,64.0,4,44.0,4025,30.0,AMOLED,6.4,224603
Nothing,Nothing Phone 3a 256GB,26999,Mid Tier,Snapdragon,Snapdragon 7s Gen 3,8.0,256.0,50.0,3,32.0,5000,50.0,AMOLED,6.77,798022
iQOO,"iQOO 15 Apex 512GB, 16GB RAM",83999,Ultra-Premium Tier,Snapdragon,Snapdragon 8 Elite Gen 5,16.0,512.0,50.0,3,32.0,7000,100.0,AMOLED,6.85,
Lava,Lava Bold,11999,Budget Tier,MediaTek,MediaTek Dimensity 6300,4.0,128.0,64.0,2,16.0,5000,33.0,AMOLED,6.67,
Tecno,Tecno Spark 20C,7999,Budget Tier,MediaTek,MediaTek Helio G36,8.0,128.0,50.0,2,8.0,5000,18.0,LCD,6.6,158812
Nothing,Nothing Phone 2a Plus 12GB RAM,23999,Mid Tier,MediaTek,MediaTek Dimensity 7350 Pro,12.0,256.0,50.0,2,50.0,5000,50.0,AMOLED,6.7,
OnePlus,OnePlus 13 1TB,81999,Ultra-Premium Tier,Snapdragon,Snapdragon 8 Elite,24.0,1.0,50.0,3,32.0,6000,100.0,AMOLED,6.82,2689625
OPPO,OPPO A17,13490,Budget Tier,MediaTek,MediaTek Helio G35,4.0,64.0,50.0,2,5.0,5000,,LCD,6.56,
OnePlus,OnePlus 11R 512GB,41900,High Tier,Snapdragon,Snapdragon 8 Plus Gen 1,18.0,512.0,50.0,3,16.0,5000,100.0,AMOLED,6.74,832546
HMD,HMD Skyline,29990,Mid Tier,Snapdragon,Snapdragon 7s Gen 2,12.0,256.0,108.0,3,50.0,4600,33.0,POLED,6.55,
Xiaomi,Xiaomi Redmi 13C 5G 256GB,14999,Budget Tier,MediaTek,MediaTek Dimensity 6100 Plus,8.0,256.0,50.0,2,5.0,5000,18.0,LCD,6.74,375663
Xiaomi,Xiaomi 14 Civi 512GB,49999,Ultra-Premium Tier,Snapdragon,Snapdragon 8s Gen 3,12.0,512.0,50.0,3,32.0,4700,67.0,AMOLED,6.55,1443011
Tecno,Tecno Phantom V Fold 2,99999,Ultra-Premium Tier,MediaTek,MediaTek Dimensity 9000 Plus,12.0,512.0,50.0,3,32.0,5750,70.0,AMOLED,7.85,1158588
CMF,CMF Phone 1 8GB RAM,21999,Mid Tier,MediaTek,MediaTek Dimensity 7300,8.0,128.0,50.0,2,16.0,5000,33.0,AMOLED,6.67,642187
Xiaomi,Xiaomi Redmi Note 14 256GB,18499,Mid Tier,MediaTek,MediaTek Dimensity 7025 Ultra,8.0,256.0,50.0,3,20.0,5110,45.0,AMOLED,6.67,457426
Infinix,Infinix Note 40 Pro Plus 5G Racing Edition,18999,Mid Tier,MediaTek,MediaTek Dimensity 7020,12.0,256.0,108.0,3,32.0,4600,100.0,AMOLED,6.78,
OPPO,OPPO A31 2020,8999,Budget Tier,MediaTek,MediaTek Helio P35,4.0,64.0,12.0,3,8.0,4230,,LCD,6.5,103730
OPPO,OPPO A77 2022,7990,Budget Tier,MediaTek,MediaTek Helio G35,4.0,64.0,50.0,2,8.0,5000,33.0,LCD,6.56,
OPPO,OPPO A76,15048,Mid Tier,Snapdragon,Snapdragon 680,6.0,128.0,13.0,2,8.0,5000,33.0,LCD,6.56,
Xiaomi,Xiaomi Redmi 15C 8GB RAM,21999,Mid Tier,MediaTek,MediaTek Dimensity 6300,8.0,128.0,50.0,1,8.0,6000,33.0,LCD,6.9,556765
Xiaomi,Xiaomi Redmi 14C 128GB,10499,Budget Tier,Snapdragon,Snapdragon 4 Gen 2,4.0,128.0,50.0,1,8.0,5160,18.0,LCD,6.88,438871
OPPO,OPPO A3x 4G 128GB,13990,Budget Tier,Snapdragon,Snapdragon 6s 4G Gen 1,4.0,128.0,8.0,1,5.0,5100,45.0,LCD,6.67,
OPPO,OPPO Find X2,29990,Mid Tier,Snapdragon,Snapdragon 865,12.0,256.0,48.0,3,32.0,4200,65.0,OLED,6.7,571840
Samsung,Samsung Galaxy M15 Prime Edition,10499,Budget Tier,MediaTek,MediaTek Dimensity 6100 Plus,4.0,128.0,50.0,3,13.0,6000,25.0,AMOLED,6.6,
Xiaomi,Xiaomi 14 Civi Limited Edition,48999,Ultra-Premium Tier,Snapdragon,Snapdragon 8s Gen 3,12.0,512.0,50.0,3,32.0,4700,67.0,AMOLED,6.55,1443011
OPPO,OPPO A96 4G,23790,Mid Tier,Snapdragon,Snapdragon 680,8.0,128.0,50.0,2,16.0,5000,33.0,LCD,6.59,
Ulefone,Ulefone Armor 30 Pro,62500,Ultra-Premium Tier,MediaTek,MediaTek Dimensity 7300X,16.0,512.0,50.0,3,32.0,12800,66.0,LCD,6.95,
Xiaomi,Xiaomi Redmi A4 128GB,11999,Budget Tier,Snapdragon,Snapdragon 4s Gen 2,4.0,128.0,50.0,1,5.0,5160,18.0,LCD,6.88,381047
OPPO,OPPO A78 4G,19990,Mid Tier,Snapdragon,Snapdragon 680,8.0,128.0,50.0,2,8.0,5000,67.0,AMOLED,6.43,
Samsung,Samsung Galaxy F42,19999,Mid Tier,MediaTek,MediaTek Dimensity 700,6.0,128.0,64.0,3,8.0,5000,15.0,TFT,6.6,332186
OPPO,OPPO A15s 128GB,11489,Budget Tier,MediaTek,MediaTek Helio P35,4.0,128.0,13.0,3,8.0,4230,,LCD,6.52,129821
Samsung,Samsung Galaxy M30,12999,Budget Tier,Samsung,Samsung Exynos 7 Octa 7904,4.0,64.0,13.0,3,16.0,5000,15.0,AMOLED,6.4,
Nothing,Nothing Phone 3a Community Edition,30999,High Tier,Snapdragon,Snapdragon 7s Gen 3,12.0,256.0,50.0,3,32.0,5000,50.0,AMOLED,6.77,
Itel,Itel Zeno 20 Max,5799,Budget Tier,Unisoc,Unisoc T7100,3.0,64.0,13.0,1,5.0,5000,15.0,LCD,6.6,
realme,realme 15 Pro 5G Game of Thrones Limited Edition,44999,High Tier,Snapdragon,Snapdragon 7 Gen 4,12.0,512.0,50.0,2,50.0,7000,80.0,AMOLED,6.8,
Xiaomi,Xiaomi Redmi Note 14 8GB RAM,16999,Mid Tier,MediaTek,MediaTek Dimensity 7025 Ultra,8.0,128.0,50.0,3,20.0,5110,45.0,AMOLED,6.67,457426
Tecno,Tecno Pop 8,6899,Budget Tier,Unisoc,Unisoc T606,4.0,64.0,12.0,1,8.0,5000,10.0,LCD,6.56,245498
Xiaomi,Xiaomi Redmi A2 2023 64GB,7999,Budget Tier,MediaTek,MediaTek Helio G36,2.0,64.0,8.0,2,5.0,5000,10.0,LCD,6.52,
OPPO,OPPO A16,12989,Budget Tier,MediaTek,MediaTek Helio G35,4.0,64.0,13.0,3,8.0,5000,,LCD,6.52,100037
Samsung,"Samsung Galaxy S26 Ultra 1TB, 16GB RAM",174999,Ultra-Premium Tier,Snapdragon,Snapdragon 8 Elite Gen 5,16.0,1.0,200.0,4,12.0,5000,60.0,AMOLED,6.9,3905605
Samsung,Samsung Galaxy S24 5G Snapdragon Edition 256GB,60499,Ultra-Premium Tier,Snapdragon,Snapdragon 8 Gen 3,8.0,256.0,50.0,3,12.0,4000,25.0,AMOLED,6.2,
Ulefone,Ulefone Armor 29 Pro,86500,Ultra-Premium Tier,MediaTek,MediaTek Dimensity 7400,16.0,512.0,50.0,3,50.0,21200,120.0,AMOLED,6.67,
Samsung,Samsung Galaxy M06 6GB RAM,15999,Mid Tier,MediaTek,MediaTek Dimensity 6300,6.0,128.0,50.0,2,8.0,5000,25.0,LCD,6.7,
Xiaomi,Xiaomi Redmi 13C 5G 6GB RAM,12499,Budget Tier,MediaTek,MediaTek Dimensity 6100 Plus,6.0,128.0,50.0,2,5.0,5000,18.0,LCD,6.74,375663
Xiaomi,Xiaomi Redmi 13C 6GB RAM,13999,Budget Tier,MediaTek,MediaTek Helio G85,6.0,128.0,50.0,3,8.0,5000,18.0,LCD,6.74,
vivo,vivo Y22 2022 4GB RAM,14999,Budget Tier,MediaTek,MediaTek Helio G70,4.0,128.0,50.0,2,8.0,5000,18.0,LCD,6.55,
OnePlus,OnePlus 10R Prime Blue Edition,26980,Mid Tier,MediaTek,MediaTek Dimensity 8100 Max,8.0,128.0,50.0,3,16.0,5000,80.0,AMOLED,6.7,
OPPO,OPPO A16K,8998,Budget Tier,MediaTek,MediaTek Helio G35,3.0,32.0,13.0,1,5.0,4230,10.0,LCD,6.52,110994
OPPO,OPPO Reno 4 Pro,21990,Mid Tier,Snapdragon,Snapdragon 720G,8.0,128.0,48.0,4,32.0,4000,65.0,AMOLED,6.5,279392
Samsung,Samsung Galaxy J7 2016,9990,Budget Tier,Samsung,Samsung Exynos 7 Octa 7870,2.0,16.0,13.0,1,5.0,3300,,AMOLED,5.5,
Tecno,Tecno Spark 10 Pro 256GB,14799,Budget Tier,MediaTek,MediaTek Helio G88,8.0,256.0,50.0,3,32.0,5000,18.0,LCD,6.78,
Ulefone,Ulefone Armor 26 Ultra,64500,Ultra-Premium Tier,MediaTek,MediaTek Dimensity 8020,12.0,512.0,200.0,3,50.0,15600,120.0,LCD,6.78,
realme,realme Narzo 70 Turbo 12GB RAM,15999,Mid Tier,MediaTek,MediaTek Dimensity 7300 Energy,12.0,256.0,50.0,2,16.0,5000,45.0,OLED,6.67,726959
Xiaomi,Xiaomi Redmi 13 8GB RAM,21999,Mid Tier,Snapdragon,Snapdragon 4 Gen 2,8.0,128.0,108.0,2,13.0,5030,33.0,LCD,6.79,445212
Asus,Asus ROG Phone 8 Pro 1TB,119999,Ultra-Premium Tier,Snapdragon,Snapdragon 8 Gen 3,24.0,1.0,50.0,3,32.0,5500,30.0,AMOLED,6.78,2186467
Xiaomi,Xiaomi Redmi 12 5G 6GB RAM,12494,Budget Tier,Snapdragon,Snapdragon 4 Gen 2,6.0,128.0,50.0,2,8.0,5000,18.0,LCD,6.79,0
Xiaomi,Xiaomi Redmi 12C 4GB RAM,7999,Budget Tier,MediaTek,MediaTek Helio G85,4.0,128.0,50.0,2,5.0,5000,10.0,LCD,6.71,
OnePlus,OnePlus 10T 16GB RAM,37990,High Tier,Snapdragon,Snapdragon 8 Plus Gen 1,16.0,256.0,50.0,3,16.0,4800,150.0,AMOLED,6.7,
Samsung,Samsung Galaxy Z Flip 4 5G Bespoke Edition,97999,Ultra-Premium Tier,Snapdragon,Snapdragon 8 Plus Gen 1,8.0,256.0,12.0,2,10.0,3700,25.0,AMOLED,6.7,937952
POCO,POCO F1 256GB,19490,Mid Tier,Snapdragon,Snapdragon 845,8.0,256.0,12.0,2,20.0,4000,,LCD,6.18,267207
OPPO,OPPO F5 64GB,14990,Budget Tier,MediaTek,MediaTek MT6763T,6.0,64.0,16.0,1,20.0,3200,,LCD,6.0,
Moto,Moto E3 Power,8499,Budget Tier,MediaTek,MediaTek MT6735P,2.0,16.0,8.0,1,5.0,3500,,LCD,5.0,
Xiaomi,Xiaomi Redmi Note 14 4G 256GB 8GB RAM,23999,Mid Tier,MediaTek,MediaTek Helio G99 Ultra,8.0,256.0,108.0,3,20.0,5500,33.0,AMOLED,6.67,
Tecno,Tecno Pop X,9499,Budget Tier,Unisoc,Unisoc T7250,4.0,64.0,13.0,1,8.0,5000,15.0,LCD,6.75,
Xiaomi,Xiaomi Redmi A4 6GB RAM,12999,Budget Tier,Snapdragon,Snapdragon 4s Gen 2,6.0,128.0,50.0,1,5.0,5160,18.0,LCD,6.88,
Blackview,Blackview BV9300 Pro,23476,Mid Tier,MediaTek,MediaTek Helio G99,12.0,256.0,64.0,2,32.0,15080,33.0,LCD,6.7,
Samsung,Samsung Galaxy M55s 256GB,27000,Mid Tier,Snapdragon,Snapdragon 7 Gen 1,8.0,256.0,50.0,3,50.0,5000,45.0,AMOLED,6.7,
Samsung,Samsung Galaxy M15 Prime Edition 8GB RAM,14499,Budget Tier,MediaTek,MediaTek Dimensity 6100 Plus,8.0,128.0,50.0,3,13.0,6000,25.0,AMOLED,6.6,
OnePlus,OnePlus Open Apex Edition,149999,Ultra-Premium Tier,Snapdragon,Snapdragon 8 Gen 2,16.0,1.0,48.0,3,20.0,4805,67.0,AMOLED,7.82,1337767
POCO,POCO F6 Deadpool Edition,25999,Mid Tier,Snapdragon,Snapdragon 8s Gen 3,12.0,256.0,50.0,2,20.0,5000,90.0,AMOLED,6.67,
iQOO,iQOO Z7 Pro 256GB,19999,Mid Tier,MediaTek,MediaTek Dimensity 7200,8.0,256.0,64.0,2,16.0,4600,66.0,AMOLED,6.78,
Tecno,Tecno Spark Go 2023,5999,Budget Tier,MediaTek,MediaTek Helio A22,3.0,32.0,13.0,2,5.0,5000,10.0,LCD,6.56,
OPPO,OPPO A77s,19990,Mid Tier,Snapdragon,Snapdragon 680,8.0,128.0,50.0,2,8.0,5000,33.0,LCD,6.56,
Ringme,Ringme A5 Pro 2,4488,Budget Tier,,,2.0,16.0,5.0,1,5.0,2800,,LCD,5.72,
I,I Kall Z10 2025,7199,Budget Tier,,,4.0,64.0,20.0,1,13.0,4000,,LCD,6.53,
Acer,Acer Super ZX 6GB RAM,16799,Mid Tier,MediaTek,MediaTek Dimensity 6300,6.0,128.0,64.0,3,13.0,5000,33.0,LCD,6.8,
Acer,Acer Super ZX Pro,17990,Mid Tier,MediaTek,MediaTek Dimensity 7400,6.0,128.0,50.0,3,50.0,5000,33.0,AMOLED,6.67,
Xiaomi,Xiaomi Redmi A5 128GB,9499,Budget Tier,Unisoc,Unisoc T7250,4.0,128.0,32.0,1,8.0,5200,15.0,LCD,6.88,
OnePlus,OnePlus 12R Genshin Impact Edition,49999,Ultra-Premium Tier,Snapdragon,Snapdragon 8 Gen 2,16.0,256.0,50.0,3,16.0,5500,100.0,OLED,6.78,1240474
Benco,Benco V90,8199,Budget Tier,Unisoc,Unisoc SC9863A,4.0,64.0,16.0,3,8.0,5000,,LCD,6.82,
Blackview,Blackview BV7100,37999,High Tier,MediaTek,MediaTek Helio G85,6.0,128.0,12.0,3,8.0,13000,,LCD,6.58,
AGM,AGM Glory Pro,75490,Ultra-Premium Tier,Snapdragon,Snapdragon 480,8.0,256.0,48.0,3,16.0,6200,,LCD,6.53,
Tecno,Tecno Pop 5 LTE,6647,Budget Tier,MediaTek,MediaTek Helio A22,2.0,32.0,8.0,1,5.0,5000,,LCD,6.52,
I,I Kall Z7,6499,Budget Tier,,,3.0,32.0,13.0,1,8.0,4000,,LCD,6.26,
Google,Google Pixel 6 Pro 256GB,47672,Ultra-Premium Tier,Google,Google Tensor,12.0,256.0,50.0,3,11.1,5003,30.0,POLED,6.7,
Spinup,Spinup A1,6499,Budget Tier,,,2.0,16.0,8.0,1,8.0,3500,,LCD,6.53,
realme,realme Narzo 10A,5999,Budget Tier,MediaTek,MediaTek Helio G70,3.0,32.0,12.0,3,5.0,5000,10.0,LCD,6.5,181913
vivo,vivo Y91i 3GB RAM,11990,Budget Tier,MediaTek,MediaTek Helio P22,3.0,32.0,13.0,1,8.0,4030,,LCD,6.22,
OPPO,OPPO Reno 2F,24990,Mid Tier,MediaTek,MediaTek Helio P70,8.0,128.0,48.0,4,16.0,4000,,AMOLED,6.5,186219
Samsung,Samsung Galaxy M30s 128GB,16999,Mid Tier,Samsung,Samsung Exynos 9 Octa 9611,6.0,128.0,48.0,3,16.0,6000,15.0,AMOLED,6.4,0
Xiaomi,Xiaomi Mi A3 128GB,8999,Budget Tier,Snapdragon,Snapdragon 665,6.0,128.0,48.0,3,32.0,4030,18.0,AMOLED,6.08,140257
realme,realme 3 Pro 6GB RAM,9999,Budget Tier,Snapdragon,Snapdragon 710,6.0,64.0,16.0,2,25.0,4045,,LCD,6.3,120973
Swipe,Swipe Elite Prime,1999,Budget Tier,,,1.0,8.0,5.0,1,1.3,2000,,TFT,4.0,
Intex,Intex Aqua 5.5 VR Plus,5990,Budget Tier,MediaTek,MediaTek MT6737,2.0,16.0,8.0,1,5.0,2800,,LCD,5.5,
Samsung,Samsung Galaxy On5,8990,Budget Tier,Samsung,Samsung Exynos 3 Quad 3475,1.5,8.0,8.0,1,5.0,2600,,TFT,5.0,
Ulefone,Ulefone Armor 28 Pro,68500,Ultra-Premium Tier,MediaTek,MediaTek Dimensity 7300,16.0,512.0,50.0,3,50.0,10600,120.0,AMOLED,6.67,
Itel,Itel A90 Limited Edition 4GB RAM,6899,Budget Tier,Unisoc,Unisoc T7100,4.0,64.0,13.0,1,5.0,5000,15.0,LCD,6.6,155425
Itel,Itel A90 Limited Edition 128GB 4GB RAM,7299,Budget Tier,Unisoc,Unisoc T7100,4.0,128.0,13.0,1,8.0,5000,10.0,LCD,6.6,155425
Itel,Itel Zeno 20,5899,Budget Tier,Unisoc,Unisoc T7100,3.0,64.0,13.0,1,5.0,5000,15.0,LCD,6.6,
Itel,Itel Zeno,10298,Budget Tier,MediaTek,MediaTek Dimensity 6300,4.0,128.0,50.0,1,8.0,5000,10.0,LCD,6.67,415086
Itel,Itel A90 128GB,6999,Budget Tier,Unisoc,Unisoc T7100,4.0,128.0,13.0,1,5.0,5000,15.0,LCD,6.6,155425
Itel,Itel Zeno 10,5999,Budget Tier,Unisoc,Unisoc T603,3.0,64.0,8.0,1,5.0,5000,,LCD,6.6,152182
Tecno,Tecno Phantom V Flip 2,54998,Ultra-Premium Tier,MediaTek,MediaTek Dimensity 8020,8.0,256.0,50.0,2,32.0,4720,70.0,AMOLED,6.9,
Lava,Lava O3 Pro,7490,Budget Tier,Unisoc,Unisoc T606,4.0,64.0,50.0,3,8.0,5000,,LCD,6.56,
Ulefone,Ulefone Armor 27T Pro,59500,Ultra-Premium Tier,MediaTek,MediaTek Dimensity 6300,12.0,256.0,50.0,2,32.0,10600,33.0,LCD,6.78,
Samsung,Samsung Galaxy M15 Prime Edition 6GB RAM,16999,Mid Tier,MediaTek,MediaTek Dimensity 6100 Plus,6.0,128.0,50.0,3,13.0,6000,25.0,AMOLED,6.6,
realme,realme Narzo 70 Turbo 8GB RAM,20999,Mid Tier,MediaTek,MediaTek Dimensity 7300 Energy,8.0,128.0,50.0,2,16.0,5000,45.0,OLED,6.67,726959
Ulefone,Ulefone Armor 27 Pro,55000,Ultra-Premium Tier,MediaTek,MediaTek Dimensity 6300,12.0,256.0,50.0,3,32.0,10600,33.0,LCD,6.78,
Xiaomi,Xiaomi Redmi A3X 128GB,10500,Budget Tier,Unisoc,Unisoc T603,4.0,128.0,8.0,2,5.0,5000,10.0,LCD,6.71,
Ulefone,Ulefone Armor 25T Pro,56500,Ultra-Premium Tier,MediaTek,MediaTek Dimensity 6300,6.0,256.0,50.0,2,32.0,6500,33.0,LCD,6.78,
BlackZone,BlackZone Warrior,6799,Budget Tier,Unisoc,Unisoc SC9863A,4.0,128.0,16.0,1,8.0,5250,,LCD,6.6,
Xiaomi,Xiaomi Redmi Note 13 Pro Plus 5G World Champions Edition,34999,High Tier,MediaTek,MediaTek Dimensity 7200 Ultra,12.0,512.0,200.0,3,16.0,5000,120.0,AMOLED,6.67,715627
